case_id,variant_id,query_text,canonical_query,query_variant_family,variant_operator,variant_subtype,severity,query_types,intended_poi_id,acceptable_poi_ids,primary_sampling_stratum,review_status,generator_version
g150-001,g150-001-v1,Vietcombank Nguyễn Hữu Thọ,Vietcombank Nguyễn Hữu Thọ,CLEAN,canonical,,CLEAN,exact_name|brand|street|lang_vi,osm:node/8987527027,osm:node/8987527027,brand_branch,accepted,search20-stage1-query-variants@1
g150-001,g150-001-v2,Vietcombank Nguyễn Huu Tho,Vietcombank Nguyễn Hữu Thọ,ORTHOGRAPHIC_IME,partial_diacritics,,SINGLE,partial|brand|street|typo|lang_vi,osm:node/8987527027,osm:node/8987527027,brand_branch,accepted,search20-stage1-query-variants@1
g150-001,g150-001-v3,Vietcombank Nguyễn Hữu Thoj,Vietcombank Nguyễn Hữu Thọ,ORTHOGRAPHIC_IME,telex_leftover,telex_tone_marker,SINGLE,partial|brand|street|typo|lang_vi,osm:node/8987527027,osm:node/8987527027,brand_branch,accepted,search20-stage1-query-variants@1
g150-001,g150-001-v4,VCB Nguyễn Hữu Thọ,Vietcombank Nguyễn Hữu Thọ,ALIAS,abbreviation,,CLEAN,abbreviation|brand|street|lang_vi,osm:node/8987527027,osm:node/8987527027|osm:node/1491047941,brand_branch,accepted,search20-stage1-query-variants@1
g150-001,g150-001-v5,Vietcombankk Nguyễn Hữu Thọ,Vietcombank Nguyễn Hữu Thọ,MECHANICAL_TYPO,double_letter,,SINGLE,partial|brand|street|typo|lang_vi,osm:node/8987527027,osm:node/8987527027,brand_branch,accepted,search20-stage1-query-variants@1
g150-001,g150-001-v6,Veitcombank Nguyễn Hữu Thọ,Vietcombank Nguyễn Hữu Thọ,MECHANICAL_TYPO,char_transpose,,SINGLE,partial|brand|street|typo|lang_vi,osm:node/8987527027,osm:node/8987527027,brand_branch,accepted,search20-stage1-query-variants@1
g150-002,g150-002-v1,Hồng Lam Ô mai & Cafe Phú Quốc,Hồng Lam Ô mai & Cafe Phú Quốc,CLEAN,canonical,,CLEAN,exact_name|brand|name_area|lang_vi,osm:node/8679558960,osm:node/8679558960,brand_branch,accepted,search20-stage1-query-variants@1
g150-002,g150-002-v2,Hồng Lam O mai & Cafe Phu Quoc,Hồng Lam Ô mai & Cafe Phú Quốc,ORTHOGRAPHIC_IME,partial_diacritics,,SINGLE,partial|brand|name_area|typo|lang_vi,osm:node/8679558960,osm:node/8679558960,brand_branch,accepted,search20-stage1-query-variants@1
g150-002,g150-002-v3,Hồng Lam Ô mai & Cafe Địa Trung Hải,Hồng Lam Ô mai & Cafe Phú Quốc,ALIAS,name_area,,CLEAN,name_area|brand|lang_vi,osm:node/8679558960,osm:node/8679558960,brand_branch,accepted,search20-stage1-query-variants@1
g150-002,g150-002-v4,Ô mai Hồng Lam Phú Quốc,Hồng Lam Ô mai & Cafe Phú Quốc,STRUCTURAL,token_order_variant,,CLEAN,short_name|brand|name_area|lang_vi,osm:node/8679558960,osm:node/8679558960,brand_branch,accepted,search20-stage1-query-variants@1
g150-002,g150-002-v5,Hồng Lam Ô mai & Cafee Phú Quốc,Hồng Lam Ô mai & Cafe Phú Quốc,MECHANICAL_TYPO,double_letter,,SINGLE,partial|brand|name_area|typo|lang_vi,osm:node/8679558960,osm:node/8679558960,brand_branch,accepted,search20-stage1-query-variants@1
g150-002,g150-002-v6,Hồng Lam Ô mai & Cafe Phụ Quốc,Hồng Lam Ô mai & Cafe Phú Quốc,ORTHOGRAPHIC_IME,tone_confuse,,SINGLE,partial|brand|name_area|typo|lang_vi,osm:node/8679558960,osm:node/8679558960,brand_branch,accepted,search20-stage1-query-variants@1
g150-003,g150-003-v1,Harley-Davidson Nguyễn Văn Linh,Harley-Davidson Nguyễn Văn Linh,CLEAN,canonical,,CLEAN,exact_name|brand|street|lang_en,osm:node/5436848722,osm:node/5436848722,brand_branch,accepted,search20-stage1-query-variants@1
g150-003,g150-003-v2,Harley-Davidson Nguyễn Van Linh,Harley-Davidson Nguyễn Văn Linh,ORTHOGRAPHIC_IME,partial_diacritics,,SINGLE,partial|brand|street|typo|lang_en,osm:node/5436848722,osm:node/5436848722,brand_branch,accepted,search20-stage1-query-variants@1
g150-003,g150-003-v3,Harley Davidson Saigon,Harley-Davidson Nguyễn Văn Linh,ALIAS,short_name,,CLEAN,short_name|brand|street|lang_en,osm:node/5436848722,osm:node/5436848722,brand_branch,accepted,search20-stage1-query-variants@1
g150-003,g150-003-v4,Harley-Davdison Nguyễn Văn Linh,Harley-Davidson Nguyễn Văn Linh,MECHANICAL_TYPO,char_transpose,,SINGLE,partial|brand|street|typo|lang_en,osm:node/5436848722,osm:node/5436848722,brand_branch,accepted,search20-stage1-query-variants@1
g150-003,g150-003-v5,Harleyy-Davidson Nguyễn Văn Linh,Harley-Davidson Nguyễn Văn Linh,MECHANICAL_TYPO,double_letter,,SINGLE,partial|brand|street|typo|lang_en,osm:node/5436848722,osm:node/5436848722,brand_branch,accepted,search20-stage1-query-variants@1
g150-003,g150-003-v6,Harley-Davidson Nguyễn Văn Lnih,Harley-Davidson Nguyễn Văn Linh,MECHANICAL_TYPO,char_transpose,,SINGLE,partial|brand|street|typo|lang_en,osm:node/5436848722,osm:node/5436848722,brand_branch,accepted,search20-stage1-query-variants@1
g150-004,g150-004-v1,Jollibee Trần Hưng Đạo Bắc Ninh,Jollibee Trần Hưng Đạo Bắc Ninh,CLEAN,canonical,,CLEAN,exact_name|brand|street|name_area|lang_mixed,osm:way/1343390353,osm:way/1343390353,brand_branch,accepted,search20-stage1-query-variants@1
g150-004,g150-004-v2,Jollibee Trần Hung Dao Bac Ninh,Jollibee Trần Hưng Đạo Bắc Ninh,ORTHOGRAPHIC_IME,partial_diacritics,,SINGLE,partial|brand|street|name_area|typo|lang_mixed,osm:way/1343390353,osm:way/1343390353,brand_branch,accepted,search20-stage1-query-variants@1
g150-004,g150-004-v3,Jollibee Võ Cường,Jollibee Trần Hưng Đạo Bắc Ninh,ALIAS,name_area,,CLEAN,name_area|brand|street|lang_mixed,osm:way/1343390353,osm:way/1343390353,brand_branch,accepted,search20-stage1-query-variants@1
g150-004,g150-004-v4,Jolibee Trần Hưng Đạo Bắc Ninh,Jollibee Trần Hưng Đạo Bắc Ninh,MECHANICAL_TYPO,char_delete,,SINGLE,partial|brand|street|name_area|typo|lang_mixed,osm:way/1343390353,osm:way/1343390353,brand_branch,accepted,search20-stage1-query-variants@1
g150-004,g150-004-v5,Jollibeee Trần Hưng Đạo Bắc Ninh,Jollibee Trần Hưng Đạo Bắc Ninh,MECHANICAL_TYPO,double_letter,,SINGLE,partial|brand|street|name_area|typo|lang_mixed,osm:way/1343390353,osm:way/1343390353,brand_branch,accepted,search20-stage1-query-variants@1
g150-004,g150-004-v6,Jollibee Chần Hưng Đạo Bắc Ninh,Jollibee Trần Hưng Đạo Bắc Ninh,PHONOLOGICAL,phonological_confusion,,SINGLE,partial|brand|street|name_area|typo|lang_mixed,osm:way/1343390353,osm:way/1343390353,brand_branch,accepted,search20-stage1-query-variants@1
g150-005,g150-005-v1,Converse Lê Duẩn Đà Nẵng,Converse Lê Duẩn Đà Nẵng,CLEAN,canonical,,CLEAN,exact_name|brand|street|name_area|lang_mixed,osm:node/6325568187,osm:node/6325568187,brand_branch,accepted,search20-stage1-query-variants@1
g150-005,g150-005-v2,Converse Lê Duan Da Nang,Converse Lê Duẩn Đà Nẵng,ORTHOGRAPHIC_IME,partial_diacritics,,SINGLE,partial|brand|street|name_area|typo|lang_mixed,osm:node/6325568187,osm:node/6325568187,brand_branch,accepted,search20-stage1-query-variants@1
g150-005,g150-005-v3,Converse Lê Duẩn,Converse Lê Duẩn Đà Nẵng,ADDRESS_VARIANT,street,,CLEAN,street|brand|name_area|lang_mixed,osm:node/6325568187,osm:node/6325568187,brand_branch,accepted,search20-stage1-query-variants@1
g150-005,g150-005-v4,Convrse Lê Duẩn Đà Nẵng,Converse Lê Duẩn Đà Nẵng,MECHANICAL_TYPO,char_delete,,SINGLE,partial|brand|street|name_area|typo|lang_mixed,osm:node/6325568187,osm:node/6325568187,brand_branch,accepted,search20-stage1-query-variants@1
g150-005,g150-005-v5,Conversee Lê Duẩn Đà Nẵng,Converse Lê Duẩn Đà Nẵng,MECHANICAL_TYPO,double_letter,,SINGLE,partial|brand|street|name_area|typo|lang_mixed,osm:node/6325568187,osm:node/6325568187,brand_branch,accepted,search20-stage1-query-variants@1
g150-005,g150-005-v6,Converse LêDuẩn Đà Nẵng,Converse Lê Duẩn Đà Nẵng,TOKEN_EDIT,space_merge,,SINGLE,partial|brand|street|name_area|typo|lang_mixed,osm:node/6325568187,osm:node/6325568187,brand_branch,accepted,search20-stage1-query-variants@1
g150-006,g150-006-v1,Circle K Khương Hạ,Circle K Khương Hạ,CLEAN,canonical,,CLEAN,exact_name|brand|street|lang_mixed,osm:node/8897049818,osm:node/8897049818,brand_branch,accepted,search20-stage1-query-variants@1
g150-006,g150-006-v2,Circle K Khương Ha,Circle K Khương Hạ,ORTHOGRAPHIC_IME,partial_diacritics,,SINGLE,partial|brand|street|typo|lang_mixed,osm:node/8897049818,osm:node/8897049818,brand_branch,accepted,search20-stage1-query-variants@1
g150-006,g150-006-v3,Cirle K Khương Hạ,Circle K Khương Hạ,MECHANICAL_TYPO,char_delete,,SINGLE,partial|brand|street|typo|lang_mixed,osm:node/8897049818,osm:node/8897049818,brand_branch,accepted,search20-stage1-query-variants@1
g150-006,g150-006-v4,Cửa hàng tiện lợi Khương Hạ,Circle K Khương Hạ,ALIAS,category,,CLEAN,category|brand|street|lang_mixed,osm:node/8897049818,osm:node/8897049818,brand_branch,accepted,search20-stage1-query-variants@1
g150-006,g150-006-v5,Circle Kk Khương Hạ,Circle K Khương Hạ,MECHANICAL_TYPO,double_letter,,SINGLE,partial|brand|street|typo|lang_mixed,osm:node/8897049818,osm:node/8897049818,brand_branch,accepted,search20-stage1-query-variants@1
g150-006,g150-006-v6,Cirlce K Khương Hạ,Circle K Khương Hạ,MECHANICAL_TYPO,char_transpose,,SINGLE,partial|brand|street|typo|lang_mixed,osm:node/8897049818,osm:node/8897049818,brand_branch,accepted,search20-stage1-query-variants@1
g150-007,g150-007-v1,Sheraton Nha Trang Trần Phú,Sheraton Nha Trang Trần Phú,CLEAN,canonical,,CLEAN,exact_name|brand|street|name_area|lang_mixed,osm:way/206245067,osm:way/206245067,brand_branch,accepted,search20-stage1-query-variants@1
g150-007,g150-007-v2,Sheraton Nha Trang Trần Phu,Sheraton Nha Trang Trần Phú,ORTHOGRAPHIC_IME,partial_diacritics,,SINGLE,partial|brand|street|name_area|typo|lang_mixed,osm:way/206245067,osm:way/206245067,brand_branch,accepted,search20-stage1-query-variants@1
g150-007,g150-007-v3,Khách sạn Sheraton Nha Trang,Sheraton Nha Trang Trần Phú,ALIAS,short_name,,CLEAN,short_name|brand|street|name_area|lang_mixed,osm:way/206245067,osm:way/206245067,brand_branch,accepted,search20-stage1-query-variants@1
g150-007,g150-007-v4,Sheraton Nha Trang Tràn Phú,Sheraton Nha Trang Trần Phú,ORTHOGRAPHIC_IME,tone_confuse,,SINGLE,partial|brand|street|name_area|typo|lang_mixed,osm:way/206245067,osm:way/206245067,brand_branch,accepted,search20-stage1-query-variants@1
g150-007,g150-007-v5,Sheratonn Nha Trang Trần Phú,Sheraton Nha Trang Trần Phú,MECHANICAL_TYPO,double_letter,,SINGLE,partial|brand|street|name_area|typo|lang_mixed,osm:way/206245067,osm:way/206245067,brand_branch,accepted,search20-stage1-query-variants@1
g150-007,g150-007-v6,Sheraton Nha Trang Trần Phụ,Sheraton Nha Trang Trần Phú,ORTHOGRAPHIC_IME,tone_confuse,,SINGLE,partial|brand|street|name_area|typo|lang_mixed,osm:way/206245067,osm:way/206245067,brand_branch,accepted,search20-stage1-query-variants@1
g150-008,g150-008-v1,Ô Mai Hồng Lam Cao Thắng,Ô Mai Hồng Lam Cao Thắng,CLEAN,canonical,,CLEAN,exact_name|brand|street|lang_vi,osm:node/8005555185,osm:node/8005555185,brand_branch,accepted,search20-stage1-query-variants@1
g150-008,g150-008-v2,Ô Mai Hong Lam Cao Thang,Ô Mai Hồng Lam Cao Thắng,ORTHOGRAPHIC_IME,partial_diacritics,,SINGLE,partial|brand|street|typo|lang_vi,osm:node/8005555185,osm:node/8005555185,brand_branch,accepted,search20-stage1-query-variants@1
g150-008,g150-008-v3,Hồng Lam Bàn Cờ,Ô Mai Hồng Lam Cao Thắng,ALIAS,name_area,,CLEAN,name_area|brand|street|lang_vi,osm:node/8005555185,osm:node/8005555185,brand_branch,accepted,search20-stage1-query-variants@1
g150-008,g150-008-v4,Ô Mai Hồng Lam Cao Thắn,Ô Mai Hồng Lam Cao Thắng,MECHANICAL_TYPO,char_delete,,SINGLE,partial|brand|street|typo|lang_vi,osm:node/8005555185,osm:node/8005555185,brand_branch,accepted,search20-stage1-query-variants@1
g150-008,g150-008-v5,Ô Maii Hồng Lam Cao Thắng,Ô Mai Hồng Lam Cao Thắng,MECHANICAL_TYPO,double_letter,,SINGLE,partial|brand|street|typo|lang_vi,osm:node/8005555185,osm:node/8005555185,brand_branch,accepted,search20-stage1-query-variants@1
g150-008,g150-008-v6,Ô Mai Hồng Lam Cao Thắgn,Ô Mai Hồng Lam Cao Thắng,MECHANICAL_TYPO,char_transpose,,SINGLE,partial|brand|street|typo|lang_vi,osm:node/8005555185,osm:node/8005555185,brand_branch,accepted,search20-stage1-query-variants@1
g150-009,g150-009-v1,ACB Lạch Tray,ACB Lạch Tray,CLEAN,canonical,,CLEAN,exact_name|brand|street|lang_vi,osm:node/11533456837,osm:node/11533456837,brand_branch,accepted,search20-stage1-query-variants@1
g150-009,g150-009-v2,ACB Lach Tray,ACB Lạch Tray,ORTHOGRAPHIC_IME,strip_diacritics,,SINGLE,partial|brand|street|typo|lang_vi,osm:node/11533456837,osm:node/11533456837,brand_branch,accepted,search20-stage1-query-variants@1
g150-009,g150-009-v3,Ngân hàng Lạch Tray,ACB Lạch Tray,ALIAS,category,,CLEAN,category|brand|street|lang_vi,osm:node/11533456837,osm:node/11533456837,brand_branch,accepted,search20-stage1-query-variants@1
g150-009,g150-009-v4,Ngân hàng ACB Lạch Tray,ACB Lạch Tray,ALIAS,short_name,,CLEAN,short_name|brand|street|lang_vi,osm:node/11533456837,osm:node/11533456837,brand_branch,accepted,search20-stage1-query-variants@1
g150-009,g150-009-v5,ACBB Lạch Tray,ACB Lạch Tray,MECHANICAL_TYPO,double_letter,,SINGLE,partial|brand|street|typo|lang_vi,osm:node/11533456837,osm:node/11533456837,brand_branch,accepted,search20-stage1-query-variants@1
g150-009,g150-009-v6,ACB Lạch Chay,ACB Lạch Tray,PHONOLOGICAL,phonological_confusion,,SINGLE,partial|brand|street|typo|lang_vi,osm:node/11533456837,osm:node/11533456837,brand_branch,accepted,search20-stage1-query-variants@1
g150-010,g150-010-v1,Cộng Cà Phê Nguyễn Chí Thanh Đà Nẵng,Cộng Cà Phê Nguyễn Chí Thanh Đà Nẵng,CLEAN,canonical,,CLEAN,exact_name|brand|street|name_area|lang_vi,osm:node/5920056999,osm:node/5920056999,brand_branch,accepted,search20-stage1-query-variants@1
g150-010,g150-010-v2,Cộng Ca Phe Nguyen Chi Thanh Da Nang,Cộng Cà Phê Nguyễn Chí Thanh Đà Nẵng,ORTHOGRAPHIC_IME,partial_diacritics,,SINGLE,partial|brand|street|name_area|typo|lang_vi,osm:node/5920056999,osm:node/5920056999,brand_branch,accepted,search20-stage1-query-variants@1
g150-010,g150-010-v3,Cộng Cà Phê Nguyễn Chí Thanh,Cộng Cà Phê Nguyễn Chí Thanh Đà Nẵng,ADDRESS_VARIANT,address_component_omission,,CLEAN,address|brand|street|name_area|lang_vi,osm:node/5920056999,osm:node/5920056999,brand_branch,accepted,search20-stage1-query-variants@1
g150-010,g150-010-v4,Cộn Cà Phê Nguyễn Chí Thanh Đà Nẵng,Cộng Cà Phê Nguyễn Chí Thanh Đà Nẵng,MECHANICAL_TYPO,char_delete,,SINGLE,partial|brand|street|name_area|typo|lang_vi,osm:node/5920056999,osm:node/5920056999,brand_branch,accepted,search20-stage1-query-variants@1
g150-010,g150-010-v5,Cộng Cà Phêe Nguyễn Chí Thanh Đà Nẵng,Cộng Cà Phê Nguyễn Chí Thanh Đà Nẵng,MECHANICAL_TYPO,char_insert,,SINGLE,partial|brand|street|name_area|typo|lang_vi,osm:node/5920056999,osm:node/5920056999,brand_branch,accepted,search20-stage1-query-variants@1
g150-010,g150-010-v6,Cộng Cà Phê Nguyển Chí Thanh Đà Nẵng,Cộng Cà Phê Nguyễn Chí Thanh Đà Nẵng,ORTHOGRAPHIC_IME,tone_confuse,,SINGLE,partial|brand|street|name_area|typo|lang_vi,osm:node/5920056999,osm:node/5920056999,brand_branch,accepted,search20-stage1-query-variants@1
g150-011,g150-011-v1,HDBank Xã Đàn,HDBank Xã Đàn,CLEAN,canonical,,CLEAN,exact_name|brand|street|lang_vi,osm:node/12833589502,osm:node/12833589502,brand_branch,accepted,search20-stage1-query-variants@1
g150-011,g150-011-v2,HDBank Xã Dan,HDBank Xã Đàn,ORTHOGRAPHIC_IME,partial_diacritics,,SINGLE,partial|brand|street|typo|lang_vi,osm:node/12833589502,osm:node/12833589502,brand_branch,accepted,search20-stage1-query-variants@1
g150-011,g150-011-v3,HDBank Kim Liên,HDBank Xã Đàn,ALIAS,name_area,,CLEAN,name_area|brand|street|lang_vi,osm:node/12833589502,osm:node/12833589502,brand_branch,accepted,search20-stage1-query-variants@1
g150-011,g150-011-v4,HDBank Sã Đàn,HDBank Xã Đàn,PHONOLOGICAL,phonological_confusion,,SINGLE,partial|brand|street|typo|lang_vi,osm:node/12833589502,osm:node/12833589502,brand_branch,accepted,search20-stage1-query-variants@1
g150-011,g150-011-v5,HDBankk Xã Đàn,HDBank Xã Đàn,MECHANICAL_TYPO,double_letter,,SINGLE,partial|brand|street|typo|lang_vi,osm:node/12833589502,osm:node/12833589502,brand_branch,accepted,search20-stage1-query-variants@1
g150-011,g150-011-v6,HDBakn Xã Đàn,HDBank Xã Đàn,MECHANICAL_TYPO,char_transpose,,SINGLE,partial|brand|street|typo|lang_vi,osm:node/12833589502,osm:node/12833589502,brand_branch,accepted,search20-stage1-query-variants@1
g150-012,g150-012-v1,Cà phê Trung Nguyên Diên Hồng,Cà phê Trung Nguyên Diên Hồng,CLEAN,canonical,,CLEAN,exact_name|brand|street|lang_vi,osm:node/13575063123,osm:node/13575063123,brand_branch,accepted,search20-stage1-query-variants@1
g150-012,g150-012-v2,Cà phe Trung Nguyen Dien Hong,Cà phê Trung Nguyên Diên Hồng,ORTHOGRAPHIC_IME,partial_diacritics,,SINGLE,partial|brand|street|typo|lang_vi,osm:node/13575063123,osm:node/13575063123,brand_branch,accepted,search20-stage1-query-variants@1
g150-012,g150-012-v3,Trung Nguyên Legend Diên Hồng,Cà phê Trung Nguyên Diên Hồng,ALIAS,short_name,,CLEAN,short_name|brand|street|lang_vi,osm:node/13575063123,osm:node/13575063123|osm:way/1479927274,brand_branch,accepted,search20-stage1-query-variants@1
g150-012,g150-012-v4,Trung Nguyên Cà phê Diên Hồng,Cà phê Trung Nguyên Diên Hồng,STRUCTURAL,token_order_variant,,CLEAN,short_name|brand|street|lang_vi,osm:node/13575063123,osm:node/13575063123,brand_branch,accepted,search20-stage1-query-variants@1
g150-012,g150-012-v5,Cà phêe Trung Nguyên Diên Hồng,Cà phê Trung Nguyên Diên Hồng,MECHANICAL_TYPO,char_insert,,SINGLE,partial|brand|street|typo|lang_vi,osm:node/13575063123,osm:node/13575063123,brand_branch,accepted,search20-stage1-query-variants@1
g150-012,g150-012-v6,Cà phê Trung Nguyên Diên Hồn,Cà phê Trung Nguyên Diên Hồng,MECHANICAL_TYPO,char_delete,,SINGLE,partial|brand|street|typo|lang_vi,osm:node/13575063123,osm:node/13575063123,brand_branch,accepted,search20-stage1-query-variants@1
g150-013,g150-013-v1,VIB Đường 3 Tháng 2,VIB Đường 3 Tháng 2,CLEAN,canonical,,CLEAN,exact_name|brand|street|lang_vi,osm:node/3301809365,osm:node/3301809365,brand_branch,accepted,search20-stage1-query-variants@1
g150-013,g150-013-v2,VIB Đường 3 Thang 2,VIB Đường 3 Tháng 2,ORTHOGRAPHIC_IME,partial_diacritics,,SINGLE,partial|brand|street|typo|lang_vi,osm:node/3301809365,osm:node/3301809365,brand_branch,accepted,search20-stage1-query-variants@1
g150-013,g150-013-v3,VIB Đ. 3 Tháng 2,VIB Đường 3 Tháng 2,ALIAS,abbreviation,,CLEAN,abbreviation|brand|street|lang_vi,osm:node/3301809365,osm:node/3301809365,brand_branch,accepted,search20-stage1-query-variants@1
g150-013,g150-013-v4,Ngân hàng VIB 3 Tháng 2,VIB Đường 3 Tháng 2,ALIAS,short_name,,CLEAN,short_name|brand|street|lang_vi,osm:node/3301809365,osm:node/3301809365|osm:way/1062310708,brand_branch,accepted,search20-stage1-query-variants@1
g150-013,g150-013-v5,VIBB Đường 3 Tháng 2,VIB Đường 3 Tháng 2,MECHANICAL_TYPO,double_letter,,SINGLE,partial|brand|street|typo|lang_vi,osm:node/3301809365,osm:node/3301809365,brand_branch,accepted,search20-stage1-query-variants@1
g150-013,g150-013-v6,VIB Đườnng 3 Tháng 2,VIB Đường 3 Tháng 2,MECHANICAL_TYPO,double_letter,,SINGLE,partial|brand|street|typo|lang_vi,osm:node/3301809365,osm:node/3301809365,brand_branch,accepted,search20-stage1-query-variants@1
g150-014,g150-014-v1,MSB Ngô Gia Tự Bắc Ninh,MSB Ngô Gia Tự Bắc Ninh,CLEAN,canonical,,CLEAN,exact_name|brand|street|name_area|lang_vi,osm:node/12917522273,osm:node/12917522273,brand_branch,accepted,search20-stage1-query-variants@1
g150-014,g150-014-v2,MSB Ngô Gia Tu Bac Ninh,MSB Ngô Gia Tự Bắc Ninh,ORTHOGRAPHIC_IME,partial_diacritics,,SINGLE,partial|brand|street|name_area|typo|lang_vi,osm:node/12917522273,osm:node/12917522273,brand_branch,accepted,search20-stage1-query-variants@1
g150-014,g150-014-v3,MSB Kinh Bắc,MSB Ngô Gia Tự Bắc Ninh,ALIAS,name_area,,CLEAN,name_area|brand|street|lang_vi,osm:node/12917522273,osm:node/12917522273,brand_branch,accepted,search20-stage1-query-variants@1
g150-014,g150-014-v4,Ngân hàng MSB Ngô Gia Tự,MSB Ngô Gia Tự Bắc Ninh,ALIAS,short_name,,CLEAN,short_name|brand|street|name_area|lang_vi,osm:node/12917522273,osm:node/12917522273,brand_branch,accepted,search20-stage1-query-variants@1
g150-014,g150-014-v5,MSBB Ngô Gia Tự Bắc Ninh,MSB Ngô Gia Tự Bắc Ninh,MECHANICAL_TYPO,double_letter,,SINGLE,partial|brand|street|name_area|typo|lang_vi,osm:node/12917522273,osm:node/12917522273,brand_branch,accepted,search20-stage1-query-variants@1
g150-014,g150-014-v6,MSB Ngô Da Tự Bắc Ninh,MSB Ngô Gia Tự Bắc Ninh,PHONOLOGICAL,phonological_confusion,,SINGLE,partial|brand|street|name_area|typo|lang_vi,osm:node/12917522273,osm:node/12917522273,brand_branch,accepted,search20-stage1-query-variants@1
g150-015,g150-015-v1,Cây xăng PV Oil Ngô Quyền Đà Nẵng,Cây xăng PV Oil Ngô Quyền Đà Nẵng,CLEAN,canonical,,CLEAN,exact_name|brand|street|name_area|lang_vi,osm:way/693404962,osm:way/693404962,brand_branch,accepted,search20-stage1-query-variants@1
g150-015,g150-015-v2,Cây xang PV Oil Ngo Quyen Da Nang,Cây xăng PV Oil Ngô Quyền Đà Nẵng,ORTHOGRAPHIC_IME,partial_diacritics,,SINGLE,partial|brand|street|name_area|typo|lang_vi,osm:way/693404962,osm:way/693404962,brand_branch,accepted,search20-stage1-query-variants@1
g150-015,g150-015-v3,PV Oil Vĩnh Phú Ngô Quyền,Cây xăng PV Oil Ngô Quyền Đà Nẵng,ALIAS,short_name,,CLEAN,short_name|brand|street|name_area|lang_vi,osm:way/693404962,osm:way/693404962|osm:way/693361870|osm:way/693368219,brand_branch,accepted,search20-stage1-query-variants@1
g150-015,g150-015-v4,PVOil Ngô Quyền An Hải,Cây xăng PV Oil Ngô Quyền Đà Nẵng,ALIAS,name_area,,CLEAN,name_area|brand|street|lang_vi,osm:way/693404962,osm:way/693404962|osm:way/693361870|osm:way/693368219,brand_branch,accepted,search20-stage1-query-variants@1
g150-015,g150-015-v5,Cây xăng PV Oill Ngô Quyền Đà Nẵng,Cây xăng PV Oil Ngô Quyền Đà Nẵng,MECHANICAL_TYPO,double_letter,,SINGLE,partial|brand|street|name_area|typo|lang_vi,osm:way/693404962,osm:way/693404962,brand_branch,accepted,search20-stage1-query-variants@1
g150-015,g150-015-v6,Cây xăng PV Oil Ngô Qyuền Đà Nẵng,Cây xăng PV Oil Ngô Quyền Đà Nẵng,MECHANICAL_TYPO,char_transpose,,SINGLE,partial|brand|street|name_area|typo|lang_vi,osm:way/693404962,osm:way/693404962,brand_branch,accepted,search20-stage1-query-variants@1
g150-016,g150-016-v1,WinMart Đại La,WinMart Đại La,CLEAN,canonical,,CLEAN,exact_name|brand|street|lang_mixed,osm:way/570572174,osm:way/570572174,brand_branch,accepted,search20-stage1-query-variants@1
g150-016,g150-016-v2,WinMart Dai La,WinMart Đại La,ORTHOGRAPHIC_IME,strip_diacritics,,SINGLE,partial|brand|street|typo|lang_mixed,osm:way/570572174,osm:way/570572174,brand_branch,accepted,search20-stage1-query-variants@1
g150-016,g150-016-v3,Winmart Tương Mai,WinMart Đại La,ALIAS,name_area,,CLEAN,name_area|brand|street|lang_mixed,osm:way/570572174,osm:way/570572174,brand_branch,accepted,search20-stage1-query-variants@1
g150-016,g150-016-v4,Win Mart Đại La,WinMart Đại La,TOKEN_EDIT,space_split,,SINGLE,partial|brand|street|typo|lang_mixed,osm:way/570572174,osm:way/570572174,brand_branch,accepted,search20-stage1-query-variants@1
g150-016,g150-016-v5,WinMartt Đại La,WinMart Đại La,MECHANICAL_TYPO,double_letter,,SINGLE,partial|brand|street|typo|lang_mixed,osm:way/570572174,osm:way/570572174,brand_branch,accepted,search20-stage1-query-variants@1
g150-016,g150-016-v6,WinMart Đại Na,WinMart Đại La,PHONOLOGICAL,phonological_confusion,,SINGLE,partial|brand|street|typo|lang_mixed,osm:way/570572174,osm:way/570572174,brand_branch,accepted,search20-stage1-query-variants@1
g150-017,g150-017-v1,Honda Đức Hải Tánh Linh,Honda Đức Hải Tánh Linh,CLEAN,canonical,,CLEAN,exact_name|brand|name_area|lang_vi,osm:node/12584520697,osm:node/12584520697,brand_branch,accepted,search20-stage1-query-variants@1
g150-017,g150-017-v2,Honda Đức Hai Tanh Linh,Honda Đức Hải Tánh Linh,ORTHOGRAPHIC_IME,partial_diacritics,,SINGLE,partial|brand|name_area|typo|lang_vi,osm:node/12584520697,osm:node/12584520697,brand_branch,accepted,search20-stage1-query-variants@1
g150-017,g150-017-v3,HEAD Honda Đức Hải đường 25/12,Honda Đức Hải Tánh Linh,ALIAS,name_address,,CLEAN,name_address|brand|name_area|lang_vi,osm:node/12584520697,osm:node/12584520697,brand_branch,accepted,search20-stage1-query-variants@1
g150-017,g150-017-v4,Honda Đức Hãi Tánh Linh,Honda Đức Hải Tánh Linh,ORTHOGRAPHIC_IME,tone_confuse,,SINGLE,partial|brand|name_area|typo|lang_vi,osm:node/12584520697,osm:node/12584520697,brand_branch,accepted,search20-stage1-query-variants@1
g150-017,g150-017-v5,Hondaa Đức Hải Tánh Linh,Honda Đức Hải Tánh Linh,MECHANICAL_TYPO,double_letter,,SINGLE,partial|brand|name_area|typo|lang_vi,osm:node/12584520697,osm:node/12584520697,brand_branch,accepted,search20-stage1-query-variants@1
g150-017,g150-017-v6,Honda Đức Hải Tánh Ninh,Honda Đức Hải Tánh Linh,PHONOLOGICAL,phonological_confusion,,SINGLE,partial|brand|name_area|typo|lang_vi,osm:node/12584520697,osm:node/12584520697,brand_branch,accepted,search20-stage1-query-variants@1
g150-018,g150-018-v1,Honda Tân Long Vân 4 Trần Quốc Thảo,Honda Tân Long Vân 4 Trần Quốc Thảo,CLEAN,canonical,,CLEAN,exact_name|brand|street|lang_vi,osm:node/6315680990,osm:node/6315680990,brand_branch,accepted,search20-stage1-query-variants@1
g150-018,g150-018-v2,Honda Tân Long Van 4 Tran Quoc Thao,Honda Tân Long Vân 4 Trần Quốc Thảo,ORTHOGRAPHIC_IME,partial_diacritics,,SINGLE,partial|brand|street|typo|lang_vi,osm:node/6315680990,osm:node/6315680990,brand_branch,accepted,search20-stage1-query-variants@1
g150-018,g150-018-v3,Cửa hàng xe máy Tân Long Vân 4 Trần Quốc Thảo,Honda Tân Long Vân 4 Trần Quốc Thảo,ALIAS,category,,CLEAN,category|brand|street|lang_vi,osm:node/6315680990,osm:node/6315680990,brand_branch,accepted,search20-stage1-query-variants@1
g150-018,g150-018-v4,Honda Tân Long Vân 4 Trần Quốc Thả,Honda Tân Long Vân 4 Trần Quốc Thảo,MECHANICAL_TYPO,char_delete,,SINGLE,partial|brand|street|typo|lang_vi,osm:node/6315680990,osm:node/6315680990,brand_branch,accepted,search20-stage1-query-variants@1
g150-018,g150-018-v5,Hondaa Tân Long Vân 4 Trần Quốc Thảo,Honda Tân Long Vân 4 Trần Quốc Thảo,MECHANICAL_TYPO,double_letter,,SINGLE,partial|brand|street|typo|lang_vi,osm:node/6315680990,osm:node/6315680990,brand_branch,accepted,search20-stage1-query-variants@1
g150-018,g150-018-v6,Honda Tân Long Vân 4 Chần Quốc Thảo,Honda Tân Long Vân 4 Trần Quốc Thảo,PHONOLOGICAL,phonological_confusion,,SINGLE,partial|brand|street|typo|lang_vi,osm:node/6315680990,osm:node/6315680990,brand_branch,accepted,search20-stage1-query-variants@1
g150-019,g150-019-v1,Sacombank Đường 3 Tháng 2 Cần Thơ,Sacombank Đường 3 Tháng 2 Cần Thơ,CLEAN,canonical,,CLEAN,exact_name|brand|street|name_area|lang_vi,osm:way/1457546056,osm:way/1457546056,brand_branch,accepted,search20-stage1-query-variants@1
g150-019,g150-019-v2,Sacombank Đường 3 Thang 2 Can Tho,Sacombank Đường 3 Tháng 2 Cần Thơ,ORTHOGRAPHIC_IME,partial_diacritics,,SINGLE,partial|brand|street|name_area|typo|lang_vi,osm:way/1457546056,osm:way/1457546056,brand_branch,accepted,search20-stage1-query-variants@1
g150-019,g150-019-v3,Sacombank Đ. 3 Tháng 2 Cần Thơ,Sacombank Đường 3 Tháng 2 Cần Thơ,ALIAS,abbreviation,,CLEAN,abbreviation|brand|street|name_area|lang_vi,osm:way/1457546056,osm:way/1457546056,brand_branch,accepted,search20-stage1-query-variants@1
g150-019,g150-019-v4,Sacombank 3 Tháng 2 Cần Thơ,Sacombank Đường 3 Tháng 2 Cần Thơ,ADDRESS_VARIANT,address_component_omission,,CLEAN,address|brand|street|name_area|lang_vi,osm:way/1457546056,osm:way/1457546056|osm:node/5245298980|osm:node/6724116265|osm:node/6724934011|osm:node/6789054123|osm:way/714014811|osm:way/715566835,brand_branch,accepted,search20-stage1-query-variants@1
g150-019,g150-019-v5,Sacombankk Đường 3 Tháng 2 Cần Thơ,Sacombank Đường 3 Tháng 2 Cần Thơ,MECHANICAL_TYPO,double_letter,,SINGLE,partial|brand|street|name_area|typo|lang_vi,osm:way/1457546056,osm:way/1457546056,brand_branch,accepted,search20-stage1-query-variants@1
g150-019,g150-019-v6,Sacomabnk Đường 3 Tháng 2 Cần Thơ,Sacombank Đường 3 Tháng 2 Cần Thơ,MECHANICAL_TYPO,char_transpose,,SINGLE,partial|brand|street|name_area|typo|lang_vi,osm:way/1457546056,osm:way/1457546056,brand_branch,accepted,search20-stage1-query-variants@1
g150-020,g150-020-v1,Hyatt Regency Resort Đà Nẵng,Hyatt Regency Resort Đà Nẵng,CLEAN,canonical,,CLEAN,exact_name|brand|landmark|name_area|lang_mixed,osm:way/164333086,osm:way/164333086,brand_branch,accepted,search20-stage1-query-variants@1
g150-020,g150-020-v2,Hyatt Regency Resort Đà Nang,Hyatt Regency Resort Đà Nẵng,ORTHOGRAPHIC_IME,partial_diacritics,,SINGLE,partial|brand|landmark|name_area|typo|lang_mixed,osm:way/164333086,osm:way/164333086,brand_branch,accepted,search20-stage1-query-variants@1
g150-020,g150-020-v3,Hyatt Regency Trường Sa Ngũ Hành Sơn,Hyatt Regency Resort Đà Nẵng,ALIAS,name_area,,CLEAN,name_area|brand|landmark|lang_mixed,osm:way/164333086,osm:way/164333086,brand_branch,accepted,search20-stage1-query-variants@1
g150-020,g150-020-v4,Hyat Regency Resort Đà Nẵng,Hyatt Regency Resort Đà Nẵng,MECHANICAL_TYPO,char_delete,,SINGLE,partial|brand|landmark|name_area|typo|lang_mixed,osm:way/164333086,osm:way/164333086,brand_branch,accepted,search20-stage1-query-variants@1
g150-020,g150-020-v5,Hyatt Regency Resoort Đà Nẵng,Hyatt Regency Resort Đà Nẵng,MECHANICAL_TYPO,double_letter,,SINGLE,partial|brand|landmark|name_area|typo|lang_mixed,osm:way/164333086,osm:way/164333086,brand_branch,accepted,search20-stage1-query-variants@1
g150-020,g150-020-v6,Hyatt Regnecy Resort Đà Nẵng,Hyatt Regency Resort Đà Nẵng,MECHANICAL_TYPO,char_transpose,,SINGLE,partial|brand|landmark|name_area|typo|lang_mixed,osm:way/164333086,osm:way/164333086,brand_branch,accepted,search20-stage1-query-variants@1
g150-021,g150-021-v1,Samsung Xã Đàn,Samsung Xã Đàn,CLEAN,canonical,,CLEAN,exact_name|brand|street|lang_mixed,osm:node/11299136721,osm:node/11299136721,brand_branch,accepted,search20-stage1-query-variants@1
g150-021,g150-021-v2,Samsung Xã Dan,Samsung Xã Đàn,ORTHOGRAPHIC_IME,partial_diacritics,,SINGLE,partial|brand|street|typo|lang_mixed,osm:node/11299136721,osm:node/11299136721,brand_branch,accepted,search20-stage1-query-variants@1
g150-021,g150-021-v3,Cửa hàng Samsung 438 Xã Đàn,Samsung Xã Đàn,ALIAS,name_address,,CLEAN,name_address|brand|lang_mixed,osm:node/11299136721,osm:node/11299136721,brand_branch,accepted,search20-stage1-query-variants@1
g150-021,g150-021-v4,Samsung Sã Đàn,Samsung Xã Đàn,PHONOLOGICAL,phonological_confusion,,SINGLE,partial|brand|street|typo|lang_mixed,osm:node/11299136721,osm:node/11299136721,brand_branch,accepted,search20-stage1-query-variants@1
g150-021,g150-021-v5,Sammsung Xã Đàn,Samsung Xã Đàn,MECHANICAL_TYPO,double_letter,,SINGLE,partial|brand|street|typo|lang_mixed,osm:node/11299136721,osm:node/11299136721,brand_branch,accepted,search20-stage1-query-variants@1
g150-021,g150-021-v6,Samusng Xã Đàn,Samsung Xã Đàn,MECHANICAL_TYPO,char_transpose,,SINGLE,partial|brand|street|typo|lang_mixed,osm:node/11299136721,osm:node/11299136721,brand_branch,accepted,search20-stage1-query-variants@1
g150-022,g150-022-v1,Yamaha Town Nha Trang Trần Quý Cáp,Yamaha Town Nha Trang Trần Quý Cáp,CLEAN,canonical,,CLEAN,exact_name|brand|street|name_area|lang_mixed,osm:way/776829700,osm:way/776829700,brand_branch,accepted,search20-stage1-query-variants@1
g150-022,g150-022-v2,Yamaha Town Nha Trang Trần Quy Cap,Yamaha Town Nha Trang Trần Quý Cáp,ORTHOGRAPHIC_IME,partial_diacritics,,SINGLE,partial|brand|street|name_area|typo|lang_mixed,osm:way/776829700,osm:way/776829700,brand_branch,accepted,search20-stage1-query-variants@1
g150-022,g150-022-v3,Cửa hàng xe máy Yamaha Trần Quý Cáp,Yamaha Town Nha Trang Trần Quý Cáp,ALIAS,category,,CLEAN,category|brand|street|name_area|lang_mixed,osm:way/776829700,osm:way/776829700,brand_branch,accepted,search20-stage1-query-variants@1
g150-022,g150-022-v4,Yamaha Twon Nha Trang Trần Quý Cáp,Yamaha Town Nha Trang Trần Quý Cáp,MECHANICAL_TYPO,char_transpose,,SINGLE,partial|brand|street|name_area|typo|lang_mixed,osm:way/776829700,osm:way/776829700,brand_branch,accepted,search20-stage1-query-variants@1
g150-022,g150-022-v5,Yamaha Toown Nha Trang Trần Quý Cáp,Yamaha Town Nha Trang Trần Quý Cáp,MECHANICAL_TYPO,double_letter,,SINGLE,partial|brand|street|name_area|typo|lang_mixed,osm:way/776829700,osm:way/776829700,brand_branch,accepted,search20-stage1-query-variants@1
g150-022,g150-022-v6,Yamaha Town Nha Trang Chần Quý Cáp,Yamaha Town Nha Trang Trần Quý Cáp,PHONOLOGICAL,phonological_confusion,,SINGLE,partial|brand|street|name_area|typo|lang_mixed,osm:way/776829700,osm:way/776829700,brand_branch,accepted,search20-stage1-query-variants@1
g150-023,g150-023-v1,ACB Hoàng Diệu Quận 4,ACB Hoàng Diệu Quận 4,CLEAN,canonical,,CLEAN,exact_name|brand|street|name_area|lang_vi,osm:way/683697190,osm:way/683697190,brand_branch,accepted,search20-stage1-query-variants@1
g150-023,g150-023-v2,ACB Hoàng Dieu Quan 4,ACB Hoàng Diệu Quận 4,ORTHOGRAPHIC_IME,partial_diacritics,,SINGLE,partial|brand|street|name_area|typo|lang_vi,osm:way/683697190,osm:way/683697190,brand_branch,accepted,search20-stage1-query-variants@1
g150-023,g150-023-v3,ACB Hoàng Diệu 4,ACB Hoàng Diệu Quận 4,ADDRESS_VARIANT,address_component_omission,,CLEAN,address|brand|street|name_area|lang_vi,osm:way/683697190,osm:way/683697190,brand_branch,accepted,search20-stage1-query-variants@1
g150-023,g150-023-v4,Ngân hàng ACB Hoàng Diệu,ACB Hoàng Diệu Quận 4,ALIAS,short_name,,CLEAN,short_name|brand|street|name_area|lang_vi,osm:way/683697190,osm:way/683697190,brand_branch,accepted,search20-stage1-query-variants@1
g150-023,g150-023-v5,ACBB Hoàng Diệu Quận 4,ACB Hoàng Diệu Quận 4,MECHANICAL_TYPO,double_letter,,SINGLE,partial|brand|street|name_area|typo|lang_vi,osm:way/683697190,osm:way/683697190,brand_branch,accepted,search20-stage1-query-variants@1
g150-023,g150-023-v6,Ngân hàng Hoàng Diệu Quận 4,ACB Hoàng Diệu Quận 4,ALIAS,category,,CLEAN,category|brand|street|name_area|lang_vi,osm:way/683697190,osm:way/683697190,brand_branch,accepted,search20-stage1-query-variants@1
g150-024,g150-024-v1,Pharmacity Lý Thường Kiệt Bắc Ninh,Pharmacity Lý Thường Kiệt Bắc Ninh,CLEAN,canonical,,CLEAN,exact_name|brand|street|name_area|lang_mixed,osm:node/13155788995,osm:node/13155788995,brand_branch,accepted,search20-stage1-query-variants@1
g150-024,g150-024-v2,Pharma city Lý Thường Kiệt Bắc Ninh,Pharmacity Lý Thường Kiệt Bắc Ninh,TOKEN_EDIT,space_split,,SINGLE,partial|brand|street|name_area|typo|lang_mixed,osm:node/13155788995,osm:node/13155788995,brand_branch,accepted,search20-stage1-query-variants@1
g150-024,g150-024-v3,Nhà thuốc Lý Thường Kiệt Bắc Ninh,Pharmacity Lý Thường Kiệt Bắc Ninh,ALIAS,category,,CLEAN,category|brand|street|name_area|lang_mixed,osm:node/13155788995,osm:node/13155788995|osm:node/12329915311|osm:node/12329915312|osm:node/13155788993|osm:node/13155788994|osm:node/13155788996|osm:node/13155788997|osm:node/14041626597|osm:node/14045127403|osm:way/1367718055,brand_branch,accepted,search20-stage1-query-variants@1
g150-024,g150-024-v4,Farmacity Lý Thường Kiệt Bắc Ninh,Pharmacity Lý Thường Kiệt Bắc Ninh,PHONOLOGICAL,phonological_confusion,,SINGLE,partial|brand|street|name_area|typo|lang_mixed,osm:node/13155788995,osm:node/13155788995,brand_branch,accepted,search20-stage1-query-variants@1
g150-024,g150-024-v5,Pharmaacity Lý Thường Kiệt Bắc Ninh,Pharmacity Lý Thường Kiệt Bắc Ninh,MECHANICAL_TYPO,double_letter,,SINGLE,partial|brand|street|name_area|typo|lang_mixed,osm:node/13155788995,osm:node/13155788995,brand_branch,accepted,search20-stage1-query-variants@1
g150-024,g150-024-v6,Phramacity Lý Thường Kiệt Bắc Ninh,Pharmacity Lý Thường Kiệt Bắc Ninh,MECHANICAL_TYPO,char_transpose,,SINGLE,partial|brand|street|name_area|typo|lang_mixed,osm:node/13155788995,osm:node/13155788995,brand_branch,accepted,search20-stage1-query-variants@1
g150-025,g150-025-v1,Highlands Coffee Ngô Quyền Đà Nẵng,Highlands Coffee Ngô Quyền Đà Nẵng,CLEAN,canonical,,CLEAN,exact_name|brand|street|name_area|lang_mixed,osm:node/14104855301,osm:node/14104855301,brand_branch,accepted,search20-stage1-query-variants@1
g150-025,g150-025-v2,High lands Coffee Ngô Quyền Đà Nẵng,Highlands Coffee Ngô Quyền Đà Nẵng,TOKEN_EDIT,space_split,,SINGLE,partial|brand|street|name_area|typo|lang_mixed,osm:node/14104855301,osm:node/14104855301,brand_branch,accepted,search20-stage1-query-variants@1
g150-025,g150-025-v3,Quán cà phê Highlands Ngô Quyền Đà Nẵng,Highlands Coffee Ngô Quyền Đà Nẵng,ALIAS,category,,CLEAN,category|brand|street|name_area|lang_mixed,osm:node/14104855301,osm:node/14104855301,brand_branch,accepted,search20-stage1-query-variants@1
g150-025,g150-025-v4,Hihglands Coffee Ngô Quyền Đà Nẵng,Highlands Coffee Ngô Quyền Đà Nẵng,MECHANICAL_TYPO,char_transpose,,SINGLE,partial|brand|street|name_area|typo|lang_mixed,osm:node/14104855301,osm:node/14104855301,brand_branch,accepted,search20-stage1-query-variants@1
g150-025,g150-025-v5,Highlands Cofffee Ngô Quyền Đà Nẵng,Highlands Coffee Ngô Quyền Đà Nẵng,MECHANICAL_TYPO,double_letter,,SINGLE,partial|brand|street|name_area|typo|lang_mixed,osm:node/14104855301,osm:node/14104855301,brand_branch,accepted,search20-stage1-query-variants@1
g150-025,g150-025-v6,Highlands Coffee Ngô Qyuền Đà Nẵng,Highlands Coffee Ngô Quyền Đà Nẵng,MECHANICAL_TYPO,char_transpose,,SINGLE,partial|brand|street|name_area|typo|lang_mixed,osm:node/14104855301,osm:node/14104855301,brand_branch,accepted,search20-stage1-query-variants@1
g150-026,g150-026-v1,Highlands Coffee San Hô 16 Gia Lâm,Highlands Coffee San Hô 16 Gia Lâm,CLEAN,canonical,,CLEAN,exact_name|brand|street|name_area|lang_mixed,osm:node/11372720369,osm:node/11372720369,brand_branch,accepted,search20-stage1-query-variants@1
g150-026,g150-026-v2,High lands Coffee San Hô 16 Gia Lâm,Highlands Coffee San Hô 16 Gia Lâm,TOKEN_EDIT,space_split,,SINGLE,partial|brand|street|name_area|typo|lang_mixed,osm:node/11372720369,osm:node/11372720369,brand_branch,accepted,search20-stage1-query-variants@1
g150-026,g150-026-v3,Highlands Coffee San Hô 16,Highlands Coffee San Hô 16 Gia Lâm,ADDRESS_VARIANT,street,,CLEAN,street|brand|name_area|lang_mixed,osm:node/11372720369,osm:node/11372720369,brand_branch,accepted,search20-stage1-query-variants@1
g150-026,g150-026-v4,Quán cà phê Highlands San Hô 16 Gia Lâm,Highlands Coffee San Hô 16 Gia Lâm,ALIAS,category,,CLEAN,category|brand|street|name_area|lang_mixed,osm:node/11372720369,osm:node/11372720369,brand_branch,accepted,search20-stage1-query-variants@1
g150-026,g150-026-v5,Highlandds Coffee San Hô 16 Gia Lâm,Highlands Coffee San Hô 16 Gia Lâm,MECHANICAL_TYPO,double_letter,,SINGLE,partial|brand|street|name_area|typo|lang_mixed,osm:node/11372720369,osm:node/11372720369,brand_branch,accepted,search20-stage1-query-variants@1
g150-026,g150-026-v6,Highlands Coffee San Hô 16 Gia Nâm,Highlands Coffee San Hô 16 Gia Lâm,PHONOLOGICAL,phonological_confusion,,SINGLE,partial|brand|street|name_area|typo|lang_mixed,osm:node/11372720369,osm:node/11372720369,brand_branch,accepted,search20-stage1-query-variants@1
g150-027,g150-027-v1,Yamaha Town Huy Hoàng 3 Đồng Khởi,Yamaha Town Huy Hoàng 3 Đồng Khởi,CLEAN,canonical,,CLEAN,exact_name|brand|street|lang_mixed,osm:node/10799322370,osm:node/10799322370,brand_branch,accepted,search20-stage1-query-variants@1
g150-027,g150-027-v2,Yamaha Town Huy Hoang 3 Dong Khoi,Yamaha Town Huy Hoàng 3 Đồng Khởi,ORTHOGRAPHIC_IME,strip_diacritics,,SINGLE,partial|brand|street|typo|lang_mixed,osm:node/10799322370,osm:node/10799322370,brand_branch,accepted,search20-stage1-query-variants@1
g150-027,g150-027-v3,Cửa hàng xe máy Yamaha Đồng Khởi,Yamaha Town Huy Hoàng 3 Đồng Khởi,ALIAS,category,,CLEAN,category|brand|street|lang_mixed,osm:node/10799322370,osm:node/10799322370,brand_branch,accepted,search20-stage1-query-variants@1
g150-027,g150-027-v4,Yamaha Town Huy Hoàng 3 Đồng Khơi,Yamaha Town Huy Hoàng 3 Đồng Khởi,ORTHOGRAPHIC_IME,tone_confuse,,SINGLE,partial|brand|street|typo|lang_mixed,osm:node/10799322370,osm:node/10799322370,brand_branch,accepted,search20-stage1-query-variants@1
g150-027,g150-027-v5,Yamaha Town Huy Hoànng 3 Đồng Khởi,Yamaha Town Huy Hoàng 3 Đồng Khởi,MECHANICAL_TYPO,double_letter,,SINGLE,partial|brand|street|typo|lang_mixed,osm:node/10799322370,osm:node/10799322370,brand_branch,accepted,search20-stage1-query-variants@1
g150-027,g150-027-v6,Yamaha Town Hut Hoàng 3 Đồng Khởi,Yamaha Town Huy Hoàng 3 Đồng Khởi,MECHANICAL_TYPO,adjacent_key,,SINGLE,partial|brand|street|typo|lang_mixed,osm:node/10799322370,osm:node/10799322370,brand_branch,accepted,search20-stage1-query-variants@1
g150-028,g150-028-v1,Circle K Nguyễn Kim Quận 5,Circle K Nguyễn Kim Quận 5,CLEAN,canonical,,CLEAN,exact_name|brand|street|name_area|lang_mixed,osm:way/1435603858,osm:way/1435603858,brand_branch,accepted,search20-stage1-query-variants@1
g150-028,g150-028-v2,Circle K Nguyễn Kim 5,Circle K Nguyễn Kim Quận 5,ADDRESS_VARIANT,address_component_omission,,CLEAN,address|brand|street|name_area|lang_mixed,osm:way/1435603858,osm:way/1435603858,brand_branch,accepted,search20-stage1-query-variants@1
g150-028,g150-028-v3,Cửa hàng tiện lợi Nguyễn Kim Quận 5,Circle K Nguyễn Kim Quận 5,ALIAS,category,,CLEAN,category|brand|street|name_area|lang_mixed,osm:way/1435603858,osm:way/1435603858,brand_branch,accepted,search20-stage1-query-variants@1
g150-028,g150-028-v4,Circle K Quận 5 Nguyễn Kim,Circle K Nguyễn Kim Quận 5,STRUCTURAL,token_order_variant,,CLEAN,short_name|brand|street|name_area|lang_mixed,osm:way/1435603858,osm:way/1435603858,brand_branch,accepted,search20-stage1-query-variants@1
g150-028,g150-028-v5,Circle K Nguyễn Kiim Quận 5,Circle K Nguyễn Kim Quận 5,MECHANICAL_TYPO,double_letter,,SINGLE,partial|brand|street|name_area|typo|lang_mixed,osm:way/1435603858,osm:way/1435603858,brand_branch,accepted,search20-stage1-query-variants@1
g150-028,g150-028-v6,Circle K Nguyễn Kin Quận 5,Circle K Nguyễn Kim Quận 5,MECHANICAL_TYPO,adjacent_key,,SINGLE,partial|brand|street|name_area|typo|lang_mixed,osm:way/1435603858,osm:way/1435603858,brand_branch,accepted,search20-stage1-query-variants@1
g150-029,g150-029-v1,Trường liên cấp Khương Hạ,Trường liên cấp Khương Hạ,CLEAN,canonical,,CLEAN,exact_name|landmark|lang_vi,osm:way/957452559,osm:way/957452559,named_clear,accepted,search20-stage1-query-variants@1
g150-029,g150-029-v2,Truong lien cap Khuong Ha,Trường liên cấp Khương Hạ,ORTHOGRAPHIC_IME,strip_diacritics,,SINGLE,partial|landmark|typo|lang_vi,osm:way/957452559,osm:way/957452559,named_clear,accepted,search20-stage1-query-variants@1
g150-029,g150-029-v3,Trường THPT Khương Hạ,Trường liên cấp Khương Hạ,ALIAS,short_name,,CLEAN,short_name|landmark|lang_vi,osm:way/957452559,osm:way/957452559,named_clear,accepted,search20-stage1-query-variants@1
g150-029,g150-029-v4,Trường học liên cấp Khương Hạ,Trường liên cấp Khương Hạ,ALIAS,category,,CLEAN,category|landmark|lang_vi,osm:way/957452559,osm:way/957452559,named_clear,accepted,search20-stage1-query-variants@1
g150-029,g150-029-v5,Trườnng liên cấp Khương Hạ,Trường liên cấp Khương Hạ,MECHANICAL_TYPO,double_letter,,SINGLE,partial|landmark|typo|lang_vi,osm:way/957452559,osm:way/957452559,named_clear,accepted,search20-stage1-query-variants@1
g150-029,g150-029-v6,Chường liên cấp Khương Hạ,Trường liên cấp Khương Hạ,PHONOLOGICAL,phonological_confusion,,SINGLE,partial|landmark|typo|lang_vi,osm:way/957452559,osm:way/957452559,named_clear,accepted,search20-stage1-query-variants@1
g150-030,g150-030-v1,Vuon Phap 3 homestay Đinh Tiên Hoàng,Vuon Phap 3 homestay Đinh Tiên Hoàng,CLEAN,canonical,,CLEAN,exact_name|street|lang_mixed,osm:node/10314842912,osm:node/10314842912,named_clear,accepted,search20-stage1-query-variants@1
g150-030,g150-030-v2,Vườn Pháp 3 homestay Đinh Tiên Hoàng,Vuon Phap 3 homestay Đinh Tiên Hoàng,ORTHOGRAPHIC_IME,partial_diacritics,,SINGLE,partial|street|typo|lang_mixed,osm:node/10314842912,osm:node/10314842912,named_clear,accepted,search20-stage1-query-variants@1
g150-030,g150-030-v3,Homestay Vườn Pháp 3 Buôn Ma Thuột,Vuon Phap 3 homestay Đinh Tiên Hoàng,ALIAS,name_area,,CLEAN,name_area|street|lang_mixed,osm:node/10314842912,osm:node/10314842912,named_clear,accepted,search20-stage1-query-variants@1
g150-030,g150-030-v4,Vuon Phap 3 homestay Dinh Tien Hoang,Vuon Phap 3 homestay Đinh Tiên Hoàng,ORTHOGRAPHIC_IME,strip_diacritics,,SINGLE,partial|street|typo|lang_mixed,osm:node/10314842912,osm:node/10314842912,named_clear,accepted,search20-stage1-query-variants@1
g150-030,g150-030-v5,Vuon Phap 3 hoomestay Đinh Tiên Hoàng,Vuon Phap 3 homestay Đinh Tiên Hoàng,MECHANICAL_TYPO,double_letter,,SINGLE,partial|street|typo|lang_mixed,osm:node/10314842912,osm:node/10314842912,named_clear,accepted,search20-stage1-query-variants@1
g150-030,g150-030-v6,Vuon Phap 3 homestay Đinh Tiên Hozng,Vuon Phap 3 homestay Đinh Tiên Hoàng,MECHANICAL_TYPO,adjacent_key,,SINGLE,partial|street|typo|lang_mixed,osm:node/10314842912,osm:node/10314842912,named_clear,accepted,search20-stage1-query-variants@1
g150-031,g150-031-v1,Tằm café Ngô Diễn Bắc Ninh,Tằm café Ngô Diễn Bắc Ninh,CLEAN,canonical,,CLEAN,exact_name|street|name_area|lang_vi,osm:node/13714059889,osm:node/13714059889,named_clear,accepted,search20-stage1-query-variants@1
g150-031,g150-031-v2,Tam cafe Ngo Dien Bac Ninh,Tằm café Ngô Diễn Bắc Ninh,ORTHOGRAPHIC_IME,strip_diacritics,,SINGLE,partial|street|name_area|typo|lang_vi,osm:node/13714059889,osm:node/13714059889,named_clear,accepted,search20-stage1-query-variants@1
g150-031,g150-031-v3,Tằm café Kinh Bắc,Tằm café Ngô Diễn Bắc Ninh,ALIAS,name_area,,CLEAN,name_area|street|lang_vi,osm:node/13714059889,osm:node/13714059889,named_clear,accepted,search20-stage1-query-variants@1
g150-031,g150-031-v4,Tằm cafê Ngô Diễn Bắc Ninh,Tằm café Ngô Diễn Bắc Ninh,ORTHOGRAPHIC_IME,tone_confuse,,SINGLE,partial|street|name_area|typo|lang_vi,osm:node/13714059889,osm:node/13714059889,named_clear,accepted,search20-stage1-query-variants@1
g150-031,g150-031-v5,Tằm caafé Ngô Diễn Bắc Ninh,Tằm café Ngô Diễn Bắc Ninh,MECHANICAL_TYPO,double_letter,,SINGLE,partial|street|name_area|typo|lang_vi,osm:node/13714059889,osm:node/13714059889,named_clear,accepted,search20-stage1-query-variants@1
g150-031,g150-031-v6,Tằm café Ngô Diễn Bắc Lĩnh,Tằm café Ngô Diễn Bắc Ninh,PHONOLOGICAL,phonological_confusion,,SINGLE,partial|street|name_area|typo|lang_vi,osm:node/13714059889,osm:node/13714059889,named_clear,accepted,search20-stage1-query-variants@1
g150-032,g150-032-v1,Bon's vegan Hàm Nghi,Bon's vegan Hàm Nghi,CLEAN,canonical,,CLEAN,exact_name|street|lang_mixed,osm:node/10736286030,osm:node/10736286030,named_clear,accepted,search20-stage1-query-variants@1
g150-032,g150-032-v2,Bons vegan Hàm Nghi,Bon's vegan Hàm Nghi,MECHANICAL_TYPO,char_delete,,SINGLE,partial|street|typo|lang_mixed,osm:node/10736286030,osm:node/10736286030,named_clear,accepted,search20-stage1-query-variants@1
g150-032,g150-032-v3,bon s vegan Hàm Nghi,Bon's vegan Hàm Nghi,TOKEN_EDIT,space_split,,SINGLE,partial|street|typo|lang_mixed,osm:node/10736286030,osm:node/10736286030,named_clear,accepted,search20-stage1-query-variants@1
g150-032,g150-032-v4,Quán chay Bon's vegan Quận 1,Bon's vegan Hàm Nghi,ALIAS,name_area,,CLEAN,name_area|street|lang_mixed,osm:node/10736286030,osm:node/10736286030,named_clear,accepted,search20-stage1-query-variants@1
g150-032,g150-032-v5,Bon's veegan Hàm Nghi,Bon's vegan Hàm Nghi,MECHANICAL_TYPO,double_letter,,SINGLE,partial|street|typo|lang_mixed,osm:node/10736286030,osm:node/10736286030,named_clear,accepted,search20-stage1-query-variants@1
g150-032,g150-032-v6,Bon's vegan Hsm Nghi,Bon's vegan Hàm Nghi,MECHANICAL_TYPO,adjacent_key,,SINGLE,partial|street|typo|lang_mixed,osm:node/10736286030,osm:node/10736286030,named_clear,accepted,search20-stage1-query-variants@1
g150-033,g150-033-v1,Le Dung hotel Trần Phú Đà Nẵng,Le Dung hotel Trần Phú Đà Nẵng,CLEAN,canonical,,CLEAN,exact_name|street|name_area|lang_mixed,osm:node/5600961727,osm:node/5600961727,named_clear,accepted,search20-stage1-query-variants@1
g150-033,g150-033-v2,LeDung Hotel Trần Phú Đà Nẵng,Le Dung hotel Trần Phú Đà Nẵng,TOKEN_EDIT,space_merge,,SINGLE,partial|street|name_area|typo|lang_mixed,osm:node/5600961727,osm:node/5600961727,named_clear,accepted,search20-stage1-query-variants@1
g150-033,g150-033-v3,Khách sạn Lê Dũng Bàn Thạch,Le Dung hotel Trần Phú Đà Nẵng,ALIAS,name_area,,CLEAN,name_area|street|lang_mixed,osm:node/5600961727,osm:node/5600961727,named_clear,accepted,search20-stage1-query-variants@1
g150-033,g150-033-v4,Le Dung hotle Trần Phú Đà Nẵng,Le Dung hotel Trần Phú Đà Nẵng,MECHANICAL_TYPO,char_transpose,,SINGLE,partial|street|name_area|typo|lang_mixed,osm:node/5600961727,osm:node/5600961727,named_clear,accepted,search20-stage1-query-variants@1
g150-033,g150-033-v5,Le Dung hootel Trần Phú Đà Nẵng,Le Dung hotel Trần Phú Đà Nẵng,MECHANICAL_TYPO,double_letter,,SINGLE,partial|street|name_area|typo|lang_mixed,osm:node/5600961727,osm:node/5600961727,named_clear,accepted,search20-stage1-query-variants@1
g150-033,g150-033-v6,Le Dung hotel Trần Phụ Đà Nẵng,Le Dung hotel Trần Phú Đà Nẵng,ORTHOGRAPHIC_IME,tone_confuse,,SINGLE,partial|street|name_area|typo|lang_mixed,osm:node/5600961727,osm:node/5600961727,named_clear,accepted,search20-stage1-query-variants@1
g150-034,g150-034-v1,475 Cổ Nhuế Đông Ngạc,475 Cổ Nhuế Đông Ngạc,CLEAN,canonical,,CLEAN,exact_name|address|street|name_area|lang_vi,osm:way/899332859,osm:way/899332859,named_clear,accepted,search20-stage1-query-variants@1
g150-034,g150-034-v2,475 Co Nhue Dong Ngac,475 Cổ Nhuế Đông Ngạc,ORTHOGRAPHIC_IME,strip_diacritics,,SINGLE,partial|address|street|name_area|typo|lang_vi,osm:way/899332859,osm:way/899332859,named_clear,accepted,search20-stage1-query-variants@1
g150-034,g150-034-v3,475 Đường Cổ Nhuế Hà Nội,475 Cổ Nhuế Đông Ngạc,ALIAS,name_area,,CLEAN,name_area|address|street|lang_vi,osm:way/899332859,osm:way/899332859,named_clear,accepted,search20-stage1-query-variants@1
g150-034,g150-034-v4,475 Cổ Nhế Đông Ngạc,475 Cổ Nhuế Đông Ngạc,MECHANICAL_TYPO,char_delete,,SINGLE,partial|address|street|name_area|typo|lang_vi,osm:way/899332859,osm:way/899332859,named_clear,accepted,search20-stage1-query-variants@1
g150-034,g150-034-v5,475 Cổ Nhuế Đôông Ngạc,475 Cổ Nhuế Đông Ngạc,MECHANICAL_TYPO,double_letter,,SINGLE,partial|address|street|name_area|typo|lang_vi,osm:way/899332859,osm:way/899332859,named_clear,accepted,search20-stage1-query-variants@1
g150-034,g150-034-v6,475 Cổ Nhuế Đống Ngạc,475 Cổ Nhuế Đông Ngạc,ORTHOGRAPHIC_IME,tone_confuse,,SINGLE,partial|address|street|name_area|typo|lang_vi,osm:way/899332859,osm:way/899332859,named_clear,accepted,search20-stage1-query-variants@1
g150-035,g150-035-v1,Cửa Hàng Kiên Huyền Hồ Tùng Mậu,Cửa Hàng Kiên Huyền Hồ Tùng Mậu,CLEAN,canonical,,CLEAN,exact_name|street|lang_vi,osm:node/5372078121,osm:node/5372078121,named_clear,accepted,search20-stage1-query-variants@1
g150-035,g150-035-v2,Cua Hang Kien Huyen Ho Tung Mau,Cửa Hàng Kiên Huyền Hồ Tùng Mậu,ORTHOGRAPHIC_IME,strip_diacritics,,SINGLE,partial|street|typo|lang_vi,osm:node/5372078121,osm:node/5372078121,named_clear,accepted,search20-stage1-query-variants@1
g150-035,g150-035-v3,CH Kiên Huyền Nam Định,Cửa Hàng Kiên Huyền Hồ Tùng Mậu,ALIAS,name_area,,CLEAN,name_area|street|lang_vi,osm:node/5372078121,osm:node/5372078121,named_clear,accepted,search20-stage1-query-variants@1
g150-035,g150-035-v4,Cửa Hàng Kiên Huyền Hồ Tùng Mâu,Cửa Hàng Kiên Huyền Hồ Tùng Mậu,ORTHOGRAPHIC_IME,tone_confuse,,SINGLE,partial|street|typo|lang_vi,osm:node/5372078121,osm:node/5372078121,named_clear,accepted,search20-stage1-query-variants@1
g150-035,g150-035-v5,Cửa Hànng Kiên Huyền Hồ Tùng Mậu,Cửa Hàng Kiên Huyền Hồ Tùng Mậu,MECHANICAL_TYPO,double_letter,,SINGLE,partial|street|typo|lang_vi,osm:node/5372078121,osm:node/5372078121,named_clear,accepted,search20-stage1-query-variants@1
g150-035,g150-035-v6,Cửa Hàng Kiên Huyền Hồ Tùng Mạu,Cửa Hàng Kiên Huyền Hồ Tùng Mậu,ORTHOGRAPHIC_IME,tone_confuse,,SINGLE,partial|street|typo|lang_vi,osm:node/5372078121,osm:node/5372078121,named_clear,accepted,search20-stage1-query-variants@1
g150-036,g150-036-v1,Spring Hotel Khu dân cư số 9 Cần Thơ,Spring Hotel Khu dân cư số 9 Cần Thơ,CLEAN,canonical,,CLEAN,exact_name|street|name_area|lang_mixed,osm:way/343923391,osm:way/343923391,named_clear,accepted,search20-stage1-query-variants@1
g150-036,g150-036-v2,SpringHotel Khu dân cư số 9 Cần Thơ,Spring Hotel Khu dân cư số 9 Cần Thơ,TOKEN_EDIT,space_merge,,SINGLE,partial|street|name_area|typo|lang_mixed,osm:way/343923391,osm:way/343923391,named_clear,accepted,search20-stage1-query-variants@1
g150-036,g150-036-v3,Spring Hotel Khu dân cư số 9,Spring Hotel Khu dân cư số 9 Cần Thơ,ADDRESS_VARIANT,street,,CLEAN,street|name_area|lang_mixed,osm:way/343923391,osm:way/343923391,named_clear,accepted,search20-stage1-query-variants@1
g150-036,g150-036-v4,Spring Hote Khu dân cư số 9 Cần Thơ,Spring Hotel Khu dân cư số 9 Cần Thơ,MECHANICAL_TYPO,char_delete,,SINGLE,partial|street|name_area|typo|lang_mixed,osm:way/343923391,osm:way/343923391,named_clear,accepted,search20-stage1-query-variants@1
g150-036,g150-036-v5,Spring Hotel Khu dân cư số 9 CT,Spring Hotel Khu dân cư số 9 Cần Thơ,ALIAS,abbreviation,,CLEAN,abbreviation|street|name_area|lang_mixed,osm:way/343923391,osm:way/343923391,named_clear,accepted,search20-stage1-query-variants@1
g150-036,g150-036-v6,Spring Hotel Khu dân cư dố 9 Cần Thơ,Spring Hotel Khu dân cư số 9 Cần Thơ,MECHANICAL_TYPO,adjacent_key,,SINGLE,partial|street|name_area|typo|lang_mixed,osm:way/343923391,osm:way/343923391,named_clear,accepted,search20-stage1-query-variants@1
g150-037,g150-037-v1,KOI Café Trần Hưng Đạo Quận 5,KOI Café Trần Hưng Đạo Quận 5,CLEAN,canonical,,CLEAN,exact_name|street|name_area|lang_mixed,osm:way/1545385144,osm:way/1545385144,named_clear,accepted,search20-stage1-query-variants@1
g150-037,g150-037-v2,KOI Café Trần Hưng Đạo 5,KOI Café Trần Hưng Đạo Quận 5,ADDRESS_VARIANT,address_component_omission,,CLEAN,address|street|name_area|lang_mixed,osm:way/1545385144,osm:way/1545385144,named_clear,accepted,search20-stage1-query-variants@1
g150-037,g150-037-v3,KOI Cafe Chợ Lớn,KOI Café Trần Hưng Đạo Quận 5,ALIAS,name_area,,CLEAN,name_area|street|lang_mixed,osm:way/1545385144,osm:way/1545385144,named_clear,accepted,search20-stage1-query-variants@1
g150-037,g150-037-v4,KOI Caé Trần Hưng Đạo Quận 5,KOI Café Trần Hưng Đạo Quận 5,MECHANICAL_TYPO,char_delete,,SINGLE,partial|street|name_area|typo|lang_mixed,osm:way/1545385144,osm:way/1545385144,named_clear,accepted,search20-stage1-query-variants@1
g150-037,g150-037-v5,KOI Café Trần Hưng Đạo Q. 5,KOI Café Trần Hưng Đạo Quận 5,ALIAS,abbreviation,,CLEAN,abbreviation|street|name_area|lang_mixed,osm:way/1545385144,osm:way/1545385144,named_clear,accepted,search20-stage1-query-variants@1
g150-037,g150-037-v6,KOI Café Chần Hưng Đạo Quận 5,KOI Café Trần Hưng Đạo Quận 5,PHONOLOGICAL,phonological_confusion,,SINGLE,partial|street|name_area|typo|lang_mixed,osm:way/1545385144,osm:way/1545385144,named_clear,accepted,search20-stage1-query-variants@1
g150-038,g150-038-v1,Old Propaganda Posters Hội An,Old Propaganda Posters Hội An,CLEAN,canonical,,CLEAN,exact_name|name_area|lang_en,osm:node/2091401450,osm:node/2091401450,named_clear,accepted,search20-stage1-query-variants@1
g150-038,g150-038-v2,Old Propaganda Posters Hoi An,Old Propaganda Posters Hội An,ORTHOGRAPHIC_IME,strip_diacritics,,SINGLE,partial|name_area|typo|lang_en,osm:node/2091401450,osm:node/2091401450,named_clear,accepted,search20-stage1-query-variants@1
g150-038,g150-038-v3,Old Propaganda Posters Nguyễn Thị Minh Khai,Old Propaganda Posters Hội An,ALIAS,street,,CLEAN,street|name_area|lang_en,osm:node/2091401450,osm:node/2091401450,named_clear,accepted,search20-stage1-query-variants@1
g150-038,g150-038-v4,Old Propaganda Poster Hội An,Old Propaganda Posters Hội An,MECHANICAL_TYPO,char_delete,,SINGLE,partial|name_area|typo|lang_en,osm:node/2091401450,osm:node/2091401450,named_clear,accepted,search20-stage1-query-variants@1
g150-038,g150-038-v5,Old Propaganda Posters Hojoi An,Old Propaganda Posters Hội An,ORTHOGRAPHIC_IME,telex_leftover,telex_tone_marker,SINGLE,partial|name_area|typo|lang_en,osm:node/2091401450,osm:node/2091401450,named_clear,accepted,search20-stage1-query-variants@1
g150-038,g150-038-v6,Old Propaganda Pisters Hội An,Old Propaganda Posters Hội An,MECHANICAL_TYPO,adjacent_key,,SINGLE,partial|name_area|typo|lang_en,osm:node/2091401450,osm:node/2091401450,named_clear,accepted,search20-stage1-query-variants@1
g150-039,g150-039-v1,Mầm non Kim Liên phân hiệu 1,Mầm non Kim Liên phân hiệu 1,CLEAN,canonical,,CLEAN,exact_name|landmark|lang_vi,osm:way/814968070,osm:way/814968070,named_clear,accepted,search20-stage1-query-variants@1
g150-039,g150-039-v2,Mam non Kim Lien phan hieu 1,Mầm non Kim Liên phân hiệu 1,ORTHOGRAPHIC_IME,strip_diacritics,,SINGLE,partial|landmark|typo|lang_vi,osm:way/814968070,osm:way/814968070,named_clear,accepted,search20-stage1-query-variants@1
g150-039,g150-039-v3,Trường Mầm non Kim Liên Lương Định Của,Mầm non Kim Liên phân hiệu 1,ALIAS,name_address,,CLEAN,name_address|landmark|lang_vi,osm:way/814968070,osm:way/814968070,named_clear,accepted,search20-stage1-query-variants@1
g150-039,g150-039-v4,Mầm non Kim Niên phân hiệu 1,Mầm non Kim Liên phân hiệu 1,PHONOLOGICAL,phonological_confusion,,SINGLE,partial|landmark|typo|lang_vi,osm:way/814968070,osm:way/814968070,named_clear,accepted,search20-stage1-query-variants@1
g150-039,g150-039-v5,Mầm non Kim Lieen phân hiệu 1,Mầm non Kim Liên phân hiệu 1,ORTHOGRAPHIC_IME,telex_leftover,telex_vowel_marker,SINGLE,partial|landmark|typo|lang_vi,osm:way/814968070,osm:way/814968070,named_clear,accepted,search20-stage1-query-variants@1
g150-039,g150-039-v6,Mầm non Kim Liêb phân hiệu 1,Mầm non Kim Liên phân hiệu 1,MECHANICAL_TYPO,adjacent_key,,SINGLE,partial|landmark|typo|lang_vi,osm:way/814968070,osm:way/814968070,named_clear,accepted,search20-stage1-query-variants@1
g150-040,g150-040-v1,Bánh Mì store Nguyễn Trung Trực Nha Trang,Bánh Mì store Nguyễn Trung Trực Nha Trang,CLEAN,canonical,,CLEAN,exact_name|street|name_area|lang_mixed,osm:node/6945941285,osm:node/6945941285,named_clear,accepted,search20-stage1-query-variants@1
g150-040,g150-040-v2,Banh Mi store Nguyen Trung Truc Nha Trang,Bánh Mì store Nguyễn Trung Trực Nha Trang,ORTHOGRAPHIC_IME,strip_diacritics,,SINGLE,partial|street|name_area|typo|lang_mixed,osm:node/6945941285,osm:node/6945941285,named_clear,accepted,search20-stage1-query-variants@1
g150-040,g150-040-v3,Tiệm Bánh Mì store Nha Trang,Bánh Mì store Nguyễn Trung Trực Nha Trang,ALIAS,short_name,,CLEAN,short_name|street|name_area|lang_mixed,osm:node/6945941285,osm:node/6945941285,named_clear,accepted,search20-stage1-query-variants@1
g150-040,g150-040-v4,Bánh Mì stroe Nguyễn Trung Trực Nha Trang,Bánh Mì store Nguyễn Trung Trực Nha Trang,MECHANICAL_TYPO,char_transpose,,SINGLE,partial|street|name_area|typo|lang_mixed,osm:node/6945941285,osm:node/6945941285,named_clear,accepted,search20-stage1-query-variants@1
g150-040,g150-040-v5,Bánh Mì store Nguyễn Trung Truwjc Nha Trang,Bánh Mì store Nguyễn Trung Trực Nha Trang,ORTHOGRAPHIC_IME,telex_leftover,telex_vowel_marker,SINGLE,partial|street|name_area|typo|lang_mixed,osm:node/6945941285,osm:node/6945941285,named_clear,accepted,search20-stage1-query-variants@1
g150-040,g150-040-v6,Bạnh Mì store Nguyễn Trung Trực Nha Trang,Bánh Mì store Nguyễn Trung Trực Nha Trang,ORTHOGRAPHIC_IME,tone_confuse,,SINGLE,partial|street|name_area|typo|lang_mixed,osm:node/6945941285,osm:node/6945941285,named_clear,accepted,search20-stage1-query-variants@1
g150-041,g150-041-v1,BB Hairstudio Nguyễn Trãi Bắc Ninh,BB Hairstudio Nguyễn Trãi Bắc Ninh,CLEAN,canonical,,CLEAN,exact_name|street|name_area|lang_mixed,osm:node/14068677626,osm:node/14068677626,named_clear,accepted,search20-stage1-query-variants@1
g150-041,g150-041-v2,BB Hairstudio Nguyen Trai Bac Ninh,BB Hairstudio Nguyễn Trãi Bắc Ninh,ORTHOGRAPHIC_IME,strip_diacritics,,SINGLE,partial|street|name_area|typo|lang_mixed,osm:node/14068677626,osm:node/14068677626,named_clear,accepted,search20-stage1-query-variants@1
g150-041,g150-041-v3,BB Hairstudio Kinh Bắc,BB Hairstudio Nguyễn Trãi Bắc Ninh,ALIAS,name_area,,CLEAN,name_area|street|lang_mixed,osm:node/14068677626,osm:node/14068677626,named_clear,accepted,search20-stage1-query-variants@1
g150-041,g150-041-v4,BB Harstudio Nguyễn Trãi Bắc Ninh,BB Hairstudio Nguyễn Trãi Bắc Ninh,MECHANICAL_TYPO,char_delete,,SINGLE,partial|street|name_area|typo|lang_mixed,osm:node/14068677626,osm:node/14068677626,named_clear,accepted,search20-stage1-query-variants@1
g150-041,g150-041-v5,BB Hairstudio Nguyễn Traix Bắc Ninh,BB Hairstudio Nguyễn Trãi Bắc Ninh,ORTHOGRAPHIC_IME,telex_leftover,telex_tone_marker,SINGLE,partial|street|name_area|typo|lang_mixed,osm:node/14068677626,osm:node/14068677626,named_clear,accepted,search20-stage1-query-variants@1
g150-041,g150-041-v6,BB Hairstudio Nguyển Trãi Bắc Ninh,BB Hairstudio Nguyễn Trãi Bắc Ninh,ORTHOGRAPHIC_IME,tone_confuse,,SINGLE,partial|street|name_area|typo|lang_mixed,osm:node/14068677626,osm:node/14068677626,named_clear,accepted,search20-stage1-query-variants@1
g150-042,g150-042-v1,BiTy's Happy Land Bùi Minh Trực,BiTy's Happy Land Bùi Minh Trực,CLEAN,canonical,,CLEAN,exact_name|street|lang_mixed,osm:node/4541430696,osm:node/4541430696,named_clear,accepted,search20-stage1-query-variants@1
g150-042,g150-042-v2,BiTy's Happy Land Bui Minh Truc,BiTy's Happy Land Bùi Minh Trực,ORTHOGRAPHIC_IME,strip_diacritics,,SINGLE,partial|street|typo|lang_mixed,osm:node/4541430696,osm:node/4541430696,named_clear,accepted,search20-stage1-query-variants@1
g150-042,g150-042-v3,Bitys Happy Land Quận 8,BiTy's Happy Land Bùi Minh Trực,ALIAS,name_area,,CLEAN,name_area|street|lang_mixed,osm:node/4541430696,osm:node/4541430696,named_clear,accepted,search20-stage1-query-variants@1
g150-042,g150-042-v4,BiTy s Happy Land Bùi Minh Trực,BiTy's Happy Land Bùi Minh Trực,TOKEN_EDIT,space_split,,SINGLE,partial|street|typo|lang_mixed,osm:node/4541430696,osm:node/4541430696,named_clear,accepted,search20-stage1-query-variants@1
g150-042,g150-042-v5,BiTy's Happy Land Bùi Minh Truwjc,BiTy's Happy Land Bùi Minh Trực,ORTHOGRAPHIC_IME,telex_leftover,telex_vowel_marker,SINGLE,partial|street|typo|lang_mixed,osm:node/4541430696,osm:node/4541430696,named_clear,accepted,search20-stage1-query-variants@1
g150-042,g150-042-v6,BiTy's Happy Land Bùi Minh Chực,BiTy's Happy Land Bùi Minh Trực,PHONOLOGICAL,phonological_confusion,,SINGLE,partial|street|typo|lang_mixed,osm:node/4541430696,osm:node/4541430696,named_clear,accepted,search20-stage1-query-variants@1
g150-043,g150-043-v1,At Ca Phe Nại Hiên Đông Sơn Trà,At Ca Phe Nại Hiên Đông Sơn Trà,CLEAN,canonical,,CLEAN,exact_name|street|name_area|lang_vi,osm:node/14004104302,osm:node/14004104302,named_clear,accepted,search20-stage1-query-variants@1
g150-043,g150-043-v2,At Ca Phe Nai Hien Dong Son Tra,At Ca Phe Nại Hiên Đông Sơn Trà,ORTHOGRAPHIC_IME,strip_diacritics,,SINGLE,partial|street|name_area|typo|lang_vi,osm:node/14004104302,osm:node/14004104302,named_clear,accepted,search20-stage1-query-variants@1
g150-043,g150-043-v3,Quán At Cà Phê Đà Nẵng,At Ca Phe Nại Hiên Đông Sơn Trà,ALIAS,name_area,,CLEAN,name_area|street|lang_vi,osm:node/14004104302,osm:node/14004104302,named_clear,accepted,search20-stage1-query-variants@1
g150-043,g150-043-v4,At Ca Phê Nại Hiên Đông Sơn Trà,At Ca Phe Nại Hiên Đông Sơn Trà,ORTHOGRAPHIC_IME,partial_diacritics,,SINGLE,partial|street|name_area|typo|lang_vi,osm:node/14004104302,osm:node/14004104302,named_clear,accepted,search20-stage1-query-variants@1
g150-043,g150-043-v5,At Ca Phe Nại Hiên Ddoong Sơn Trà,At Ca Phe Nại Hiên Đông Sơn Trà,ORTHOGRAPHIC_IME,telex_leftover,telex_dd,SINGLE,partial|street|name_area|typo|lang_vi,osm:node/14004104302,osm:node/14004104302,named_clear,accepted,search20-stage1-query-variants@1
g150-043,g150-043-v6,At Ca Phe Nại Hiên Đông Xơn Trà,At Ca Phe Nại Hiên Đông Sơn Trà,PHONOLOGICAL,phonological_confusion,,SINGLE,partial|street|name_area|typo|lang_vi,osm:node/14004104302,osm:node/14004104302,named_clear,accepted,search20-stage1-query-variants@1
g150-044,g150-044-v1,Nhà văn hóa thôn Đặng Thuận An,Nhà văn hóa thôn Đặng Thuận An,CLEAN,canonical,,CLEAN,exact_name|landmark|name_area|lang_vi,osm:way/1142005105,osm:way/1142005105,named_clear,accepted,search20-stage1-query-variants@1
g150-044,g150-044-v2,Nha van hoa thon Dang Thuan An,Nhà văn hóa thôn Đặng Thuận An,ORTHOGRAPHIC_IME,strip_diacritics,,SINGLE,partial|landmark|name_area|typo|lang_vi,osm:way/1142005105,osm:way/1142005105,named_clear,accepted,search20-stage1-query-variants@1
g150-044,g150-044-v3,Nhà văn hóa thôn Đặng Gia Lâm,Nhà văn hóa thôn Đặng Thuận An,ALIAS,name_area,,CLEAN,name_area|landmark|lang_vi,osm:way/1142005105,osm:way/1142005105,named_clear,accepted,search20-stage1-query-variants@1
g150-044,g150-044-v4,Nhà văn hoá thôn Đặng Thuận An,Nhà văn hóa thôn Đặng Thuận An,ORTHOGRAPHIC_IME,partial_diacritics,,SINGLE,partial|landmark|name_area|typo|lang_vi,osm:way/1142005105,osm:way/1142005105,named_clear,accepted,search20-stage1-query-variants@1
g150-044,g150-044-v5,Nhà văn hóa thôn Ddawngj Thuận An,Nhà văn hóa thôn Đặng Thuận An,ORTHOGRAPHIC_IME,telex_leftover,telex_dd,SINGLE,partial|landmark|name_area|typo|lang_vi,osm:way/1142005105,osm:way/1142005105,named_clear,accepted,search20-stage1-query-variants@1
g150-044,g150-044-v6,Nhà văn hóa thôn Đặn Thuận An,Nhà văn hóa thôn Đặng Thuận An,MECHANICAL_TYPO,char_delete,,SINGLE,partial|landmark|name_area|typo|lang_vi,osm:way/1142005105,osm:way/1142005105,named_clear,accepted,search20-stage1-query-variants@1
g150-045,g150-045-v1,Bệnh viện Bình Thuận Trần Quý Cáp,Bệnh viện Bình Thuận Trần Quý Cáp,CLEAN,canonical,,CLEAN,exact_name|landmark|street|lang_vi,osm:node/5047146521,osm:node/5047146521,named_clear,accepted,search20-stage1-query-variants@1
g150-045,g150-045-v2,Benh vien Binh Thuan Tran Quy Cap,Bệnh viện Bình Thuận Trần Quý Cáp,ORTHOGRAPHIC_IME,strip_diacritics,,SINGLE,partial|landmark|street|typo|lang_vi,osm:node/5047146521,osm:node/5047146521,named_clear,accepted,search20-stage1-query-variants@1
g150-045,g150-045-v3,BV Binh Thuan,Bệnh viện Bình Thuận Trần Quý Cáp,ALIAS,abbreviation,,CLEAN,abbreviation|landmark|street|lang_vi,osm:node/5047146521,osm:node/5047146521,named_clear,accepted,search20-stage1-query-variants@1
g150-045,g150-045-v4,Bệnh viện Bình Thuận Trần Quí Cáp,Bệnh viện Bình Thuận Trần Quý Cáp,PHONOLOGICAL,phonological_confusion,,SINGLE,partial|landmark|street|typo|lang_vi,osm:node/5047146521,osm:node/5047146521,named_clear,accepted,search20-stage1-query-variants@1
g150-045,g150-045-v5,Bệnh viện Bình Thuaanj Trần Quý Cáp,Bệnh viện Bình Thuận Trần Quý Cáp,ORTHOGRAPHIC_IME,telex_leftover,telex_vowel_marker,SINGLE,partial|landmark|street|typo|lang_vi,osm:node/5047146521,osm:node/5047146521,named_clear,accepted,search20-stage1-query-variants@1
g150-045,g150-045-v6,Bệnh viện Bình Thuận Chần Quý Cáp,Bệnh viện Bình Thuận Trần Quý Cáp,PHONOLOGICAL,phonological_confusion,,SINGLE,partial|landmark|street|typo|lang_vi,osm:node/5047146521,osm:node/5047146521,named_clear,accepted,search20-stage1-query-variants@1
g150-046,g150-046-v1,Mì Cay Seoul 3 Tháng 2 Cần Thơ,Mì Cay Seoul 3 Tháng 2 Cần Thơ,CLEAN,canonical,,CLEAN,exact_name|street|name_area|lang_mixed,osm:node/12591913901,osm:node/12591913901,named_clear,accepted,search20-stage1-query-variants@1
g150-046,g150-046-v2,MìCay Seoul 3 Tháng 2 Cần Thơ,Mì Cay Seoul 3 Tháng 2 Cần Thơ,TOKEN_EDIT,space_merge,,SINGLE,partial|street|name_area|typo|lang_mixed,osm:node/12591913901,osm:node/12591913901,named_clear,accepted,search20-stage1-query-variants@1
g150-046,g150-046-v3,Mì Cay Seoul Ninh Kiều,Mì Cay Seoul 3 Tháng 2 Cần Thơ,ALIAS,name_area,,CLEAN,name_area|street|lang_mixed,osm:node/12591913901,osm:node/12591913901,named_clear,accepted,search20-stage1-query-variants@1
g150-046,g150-046-v4,Mì Cay Seul 3 Tháng 2 Cần Thơ,Mì Cay Seoul 3 Tháng 2 Cần Thơ,MECHANICAL_TYPO,char_delete,,SINGLE,partial|street|name_area|typo|lang_mixed,osm:node/12591913901,osm:node/12591913901,named_clear,accepted,search20-stage1-query-variants@1
g150-046,g150-046-v5,Mì Cay Seoul 3 Tháng 2 CT,Mì Cay Seoul 3 Tháng 2 Cần Thơ,ALIAS,abbreviation,,CLEAN,abbreviation|street|name_area|lang_mixed,osm:node/12591913901,osm:node/12591913901,named_clear,accepted,search20-stage1-query-variants@1
g150-046,g150-046-v6,Mì Cay Seoul 3 Thábg 2 Cần Thơ,Mì Cay Seoul 3 Tháng 2 Cần Thơ,MECHANICAL_TYPO,adjacent_key,,SINGLE,partial|street|name_area|typo|lang_mixed,osm:node/12591913901,osm:node/12591913901,named_clear,accepted,search20-stage1-query-variants@1
g150-047,g150-047-v1,Khách Sạn Little Saigon Boutique Lê Lợi,Khách Sạn Little Saigon Boutique Lê Lợi,CLEAN,canonical,,CLEAN,exact_name|landmark|street|lang_mixed,osm:node/2476392981,osm:node/2476392981,named_clear,accepted,search20-stage1-query-variants@1
g150-047,g150-047-v2,Khach San Little Saigon Boutique Le Loi,Khách Sạn Little Saigon Boutique Lê Lợi,ORTHOGRAPHIC_IME,strip_diacritics,,SINGLE,partial|landmark|street|typo|lang_mixed,osm:node/2476392981,osm:node/2476392981,named_clear,accepted,search20-stage1-query-variants@1
g150-047,g150-047-v3,Khách Sạn Little Saigon Boutique,Khách Sạn Little Saigon Boutique Lê Lợi,ALIAS,short_name,,CLEAN,short_name|landmark|street|lang_mixed,osm:node/2476392981,osm:node/2476392981,named_clear,accepted,search20-stage1-query-variants@1
g150-047,g150-047-v4,Khách Sạn Little Saion Boutique Lê Lợi,Khách Sạn Little Saigon Boutique Lê Lợi,MECHANICAL_TYPO,char_delete,,SINGLE,partial|landmark|street|typo|lang_mixed,osm:node/2476392981,osm:node/2476392981,named_clear,accepted,search20-stage1-query-variants@1
g150-047,g150-047-v5,Khách Sạn Little Saigon Boutique Lee Lợi,Khách Sạn Little Saigon Boutique Lê Lợi,ORTHOGRAPHIC_IME,telex_leftover,telex_vowel_marker,SINGLE,partial|landmark|street|typo|lang_mixed,osm:node/2476392981,osm:node/2476392981,named_clear,accepted,search20-stage1-query-variants@1
g150-047,g150-047-v6,Khách Sạn Little Saigon Boutique Nê Lợi,Khách Sạn Little Saigon Boutique Lê Lợi,PHONOLOGICAL,phonological_confusion,,SINGLE,partial|landmark|street|typo|lang_mixed,osm:node/2476392981,osm:node/2476392981,named_clear,accepted,search20-stage1-query-variants@1
g150-048,g150-048-v1,129 Nguyễn Văn Thoại Đà Nẵng,129 Nguyễn Văn Thoại Đà Nẵng,CLEAN,canonical,,CLEAN,exact_name|address|street|name_area|lang_vi,osm:node/11708234569,osm:node/11708234569,named_clear,accepted,search20-stage1-query-variants@1
g150-048,g150-048-v2,129 NguyễnVăn Thoại Đà Nẵng,129 Nguyễn Văn Thoại Đà Nẵng,TOKEN_EDIT,space_merge,,SINGLE,partial|address|street|name_area|typo|lang_vi,osm:node/11708234569,osm:node/11708234569,named_clear,accepted,search20-stage1-query-variants@1
g150-048,g150-048-v3,129 Nguyễn Văn Thoại An Hải,129 Nguyễn Văn Thoại Đà Nẵng,ALIAS,name_area,,CLEAN,name_area|address|street|lang_vi,osm:node/11708234569,osm:node/11708234569,named_clear,accepted,search20-stage1-query-variants@1
g150-048,g150-048-v4,129 Nguyễn Văn Thoại ĐN,129 Nguyễn Văn Thoại Đà Nẵng,ALIAS,abbreviation,,CLEAN,abbreviation|address|street|name_area|lang_vi,osm:node/11708234569,osm:node/11708234569,named_clear,accepted,search20-stage1-query-variants@1
g150-048,g150-048-v5,129 Nguyễn Văn Thoại Ddaaf Nẵng,129 Nguyễn Văn Thoại Đà Nẵng,ORTHOGRAPHIC_IME,telex_leftover,telex_dd,SINGLE,partial|address|street|name_area|typo|lang_vi,osm:node/11708234569,osm:node/11708234569,named_clear,accepted,search20-stage1-query-variants@1
g150-048,g150-048-v6,129 Nguyễn Văn Thoại Đà Nẵnh,129 Nguyễn Văn Thoại Đà Nẵng,MECHANICAL_TYPO,adjacent_key,,SINGLE,partial|address|street|name_area|typo|lang_vi,osm:node/11708234569,osm:node/11708234569,named_clear,accepted,search20-stage1-query-variants@1
g150-049,g150-049-v1,Bánh Mì Hội An Trần Hưng Đạo Hà Nội,Bánh Mì Hội An Trần Hưng Đạo Hà Nội,CLEAN,canonical,,CLEAN,exact_name|street|name_area|lang_vi,osm:node/6602491457,osm:node/6602491457,named_clear,accepted,search20-stage1-query-variants@1
g150-049,g150-049-v2,Bánh Mì HộiAn Trần Hưng Đạo Hà Nội,Bánh Mì Hội An Trần Hưng Đạo Hà Nội,TOKEN_EDIT,space_merge,,SINGLE,partial|street|name_area|typo|lang_vi,osm:node/6602491457,osm:node/6602491457,named_clear,accepted,search20-stage1-query-variants@1
g150-049,g150-049-v3,Hội An Bánh Mì Trần Hưng Đạo Hà Nội,Bánh Mì Hội An Trần Hưng Đạo Hà Nội,STRUCTURAL,token_order_variant,,CLEAN,short_name|street|name_area|lang_vi,osm:node/6602491457,osm:node/6602491457,named_clear,accepted,search20-stage1-query-variants@1
g150-049,g150-049-v4,Tiệm bánh mì Hội An Trần Hưng Đạo Hà Nội,Bánh Mì Hội An Trần Hưng Đạo Hà Nội,ALIAS,category,,CLEAN,category|street|name_area|lang_vi,osm:node/6602491457,osm:node/6602491457,named_clear,accepted,search20-stage1-query-variants@1
g150-049,g150-049-v5,Bánh Mì Hội An Trần Hưng Đạo HN,Bánh Mì Hội An Trần Hưng Đạo Hà Nội,ALIAS,abbreviation,,CLEAN,abbreviation|street|name_area|lang_vi,osm:node/6602491457,osm:node/6602491457,named_clear,accepted,search20-stage1-query-variants@1
g150-049,g150-049-v6,Bạnh Mì Hội An Trần Hưng Đạo Hà Nội,Bánh Mì Hội An Trần Hưng Đạo Hà Nội,ORTHOGRAPHIC_IME,tone_confuse,,SINGLE,partial|street|name_area|typo|lang_vi,osm:node/6602491457,osm:node/6602491457,named_clear,accepted,search20-stage1-query-variants@1
g150-050,g150-050-v1,Xe đạp Hải Toàn Hà Tôn Mục,Xe đạp Hải Toàn Hà Tôn Mục,CLEAN,canonical,,CLEAN,exact_name|street|lang_vi,osm:node/6630618485,osm:node/6630618485,named_clear,accepted,search20-stage1-query-variants@1
g150-050,g150-050-v2,Xe dap Hai Toan Ha Ton Muc,Xe đạp Hải Toàn Hà Tôn Mục,ORTHOGRAPHIC_IME,strip_diacritics,,SINGLE,partial|street|typo|lang_vi,osm:node/6630618485,osm:node/6630618485,named_clear,accepted,search20-stage1-query-variants@1
g150-050,g150-050-v3,Cửa hàng xe đạp Hải Toàn Hà Tĩnh,Xe đạp Hải Toàn Hà Tôn Mục,ALIAS,name_area,,CLEAN,name_area|street|lang_vi,osm:node/6630618485,osm:node/6630618485,named_clear,accepted,search20-stage1-query-variants@1
g150-050,g150-050-v4,Xe đạp Hải Toàn Hà Tôn Mực,Xe đạp Hải Toàn Hà Tôn Mục,ORTHOGRAPHIC_IME,tone_confuse,,SINGLE,partial|street|typo|lang_vi,osm:node/6630618485,osm:node/6630618485,named_clear,accepted,search20-stage1-query-variants@1
g150-050,g150-050-v5,Xe đạp Hải Toàn Hà Toon Mục,Xe đạp Hải Toàn Hà Tôn Mục,ORTHOGRAPHIC_IME,telex_leftover,telex_vowel_marker,SINGLE,partial|street|typo|lang_vi,osm:node/6630618485,osm:node/6630618485,named_clear,accepted,search20-stage1-query-variants@1
g150-050,g150-050-v6,Xe đạp Hải Toàn Hà Tôn Mụx,Xe đạp Hải Toàn Hà Tôn Mục,MECHANICAL_TYPO,adjacent_key,,SINGLE,partial|street|typo|lang_vi,osm:node/6630618485,osm:node/6630618485,named_clear,accepted,search20-stage1-query-variants@1
g150-051,g150-051-v1,Asia Outdoors Cát Bà Hải Phòng,Asia Outdoors Cát Bà Hải Phòng,CLEAN,canonical,,CLEAN,exact_name|name_area|lang_mixed,osm:node/5958483585,osm:node/5958483585,named_clear,accepted,search20-stage1-query-variants@1
g150-051,g150-051-v2,Asia Outdoors Cat Ba Hai Phong,Asia Outdoors Cát Bà Hải Phòng,ORTHOGRAPHIC_IME,strip_diacritics,,SINGLE,partial|name_area|typo|lang_mixed,osm:node/5958483585,osm:node/5958483585,named_clear,accepted,search20-stage1-query-variants@1
g150-051,g150-051-v3,Asia Outdoors Đường 1/4 Cát Hải,Asia Outdoors Cát Bà Hải Phòng,ALIAS,name_address,,CLEAN,name_address|name_area|lang_mixed,osm:node/5958483585,osm:node/5958483585,named_clear,accepted,search20-stage1-query-variants@1
g150-051,g150-051-v4,Asia Outdoor Cát Bà Hải Phòng,Asia Outdoors Cát Bà Hải Phòng,MECHANICAL_TYPO,char_delete,,SINGLE,partial|name_area|typo|lang_mixed,osm:node/5958483585,osm:node/5958483585,named_clear,accepted,search20-stage1-query-variants@1
g150-051,g150-051-v5,Asia Outdoors Cát Bà HP,Asia Outdoors Cát Bà Hải Phòng,ALIAS,abbreviation,,CLEAN,abbreviation|name_area|lang_mixed,osm:node/5958483585,osm:node/5958483585,named_clear,accepted,search20-stage1-query-variants@1
g150-051,g150-051-v6,Asia Outdoors Cát Bà Hảo Phòng,Asia Outdoors Cát Bà Hải Phòng,MECHANICAL_TYPO,adjacent_key,,SINGLE,partial|name_area|typo|lang_mixed,osm:node/5958483585,osm:node/5958483585,named_clear,accepted,search20-stage1-query-variants@1
g150-052,g150-052-v1,Công ty Nam Trung Quân Hưng Long Bình Chánh,Công ty Nam Trung Quân Hưng Long Bình Chánh,CLEAN,canonical,,CLEAN,exact_name|name_area|lang_vi,osm:node/12072887602,osm:node/12072887602,named_clear,accepted,search20-stage1-query-variants@1
g150-052,g150-052-v2,Cong ty Nam Trung Quan Hung Long Binh Chanh,Công ty Nam Trung Quân Hưng Long Bình Chánh,ORTHOGRAPHIC_IME,strip_diacritics,,SINGLE,partial|name_area|typo|lang_vi,osm:node/12072887602,osm:node/12072887602,named_clear,accepted,search20-stage1-query-variants@1
g150-052,g150-052-v3,TMDV Nam Trung Quân liên ấp 4-5,Công ty Nam Trung Quân Hưng Long Bình Chánh,ALIAS,short_name,,CLEAN,short_name|name_area|lang_vi,osm:node/12072887602,osm:node/12072887602,named_clear,accepted,search20-stage1-query-variants@1
g150-052,g150-052-v4,Công ty Nam Trung Quân Hưng Long Bình Chánhh,Công ty Nam Trung Quân Hưng Long Bình Chánh,MECHANICAL_TYPO,double_letter,,SINGLE,partial|name_area|typo|lang_vi,osm:node/12072887602,osm:node/12072887602,named_clear,accepted,search20-stage1-query-variants@1
g150-052,g150-052-v5,Công ty Nam Trung Quân Huwng Long Bình Chánh,Công ty Nam Trung Quân Hưng Long Bình Chánh,ORTHOGRAPHIC_IME,telex_leftover,telex_vowel_marker,SINGLE,partial|name_area|typo|lang_vi,osm:node/12072887602,osm:node/12072887602,named_clear,accepted,search20-stage1-query-variants@1
g150-052,g150-052-v6,Công ty Nam Chung Quân Hưng Long Bình Chánh,Công ty Nam Trung Quân Hưng Long Bình Chánh,PHONOLOGICAL,phonological_confusion,,SINGLE,partial|name_area|typo|lang_vi,osm:node/12072887602,osm:node/12072887602,named_clear,accepted,search20-stage1-query-variants@1
g150-053,g150-053-v1,Café Cố Quận Nguyễn Công Trứ Đà Nẵng,Café Cố Quận Nguyễn Công Trứ Đà Nẵng,CLEAN,canonical,,CLEAN,exact_name|street|name_area|lang_vi,osm:node/9655304117,osm:node/9655304117,named_clear,accepted,search20-stage1-query-variants@1
g150-053,g150-053-v2,Café Cố Quận Nguyễn Công Trứ,Café Cố Quận Nguyễn Công Trứ Đà Nẵng,ADDRESS_VARIANT,address_component_omission,,CLEAN,address|street|name_area|lang_vi,osm:node/9655304117,osm:node/9655304117,named_clear,accepted,search20-stage1-query-variants@1
g150-053,g150-053-v3,Cà phê Cố Quận Sơn Trà,Café Cố Quận Nguyễn Công Trứ Đà Nẵng,ALIAS,name_area,,CLEAN,name_area|street|lang_vi,osm:node/9655304117,osm:node/9655304117,named_clear,accepted,search20-stage1-query-variants@1
g150-053,g150-053-v4,Café Cố Quận Nguyễn Công Trứ Đà Nẵgn,Café Cố Quận Nguyễn Công Trứ Đà Nẵng,MECHANICAL_TYPO,char_transpose,,SINGLE,partial|street|name_area|typo|lang_vi,osm:node/9655304117,osm:node/9655304117,named_clear,accepted,search20-stage1-query-variants@1
g150-053,g150-053-v5,Café CốQuận Nguyễn Công Trứ Đà Nẵng,Café Cố Quận Nguyễn Công Trứ Đà Nẵng,TOKEN_EDIT,space_merge,,SINGLE,partial|street|name_area|typo|lang_vi,osm:node/9655304117,osm:node/9655304117,named_clear,accepted,search20-stage1-query-variants@1
g150-053,g150-053-v6,Café Cố Quận Nguyển Công Trứ Đà Nẵng,Café Cố Quận Nguyễn Công Trứ Đà Nẵng,ORTHOGRAPHIC_IME,tone_confuse,,SINGLE,partial|street|name_area|typo|lang_vi,osm:node/9655304117,osm:node/9655304117,named_clear,accepted,search20-stage1-query-variants@1
g150-054,g150-054-v1,Glee Premium Foods Triệu Việt Vương,Glee Premium Foods Triệu Việt Vương,CLEAN,canonical,,CLEAN,exact_name|street|lang_mixed,osm:node/11491290543,osm:node/11491290543,named_clear,accepted,search20-stage1-query-variants@1
g150-054,g150-054-v2,Glee Premium Foods Trieu Viet Vuong,Glee Premium Foods Triệu Việt Vương,ORTHOGRAPHIC_IME,strip_diacritics,,SINGLE,partial|street|typo|lang_mixed,osm:node/11491290543,osm:node/11491290543,named_clear,accepted,search20-stage1-query-variants@1
g150-054,g150-054-v3,Glee Premium Foods Hai Bà Trưng,Glee Premium Foods Triệu Việt Vương,ALIAS,name_area,,CLEAN,name_area|street|lang_mixed,osm:node/11491290543,osm:node/11491290543,named_clear,accepted,search20-stage1-query-variants@1
g150-054,g150-054-v4,Glee Permium Foods Triệu Việt Vương,Glee Premium Foods Triệu Việt Vương,MECHANICAL_TYPO,char_transpose,,SINGLE,partial|street|typo|lang_mixed,osm:node/11491290543,osm:node/11491290543,named_clear,accepted,search20-stage1-query-variants@1
g150-054,g150-054-v5,Glee Premium Foods Trieệu Việt Vương,Glee Premium Foods Triệu Việt Vương,ORTHOGRAPHIC_IME,telex_leftover,telex_vowel_marker,SINGLE,partial|street|typo|lang_mixed,osm:node/11491290543,osm:node/11491290543,named_clear,accepted,search20-stage1-query-variants@1
g150-054,g150-054-v6,Glee Premium Foods Chiệu Việt Vương,Glee Premium Foods Triệu Việt Vương,PHONOLOGICAL,phonological_confusion,,SINGLE,partial|street|typo|lang_mixed,osm:node/11491290543,osm:node/11491290543,named_clear,accepted,search20-stage1-query-variants@1
g150-055,g150-055-v1,Thị Nấm Coffee Nguyễn Lạc Quy Nhơn,Thị Nấm Coffee Nguyễn Lạc Quy Nhơn,CLEAN,canonical,,CLEAN,exact_name|street|name_area|lang_mixed,osm:node/13327595501,osm:node/13327595501,named_clear,accepted,search20-stage1-query-variants@1
g150-055,g150-055-v2,Thi Nam Coffee Nguyen Lac Quy Nhon,Thị Nấm Coffee Nguyễn Lạc Quy Nhơn,ORTHOGRAPHIC_IME,strip_diacritics,,SINGLE,partial|street|name_area|typo|lang_mixed,osm:node/13327595501,osm:node/13327595501,named_clear,accepted,search20-stage1-query-variants@1
g150-055,g150-055-v3,Quán Thị Nấm Coffee & Breakfast Quy Nhơn,Thị Nấm Coffee Nguyễn Lạc Quy Nhơn,ALIAS,short_name,,CLEAN,short_name|street|name_area|lang_mixed,osm:node/13327595501,osm:node/13327595501,named_clear,accepted,search20-stage1-query-variants@1
g150-055,g150-055-v4,Thị Nấm Coffe Nguyễn Lạc Quy Nhơn,Thị Nấm Coffee Nguyễn Lạc Quy Nhơn,MECHANICAL_TYPO,char_delete,,SINGLE,partial|street|name_area|typo|lang_mixed,osm:node/13327595501,osm:node/13327595501,named_clear,accepted,search20-stage1-query-variants@1
g150-055,g150-055-v5,Thị Nấm Coffee Nguyễn Lacj Quy Nhơn,Thị Nấm Coffee Nguyễn Lạc Quy Nhơn,ORTHOGRAPHIC_IME,telex_leftover,telex_tone_marker,SINGLE,partial|street|name_area|typo|lang_mixed,osm:node/13327595501,osm:node/13327595501,named_clear,accepted,search20-stage1-query-variants@1
g150-055,g150-055-v6,Thị Nấm Coffee Nguyển Lạc Quy Nhơn,Thị Nấm Coffee Nguyễn Lạc Quy Nhơn,ORTHOGRAPHIC_IME,tone_confuse,,SINGLE,partial|street|name_area|typo|lang_mixed,osm:node/13327595501,osm:node/13327595501,named_clear,accepted,search20-stage1-query-variants@1
g150-056,g150-056-v1,Tiện Lợi Cam Xanh Xanh Cam Trảng Bom,Tiện Lợi Cam Xanh Xanh Cam Trảng Bom,CLEAN,canonical,,CLEAN,exact_name|name_area|lang_vi,osm:node/11765566693,osm:node/11765566693,named_clear,accepted,search20-stage1-query-variants@1
g150-056,g150-056-v2,Tien Loi Cam Xanh Xanh Cam Trang Bom,Tiện Lợi Cam Xanh Xanh Cam Trảng Bom,ORTHOGRAPHIC_IME,strip_diacritics,,SINGLE,partial|name_area|typo|lang_vi,osm:node/11765566693,osm:node/11765566693,named_clear,accepted,search20-stage1-query-variants@1
g150-056,g150-056-v3,Cửa Hàng Tiện Lợi Cam Xanh Xanh Cam đường 2/9,Tiện Lợi Cam Xanh Xanh Cam Trảng Bom,ALIAS,name_address,,CLEAN,name_address|name_area|lang_vi,osm:node/11765566693,osm:node/11765566693,named_clear,accepted,search20-stage1-query-variants@1
g150-056,g150-056-v4,Cửa hàng Cam Xanh Trảng Bom,Tiện Lợi Cam Xanh Xanh Cam Trảng Bom,ALIAS,category,,CLEAN,category|name_area|lang_vi,osm:node/11765566693,osm:node/11765566693,named_clear,accepted,search20-stage1-query-variants@1
g150-056,g150-056-v5,Tiện Lợi Cam Xanh Xanh Cam Traangr Bom,Tiện Lợi Cam Xanh Xanh Cam Trảng Bom,ORTHOGRAPHIC_IME,telex_leftover,telex_vowel_marker,SINGLE,partial|name_area|typo|lang_vi,osm:node/11765566693,osm:node/11765566693,named_clear,accepted,search20-stage1-query-variants@1
g150-056,g150-056-v6,Tiện Lợi Cam Xanh Xanh Cam Chảng Bom,Tiện Lợi Cam Xanh Xanh Cam Trảng Bom,PHONOLOGICAL,phonological_confusion,,SINGLE,partial|name_area|typo|lang_vi,osm:node/11765566693,osm:node/11765566693,named_clear,accepted,search20-stage1-query-variants@1
g150-057,g150-057-v1,Trường THCS Nguyễn An Khương Hóc Môn,Trường THCS Nguyễn An Khương Hóc Môn,CLEAN,canonical,,CLEAN,exact_name|landmark|name_area|lang_vi,osm:node/5004225021,osm:node/5004225021,named_clear,accepted,search20-stage1-query-variants@1
g150-057,g150-057-v2,Truong THCS Nguyen An Khuong Hoc Mon,Trường THCS Nguyễn An Khương Hóc Môn,ORTHOGRAPHIC_IME,strip_diacritics,,SINGLE,partial|landmark|name_area|typo|lang_vi,osm:node/5004225021,osm:node/5004225021,named_clear,accepted,search20-stage1-query-variants@1
g150-057,g150-057-v3,THCS Nguyễn An Khương Lê Thị Hồng Gấm,Trường THCS Nguyễn An Khương Hóc Môn,ALIAS,short_name,,CLEAN,short_name|landmark|name_area|lang_vi,osm:node/5004225021,osm:node/5004225021,named_clear,accepted,search20-stage1-query-variants@1
g150-057,g150-057-v4,Trường THCS Nguyển An Khương Hóc Môn,Trường THCS Nguyễn An Khương Hóc Môn,ORTHOGRAPHIC_IME,tone_confuse,,SINGLE,partial|landmark|name_area|typo|lang_vi,osm:node/5004225021,osm:node/5004225021,named_clear,accepted,search20-stage1-query-variants@1
g150-057,g150-057-v5,Truowngf THCS Nguyễn An Khương Hóc Môn,Trường THCS Nguyễn An Khương Hóc Môn,ORTHOGRAPHIC_IME,telex_leftover,telex_vowel_marker,SINGLE,partial|landmark|name_area|typo|lang_vi,osm:node/5004225021,osm:node/5004225021,named_clear,accepted,search20-stage1-query-variants@1
g150-057,g150-057-v6,Trường THCS Nguyễn An Khươgn Hóc Môn,Trường THCS Nguyễn An Khương Hóc Môn,MECHANICAL_TYPO,char_transpose,,SINGLE,partial|landmark|name_area|typo|lang_vi,osm:node/5004225021,osm:node/5004225021,named_clear,accepted,search20-stage1-query-variants@1
g150-058,g150-058-v1,Nhà cổ Phùng Hưng Hội An,Nhà cổ Phùng Hưng Hội An,CLEAN,canonical,,CLEAN,exact_name|landmark|name_area|lang_vi,osm:node/4279640089,osm:node/4279640089,named_clear,accepted,search20-stage1-query-variants@1
g150-058,g150-058-v2,Nha co Phung Hung Hoi An,Nhà cổ Phùng Hưng Hội An,ORTHOGRAPHIC_IME,strip_diacritics,,SINGLE,partial|landmark|name_area|typo|lang_vi,osm:node/4279640089,osm:node/4279640089,named_clear,accepted,search20-stage1-query-variants@1
g150-058,g150-058-v3,Nhà cổ Phùng Hưng 4 Nguyễn Thị Minh Khai,Nhà cổ Phùng Hưng Hội An,ALIAS,name_address,,CLEAN,name_address|landmark|name_area|lang_vi,osm:node/4279640089,osm:node/4279640089,named_clear,accepted,search20-stage1-query-variants@1
g150-058,g150-058-v4,Nhà cổ Phùng Hưng Hội An Quảng Nam,Nhà cổ Phùng Hưng Hội An,ALIAS,name_area,,CLEAN,name_area|landmark|lang_vi,osm:node/4279640089,osm:node/4279640089,named_clear,accepted,search20-stage1-query-variants@1
g150-058,g150-058-v5,Nhà cổ Phùng Hưng Hooji An,Nhà cổ Phùng Hưng Hội An,ORTHOGRAPHIC_IME,telex_leftover,telex_vowel_marker,SINGLE,partial|landmark|name_area|typo|lang_vi,osm:node/4279640089,osm:node/4279640089,named_clear,accepted,search20-stage1-query-variants@1
g150-058,g150-058-v6,Nhà cổ Phùng Hưng Họi An,Nhà cổ Phùng Hưng Hội An,ORTHOGRAPHIC_IME,tone_confuse,,SINGLE,partial|landmark|name_area|typo|lang_vi,osm:node/4279640089,osm:node/4279640089,named_clear,accepted,search20-stage1-query-variants@1
g150-059,g150-059-v1,Phở gà Lâm Láng Hạ,Phở gà Lâm Láng Hạ,CLEAN,canonical,,CLEAN,exact_name|category|street|lang_vi,osm:way/1365472868,osm:way/1365472868,named_clear,accepted,search20-stage1-query-variants@1
g150-059,g150-059-v2,Pho ga Lam Lang Ha,Phở gà Lâm Láng Hạ,ORTHOGRAPHIC_IME,strip_diacritics,,SINGLE,partial|category|street|typo|lang_vi,osm:way/1365472868,osm:way/1365472868,named_clear,accepted,search20-stage1-query-variants@1
g150-059,g150-059-v3,Phở Lâm 26 Láng Hạ,Phở gà Lâm Láng Hạ,ALIAS,name_address,,CLEAN,name_address|category|lang_vi,osm:way/1365472868,osm:way/1365472868,named_clear,accepted,search20-stage1-query-variants@1
g150-059,g150-059-v4,Phở gà Lân Láng Hạ,Phở gà Lâm Láng Hạ,MECHANICAL_TYPO,adjacent_key,,SINGLE,partial|category|street|typo|lang_vi,osm:way/1365472868,osm:way/1365472868,named_clear,accepted,search20-stage1-query-variants@1
g150-059,g150-059-v5,Phowr gà Lâm Láng Hạ,Phở gà Lâm Láng Hạ,ORTHOGRAPHIC_IME,telex_leftover,telex_vowel_marker,SINGLE,partial|category|street|typo|lang_vi,osm:way/1365472868,osm:way/1365472868,named_clear,accepted,search20-stage1-query-variants@1
g150-059,g150-059-v6,Phở Lâm Gà Láng Hạ,Phở gà Lâm Láng Hạ,STRUCTURAL,token_order_variant,,CLEAN,short_name|category|street|lang_vi,osm:way/1365472868,osm:way/1365472868,named_clear,accepted,search20-stage1-query-variants@1
g150-060,g150-060-v1,Medic Đất Việt Nơ Trang Long Buôn Ma Thuột,Medic Đất Việt Nơ Trang Long Buôn Ma Thuột,CLEAN,canonical,,CLEAN,exact_name|street|name_area|lang_vi,osm:node/2494767463,osm:node/2494767463,named_clear,accepted,search20-stage1-query-variants@1
g150-060,g150-060-v2,Medic Dat Viet No Trang Long Buon Ma Thuot,Medic Đất Việt Nơ Trang Long Buôn Ma Thuột,ORTHOGRAPHIC_IME,strip_diacritics,,SINGLE,partial|street|name_area|typo|lang_vi,osm:node/2494767463,osm:node/2494767463,named_clear,accepted,search20-stage1-query-variants@1
g150-060,g150-060-v3,Medic Đất Việt Nơ Trang Long,Medic Đất Việt Nơ Trang Long Buôn Ma Thuột,ADDRESS_VARIANT,street,,CLEAN,street|name_area|lang_vi,osm:node/2494767463,osm:node/2494767463,named_clear,accepted,search20-stage1-query-variants@1
g150-060,g150-060-v4,Medic Đắt Việt Nơ Trang Long Buôn Ma Thuột,Medic Đất Việt Nơ Trang Long Buôn Ma Thuột,ORTHOGRAPHIC_IME,tone_confuse,,SINGLE,partial|street|name_area|typo|lang_vi,osm:node/2494767463,osm:node/2494767463,named_clear,accepted,search20-stage1-query-variants@1
g150-060,g150-060-v5,Medic Ddaats Việt Nơ Trang Long Buôn Ma Thuột,Medic Đất Việt Nơ Trang Long Buôn Ma Thuột,ORTHOGRAPHIC_IME,telex_leftover,telex_dd,SINGLE,partial|street|name_area|typo|lang_vi,osm:node/2494767463,osm:node/2494767463,named_clear,accepted,search20-stage1-query-variants@1
g150-060,g150-060-v6,Medic Đất Việt Nơ Chang Long Buôn Ma Thuột,Medic Đất Việt Nơ Trang Long Buôn Ma Thuột,PHONOLOGICAL,phonological_confusion,,SINGLE,partial|street|name_area|typo|lang_vi,osm:node/2494767463,osm:node/2494767463,named_clear,accepted,search20-stage1-query-variants@1
g150-061,g150-061-v1,Nhà thuốc Minh Anh Trần Hưng Đạo Bắc Ninh,Nhà thuốc Minh Anh Trần Hưng Đạo Bắc Ninh,CLEAN,canonical,,CLEAN,exact_name|street|name_area|lang_vi,osm:node/13442699218,osm:node/13442699218,named_clear,accepted,search20-stage1-query-variants@1
g150-061,g150-061-v2,Nha thuoc Minh Anh Tran Hung Dao Bac Ninh,Nhà thuốc Minh Anh Trần Hưng Đạo Bắc Ninh,ORTHOGRAPHIC_IME,strip_diacritics,,SINGLE,partial|street|name_area|typo|lang_vi,osm:node/13442699218,osm:node/13442699218,named_clear,accepted,search20-stage1-query-variants@1
g150-061,g150-061-v3,Hiệu thuốc Minh Anh Trần Hưng Đạo Bắc Ninh,Nhà thuốc Minh Anh Trần Hưng Đạo Bắc Ninh,ALIAS,category,,CLEAN,category|street|name_area|lang_vi,osm:node/13442699218,osm:node/13442699218,named_clear,accepted,search20-stage1-query-variants@1
g150-061,g150-061-v4,Nhà thuốc Minh Anh Trần Hưng Đạo Bắc Nnih,Nhà thuốc Minh Anh Trần Hưng Đạo Bắc Ninh,MECHANICAL_TYPO,char_transpose,,SINGLE,partial|street|name_area|typo|lang_vi,osm:node/13442699218,osm:node/13442699218,named_clear,accepted,search20-stage1-query-variants@1
g150-061,g150-061-v5,Nhà thuốc Minh Anh Traanf Hưng Đạo Bắc Ninh,Nhà thuốc Minh Anh Trần Hưng Đạo Bắc Ninh,ORTHOGRAPHIC_IME,telex_leftover,telex_vowel_marker,SINGLE,partial|street|name_area|typo|lang_vi,osm:node/13442699218,osm:node/13442699218,named_clear,accepted,search20-stage1-query-variants@1
g150-061,g150-061-v6,Nhà thuốc Minh Anh Chần Hưng Đạo Bắc Ninh,Nhà thuốc Minh Anh Trần Hưng Đạo Bắc Ninh,PHONOLOGICAL,phonological_confusion,,SINGLE,partial|street|name_area|typo|lang_vi,osm:node/13442699218,osm:node/13442699218,named_clear,accepted,search20-stage1-query-variants@1
g150-062,g150-062-v1,Trung tâm Y khoa Bernard Phan Đình Giót,Trung tâm Y khoa Bernard Phan Đình Giót,CLEAN,canonical,,CLEAN,exact_name|street|lang_mixed,osm:node/11407122680,osm:node/11407122680,named_clear,accepted,search20-stage1-query-variants@1
g150-062,g150-062-v2,Trung tam Y khoa Bernard Phan Dinh Giot,Trung tâm Y khoa Bernard Phan Đình Giót,ORTHOGRAPHIC_IME,strip_diacritics,,SINGLE,partial|street|typo|lang_mixed,osm:node/11407122680,osm:node/11407122680,named_clear,accepted,search20-stage1-query-variants@1
g150-062,g150-062-v3,Y khoa Bernard Tân Bình,Trung tâm Y khoa Bernard Phan Đình Giót,ALIAS,name_area,,CLEAN,name_area|street|lang_mixed,osm:node/11407122680,osm:node/11407122680,named_clear,accepted,search20-stage1-query-variants@1
g150-062,g150-062-v4,Trung tâm Y khoa Bernar Phan Đình Giót,Trung tâm Y khoa Bernard Phan Đình Giót,MECHANICAL_TYPO,char_delete,,SINGLE,partial|street|typo|lang_mixed,osm:node/11407122680,osm:node/11407122680,named_clear,accepted,search20-stage1-query-variants@1
g150-062,g150-062-v5,Trung tâm Y khoa Bernard Phan Ddinnh Giót,Trung tâm Y khoa Bernard Phan Đình Giót,ORTHOGRAPHIC_IME,telex_leftover,telex_dd,SINGLE,partial|street|typo|lang_mixed,osm:node/11407122680,osm:node/11407122680,named_clear,accepted,search20-stage1-query-variants@1
g150-062,g150-062-v6,Chung tâm Y khoa Bernard Phan Đình Giót,Trung tâm Y khoa Bernard Phan Đình Giót,PHONOLOGICAL,phonological_confusion,,SINGLE,partial|street|typo|lang_mixed,osm:node/11407122680,osm:node/11407122680,named_clear,accepted,search20-stage1-query-variants@1
g150-063,g150-063-v1,HQ Thai Food Yên Bái Đà Nẵng,HQ Thai Food Yên Bái Đà Nẵng,CLEAN,canonical,,CLEAN,exact_name|street|name_area|lang_mixed,osm:node/3628855206,osm:node/3628855206,named_clear,accepted,search20-stage1-query-variants@1
g150-063,g150-063-v2,HQ ThaiFood Yên Bái Đà Nẵng,HQ Thai Food Yên Bái Đà Nẵng,TOKEN_EDIT,space_merge,,SINGLE,partial|street|name_area|typo|lang_mixed,osm:node/3628855206,osm:node/3628855206,named_clear,accepted,search20-stage1-query-variants@1
g150-063,g150-063-v3,HQ Thai Food Yên Bái,HQ Thai Food Yên Bái Đà Nẵng,ADDRESS_VARIANT,street,,CLEAN,street|name_area|lang_mixed,osm:node/3628855206,osm:node/3628855206,named_clear,accepted,search20-stage1-query-variants@1
g150-063,g150-063-v4,HQ Thai Foood Yên Bái Đà Nẵng,HQ Thai Food Yên Bái Đà Nẵng,MECHANICAL_TYPO,double_letter,,SINGLE,partial|street|name_area|typo|lang_mixed,osm:node/3628855206,osm:node/3628855206,named_clear,accepted,search20-stage1-query-variants@1
g150-063,g150-063-v5,HQ Thai Food Yên Bái ĐN,HQ Thai Food Yên Bái Đà Nẵng,ALIAS,abbreviation,,CLEAN,abbreviation|street|name_area|lang_mixed,osm:node/3628855206,osm:node/3628855206,named_clear,accepted,search20-stage1-query-variants@1
g150-063,g150-063-v6,HQ Thai Food Yên Báo Đà Nẵng,HQ Thai Food Yên Bái Đà Nẵng,MECHANICAL_TYPO,adjacent_key,,SINGLE,partial|street|name_area|typo|lang_mixed,osm:node/3628855206,osm:node/3628855206,named_clear,accepted,search20-stage1-query-variants@1
g150-064,g150-064-v1,Điểm Y tế Định Công Định Công Hạ,Điểm Y tế Định Công Định Công Hạ,CLEAN,canonical,,CLEAN,exact_name|street|lang_vi,osm:way/1475290264,osm:way/1475290264,named_clear,accepted,search20-stage1-query-variants@1
g150-064,g150-064-v2,Diem Y te Dinh Cong Dinh Cong Ha,Điểm Y tế Định Công Định Công Hạ,ORTHOGRAPHIC_IME,strip_diacritics,,SINGLE,partial|street|typo|lang_vi,osm:way/1475290264,osm:way/1475290264,named_clear,accepted,search20-stage1-query-variants@1
g150-064,g150-064-v3,Trạm Y tế phường Định Công,Điểm Y tế Định Công Định Công Hạ,ALIAS,short_name,,CLEAN,short_name|street|lang_vi,osm:way/1475290264,osm:way/1475290264,named_clear,accepted,search20-stage1-query-variants@1
g150-064,g150-064-v4,Điểm Y tế Định Công Định Công Hạt,Điểm Y tế Định Công Định Công Hạ,MECHANICAL_TYPO,char_insert,,SINGLE,partial|street|typo|lang_vi,osm:way/1475290264,osm:way/1475290264,named_clear,accepted,search20-stage1-query-variants@1
g150-064,g150-064-v5,Ddieemr Y tế Định Công Định Công Hạ,Điểm Y tế Định Công Định Công Hạ,ORTHOGRAPHIC_IME,telex_leftover,telex_dd,SINGLE,partial|street|typo|lang_vi,osm:way/1475290264,osm:way/1475290264,named_clear,accepted,search20-stage1-query-variants@1
g150-064,g150-064-v6,Điểm Y tế Định Cpng Định Công Hạ,Điểm Y tế Định Công Định Công Hạ,MECHANICAL_TYPO,adjacent_key,,SINGLE,partial|street|typo|lang_vi,osm:way/1475290264,osm:way/1475290264,named_clear,accepted,search20-stage1-query-variants@1
g150-065,g150-065-v1,96/2 Đông Nhì Lái Thiêu,96/2 Đông Nhì Lái Thiêu,CLEAN,canonical,,CLEAN,exact_name|address|street|name_area|lang_vi,osm:node/4824550521,osm:node/4824550521,address_street_building,accepted,search20-stage1-query-variants@1
g150-065,g150-065-v2,Hẻm 96/2 Đông Nhì Lái Thiêu,96/2 Đông Nhì Lái Thiêu,ADDRESS_VARIANT,slash_normalize,,SINGLE,partial|address|street|name_area|typo|lang_vi,osm:node/4824550521,osm:node/4824550521,address_street_building,accepted,search20-stage1-query-variants@1
g150-065,g150-065-v3,96/2 Dong Nhi Lai Thieu,96/2 Đông Nhì Lái Thiêu,ORTHOGRAPHIC_IME,strip_diacritics,,SINGLE,partial|address|street|name_area|typo|lang_vi,osm:node/4824550521,osm:node/4824550521,address_street_building,accepted,search20-stage1-query-variants@1
g150-065,g150-065-v4,96/2 Đông Nhì,96/2 Đông Nhì Lái Thiêu,ADDRESS_VARIANT,street,,CLEAN,street|address|name_area|lang_vi,osm:node/4824550521,osm:node/4824550521,address_street_building,accepted,search20-stage1-query-variants@1
g150-065,g150-065-v5,96/2 Ddoong Nhì Lái Thiêu,96/2 Đông Nhì Lái Thiêu,ORTHOGRAPHIC_IME,telex_leftover,telex_dd,SINGLE,partial|address|street|name_area|typo|lang_vi,osm:node/4824550521,osm:node/4824550521,address_street_building,accepted,search20-stage1-query-variants@1
g150-065,g150-065-v6,96/2 Đông Nhì Nái Thiêu,96/2 Đông Nhì Lái Thiêu,PHONOLOGICAL,phonological_confusion,,SINGLE,partial|address|street|name_area|typo|lang_vi,osm:node/4824550521,osm:node/4824550521,address_street_building,accepted,search20-stage1-query-variants@1
g150-066,g150-066-v1,Ngày của Nắng Coffee 166/9 Gio An Đà Lạt,Ngày của Nắng Coffee 166/9 Gio An Đà Lạt,CLEAN,canonical,,CLEAN,exact_name|address|street|name_area|lang_mixed,osm:node/11840636053,osm:node/11840636053,address_street_building,accepted,search20-stage1-query-variants@1
g150-066,g150-066-v2,Ngày của Nắng Coffee số 166 ngõ 9 Gio An Đà Lạt,Ngày của Nắng Coffee 166/9 Gio An Đà Lạt,ADDRESS_VARIANT,slash_normalize,,SINGLE,partial|address|street|name_area|typo|lang_mixed,osm:node/11840636053,osm:node/11840636053,address_street_building,accepted,search20-stage1-query-variants@1
g150-066,g150-066-v3,Ngay cua Nang Coffee 166/9 Gio An Da Lat,Ngày của Nắng Coffee 166/9 Gio An Đà Lạt,ORTHOGRAPHIC_IME,strip_diacritics,,SINGLE,partial|address|street|name_area|typo|lang_mixed,osm:node/11840636053,osm:node/11840636053,address_street_building,accepted,search20-stage1-query-variants@1
g150-066,g150-066-v4,Ngày của Nắng Coffee,Ngày của Nắng Coffee 166/9 Gio An Đà Lạt,ALIAS,short_name,,CLEAN,short_name|address|street|name_area|lang_mixed,osm:node/11840636053,osm:node/11840636053,address_street_building,accepted,search20-stage1-query-variants@1
g150-066,g150-066-v5,Ngayf của Nắng Coffee 166/9 Gio An Đà Lạt,Ngày của Nắng Coffee 166/9 Gio An Đà Lạt,ORTHOGRAPHIC_IME,telex_leftover,telex_tone_marker,SINGLE,partial|address|street|name_area|typo|lang_mixed,osm:node/11840636053,osm:node/11840636053,address_street_building,accepted,search20-stage1-query-variants@1
g150-066,g150-066-v6,Ngày của Nẵng Coffee 166/9 Gio An Đà Lạt,Ngày của Nắng Coffee 166/9 Gio An Đà Lạt,ORTHOGRAPHIC_IME,tone_confuse,,SINGLE,partial|address|street|name_area|typo|lang_mixed,osm:node/11840636053,osm:node/11840636053,address_street_building,accepted,search20-stage1-query-variants@1
g150-067,g150-067-v1,24/19 Ngõ 19 Trần Quang Diệu Đống Đa,24/19 Ngõ 19 Trần Quang Diệu Đống Đa,CLEAN,canonical,,CLEAN,exact_name|address|street|name_area|lang_vi,osm:node/5355786321,osm:node/5355786321,address_street_building,accepted,search20-stage1-query-variants@1
g150-067,g150-067-v2,Số 24 ngõ 19 Trần Quang Diệu Đống Đa,24/19 Ngõ 19 Trần Quang Diệu Đống Đa,ADDRESS_VARIANT,slash_normalize,,SINGLE,partial|address|street|name_area|typo|lang_vi,osm:node/5355786321,osm:node/5355786321,address_street_building,accepted,search20-stage1-query-variants@1
g150-067,g150-067-v3,24/19 Ngo 19 Tran Quang Dieu Dong Da,24/19 Ngõ 19 Trần Quang Diệu Đống Đa,ORTHOGRAPHIC_IME,strip_diacritics,,SINGLE,partial|address|street|name_area|typo|lang_vi,osm:node/5355786321,osm:node/5355786321,address_street_building,accepted,search20-stage1-query-variants@1
g150-067,g150-067-v4,Phòng Trà Phố Nghèo Trần Quang Diệu,24/19 Ngõ 19 Trần Quang Diệu Đống Đa,ALIAS,name_address,,CLEAN,name_address|address|name_area|lang_vi,osm:node/5355786321,osm:node/5355786321,address_street_building,accepted,search20-stage1-query-variants@1
g150-067,g150-067-v5,24/19 Ngõ 19 Traanf Quang Diệu Đống Đa,24/19 Ngõ 19 Trần Quang Diệu Đống Đa,ORTHOGRAPHIC_IME,telex_leftover,telex_vowel_marker,SINGLE,partial|address|street|name_area|typo|lang_vi,osm:node/5355786321,osm:node/5355786321,address_street_building,accepted,search20-stage1-query-variants@1
g150-067,g150-067-v6,24/19 Ngỏ 19 Trần Quang Diệu Đống Đa,24/19 Ngõ 19 Trần Quang Diệu Đống Đa,ORTHOGRAPHIC_IME,tone_confuse,,SINGLE,partial|address|street|name_area|typo|lang_vi,osm:node/5355786321,osm:node/5355786321,address_street_building,accepted,search20-stage1-query-variants@1
g150-068,g150-068-v1,68/32 Kiệt 151 Âu Cơ Liên Chiểu,68/32 Kiệt 151 Âu Cơ Liên Chiểu,CLEAN,canonical,,CLEAN,exact_name|address|street|name_area|lang_vi,osm:node/6512199185,osm:node/6512199185,address_street_building,accepted,search20-stage1-query-variants@1
g150-068,g150-068-v2,K151/68 Âu Cơ Liên Chiểu,68/32 Kiệt 151 Âu Cơ Liên Chiểu,ADDRESS_VARIANT,slash_normalize,,SINGLE,partial|address|street|name_area|typo|lang_vi,osm:node/6512199185,osm:node/6512199185,address_street_building,accepted,search20-stage1-query-variants@1
g150-068,g150-068-v3,68/32 Kiet 151 Au Co Lien Chieu,68/32 Kiệt 151 Âu Cơ Liên Chiểu,ORTHOGRAPHIC_IME,strip_diacritics,,SINGLE,partial|address|street|name_area|typo|lang_vi,osm:node/6512199185,osm:node/6512199185,address_street_building,accepted,search20-stage1-query-variants@1
g150-068,g150-068-v4,68/32 Kiệt 151 Âu Cơ Đà Nẵng,68/32 Kiệt 151 Âu Cơ Liên Chiểu,ALIAS,name_area,,CLEAN,name_area|address|street|lang_vi,osm:node/6512199185,osm:node/6512199185,address_street_building,accepted,search20-stage1-query-variants@1
g150-068,g150-068-v5,68/32 Kiệt 151 Aau Cơ Liên Chiểu,68/32 Kiệt 151 Âu Cơ Liên Chiểu,ORTHOGRAPHIC_IME,telex_leftover,telex_vowel_marker,SINGLE,partial|address|street|name_area|typo|lang_vi,osm:node/6512199185,osm:node/6512199185,address_street_building,accepted,search20-stage1-query-variants@1
g150-068,g150-068-v6,68/32 Kiệt 151 Âu Cơ Niên Chiểu,68/32 Kiệt 151 Âu Cơ Liên Chiểu,PHONOLOGICAL,phonological_confusion,,SINGLE,partial|address|street|name_area|typo|lang_vi,osm:node/6512199185,osm:node/6512199185,address_street_building,accepted,search20-stage1-query-variants@1
g150-069,g150-069-v1,600/4/17A Đồng Khởi Trảng Dài,600/4/17A Đồng Khởi Trảng Dài,CLEAN,canonical,,CLEAN,exact_name|address|street|name_area|lang_vi,osm:way/1117725009,osm:way/1117725009,address_street_building,accepted,search20-stage1-query-variants@1
g150-069,g150-069-v2,Hẻm 600 Đồng Khởi Trảng Dài,600/4/17A Đồng Khởi Trảng Dài,ADDRESS_VARIANT,slash_normalize,,SINGLE,partial|address|street|name_area|typo|lang_vi,osm:way/1117725009,osm:way/1117725009,address_street_building,accepted,search20-stage1-query-variants@1
g150-069,g150-069-v3,600/4/17A Dong Khoi Trang Dai,600/4/17A Đồng Khởi Trảng Dài,ORTHOGRAPHIC_IME,strip_diacritics,,SINGLE,partial|address|street|name_area|typo|lang_vi,osm:way/1117725009,osm:way/1117725009,address_street_building,accepted,search20-stage1-query-variants@1
g150-069,g150-069-v4,Căn hộ 17A Đồng Khởi,600/4/17A Đồng Khởi Trảng Dài,ALIAS,code_short,,CLEAN,code|short_name|address|street|name_area|lang_vi,osm:way/1117725009,osm:way/1117725009,address_street_building,accepted,search20-stage1-query-variants@1
g150-069,g150-069-v5,600/4/17A Ddoongf Khởi Trảng Dài,600/4/17A Đồng Khởi Trảng Dài,ORTHOGRAPHIC_IME,telex_leftover,telex_dd,SINGLE,partial|address|street|name_area|typo|lang_vi,osm:way/1117725009,osm:way/1117725009,address_street_building,accepted,search20-stage1-query-variants@1
g150-069,g150-069-v6,600/4/17A Đồng Khởi Chảng Dài,600/4/17A Đồng Khởi Trảng Dài,PHONOLOGICAL,phonological_confusion,,SINGLE,partial|address|street|name_area|typo|lang_vi,osm:way/1117725009,osm:way/1117725009,address_street_building,accepted,search20-stage1-query-variants@1
g150-070,g150-070-v1,27/1 Nguyễn Thị Búp Trung Mỹ Tây,27/1 Nguyễn Thị Búp Trung Mỹ Tây,CLEAN,canonical,,CLEAN,exact_name|address|street|name_area|lang_vi,osm:node/12989339615,osm:node/12989339615,address_street_building,accepted,search20-stage1-query-variants@1
g150-070,g150-070-v2,Hẻm 27/1 Nguyễn Thị Búp Trung Mỹ Tây,27/1 Nguyễn Thị Búp Trung Mỹ Tây,ADDRESS_VARIANT,slash_normalize,,SINGLE,partial|address|street|name_area|typo|lang_vi,osm:node/12989339615,osm:node/12989339615,address_street_building,accepted,search20-stage1-query-variants@1
g150-070,g150-070-v3,27/1 Nguyen Thi Bup Trung My Tay,27/1 Nguyễn Thị Búp Trung Mỹ Tây,ORTHOGRAPHIC_IME,strip_diacritics,,SINGLE,partial|address|street|name_area|typo|lang_vi,osm:node/12989339615,osm:node/12989339615,address_street_building,accepted,search20-stage1-query-variants@1
g150-070,g150-070-v4,27/1 Nguyễn Thị Búp Quận 12,27/1 Nguyễn Thị Búp Trung Mỹ Tây,ALIAS,name_area,,CLEAN,name_area|address|street|lang_vi,osm:node/12989339615,osm:node/12989339615,address_street_building,accepted,search20-stage1-query-variants@1
g150-070,g150-070-v5,27/1 Nguyễn Thị Búp Trung Myx Tây,27/1 Nguyễn Thị Búp Trung Mỹ Tây,ORTHOGRAPHIC_IME,telex_leftover,telex_tone_marker,SINGLE,partial|address|street|name_area|typo|lang_vi,osm:node/12989339615,osm:node/12989339615,address_street_building,accepted,search20-stage1-query-variants@1
g150-070,g150-070-v6,27/1 Nguyển Thị Búp Trung Mỹ Tây,27/1 Nguyễn Thị Búp Trung Mỹ Tây,ORTHOGRAPHIC_IME,tone_confuse,,SINGLE,partial|address|street|name_area|typo|lang_vi,osm:node/12989339615,osm:node/12989339615,address_street_building,accepted,search20-stage1-query-variants@1
g150-071,g150-071-v1,17/15 Nguyễn Thị Minh Khai Nha Trang,17/15 Nguyễn Thị Minh Khai Nha Trang,CLEAN,canonical,,CLEAN,exact_name|address|street|name_area|lang_vi,osm:node/2802711508,osm:node/2802711508,address_street_building,accepted,search20-stage1-query-variants@1
g150-071,g150-071-v2,Hẻm 17/15 Nguyễn Thị Minh Khai Nha Trang,17/15 Nguyễn Thị Minh Khai Nha Trang,ADDRESS_VARIANT,slash_normalize,,SINGLE,partial|address|street|name_area|typo|lang_vi,osm:node/2802711508,osm:node/2802711508,address_street_building,accepted,search20-stage1-query-variants@1
g150-071,g150-071-v3,17/15 Nguyen Thi Minh Khai Nha Trang,17/15 Nguyễn Thị Minh Khai Nha Trang,ORTHOGRAPHIC_IME,strip_diacritics,,SINGLE,partial|address|street|name_area|typo|lang_vi,osm:node/2802711508,osm:node/2802711508,address_street_building,accepted,search20-stage1-query-variants@1
g150-071,g150-071-v4,17/15 Nguyễn Thị Minh Khai,17/15 Nguyễn Thị Minh Khai Nha Trang,ADDRESS_VARIANT,street,,CLEAN,street|address|name_area|lang_vi,osm:node/2802711508,osm:node/2802711508,address_street_building,accepted,search20-stage1-query-variants@1
g150-071,g150-071-v5,17/15 Nguyễn Thị Minh Khai Nha Traang,17/15 Nguyễn Thị Minh Khai Nha Trang,ORTHOGRAPHIC_IME,telex_leftover,telex_vowel_marker,SINGLE,partial|address|street|name_area|typo|lang_vi,osm:node/2802711508,osm:node/2802711508,address_street_building,accepted,search20-stage1-query-variants@1
g150-071,g150-071-v6,17/15 Nguyển Thị Minh Khai Nha Trang,17/15 Nguyễn Thị Minh Khai Nha Trang,ORTHOGRAPHIC_IME,tone_confuse,,SINGLE,partial|address|street|name_area|typo|lang_vi,osm:node/2802711508,osm:node/2802711508,address_street_building,accepted,search20-stage1-query-variants@1
g150-072,g150-072-v1,143/34/48 Nguyễn Chính Hoàng Mai,143/34/48 Nguyễn Chính Hoàng Mai,CLEAN,canonical,,CLEAN,exact_name|address|street|name_area|lang_vi,osm:node/11917198861,osm:node/11917198861,address_street_building,accepted,search20-stage1-query-variants@1
g150-072,g150-072-v2,Số 48 ngách 34 ngõ 143 Nguyễn Chính,143/34/48 Nguyễn Chính Hoàng Mai,ADDRESS_VARIANT,slash_normalize,,SINGLE,partial|address|street|name_area|typo|lang_vi,osm:node/11917198861,osm:node/11917198861,address_street_building,accepted,search20-stage1-query-variants@1
g150-072,g150-072-v3,143/34/48 Nguyen Chinh Hoang Mai,143/34/48 Nguyễn Chính Hoàng Mai,ORTHOGRAPHIC_IME,strip_diacritics,,SINGLE,partial|address|street|name_area|typo|lang_vi,osm:node/11917198861,osm:node/11917198861,address_street_building,accepted,search20-stage1-query-variants@1
g150-072,g150-072-v4,143/34/48 Nguyễn Chính,143/34/48 Nguyễn Chính Hoàng Mai,ADDRESS_VARIANT,street,,CLEAN,street|address|name_area|lang_vi,osm:node/11917198861,osm:node/11917198861,address_street_building,accepted,search20-stage1-query-variants@1
g150-072,g150-072-v5,143/34/48 Nguyễn Chinhs Hoàng Mai,143/34/48 Nguyễn Chính Hoàng Mai,ORTHOGRAPHIC_IME,telex_leftover,telex_tone_marker,SINGLE,partial|address|street|name_area|typo|lang_vi,osm:node/11917198861,osm:node/11917198861,address_street_building,accepted,search20-stage1-query-variants@1
g150-072,g150-072-v6,143/34/48 Nguyễn Trính Hoàng Mai,143/34/48 Nguyễn Chính Hoàng Mai,PHONOLOGICAL,phonological_confusion,,SINGLE,partial|address|street|name_area|typo|lang_vi,osm:node/11917198861,osm:node/11917198861,address_street_building,accepted,search20-stage1-query-variants@1
g150-073,g150-073-v1,91/8 Kiệt 91 Ngô Xuân Thu Liên Chiểu,91/8 Kiệt 91 Ngô Xuân Thu Liên Chiểu,CLEAN,canonical,,CLEAN,exact_name|address|street|name_area|lang_vi,osm:node/6512160231,osm:node/6512160231,address_street_building,accepted,search20-stage1-query-variants@1
g150-073,g150-073-v2,K91/8 Ngô Xuân Thu Liên Chiểu,91/8 Kiệt 91 Ngô Xuân Thu Liên Chiểu,ADDRESS_VARIANT,slash_normalize,,SINGLE,partial|address|street|name_area|typo|lang_vi,osm:node/6512160231,osm:node/6512160231,address_street_building,accepted,search20-stage1-query-variants@1
g150-073,g150-073-v3,91/8 Kiet 91 Ngo Xuan Thu Lien Chieu,91/8 Kiệt 91 Ngô Xuân Thu Liên Chiểu,ORTHOGRAPHIC_IME,strip_diacritics,,SINGLE,partial|address|street|name_area|typo|lang_vi,osm:node/6512160231,osm:node/6512160231,address_street_building,accepted,search20-stage1-query-variants@1
g150-073,g150-073-v4,91/8 Kiệt 91 Ngô Xuân Thu,91/8 Kiệt 91 Ngô Xuân Thu Liên Chiểu,ADDRESS_VARIANT,street,,CLEAN,street|address|name_area|lang_vi,osm:node/6512160231,osm:node/6512160231,address_street_building,accepted,search20-stage1-query-variants@1
g150-073,g150-073-v5,91/8 Kiệt 91 Ngô Xuaan Thu Liên Chiểu,91/8 Kiệt 91 Ngô Xuân Thu Liên Chiểu,ORTHOGRAPHIC_IME,telex_leftover,telex_vowel_marker,SINGLE,partial|address|street|name_area|typo|lang_vi,osm:node/6512160231,osm:node/6512160231,address_street_building,accepted,search20-stage1-query-variants@1
g150-073,g150-073-v6,91/8 Kiệt 91 Ngô Sưn Thu Liên Chiểu,91/8 Kiệt 91 Ngô Xuân Thu Liên Chiểu,PHONOLOGICAL,phonological_confusion,,SINGLE,partial|address|street|name_area|typo|lang_vi,osm:node/6512160231,osm:node/6512160231,address_street_building,accepted,search20-stage1-query-variants@1
g150-074,g150-074-v1,30/49 Nguyễn Văn Linh Cần Thơ,30/49 Nguyễn Văn Linh Cần Thơ,CLEAN,canonical,,CLEAN,exact_name|address|street|name_area|lang_vi,osm:node/11530158639,osm:node/11530158639,address_street_building,accepted,search20-stage1-query-variants@1
g150-074,g150-074-v2,Hẻm 30 Nguyễn Văn Linh Cần Thơ,30/49 Nguyễn Văn Linh Cần Thơ,ADDRESS_VARIANT,slash_normalize,,SINGLE,partial|address|street|name_area|typo|lang_vi,osm:node/11530158639,osm:node/11530158639,address_street_building,accepted,search20-stage1-query-variants@1
g150-074,g150-074-v3,30 / 49 Nguyễn Văn Linh Cần Thơ,30/49 Nguyễn Văn Linh Cần Thơ,TOKEN_EDIT,space_split,,SINGLE,partial|address|street|name_area|typo|lang_vi,osm:node/11530158639,osm:node/11530158639,address_street_building,accepted,search20-stage1-query-variants@1
g150-074,g150-074-v4,30/49 Nguyễn Văn Linh,30/49 Nguyễn Văn Linh Cần Thơ,ADDRESS_VARIANT,street,,CLEAN,street|address|name_area|lang_vi,osm:node/11530158639,osm:node/11530158639,address_street_building,accepted,search20-stage1-query-variants@1
g150-074,g150-074-v5,30/49 Nguyễn Văn Linh CT,30/49 Nguyễn Văn Linh Cần Thơ,ALIAS,abbreviation,,CLEAN,abbreviation|address|street|name_area|lang_vi,osm:node/11530158639,osm:node/11530158639,address_street_building,accepted,search20-stage1-query-variants@1
g150-074,g150-074-v6,30/49 Nguyễn Vsn Linh Cần Thơ,30/49 Nguyễn Văn Linh Cần Thơ,MECHANICAL_TYPO,adjacent_key,,SINGLE,partial|address|street|name_area|typo|lang_vi,osm:node/11530158639,osm:node/11530158639,address_street_building,accepted,search20-stage1-query-variants@1
g150-075,g150-075-v1,337 Lạc Long Quân Phường Hòa Bình Quận 11,337 Lạc Long Quân Phường Hòa Bình Quận 11,CLEAN,canonical,,CLEAN,exact_name|address|street|name_area|lang_vi,osm:node/6746689444,osm:node/6746689444,address_street_building,accepted,search20-stage1-query-variants@1
g150-075,g150-075-v2,337 Lạc Long Quân Hòa Bình Quận 11,337 Lạc Long Quân Phường Hòa Bình Quận 11,ADDRESS_VARIANT,address_component_omission,,CLEAN,address|street|name_area|lang_vi,osm:node/6746689444,osm:node/6746689444,address_street_building,accepted,search20-stage1-query-variants@1
g150-075,g150-075-v3,337 Lạc Long Quân P. Hòa Bình Quận 11,337 Lạc Long Quân Phường Hòa Bình Quận 11,ALIAS,abbreviation,,CLEAN,abbreviation|address|street|name_area|lang_vi,osm:node/6746689444,osm:node/6746689444,address_street_building,accepted,search20-stage1-query-variants@1
g150-075,g150-075-v4,337 Lạc Long Quân Hòa Bình,337 Lạc Long Quân Phường Hòa Bình Quận 11,ADDRESS_VARIANT,address_component_omission,,CLEAN,address|street|name_area|lang_vi,osm:node/6746689444,osm:node/6746689444,address_street_building,accepted,search20-stage1-query-variants@1
g150-075,g150-075-v5,337 Lạc Long Quaan Phường Hòa Bình Quận 11,337 Lạc Long Quân Phường Hòa Bình Quận 11,ORTHOGRAPHIC_IME,telex_leftover,telex_vowel_marker,SINGLE,partial|address|street|name_area|typo|lang_vi,osm:node/6746689444,osm:node/6746689444,address_street_building,accepted,search20-stage1-query-variants@1
g150-075,g150-075-v6,337 Nạc Long Quân Phường Hòa Bình Quận 11,337 Lạc Long Quân Phường Hòa Bình Quận 11,PHONOLOGICAL,phonological_confusion,,SINGLE,partial|address|street|name_area|typo|lang_vi,osm:node/6746689444,osm:node/6746689444,address_street_building,accepted,search20-stage1-query-variants@1
g150-076,g150-076-v1,17 Ngách 464/35 Âu Cơ Tây Hồ,17 Ngách 464/35 Âu Cơ Tây Hồ,CLEAN,canonical,,CLEAN,exact_name|address|street|name_area|lang_vi,osm:node/6610135392,osm:node/6610135392,address_street_building,accepted,search20-stage1-query-variants@1
g150-076,g150-076-v2,17 Ngach 464/35 Au Co Tay Ho,17 Ngách 464/35 Âu Cơ Tây Hồ,ORTHOGRAPHIC_IME,strip_diacritics,,SINGLE,partial|address|street|name_area|typo|lang_vi,osm:node/6610135392,osm:node/6610135392,address_street_building,accepted,search20-stage1-query-variants@1
g150-076,g150-076-v3,Số 17 ngõ 464 Âu Cơ Tây Hồ,17 Ngách 464/35 Âu Cơ Tây Hồ,ADDRESS_VARIANT,slash_normalize,,SINGLE,partial|address|street|name_area|typo|lang_vi,osm:node/6610135392,osm:node/6610135392,address_street_building,accepted,search20-stage1-query-variants@1
g150-076,g150-076-v4,17 Ngách 464/35 Âu Cơ,17 Ngách 464/35 Âu Cơ Tây Hồ,ADDRESS_VARIANT,street,,CLEAN,street|address|name_area|lang_vi,osm:node/6610135392,osm:node/6610135392,address_street_building,accepted,search20-stage1-query-variants@1
g150-076,g150-076-v5,17 Ngách 464/35 Aau Cơ Tây Hồ,17 Ngách 464/35 Âu Cơ Tây Hồ,ORTHOGRAPHIC_IME,telex_leftover,telex_vowel_marker,SINGLE,partial|address|street|name_area|typo|lang_vi,osm:node/6610135392,osm:node/6610135392,address_street_building,accepted,search20-stage1-query-variants@1
g150-076,g150-076-v6,17 Ngách 464/35 Âu Cw Tây Hồ,17 Ngách 464/35 Âu Cơ Tây Hồ,ORTHOGRAPHIC_IME,telex_leftover,telex_vowel_marker,SINGLE,partial|address|street|name_area|typo|lang_vi,osm:node/6610135392,osm:node/6610135392,address_street_building,accepted,search20-stage1-query-variants@1
g150-077,g150-077-v1,180 Phan Đình Phùng QL9E Đồng Thuận,180 Phan Đình Phùng QL9E Đồng Thuận,CLEAN,canonical,,CLEAN,exact_name|address|street|name_area|lang_vi,osm:node/9020250973,osm:node/9020250973,address_street_building,accepted,search20-stage1-query-variants@1
g150-077,g150-077-v2,180 Phan Dinh Phung QL9E Dong Thuan,180 Phan Đình Phùng QL9E Đồng Thuận,ORTHOGRAPHIC_IME,strip_diacritics,,SINGLE,partial|address|street|name_area|typo|lang_vi,osm:node/9020250973,osm:node/9020250973,address_street_building,accepted,search20-stage1-query-variants@1
g150-077,g150-077-v3,180 Phan Đình Phùng Đồng Hới,180 Phan Đình Phùng QL9E Đồng Thuận,ALIAS,name_area,,CLEAN,name_area|address|street|lang_vi,osm:node/9020250973,osm:node/9020250973,address_street_building,accepted,search20-stage1-query-variants@1
g150-077,g150-077-v4,180 Phan Đình Phùng - QL.9E Quảng Trị,180 Phan Đình Phùng QL9E Đồng Thuận,ALIAS,name_area,,CLEAN,name_area|address|street|lang_vi,osm:node/9020250973,osm:node/9020250973,address_street_building,accepted,search20-stage1-query-variants@1
g150-077,g150-077-v5,180 Phan Ddinnh Phùng QL9E Đồng Thuận,180 Phan Đình Phùng QL9E Đồng Thuận,ORTHOGRAPHIC_IME,telex_leftover,telex_dd,SINGLE,partial|address|street|name_area|typo|lang_vi,osm:node/9020250973,osm:node/9020250973,address_street_building,accepted,search20-stage1-query-variants@1
g150-077,g150-077-v6,180 Phan Đình Phùmg QL9E Đồng Thuận,180 Phan Đình Phùng QL9E Đồng Thuận,MECHANICAL_TYPO,adjacent_key,,SINGLE,partial|address|street|name_area|typo|lang_vi,osm:node/9020250973,osm:node/9020250973,address_street_building,accepted,search20-stage1-query-variants@1
g150-078,g150-078-v1,54 Đường Thành Cổ Kinh Bắc Bắc Ninh,54 Đường Thành Cổ Kinh Bắc Bắc Ninh,CLEAN,canonical,,CLEAN,exact_name|address|street|name_area|lang_vi,osm:way/1503506378,osm:way/1503506378,address_street_building,accepted,search20-stage1-query-variants@1
g150-078,g150-078-v2,54 Thành Cổ Kinh Bắc Bắc Ninh,54 Đường Thành Cổ Kinh Bắc Bắc Ninh,ADDRESS_VARIANT,address_component_omission,,CLEAN,address|street|name_area|lang_vi,osm:way/1503506378,osm:way/1503506378,address_street_building,accepted,search20-stage1-query-variants@1
g150-078,g150-078-v3,54 Thành Cổ Kinh Bắc,54 Đường Thành Cổ Kinh Bắc Bắc Ninh,ALIAS,short_name,,CLEAN,short_name|address|street|name_area|lang_vi,osm:way/1503506378,osm:way/1503506378,address_street_building,accepted,search20-stage1-query-variants@1
g150-078,g150-078-v4,54 Đường Thành Cổ Bắc Ninh,54 Đường Thành Cổ Kinh Bắc Bắc Ninh,ADDRESS_VARIANT,address_component_omission,,CLEAN,address|street|name_area|lang_vi,osm:way/1503506378,osm:way/1503506378,address_street_building,accepted,search20-stage1-query-variants@1
g150-078,g150-078-v5,54 Đường Thành Coor Kinh Bắc Bắc Ninh,54 Đường Thành Cổ Kinh Bắc Bắc Ninh,ORTHOGRAPHIC_IME,telex_leftover,telex_tone_marker,SINGLE,partial|address|street|name_area|typo|lang_vi,osm:way/1503506378,osm:way/1503506378,address_street_building,accepted,search20-stage1-query-variants@1
g150-078,g150-078-v6,54 Đ. Thành Cổ Kinh Bắc Bắc Ninh,54 Đường Thành Cổ Kinh Bắc Bắc Ninh,ALIAS,abbreviation,,CLEAN,abbreviation|address|street|name_area|lang_vi,osm:way/1503506378,osm:way/1503506378,address_street_building,accepted,search20-stage1-query-variants@1
g150-079,g150-079-v1,10 Hẻm 55 Kiệt 123 Cù Chính Lan Thanh Khê,10 Hẻm 55 Kiệt 123 Cù Chính Lan Thanh Khê,CLEAN,canonical,,CLEAN,exact_name|address|street|name_area|lang_vi,osm:node/6537835774,osm:node/6537835774,address_street_building,accepted,search20-stage1-query-variants@1
g150-079,g150-079-v2,10 Hem 55 Kiet 123 Cu Chinh Lan Thanh Khe,10 Hẻm 55 Kiệt 123 Cù Chính Lan Thanh Khê,ORTHOGRAPHIC_IME,strip_diacritics,,SINGLE,partial|address|street|name_area|typo|lang_vi,osm:node/6537835774,osm:node/6537835774,address_street_building,accepted,search20-stage1-query-variants@1
g150-079,g150-079-v3,10 Hẻm 55 Kiệt 123 Cù Chính Lan,10 Hẻm 55 Kiệt 123 Cù Chính Lan Thanh Khê,ADDRESS_VARIANT,street,,CLEAN,street|address|name_area|lang_vi,osm:node/6537835774,osm:node/6537835774,address_street_building,accepted,search20-stage1-query-variants@1
g150-079,g150-079-v4,10 Hẻm 55 Cù Chính Lan Thanh Khê,10 Hẻm 55 Kiệt 123 Cù Chính Lan Thanh Khê,ADDRESS_VARIANT,address_component_omission,,CLEAN,address|street|name_area|lang_vi,osm:node/6537835774,osm:node/6537835774,address_street_building,accepted,search20-stage1-query-variants@1
g150-079,g150-079-v5,10 Hẻm 55 Kiệt 123 Cù Chinhs Lan Thanh Khê,10 Hẻm 55 Kiệt 123 Cù Chính Lan Thanh Khê,ORTHOGRAPHIC_IME,telex_leftover,telex_tone_marker,SINGLE,partial|address|street|name_area|typo|lang_vi,osm:node/6537835774,osm:node/6537835774,address_street_building,accepted,search20-stage1-query-variants@1
g150-079,g150-079-v6,10 Hẻm 55 Kiệt 123 Cù Trính Lan Thanh Khê,10 Hẻm 55 Kiệt 123 Cù Chính Lan Thanh Khê,PHONOLOGICAL,phonological_confusion,,SINGLE,partial|address|street|name_area|typo|lang_vi,osm:node/6537835774,osm:node/6537835774,address_street_building,accepted,search20-stage1-query-variants@1
g150-080,g150-080-v1,55 Hoàng Sa Phường Đa Kao Quận 1,55 Hoàng Sa Phường Đa Kao Quận 1,CLEAN,canonical,,CLEAN,exact_name|address|street|name_area|lang_vi,osm:node/13415291916,osm:node/13415291916,address_street_building,accepted,search20-stage1-query-variants@1
g150-080,g150-080-v2,55 Hoàng Sa Đa Kao Quận 1,55 Hoàng Sa Phường Đa Kao Quận 1,ADDRESS_VARIANT,address_component_omission,,CLEAN,address|street|name_area|lang_vi,osm:node/13415291916,osm:node/13415291916,address_street_building,accepted,search20-stage1-query-variants@1
g150-080,g150-080-v3,55 Hoàng Sa P. Đa Kao Quận 1,55 Hoàng Sa Phường Đa Kao Quận 1,ALIAS,abbreviation,,CLEAN,abbreviation|address|street|name_area|lang_vi,osm:node/13415291916,osm:node/13415291916,address_street_building,accepted,search20-stage1-query-variants@1
g150-080,g150-080-v4,55 Hoàng Sa,55 Hoàng Sa Phường Đa Kao Quận 1,ADDRESS_VARIANT,street,,CLEAN,street|address|name_area|lang_vi,osm:node/13415291916,osm:node/13415291916,address_street_building,accepted,search20-stage1-query-variants@1
g150-080,g150-080-v5,55 Hoàng Sa Phường Dda Kao Quận 1,55 Hoàng Sa Phường Đa Kao Quận 1,ORTHOGRAPHIC_IME,telex_leftover,telex_dd,SINGLE,partial|address|street|name_area|typo|lang_vi,osm:node/13415291916,osm:node/13415291916,address_street_building,accepted,search20-stage1-query-variants@1
g150-080,g150-080-v6,55 Hoàng Xa Phường Đa Kao Quận 1,55 Hoàng Sa Phường Đa Kao Quận 1,PHONOLOGICAL,phonological_confusion,,SINGLE,partial|address|street|name_area|typo|lang_vi,osm:node/13415291916,osm:node/13415291916,address_street_building,accepted,search20-stage1-query-variants@1
g150-081,g150-081-v1,165 Trích Sài Tây Hồ Hà Nội,165 Trích Sài Tây Hồ Hà Nội,CLEAN,canonical,,CLEAN,exact_name|address|street|name_area|lang_vi,osm:node/6603931170,osm:node/6603931170,address_street_building,accepted,search20-stage1-query-variants@1
g150-081,g150-081-v2,165 Trích Sài TâyHồ Hà Nội,165 Trích Sài Tây Hồ Hà Nội,TOKEN_EDIT,space_merge,,SINGLE,partial|address|street|name_area|typo|lang_vi,osm:node/6603931170,osm:node/6603931170,address_street_building,accepted,search20-stage1-query-variants@1
g150-081,g150-081-v3,165 Phố Trích Sài Bưởi,165 Trích Sài Tây Hồ Hà Nội,ALIAS,name_area,,CLEAN,name_area|address|street|lang_vi,osm:node/6603931170,osm:node/6603931170,address_street_building,accepted,search20-stage1-query-variants@1
g150-081,g150-081-v4,165 Trích Sài Hồ Tây,165 Trích Sài Tây Hồ Hà Nội,ALIAS,name_area,,CLEAN,name_area|address|street|lang_vi,osm:node/6603931170,osm:node/6603931170,address_street_building,accepted,search20-stage1-query-variants@1
g150-081,g150-081-v5,165 Trích Sài Tây Hồ HN,165 Trích Sài Tây Hồ Hà Nội,ALIAS,abbreviation,,CLEAN,abbreviation|address|street|name_area|lang_vi,osm:node/6603931170,osm:node/6603931170,address_street_building,accepted,search20-stage1-query-variants@1
g150-081,g150-081-v6,165 Chích Sài Tây Hồ Hà Nội,165 Trích Sài Tây Hồ Hà Nội,PHONOLOGICAL,phonological_confusion,,SINGLE,partial|address|street|name_area|typo|lang_vi,osm:node/6603931170,osm:node/6603931170,address_street_building,accepted,search20-stage1-query-variants@1
g150-082,g150-082-v1,60 Lê Thành Đồng Đồng Hới,60 Lê Thành Đồng Đồng Hới,CLEAN,canonical,,CLEAN,exact_name|address|street|name_area|lang_vi,osm:node/1011330677,osm:node/1011330677,address_street_building,accepted,search20-stage1-query-variants@1
g150-082,g150-082-v2,60 Le Thanh Dong Dong Hoi,60 Lê Thành Đồng Đồng Hới,ORTHOGRAPHIC_IME,strip_diacritics,,SINGLE,partial|address|street|name_area|typo|lang_vi,osm:node/1011330677,osm:node/1011330677,address_street_building,accepted,search20-stage1-query-variants@1
g150-082,g150-082-v3,60 Lê Thành Đồng Quảng Bình,60 Lê Thành Đồng Đồng Hới,ALIAS,name_area,,CLEAN,name_area|address|street|lang_vi,osm:node/1011330677,osm:node/1011330677,address_street_building,accepted,search20-stage1-query-variants@1
g150-082,g150-082-v4,60 Lê Thành Đồng Hải Thành,60 Lê Thành Đồng Đồng Hới,ALIAS,name_area,,CLEAN,name_area|address|street|lang_vi,osm:node/1011330677,osm:node/1011330677,address_street_building,accepted,search20-stage1-query-variants@1
g150-082,g150-082-v5,60 Lee Thành Đồng Đồng Hới,60 Lê Thành Đồng Đồng Hới,ORTHOGRAPHIC_IME,telex_leftover,telex_vowel_marker,SINGLE,partial|address|street|name_area|typo|lang_vi,osm:node/1011330677,osm:node/1011330677,address_street_building,accepted,search20-stage1-query-variants@1
g150-082,g150-082-v6,60 Lê Thành Đồmg Đồng Hới,60 Lê Thành Đồng Đồng Hới,MECHANICAL_TYPO,adjacent_key,,SINGLE,partial|address|street|name_area|typo|lang_vi,osm:node/1011330677,osm:node/1011330677,address_street_building,accepted,search20-stage1-query-variants@1
g150-083,g150-083-v1,296 Như Nguyệt Vũ Ninh Bắc Ninh,296 Như Nguyệt Vũ Ninh Bắc Ninh,CLEAN,canonical,,CLEAN,exact_name|address|street|name_area|lang_vi,osm:node/13017392783,osm:node/13017392783,address_street_building,accepted,search20-stage1-query-variants@1
g150-083,g150-083-v2,296 Nhu Nguyet Vu Ninh Bac Ninh,296 Như Nguyệt Vũ Ninh Bắc Ninh,ORTHOGRAPHIC_IME,strip_diacritics,,SINGLE,partial|address|street|name_area|typo|lang_vi,osm:node/13017392783,osm:node/13017392783,address_street_building,accepted,search20-stage1-query-variants@1
g150-083,g150-083-v3,296 Đường Như Nguyệt Bắc Ninh,296 Như Nguyệt Vũ Ninh Bắc Ninh,ADDRESS_VARIANT,address_component_omission,,CLEAN,address|street|name_area|lang_vi,osm:node/13017392783,osm:node/13017392783,address_street_building,accepted,search20-stage1-query-variants@1
g150-083,g150-083-v4,296 Như Nguyệt Vũ Ninh,296 Như Nguyệt Vũ Ninh Bắc Ninh,ADDRESS_VARIANT,address_component_omission,,CLEAN,address|street|name_area|lang_vi,osm:node/13017392783,osm:node/13017392783,address_street_building,accepted,search20-stage1-query-variants@1
g150-083,g150-083-v5,296 Như Nguyeetj Vũ Ninh Bắc Ninh,296 Như Nguyệt Vũ Ninh Bắc Ninh,ORTHOGRAPHIC_IME,telex_leftover,telex_vowel_marker,SINGLE,partial|address|street|name_area|typo|lang_vi,osm:node/13017392783,osm:node/13017392783,address_street_building,accepted,search20-stage1-query-variants@1
g150-083,g150-083-v6,296 Như Nguyệt Vũ Ninh Bắc Lĩnh,296 Như Nguyệt Vũ Ninh Bắc Ninh,PHONOLOGICAL,phonological_confusion,,SINGLE,partial|address|street|name_area|typo|lang_vi,osm:node/13017392783,osm:node/13017392783,address_street_building,accepted,search20-stage1-query-variants@1
g150-084,g150-084-v1,92 Kiệt 503 Trưng Nữ Vương Hòa Cường,92 Kiệt 503 Trưng Nữ Vương Hòa Cường,CLEAN,canonical,,CLEAN,exact_name|address|street|name_area|lang_vi,osm:node/6538254337,osm:node/6538254337,address_street_building,accepted,search20-stage1-query-variants@1
g150-084,g150-084-v2,92 Kiet 503 Trung Nu Vuong Hoa Cuong,92 Kiệt 503 Trưng Nữ Vương Hòa Cường,ORTHOGRAPHIC_IME,strip_diacritics,,SINGLE,partial|address|street|name_area|typo|lang_vi,osm:node/6538254337,osm:node/6538254337,address_street_building,accepted,search20-stage1-query-variants@1
g150-084,g150-084-v3,92 Kiệt 503 Trưng Nữ Vương Đà Nẵng,92 Kiệt 503 Trưng Nữ Vương Hòa Cường,ALIAS,name_area,,CLEAN,name_area|address|street|lang_vi,osm:node/6538254337,osm:node/6538254337,address_street_building,accepted,search20-stage1-query-variants@1
g150-084,g150-084-v4,92 Kiệt 503 Trưng Nữ Vương Hải Châu,92 Kiệt 503 Trưng Nữ Vương Hòa Cường,ALIAS,name_area,,CLEAN,name_area|address|street|lang_vi,osm:node/6538254337,osm:node/6538254337,address_street_building,accepted,search20-stage1-query-variants@1
g150-084,g150-084-v5,92 Kiệt 503 Truwng Nữ Vương Hòa Cường,92 Kiệt 503 Trưng Nữ Vương Hòa Cường,ORTHOGRAPHIC_IME,telex_leftover,telex_vowel_marker,SINGLE,partial|address|street|name_area|typo|lang_vi,osm:node/6538254337,osm:node/6538254337,address_street_building,accepted,search20-stage1-query-variants@1
g150-084,g150-084-v6,92 Kiệt 503 Chưng Nữ Vương Hòa Cường,92 Kiệt 503 Trưng Nữ Vương Hòa Cường,PHONOLOGICAL,phonological_confusion,,SINGLE,partial|address|street|name_area|typo|lang_vi,osm:node/6538254337,osm:node/6538254337,address_street_building,accepted,search20-stage1-query-variants@1
g150-085,g150-085-v1,39 Tân Hòa Đông Phú Lâm Quận 6,39 Tân Hòa Đông Phú Lâm Quận 6,CLEAN,canonical,,CLEAN,exact_name|address|street|name_area|lang_vi,osm:node/6712548791,osm:node/6712548791,address_street_building,accepted,search20-stage1-query-variants@1
g150-085,g150-085-v2,39 Tân Hòa Đông Phú Lâm 6,39 Tân Hòa Đông Phú Lâm Quận 6,ADDRESS_VARIANT,address_component_omission,,CLEAN,address|street|name_area|lang_vi,osm:node/6712548791,osm:node/6712548791,address_street_building,accepted,search20-stage1-query-variants@1
g150-085,g150-085-v3,39 Đường Tân Hòa Đông Quận 6,39 Tân Hòa Đông Phú Lâm Quận 6,ALIAS,name_area,,CLEAN,name_area|address|street|lang_vi,osm:node/6712548791,osm:node/6712548791,address_street_building,accepted,search20-stage1-query-variants@1
g150-085,g150-085-v4,39 Tân Hòa Đông TP HCM,39 Tân Hòa Đông Phú Lâm Quận 6,ALIAS,name_area,,CLEAN,name_area|address|street|lang_vi,osm:node/6712548791,osm:node/6712548791,address_street_building,accepted,search20-stage1-query-variants@1
g150-085,g150-085-v5,39 Tân Hòa Ddoong Phú Lâm Quận 6,39 Tân Hòa Đông Phú Lâm Quận 6,ORTHOGRAPHIC_IME,telex_leftover,telex_dd,SINGLE,partial|address|street|name_area|typo|lang_vi,osm:node/6712548791,osm:node/6712548791,address_street_building,accepted,search20-stage1-query-variants@1
g150-085,g150-085-v6,39 Tân Hòa Đông Phú Nâm Quận 6,39 Tân Hòa Đông Phú Lâm Quận 6,PHONOLOGICAL,phonological_confusion,,SINGLE,partial|address|street|name_area|typo|lang_vi,osm:node/6712548791,osm:node/6712548791,address_street_building,accepted,search20-stage1-query-variants@1
g150-086,g150-086-v1,244 Mễ Trì Thượng Từ Liêm Hà Nội,244 Mễ Trì Thượng Từ Liêm Hà Nội,CLEAN,canonical,,CLEAN,exact_name|address|street|name_area|lang_vi,osm:node/12880386071,osm:node/12880386071,address_street_building,accepted,search20-stage1-query-variants@1
g150-086,g150-086-v2,244 Mễ TrìThượng Từ Liêm Hà Nội,244 Mễ Trì Thượng Từ Liêm Hà Nội,TOKEN_EDIT,space_merge,,SINGLE,partial|address|street|name_area|typo|lang_vi,osm:node/12880386071,osm:node/12880386071,address_street_building,accepted,search20-stage1-query-variants@1
g150-086,g150-086-v3,244 Phố Mễ Trì Thượng Nam Từ Liêm,244 Mễ Trì Thượng Từ Liêm Hà Nội,ALIAS,name_area,,CLEAN,name_area|address|street|lang_vi,osm:node/12880386071,osm:node/12880386071,address_street_building,accepted,search20-stage1-query-variants@1
g150-086,g150-086-v4,244 Mễ Trì Thượng Mễ Trì,244 Mễ Trì Thượng Từ Liêm Hà Nội,ALIAS,name_area,,CLEAN,name_area|address|street|lang_vi,osm:node/12880386071,osm:node/12880386071,address_street_building,accepted,search20-stage1-query-variants@1
g150-086,g150-086-v5,244 Mễ Trì Thuwowngj Từ Liêm Hà Nội,244 Mễ Trì Thượng Từ Liêm Hà Nội,ORTHOGRAPHIC_IME,telex_leftover,telex_vowel_marker,SINGLE,partial|address|street|name_area|typo|lang_vi,osm:node/12880386071,osm:node/12880386071,address_street_building,accepted,search20-stage1-query-variants@1
g150-086,g150-086-v6,244 Mễ Chì Thượng Từ Liêm Hà Nội,244 Mễ Trì Thượng Từ Liêm Hà Nội,PHONOLOGICAL,phonological_confusion,,SINGLE,partial|address|street|name_area|typo|lang_vi,osm:node/12880386071,osm:node/12880386071,address_street_building,accepted,search20-stage1-query-variants@1
g150-087,g150-087-v1,Cà Phê Trung Nguyên 268 Nguyễn Tất Thành Buôn Ma Thuột,Cà Phê Trung Nguyên 268 Nguyễn Tất Thành Buôn Ma Thuột,CLEAN,canonical,,CLEAN,exact_name|brand|address|street|name_area|lang_vi,osm:way/241995888,osm:way/241995888,address_street_building,accepted,search20-stage1-query-variants@1
g150-087,g150-087-v2,Cà Phê Trungnguyen 268 Nguyễn Tất Thành Buôn Ma Thuột,Cà Phê Trung Nguyên 268 Nguyễn Tất Thành Buôn Ma Thuột,TOKEN_EDIT,space_merge,,SINGLE,partial|brand|address|street|name_area|typo|lang_vi,osm:way/241995888,osm:way/241995888,address_street_building,accepted,search20-stage1-query-variants@1
g150-087,g150-087-v3,Trung Nguyên Cà Phê 268 Nguyễn Tất Thành Buôn Ma Thuột,Cà Phê Trung Nguyên 268 Nguyễn Tất Thành Buôn Ma Thuột,STRUCTURAL,token_order_variant,,CLEAN,short_name|brand|address|street|name_area|lang_vi,osm:way/241995888,osm:way/241995888,address_street_building,accepted,search20-stage1-query-variants@1
g150-087,g150-087-v4,Trung Nguyên 268 Nguyễn Tất Thành Đắk Lắk,Cà Phê Trung Nguyên 268 Nguyễn Tất Thành Buôn Ma Thuột,ALIAS,name_area,,CLEAN,name_area|brand|address|street|lang_vi,osm:way/241995888,osm:way/241995888,address_street_building,accepted,search20-stage1-query-variants@1
g150-087,g150-087-v5,Cà Phê Trung Nguyên 268 Nguyễn Taats Thành Buôn Ma Thuột,Cà Phê Trung Nguyên 268 Nguyễn Tất Thành Buôn Ma Thuột,ORTHOGRAPHIC_IME,telex_leftover,telex_vowel_marker,SINGLE,partial|brand|address|street|name_area|typo|lang_vi,osm:way/241995888,osm:way/241995888,address_street_building,accepted,search20-stage1-query-variants@1
g150-087,g150-087-v6,Cà Phê Chung Nguyên 268 Nguyễn Tất Thành Buôn Ma Thuột,Cà Phê Trung Nguyên 268 Nguyễn Tất Thành Buôn Ma Thuột,PHONOLOGICAL,phonological_confusion,,SINGLE,partial|brand|address|street|name_area|typo|lang_vi,osm:way/241995888,osm:way/241995888,address_street_building,accepted,search20-stage1-query-variants@1
g150-088,g150-088-v1,46 Khu dân cư số 9 Ninh Kiều Cần Thơ,46 Khu dân cư số 9 Ninh Kiều Cần Thơ,CLEAN,canonical,,CLEAN,exact_name|address|street|name_area|lang_vi,osm:way/1219918319,osm:way/1219918319,address_street_building,accepted,search20-stage1-query-variants@1
g150-088,g150-088-v2,46 Khu dan cu so 9 Ninh Kieu Can Tho,46 Khu dân cư số 9 Ninh Kiều Cần Thơ,ORTHOGRAPHIC_IME,strip_diacritics,,SINGLE,partial|address|street|name_area|typo|lang_vi,osm:way/1219918319,osm:way/1219918319,address_street_building,accepted,search20-stage1-query-variants@1
g150-088,g150-088-v3,46 KDC số 9 Cần Thơ,46 Khu dân cư số 9 Ninh Kiều Cần Thơ,ALIAS,abbreviation,,CLEAN,abbreviation|address|street|name_area|lang_vi,osm:way/1219918319,osm:way/1219918319,address_street_building,accepted,search20-stage1-query-variants@1
g150-088,g150-088-v4,46 KDC 9 Ninh Kiều,46 Khu dân cư số 9 Ninh Kiều Cần Thơ,ALIAS,abbreviation,,CLEAN,abbreviation|address|street|name_area|lang_vi,osm:way/1219918319,osm:way/1219918319,address_street_building,accepted,search20-stage1-query-variants@1
g150-088,g150-088-v5,46 Khu daan cư số 9 Ninh Kiều Cần Thơ,46 Khu dân cư số 9 Ninh Kiều Cần Thơ,ORTHOGRAPHIC_IME,telex_leftover,telex_vowel_marker,SINGLE,partial|address|street|name_area|typo|lang_vi,osm:way/1219918319,osm:way/1219918319,address_street_building,accepted,search20-stage1-query-variants@1
g150-088,g150-088-v6,46 Khu dân cư số 9 Linh Kiều Cần Thơ,46 Khu dân cư số 9 Ninh Kiều Cần Thơ,PHONOLOGICAL,phonological_confusion,,SINGLE,partial|address|street|name_area|typo|lang_vi,osm:way/1219918319,osm:way/1219918319,address_street_building,accepted,search20-stage1-query-variants@1
g150-089,g150-089-v1,79 Đoàn Như Hài Xóm Chiếu Quận 4,79 Đoàn Như Hài Xóm Chiếu Quận 4,CLEAN,canonical,,CLEAN,exact_name|address|street|name_area|lang_vi,osm:way/1540236905,osm:way/1540236905,address_street_building,accepted,search20-stage1-query-variants@1
g150-089,g150-089-v2,79 Đoàn Như Hài Xóm Chiếu 4,79 Đoàn Như Hài Xóm Chiếu Quận 4,ADDRESS_VARIANT,address_component_omission,,CLEAN,address|street|name_area|lang_vi,osm:way/1540236905,osm:way/1540236905,address_street_building,accepted,search20-stage1-query-variants@1
g150-089,g150-089-v3,79 Đường Đoàn Như Hài Quận 4,79 Đoàn Như Hài Xóm Chiếu Quận 4,ALIAS,name_area,,CLEAN,name_area|address|street|lang_vi,osm:way/1540236905,osm:way/1540236905,address_street_building,accepted,search20-stage1-query-variants@1
g150-089,g150-089-v4,79 Đoàn Như Hài TP HCM,79 Đoàn Như Hài Xóm Chiếu Quận 4,ALIAS,name_area,,CLEAN,name_area|address|street|lang_vi,osm:way/1540236905,osm:way/1540236905,address_street_building,accepted,search20-stage1-query-variants@1
g150-089,g150-089-v5,79 Ddoanf Như Hài Xóm Chiếu Quận 4,79 Đoàn Như Hài Xóm Chiếu Quận 4,ORTHOGRAPHIC_IME,telex_leftover,telex_dd,SINGLE,partial|address|street|name_area|typo|lang_vi,osm:way/1540236905,osm:way/1540236905,address_street_building,accepted,search20-stage1-query-variants@1
g150-089,g150-089-v6,79 Đoàn Như Hài Sóm Chiếu Quận 4,79 Đoàn Như Hài Xóm Chiếu Quận 4,PHONOLOGICAL,phonological_confusion,,SINGLE,partial|address|street|name_area|typo|lang_vi,osm:way/1540236905,osm:way/1540236905,address_street_building,accepted,search20-stage1-query-variants@1
g150-090,g150-090-v1,21 Ngõ 28 Ông Ích Khiêm Ba Đình,21 Ngõ 28 Ông Ích Khiêm Ba Đình,CLEAN,canonical,,CLEAN,exact_name|address|street|name_area|lang_vi,osm:way/1301678543,osm:way/1301678543,address_street_building,accepted,search20-stage1-query-variants@1
g150-090,g150-090-v2,21 Ngo 28 Ong Ich Khiem Ba Dinh,21 Ngõ 28 Ông Ích Khiêm Ba Đình,ORTHOGRAPHIC_IME,strip_diacritics,,SINGLE,partial|address|street|name_area|typo|lang_vi,osm:way/1301678543,osm:way/1301678543,address_street_building,accepted,search20-stage1-query-variants@1
g150-090,g150-090-v3,21 Ngõ 28 Ông Ích Khiêm Hà Nội,21 Ngõ 28 Ông Ích Khiêm Ba Đình,ALIAS,name_area,,CLEAN,name_area|address|street|lang_vi,osm:way/1301678543,osm:way/1301678543,address_street_building,accepted,search20-stage1-query-variants@1
g150-090,g150-090-v4,21 ngõ 28 Ông Ích Khiêm Điện Biên,21 Ngõ 28 Ông Ích Khiêm Ba Đình,ALIAS,name_area,,CLEAN,name_area|address|street|lang_vi,osm:way/1301678543,osm:way/1301678543,address_street_building,accepted,search20-stage1-query-variants@1
g150-090,g150-090-v5,21 Ngõ 28 Oong Ích Khiêm Ba Đình,21 Ngõ 28 Ông Ích Khiêm Ba Đình,ORTHOGRAPHIC_IME,telex_leftover,telex_vowel_marker,SINGLE,partial|address|street|name_area|typo|lang_vi,osm:way/1301678543,osm:way/1301678543,address_street_building,accepted,search20-stage1-query-variants@1
g150-090,g150-090-v6,21 Ngõ 28 Ông Ích Khiêm Ba Đìnj,21 Ngõ 28 Ông Ích Khiêm Ba Đình,MECHANICAL_TYPO,adjacent_key,,SINGLE,partial|address|street|name_area|typo|lang_vi,osm:way/1301678543,osm:way/1301678543,address_street_building,accepted,search20-stage1-query-variants@1
g150-091,g150-091-v1,Nhà hàng chay Hoa Sen 62 Phan Đình Phùng Đà Lạt,Nhà hàng chay Hoa Sen 62 Phan Đình Phùng Đà Lạt,CLEAN,canonical,,CLEAN,exact_name|category|address|street|name_area|lang_vi,osm:node/4104326693,osm:node/4104326693,address_street_building,accepted,search20-stage1-query-variants@1
g150-091,g150-091-v2,Nha hang chay Hoa Sen 62 Phan Dinh Phung Da Lat,Nhà hàng chay Hoa Sen 62 Phan Đình Phùng Đà Lạt,ORTHOGRAPHIC_IME,strip_diacritics,,SINGLE,partial|category|address|street|name_area|typo|lang_vi,osm:node/4104326693,osm:node/4104326693,address_street_building,accepted,search20-stage1-query-variants@1
g150-091,g150-091-v3,Quán chay Hoa Sen 62 Phan Đình Phùng,Nhà hàng chay Hoa Sen 62 Phan Đình Phùng Đà Lạt,ALIAS,short_name,,CLEAN,short_name|category|address|street|name_area|lang_vi,osm:node/4104326693,osm:node/4104326693,address_street_building,accepted,search20-stage1-query-variants@1
g150-091,g150-091-v4,Chay Hoa Sen Phan Đình Phùng Đà Lạt,Nhà hàng chay Hoa Sen 62 Phan Đình Phùng Đà Lạt,ALIAS,name_area,,CLEAN,name_area|category|address|street|lang_vi,osm:node/4104326693,osm:node/4104326693,address_street_building,accepted,search20-stage1-query-variants@1
g150-091,g150-091-v5,Nhà hàng chay Hoa Sen 62 Phan Ddinnh Phùng Đà Lạt,Nhà hàng chay Hoa Sen 62 Phan Đình Phùng Đà Lạt,ORTHOGRAPHIC_IME,telex_leftover,telex_dd,SINGLE,partial|category|address|street|name_area|typo|lang_vi,osm:node/4104326693,osm:node/4104326693,address_street_building,accepted,search20-stage1-query-variants@1
g150-091,g150-091-v6,Nhà hàng chay Hoa Xen 62 Phan Đình Phùng Đà Lạt,Nhà hàng chay Hoa Sen 62 Phan Đình Phùng Đà Lạt,PHONOLOGICAL,phonological_confusion,,SINGLE,partial|category|address|street|name_area|typo|lang_vi,osm:node/4104326693,osm:node/4104326693,address_street_building,accepted,search20-stage1-query-variants@1
g150-092,g150-092-v1,BRGMart 23 Minh Khai Hồng Bàng Hải Phòng,BRGMart 23 Minh Khai Hồng Bàng Hải Phòng,CLEAN,canonical,,CLEAN,exact_name|brand|address|street|name_area|lang_mixed,osm:node/2447240038,osm:node/2447240038,address_street_building,accepted,search20-stage1-query-variants@1
g150-092,g150-092-v2,BRGMart 23 Minh Khai Hong Bang Hai Phong,BRGMart 23 Minh Khai Hồng Bàng Hải Phòng,ORTHOGRAPHIC_IME,strip_diacritics,,SINGLE,partial|brand|address|street|name_area|typo|lang_mixed,osm:node/2447240038,osm:node/2447240038,address_street_building,accepted,search20-stage1-query-variants@1
g150-092,g150-092-v3,Siêu thị BRGMart 23 Phố Minh Khai,BRGMart 23 Minh Khai Hồng Bàng Hải Phòng,ALIAS,short_name,,CLEAN,short_name|brand|address|street|name_area|lang_mixed,osm:node/2447240038,osm:node/2447240038,address_street_building,accepted,search20-stage1-query-variants@1
g150-092,g150-092-v4,BRGMart Minh Khai Hải Phòng,BRGMart 23 Minh Khai Hồng Bàng Hải Phòng,ALIAS,name_area,,CLEAN,name_area|brand|address|street|lang_mixed,osm:node/2447240038,osm:node/2447240038,address_street_building,accepted,search20-stage1-query-variants@1
g150-092,g150-092-v5,BRGMart 23 Minh Khai Hoongf Bàng Hải Phòng,BRGMart 23 Minh Khai Hồng Bàng Hải Phòng,ORTHOGRAPHIC_IME,telex_leftover,telex_vowel_marker,SINGLE,partial|brand|address|street|name_area|typo|lang_mixed,osm:node/2447240038,osm:node/2447240038,address_street_building,accepted,search20-stage1-query-variants@1
g150-092,g150-092-v6,BRGMart 23 Minh Khai Hồng Bànf Hải Phòng,BRGMart 23 Minh Khai Hồng Bàng Hải Phòng,MECHANICAL_TYPO,adjacent_key,,SINGLE,partial|brand|address|street|name_area|typo|lang_mixed,osm:node/2447240038,osm:node/2447240038,address_street_building,accepted,search20-stage1-query-variants@1
g150-093,g150-093-v1,Bún Ngan Cô Tuyết Ngõ 167 Tây Sơn,Bún Ngan Cô Tuyết Ngõ 167 Tây Sơn,CLEAN,canonical,,CLEAN,exact_name|category|street|lang_vi,osm:node/8132877478,osm:node/8132877478,category_local,accepted,search20-stage1-query-variants@1
g150-093,g150-093-v2,Bun Ngan Co Tuyet Ngo 167 Tay Son,Bún Ngan Cô Tuyết Ngõ 167 Tây Sơn,ORTHOGRAPHIC_IME,strip_diacritics,,SINGLE,partial|category|street|typo|lang_vi,osm:node/8132877478,osm:node/8132877478,category_local,accepted,search20-stage1-query-variants@1
g150-093,g150-093-v3,Bún Ngan Cô Tuyết,Bún Ngan Cô Tuyết Ngõ 167 Tây Sơn,ALIAS,short_name,,CLEAN,short_name|category|street|lang_vi,osm:node/8132877478,osm:node/8132877478,category_local,accepted,search20-stage1-query-variants@1
g150-093,g150-093-v4,Bún Ngan Cô Tuyết 25 Ngõ 167 Tây Sơn,Bún Ngan Cô Tuyết Ngõ 167 Tây Sơn,ALIAS,name_address,,CLEAN,name_address|category|lang_vi,osm:node/8132877478,osm:node/8132877478,category_local,accepted,search20-stage1-query-variants@1
g150-093,g150-093-v5,Bún Ngan Cô Tuyeesjt Ngõ 167 Tây Sơn,Bún Ngan Cô Tuyết Ngõ 167 Tây Sơn,ORTHOGRAPHIC_IME,telex_leftover,telex_vowel_marker,SINGLE,partial|category|street|typo|lang_vi,osm:node/8132877478,osm:node/8132877478,category_local,accepted,search20-stage1-query-variants@1
g150-093,g150-093-v6,Bún Ngan Cô Tuyết Ngõ 167 Tây Xơn,Bún Ngan Cô Tuyết Ngõ 167 Tây Sơn,PHONOLOGICAL,phonological_confusion,,SINGLE,partial|category|street|typo|lang_vi,osm:node/8132877478,osm:node/8132877478,category_local,accepted,search20-stage1-query-variants@1
g150-094,g150-094-v1,1001 Hotel Nguyễn Đình Chiểu Mũi Né,1001 Hotel Nguyễn Đình Chiểu Mũi Né,CLEAN,canonical,,CLEAN,exact_name|landmark|street|name_area|lang_mixed,osm:way/476467017,osm:way/476467017,category_local,accepted,search20-stage1-query-variants@1
g150-094,g150-094-v2,1001 Hotel Nguyen Dinh Chieu Mui Ne,1001 Hotel Nguyễn Đình Chiểu Mũi Né,ORTHOGRAPHIC_IME,strip_diacritics,,SINGLE,partial|landmark|street|name_area|typo|lang_mixed,osm:way/476467017,osm:way/476467017,category_local,accepted,search20-stage1-query-variants@1
g150-094,g150-094-v3,Khách sạn 1001 Mũi Né,1001 Hotel Nguyễn Đình Chiểu Mũi Né,ALIAS,short_name,,CLEAN,short_name|landmark|street|name_area|lang_mixed,osm:way/476467017,osm:way/476467017,category_local,accepted,search20-stage1-query-variants@1
g150-094,g150-094-v4,1001 Hotel 45 Nguyễn Đình Chiểu,1001 Hotel Nguyễn Đình Chiểu Mũi Né,ALIAS,name_address,,CLEAN,name_address|landmark|name_area|lang_mixed,osm:way/476467017,osm:way/476467017,category_local,accepted,search20-stage1-query-variants@1
g150-094,g150-094-v5,1001 Hotel Nguyễn Ddinnh Chiểu Mũi Né,1001 Hotel Nguyễn Đình Chiểu Mũi Né,ORTHOGRAPHIC_IME,telex_leftover,telex_dd,SINGLE,partial|landmark|street|name_area|typo|lang_mixed,osm:way/476467017,osm:way/476467017,category_local,accepted,search20-stage1-query-variants@1
g150-094,g150-094-v6,1001 Hotel Nguyễn Đình Triểu Mũi Né,1001 Hotel Nguyễn Đình Chiểu Mũi Né,PHONOLOGICAL,phonological_confusion,,SINGLE,partial|landmark|street|name_area|typo|lang_mixed,osm:way/476467017,osm:way/476467017,category_local,accepted,search20-stage1-query-variants@1
g150-095,g150-095-v1,Bánh Mì Pate Cay Hàng Kênh Lê Chân,Bánh Mì Pate Cay Hàng Kênh Lê Chân,CLEAN,canonical,,CLEAN,exact_name|category|street|name_area|lang_vi,osm:node/14068669902,osm:node/14068669902,category_local,accepted,search20-stage1-query-variants@1
g150-095,g150-095-v2,Banh Mi Pate Cay Hang Kenh Le Chan,Bánh Mì Pate Cay Hàng Kênh Lê Chân,ORTHOGRAPHIC_IME,strip_diacritics,,SINGLE,partial|category|street|name_area|typo|lang_vi,osm:node/14068669902,osm:node/14068669902,category_local,accepted,search20-stage1-query-variants@1
g150-095,g150-095-v3,Bánh Mì Pate Cay 150e Hàng Kênh,Bánh Mì Pate Cay Hàng Kênh Lê Chân,ALIAS,name_address,,CLEAN,name_address|category|name_area|lang_vi,osm:node/14068669902,osm:node/14068669902,category_local,accepted,search20-stage1-query-variants@1
g150-095,g150-095-v4,Bánh Mì Cay Pate Hàng Kênh Lê Chân,Bánh Mì Pate Cay Hàng Kênh Lê Chân,STRUCTURAL,token_order_variant,,CLEAN,short_name|category|street|name_area|lang_vi,osm:node/14068669902,osm:node/14068669902,category_local,accepted,search20-stage1-query-variants@1
g150-095,g150-095-v5,Bánh Mì Pate Cay Hàng Keenht Lê Chân,Bánh Mì Pate Cay Hàng Kênh Lê Chân,ORTHOGRAPHIC_IME,telex_leftover,telex_vowel_marker,SINGLE,partial|category|street|name_area|typo|lang_vi,osm:node/14068669902,osm:node/14068669902,category_local,accepted,search20-stage1-query-variants@1
g150-095,g150-095-v6,Bánh Mì Pate Cay Hàng Kênh Lê Trân,Bánh Mì Pate Cay Hàng Kênh Lê Chân,PHONOLOGICAL,phonological_confusion,,SINGLE,partial|category|street|name_area|typo|lang_vi,osm:node/14068669902,osm:node/14068669902,category_local,accepted,search20-stage1-query-variants@1
g150-096,g150-096-v1,Phở Lý Quốc Sư Lương Minh Nguyệt Tân Phú,Phở Lý Quốc Sư Lương Minh Nguyệt Tân Phú,CLEAN,canonical,,CLEAN,exact_name|category|street|name_area|lang_vi,osm:node/12633343524,osm:node/12633343524,category_local,accepted,search20-stage1-query-variants@1
g150-096,g150-096-v2,Pho Ly Quoc Su Luong Minh Nguyet Tan Phu,Phở Lý Quốc Sư Lương Minh Nguyệt Tân Phú,ORTHOGRAPHIC_IME,strip_diacritics,,SINGLE,partial|category|street|name_area|typo|lang_vi,osm:node/12633343524,osm:node/12633343524,category_local,accepted,search20-stage1-query-variants@1
g150-096,g150-096-v3,Phở Lý Quốc Sư 44 Lương Minh Nguyệt,Phở Lý Quốc Sư Lương Minh Nguyệt Tân Phú,ALIAS,name_address,,CLEAN,name_address|category|name_area|lang_vi,osm:node/12633343524,osm:node/12633343524,category_local,accepted,search20-stage1-query-variants@1
g150-096,g150-096-v4,Phở Lý Quốc Sư Tân Phú Lương Minh Nguyệt,Phở Lý Quốc Sư Lương Minh Nguyệt Tân Phú,STRUCTURAL,token_order_variant,,CLEAN,short_name|category|street|name_area|lang_vi,osm:node/12633343524,osm:node/12633343524,category_local,accepted,search20-stage1-query-variants@1
g150-096,g150-096-v5,Phở Lý Quốc Sư Luwong Minh Nguyệt Tân Phú,Phở Lý Quốc Sư Lương Minh Nguyệt Tân Phú,ORTHOGRAPHIC_IME,telex_leftover,telex_vowel_marker,SINGLE,partial|category|street|name_area|typo|lang_vi,osm:node/12633343524,osm:node/12633343524,category_local,accepted,search20-stage1-query-variants@1
g150-096,g150-096-v6,Phở Lý Quốc Sư Nương Minh Nguyệt Tân Phú,Phở Lý Quốc Sư Lương Minh Nguyệt Tân Phú,PHONOLOGICAL,phonological_confusion,,SINGLE,partial|category|street|name_area|typo|lang_vi,osm:node/12633343524,osm:node/12633343524,category_local,accepted,search20-stage1-query-variants@1
g150-097,g150-097-v1,May de Cuisine Mã Mây Hoàn Kiếm,May de Cuisine Mã Mây Hoàn Kiếm,CLEAN,canonical,,CLEAN,exact_name|street|name_area|lang_mixed,osm:node/12063757631,osm:node/12063757631,category_local,accepted,search20-stage1-query-variants@1
g150-097,g150-097-v2,May de Cuisine Ma May Hoan Kiem,May de Cuisine Mã Mây Hoàn Kiếm,ORTHOGRAPHIC_IME,strip_diacritics,,SINGLE,partial|street|name_area|typo|lang_mixed,osm:node/12063757631,osm:node/12063757631,category_local,accepted,search20-stage1-query-variants@1
g150-097,g150-097-v3,Nhà hàng May de Cuisine 107 Mã Mây,May de Cuisine Mã Mây Hoàn Kiếm,ALIAS,name_address,,CLEAN,name_address|name_area|lang_mixed,osm:node/12063757631,osm:node/12063757631|osm:node/1781239378|osm:node/3281563428|osm:node/13286864016|osm:way/1361726206,category_local,accepted,search20-stage1-query-variants@1
g150-097,g150-097-v4,May de Cuisine Phố Cổ Hà Nội,May de Cuisine Mã Mây Hoàn Kiếm,ALIAS,name_area,,CLEAN,name_area|street|lang_mixed,osm:node/12063757631,osm:node/12063757631|osm:node/13286864016|osm:way/1361726206,category_local,accepted,search20-stage1-query-variants@1
g150-097,g150-097-v5,May de Cuisine Max Mây Hoàn Kiếm,May de Cuisine Mã Mây Hoàn Kiếm,ORTHOGRAPHIC_IME,telex_leftover,telex_tone_marker,SINGLE,partial|street|name_area|typo|lang_mixed,osm:node/12063757631,osm:node/12063757631,category_local,accepted,search20-stage1-query-variants@1
g150-097,g150-097-v6,May de Cuisine Mã Mây Hoàn Kiếk,May de Cuisine Mã Mây Hoàn Kiếm,MECHANICAL_TYPO,adjacent_key,,SINGLE,partial|street|name_area|typo|lang_mixed,osm:node/12063757631,osm:node/12063757631,category_local,accepted,search20-stage1-query-variants@1
g150-098,g150-098-v1,Hoành Thánh Mì Cô Vui Tuyên Quang Phan Thiết,Hoành Thánh Mì Cô Vui Tuyên Quang Phan Thiết,CLEAN,canonical,,CLEAN,exact_name|category|street|name_area|lang_vi,osm:node/12662704801,osm:node/12662704801,category_local,accepted,search20-stage1-query-variants@1
g150-098,g150-098-v2,Hoanh Thanh Mi Co Vui Tuyen Quang Phan Thiet,Hoành Thánh Mì Cô Vui Tuyên Quang Phan Thiết,ORTHOGRAPHIC_IME,strip_diacritics,,SINGLE,partial|category|street|name_area|typo|lang_vi,osm:node/12662704801,osm:node/12662704801,category_local,accepted,search20-stage1-query-variants@1
g150-098,g150-098-v3,Mì Cô Vui 9 Tuyên Quang,Hoành Thánh Mì Cô Vui Tuyên Quang Phan Thiết,ALIAS,name_address,,CLEAN,name_address|category|name_area|lang_vi,osm:node/12662704801,osm:node/12662704801,category_local,accepted,search20-stage1-query-variants@1
g150-098,g150-098-v4,Quán Cô Vui Phan Thiết,Hoành Thánh Mì Cô Vui Tuyên Quang Phan Thiết,ALIAS,short_name,,CLEAN,short_name|category|street|name_area|lang_vi,osm:node/12662704801,osm:node/12662704801,category_local,accepted,search20-stage1-query-variants@1
g150-098,g150-098-v5,Hoành Thánh Mì Cô Vui Tuyeenc Quang Phan Thiết,Hoành Thánh Mì Cô Vui Tuyên Quang Phan Thiết,ORTHOGRAPHIC_IME,telex_leftover,telex_vowel_marker,SINGLE,partial|category|street|name_area|typo|lang_vi,osm:node/12662704801,osm:node/12662704801,category_local,accepted,search20-stage1-query-variants@1
g150-098,g150-098-v6,Hoành Thánh Mì Cô Vui Tuyên Quang Phsn Thiết,Hoành Thánh Mì Cô Vui Tuyên Quang Phan Thiết,MECHANICAL_TYPO,adjacent_key,,SINGLE,partial|category|street|name_area|typo|lang_vi,osm:node/12662704801,osm:node/12662704801,category_local,accepted,search20-stage1-query-variants@1
g150-099,g150-099-v1,Lan Anh shop Hoàng Hoa Thám Việt Yên,Lan Anh shop Hoàng Hoa Thám Việt Yên,CLEAN,canonical,,CLEAN,exact_name|street|name_area|lang_mixed,osm:node/11409400637,osm:node/11409400637,category_local,accepted,search20-stage1-query-variants@1
g150-099,g150-099-v2,Lan Anh shop Hoang Hoa Tham Viet Yen,Lan Anh shop Hoàng Hoa Thám Việt Yên,ORTHOGRAPHIC_IME,strip_diacritics,,SINGLE,partial|street|name_area|typo|lang_mixed,osm:node/11409400637,osm:node/11409400637,category_local,accepted,search20-stage1-query-variants@1
g150-099,g150-099-v3,Shop Lan Anh 424 Hoàng Hoa Thám,Lan Anh shop Hoàng Hoa Thám Việt Yên,ALIAS,name_address,,CLEAN,name_address|name_area|lang_mixed,osm:node/11409400637,osm:node/11409400637,category_local,accepted,search20-stage1-query-variants@1
g150-099,g150-099-v4,Lan Anh shop Bắc Ninh,Lan Anh shop Hoàng Hoa Thám Việt Yên,ALIAS,name_area,,CLEAN,name_area|street|lang_mixed,osm:node/11409400637,osm:node/11409400637,category_local,accepted,search20-stage1-query-variants@1
g150-099,g150-099-v5,Lan Anh shop Hoàng Hoa Thams Việt Yên,Lan Anh shop Hoàng Hoa Thám Việt Yên,ORTHOGRAPHIC_IME,telex_leftover,telex_tone_marker,SINGLE,partial|street|name_area|typo|lang_mixed,osm:node/11409400637,osm:node/11409400637,category_local,accepted,search20-stage1-query-variants@1
g150-099,g150-099-v6,Nan Anh shop Hoàng Hoa Thám Việt Yên,Lan Anh shop Hoàng Hoa Thám Việt Yên,PHONOLOGICAL,phonological_confusion,,SINGLE,partial|street|name_area|typo|lang_mixed,osm:node/11409400637,osm:node/11409400637,category_local,accepted,search20-stage1-query-variants@1
g150-100,g150-100-v1,The Adora Center Hoàng Văn Thụ Tân Bình,The Adora Center Hoàng Văn Thụ Tân Bình,CLEAN,canonical,,CLEAN,exact_name|landmark|street|name_area|lang_en,osm:way/1225211264,osm:way/1225211264,category_local,accepted,search20-stage1-query-variants@1
g150-100,g150-100-v2,The Adora Center Hoang Van Thu Tan Binh,The Adora Center Hoàng Văn Thụ Tân Bình,ORTHOGRAPHIC_IME,strip_diacritics,,SINGLE,partial|landmark|street|name_area|typo|lang_en,osm:way/1225211264,osm:way/1225211264,category_local,accepted,search20-stage1-query-variants@1
g150-100,g150-100-v3,Trung tâm hội nghị The Adora Center 431 Hoàng Văn Thụ,The Adora Center Hoàng Văn Thụ Tân Bình,ALIAS,name_address,,CLEAN,name_address|landmark|name_area|lang_en,osm:way/1225211264,osm:way/1225211264|osm:node/4741614624,category_local,accepted,search20-stage1-query-variants@1
g150-100,g150-100-v4,Adora Center Tân Sơn Nhất,The Adora Center Hoàng Văn Thụ Tân Bình,ALIAS,short_name,,CLEAN,short_name|landmark|street|name_area|lang_en,osm:way/1225211264,osm:way/1225211264,category_local,accepted,search20-stage1-query-variants@1
g150-100,g150-100-v5,The Adora Center Hoàng Vawn Thụ Tân Bình,The Adora Center Hoàng Văn Thụ Tân Bình,ORTHOGRAPHIC_IME,telex_leftover,telex_vowel_marker,SINGLE,partial|landmark|street|name_area|typo|lang_en,osm:way/1225211264,osm:way/1225211264,category_local,accepted,search20-stage1-query-variants@1
g150-100,g150-100-v6,The Adora Center Hoàng Văn Thụ Tân Dình,The Adora Center Hoàng Văn Thụ Tân Bình,PHONOLOGICAL,phonological_confusion,,SINGLE,partial|landmark|street|name_area|typo|lang_en,osm:way/1225211264,osm:way/1225211264,category_local,accepted,search20-stage1-query-variants@1
g150-101,g150-101-v1,Cà Phê Blackbird Lãn Ông Hoàn Kiếm,Cà Phê Blackbird Lãn Ông Hoàn Kiếm,CLEAN,canonical,,CLEAN,exact_name|category|street|name_area|lang_mixed,osm:node/7257100185,osm:node/7257100185,category_local,accepted,search20-stage1-query-variants@1
g150-101,g150-101-v2,Ca Phe Blackbird Lan Ong Hoan Kiem,Cà Phê Blackbird Lãn Ông Hoàn Kiếm,ORTHOGRAPHIC_IME,strip_diacritics,,SINGLE,partial|category|street|name_area|typo|lang_mixed,osm:node/7257100185,osm:node/7257100185,category_local,accepted,search20-stage1-query-variants@1
g150-101,g150-101-v3,Blackbird Coffee 63B Lãn Ông,Cà Phê Blackbird Lãn Ông Hoàn Kiếm,ALIAS,name_address,,CLEAN,name_address|category|name_area|lang_mixed,osm:node/7257100185,osm:node/7257100185,category_local,accepted,search20-stage1-query-variants@1
g150-101,g150-101-v4,Blackbird Cà Phê Lãn Ông Hoàn Kiếm,Cà Phê Blackbird Lãn Ông Hoàn Kiếm,STRUCTURAL,token_order_variant,,CLEAN,short_name|category|street|name_area|lang_mixed,osm:node/7257100185,osm:node/7257100185,category_local,accepted,search20-stage1-query-variants@1
g150-101,g150-101-v5,Cà Phê Blackbird Laxn Ông Hoàn Kiếm,Cà Phê Blackbird Lãn Ông Hoàn Kiếm,ORTHOGRAPHIC_IME,telex_leftover,telex_tone_marker,SINGLE,partial|category|street|name_area|typo|lang_mixed,osm:node/7257100185,osm:node/7257100185,category_local,accepted,search20-stage1-query-variants@1
g150-101,g150-101-v6,Cà Phê Blackbird Nãn Ông Hoàn Kiếm,Cà Phê Blackbird Lãn Ông Hoàn Kiếm,PHONOLOGICAL,phonological_confusion,,SINGLE,partial|category|street|name_area|typo|lang_mixed,osm:node/7257100185,osm:node/7257100185,category_local,accepted,search20-stage1-query-variants@1
g150-102,g150-102-v1,Sao Mai Mui Ne Hotel Nguyễn Đình Chiểu,Sao Mai Mui Ne Hotel Nguyễn Đình Chiểu,CLEAN,canonical,,CLEAN,exact_name|landmark|street|lang_mixed,osm:node/7087442485,osm:node/7087442485,category_local,accepted,search20-stage1-query-variants@1
g150-102,g150-102-v2,Sao Mai Mui Ne Hotel Nguyen Dinh Chieu,Sao Mai Mui Ne Hotel Nguyễn Đình Chiểu,ORTHOGRAPHIC_IME,strip_diacritics,,SINGLE,partial|landmark|street|typo|lang_mixed,osm:node/7087442485,osm:node/7087442485,category_local,accepted,search20-stage1-query-variants@1
g150-102,g150-102-v3,Khách sạn Sao Mai 18C Nguyễn Đình Chiểu,Sao Mai Mui Ne Hotel Nguyễn Đình Chiểu,ALIAS,name_address,,CLEAN,name_address|landmark|lang_mixed,osm:node/7087442485,osm:node/7087442485,category_local,accepted,search20-stage1-query-variants@1
g150-102,g150-102-v4,Sao Mai Hotel Mũi Né Phan Thiết,Sao Mai Mui Ne Hotel Nguyễn Đình Chiểu,ALIAS,name_area,,CLEAN,name_area|landmark|street|lang_mixed,osm:node/7087442485,osm:node/7087442485,category_local,accepted,search20-stage1-query-variants@1
g150-102,g150-102-v5,Sao Mai Mui Ne Hotel Nguyễn Ddinnh Chiểu,Sao Mai Mui Ne Hotel Nguyễn Đình Chiểu,ORTHOGRAPHIC_IME,telex_leftover,telex_dd,SINGLE,partial|landmark|street|typo|lang_mixed,osm:node/7087442485,osm:node/7087442485,category_local,accepted,search20-stage1-query-variants@1
g150-102,g150-102-v6,Sao Mai Mui Ne Hotel Nguyễn Đình Triểu,Sao Mai Mui Ne Hotel Nguyễn Đình Chiểu,PHONOLOGICAL,phonological_confusion,,SINGLE,partial|landmark|street|typo|lang_mixed,osm:node/7087442485,osm:node/7087442485,category_local,accepted,search20-stage1-query-variants@1
g150-103,g150-103-v1,Nhà thuốc Tân Hưng Châu Văn Liêm Ninh Kiều,Nhà thuốc Tân Hưng Châu Văn Liêm Ninh Kiều,CLEAN,canonical,,CLEAN,exact_name|category|street|name_area|lang_vi,osm:node/5211609373,osm:node/5211609373,category_local,accepted,search20-stage1-query-variants@1
g150-103,g150-103-v2,Nha thuoc Tan Hung Chau Van Liem Ninh Kieu,Nhà thuốc Tân Hưng Châu Văn Liêm Ninh Kiều,ORTHOGRAPHIC_IME,strip_diacritics,,SINGLE,partial|category|street|name_area|typo|lang_vi,osm:node/5211609373,osm:node/5211609373,category_local,accepted,search20-stage1-query-variants@1
g150-103,g150-103-v3,Hiệu thuốc Tân Hưng 141 Châu Văn Liêm,Nhà thuốc Tân Hưng Châu Văn Liêm Ninh Kiều,ALIAS,name_address,,CLEAN,name_address|category|name_area|lang_vi,osm:node/5211609373,osm:node/5211609373,category_local,accepted,search20-stage1-query-variants@1
g150-103,g150-103-v4,Nhà thuốc Tân Hưng Cần Thơ,Nhà thuốc Tân Hưng Châu Văn Liêm Ninh Kiều,ALIAS,name_area,,CLEAN,name_area|category|street|lang_vi,osm:node/5211609373,osm:node/5211609373,category_local,accepted,search20-stage1-query-variants@1
g150-103,g150-103-v5,Nhà thuốc Tân Hưng Châu Vawn Liêm Ninh Kiều,Nhà thuốc Tân Hưng Châu Văn Liêm Ninh Kiều,ORTHOGRAPHIC_IME,telex_leftover,telex_vowel_marker,SINGLE,partial|category|street|name_area|typo|lang_vi,osm:node/5211609373,osm:node/5211609373,category_local,accepted,search20-stage1-query-variants@1
g150-103,g150-103-v6,Nhà thuốc Tân Hưng Châu Văn Liêm Linh Kiều,Nhà thuốc Tân Hưng Châu Văn Liêm Ninh Kiều,PHONOLOGICAL,phonological_confusion,,SINGLE,partial|category|street|name_area|typo|lang_vi,osm:node/5211609373,osm:node/5211609373,category_local,accepted,search20-stage1-query-variants@1
g150-104,g150-104-v1,Nhà Hàng Nhật Phương Lý Chính Thắng Quận 3,Nhà Hàng Nhật Phương Lý Chính Thắng Quận 3,CLEAN,canonical,,CLEAN,exact_name|category|street|name_area|lang_vi,osm:node/4624875391,osm:node/4624875391,category_local,accepted,search20-stage1-query-variants@1
g150-104,g150-104-v2,Nhà Hàng Nhật Phương Quận 3,Nhà Hàng Nhật Phương Lý Chính Thắng Quận 3,ADDRESS_VARIANT,address_component_omission,,CLEAN,address|category|street|name_area|lang_vi,osm:node/4624875391,osm:node/4624875391,category_local,accepted,search20-stage1-query-variants@1
g150-104,g150-104-v3,Nhà Hàng Nhật Phương 45 Lý Chính Thắng,Nhà Hàng Nhật Phương Lý Chính Thắng Quận 3,ALIAS,name_address,,CLEAN,name_address|category|name_area|lang_vi,osm:node/4624875391,osm:node/4624875391,category_local,accepted,search20-stage1-query-variants@1
g150-104,g150-104-v4,Hải sản Nhật Phương Lý Chính Thắng,Nhà Hàng Nhật Phương Lý Chính Thắng Quận 3,ALIAS,category,,CLEAN,category|street|name_area|lang_vi,osm:node/4624875391,osm:node/4624875391,category_local,accepted,search20-stage1-query-variants@1
g150-104,g150-104-v5,Nhà Hàng Nhật Phương Lý Chinhs Thắng Quận 3,Nhà Hàng Nhật Phương Lý Chính Thắng Quận 3,ORTHOGRAPHIC_IME,telex_leftover,telex_tone_marker,SINGLE,partial|category|street|name_area|typo|lang_vi,osm:node/4624875391,osm:node/4624875391,category_local,accepted,search20-stage1-query-variants@1
g150-104,g150-104-v6,Nhà Hàng Nhật Phương Lý Trính Thắng Quận 3,Nhà Hàng Nhật Phương Lý Chính Thắng Quận 3,PHONOLOGICAL,phonological_confusion,,SINGLE,partial|category|street|name_area|typo|lang_vi,osm:node/4624875391,osm:node/4624875391,category_local,accepted,search20-stage1-query-variants@1
g150-105,g150-105-v1,THPT Trần Hưng Đạo Hà Đông Phố Xốm,THPT Trần Hưng Đạo Hà Đông Phố Xốm,CLEAN,canonical,,CLEAN,exact_name|landmark|street|name_area|lang_vi,osm:way/958803250,osm:way/958803250,category_local,accepted,search20-stage1-query-variants@1
g150-105,g150-105-v2,THPT Trần Hưng Đạo Hà Đông Xốm,THPT Trần Hưng Đạo Hà Đông Phố Xốm,ADDRESS_VARIANT,address_component_omission,,CLEAN,address|landmark|street|name_area|lang_vi,osm:way/958803250,osm:way/958803250,category_local,accepted,search20-stage1-query-variants@1
g150-105,g150-105-v3,Trường THPT Trần Hưng Đạo Phú Lương,THPT Trần Hưng Đạo Hà Đông Phố Xốm,ALIAS,name_area,,CLEAN,name_area|landmark|street|lang_vi,osm:way/958803250,osm:way/958803250,category_local,accepted,search20-stage1-query-variants@1
g150-105,g150-105-v4,Cấp 3 Trần Hưng Đạo Hà Đông 157 Phố Xốm,THPT Trần Hưng Đạo Hà Đông Phố Xốm,ALIAS,name_address,,CLEAN,name_address|landmark|name_area|lang_vi,osm:way/958803250,osm:way/958803250,category_local,accepted,search20-stage1-query-variants@1
g150-105,g150-105-v5,THPT Traanf Hưng Đạo Hà Đông Phố Xốm,THPT Trần Hưng Đạo Hà Đông Phố Xốm,ORTHOGRAPHIC_IME,telex_leftover,telex_vowel_marker,SINGLE,partial|landmark|street|name_area|typo|lang_vi,osm:way/958803250,osm:way/958803250,category_local,accepted,search20-stage1-query-variants@1
g150-105,g150-105-v6,THPT Chần Hưng Đạo Hà Đông Phố Xốm,THPT Trần Hưng Đạo Hà Đông Phố Xốm,PHONOLOGICAL,phonological_confusion,,SINGLE,partial|landmark|street|name_area|typo|lang_vi,osm:way/958803250,osm:way/958803250,category_local,accepted,search20-stage1-query-variants@1
g150-106,g150-106-v1,Typika Coffee Nguyễn Nhạc Buôn Ma Thuột,Typika Coffee Nguyễn Nhạc Buôn Ma Thuột,CLEAN,canonical,,CLEAN,exact_name|category|street|name_area|lang_mixed,osm:node/12569176901,osm:node/12569176901,category_local,accepted,search20-stage1-query-variants@1
g150-106,g150-106-v2,Typika Coffee Nguyen Nhac Buon Ma Thuot,Typika Coffee Nguyễn Nhạc Buôn Ma Thuột,ORTHOGRAPHIC_IME,strip_diacritics,,SINGLE,partial|category|street|name_area|typo|lang_mixed,osm:node/12569176901,osm:node/12569176901,category_local,accepted,search20-stage1-query-variants@1
g150-106,g150-106-v3,Typika Coffee & Craft Beer 18 Nguyễn Nhạc,Typika Coffee Nguyễn Nhạc Buôn Ma Thuột,ALIAS,name_address,,CLEAN,name_address|category|name_area|lang_mixed,osm:node/12569176901,osm:node/12569176901,category_local,accepted,search20-stage1-query-variants@1
g150-106,g150-106-v4,Quán Typika Buôn Ma Thuột,Typika Coffee Nguyễn Nhạc Buôn Ma Thuột,ALIAS,short_name,,CLEAN,short_name|category|street|name_area|lang_mixed,osm:node/12569176901,osm:node/12569176901,category_local,accepted,search20-stage1-query-variants@1
g150-106,g150-106-v5,Typika Coffee Nguyễn Nhacj Buôn Ma Thuột,Typika Coffee Nguyễn Nhạc Buôn Ma Thuột,ORTHOGRAPHIC_IME,telex_leftover,telex_tone_marker,SINGLE,partial|category|street|name_area|typo|lang_mixed,osm:node/12569176901,osm:node/12569176901,category_local,accepted,search20-stage1-query-variants@1
g150-106,g150-106-v6,Typika Coffee Nguyễn Nhạc Buôn Ma Thuộc,Typika Coffee Nguyễn Nhạc Buôn Ma Thuột,PHONOLOGICAL,phonological_confusion,,SINGLE,partial|category|street|name_area|typo|lang_mixed,osm:node/12569176901,osm:node/12569176901,category_local,accepted,search20-stage1-query-variants@1
g150-107,g150-107-v1,Mầm non Vinh Sơn 43/9 Trần Hưng Đạo Cần Thơ,Mầm non Vinh Sơn 43/9 Trần Hưng Đạo Cần Thơ,CLEAN,canonical,,CLEAN,exact_name|landmark|address|street|name_area|lang_vi,osm:node/5262128963,osm:node/5262128963,category_local,accepted,search20-stage1-query-variants@1
g150-107,g150-107-v2,Mam non Vinh Son 43/9 Tran Hung Dao Can Tho,Mầm non Vinh Sơn 43/9 Trần Hưng Đạo Cần Thơ,ORTHOGRAPHIC_IME,strip_diacritics,,SINGLE,partial|landmark|address|street|name_area|typo|lang_vi,osm:node/5262128963,osm:node/5262128963,category_local,accepted,search20-stage1-query-variants@1
g150-107,g150-107-v3,Trường mầm non Vinh Sơn Ninh Kiều,Mầm non Vinh Sơn 43/9 Trần Hưng Đạo Cần Thơ,ALIAS,name_area,,CLEAN,name_area|landmark|address|street|lang_vi,osm:node/5262128963,osm:node/5262128963,category_local,accepted,search20-stage1-query-variants@1
g150-107,g150-107-v4,Mầm non Vinh Sơn hẻm 43 Trần Hưng Đạo Cần Thơ,Mầm non Vinh Sơn 43/9 Trần Hưng Đạo Cần Thơ,ADDRESS_VARIANT,slash_normalize,,SINGLE,partial|landmark|address|street|name_area|typo|lang_vi,osm:node/5262128963,osm:node/5262128963,category_local,accepted,search20-stage1-query-variants@1
g150-107,g150-107-v5,Mầm non Vinh Sơn 43/9 Traanf Hưng Đạo Cần Thơ,Mầm non Vinh Sơn 43/9 Trần Hưng Đạo Cần Thơ,ORTHOGRAPHIC_IME,telex_leftover,telex_vowel_marker,SINGLE,partial|landmark|address|street|name_area|typo|lang_vi,osm:node/5262128963,osm:node/5262128963,category_local,accepted,search20-stage1-query-variants@1
g150-107,g150-107-v6,Mầm non Vinh Sơn 43/9 Chần Hưng Đạo Cần Thơ,Mầm non Vinh Sơn 43/9 Trần Hưng Đạo Cần Thơ,PHONOLOGICAL,phonological_confusion,,SINGLE,partial|landmark|address|street|name_area|typo|lang_vi,osm:node/5262128963,osm:node/5262128963,category_local,accepted,search20-stage1-query-variants@1
g150-108,g150-108-v1,Tiểu học Minh Đạo Ký Hòa Quận 5,Tiểu học Minh Đạo Ký Hòa Quận 5,CLEAN,canonical,,CLEAN,exact_name|landmark|street|name_area|lang_vi,osm:way/1499809194,osm:way/1499809194,category_local,accepted,search20-stage1-query-variants@1
g150-108,g150-108-v2,Tiểu học Minh Đạo Ký Hòa 5,Tiểu học Minh Đạo Ký Hòa Quận 5,ADDRESS_VARIANT,address_component_omission,,CLEAN,address|landmark|street|name_area|lang_vi,osm:way/1499809194,osm:way/1499809194,category_local,accepted,search20-stage1-query-variants@1
g150-108,g150-108-v3,Trường Tiểu học Minh Đạo Chợ Lớn,Tiểu học Minh Đạo Ký Hòa Quận 5,ALIAS,name_area,,CLEAN,name_area|landmark|street|lang_vi,osm:way/1499809194,osm:way/1499809194,category_local,accepted,search20-stage1-query-variants@1
g150-108,g150-108-v4,Trường Minh Đạo 15 Ký Hòa,Tiểu học Minh Đạo Ký Hòa Quận 5,ALIAS,name_address,,CLEAN,name_address|landmark|name_area|lang_vi,osm:way/1499809194,osm:way/1499809194,category_local,accepted,search20-stage1-query-variants@1
g150-108,g150-108-v5,Tiểu học Minh Ddaoj Ký Hòa Quận 5,Tiểu học Minh Đạo Ký Hòa Quận 5,ORTHOGRAPHIC_IME,telex_leftover,telex_dd,SINGLE,partial|landmark|street|name_area|typo|lang_vi,osm:way/1499809194,osm:way/1499809194,category_local,accepted,search20-stage1-query-variants@1
g150-108,g150-108-v6,Tiểu học Minh Đạo Lý Hòa Quận 5,Tiểu học Minh Đạo Ký Hòa Quận 5,MECHANICAL_TYPO,adjacent_key,,SINGLE,partial|landmark|street|name_area|typo|lang_vi,osm:way/1499809194,osm:way/1499809194,category_local,accepted,search20-stage1-query-variants@1
g150-109,g150-109-v1,Cơm niêu KOMBO Phạm Ngọc Thạch,Cơm niêu KOMBO Phạm Ngọc Thạch,CLEAN,canonical,,CLEAN,exact_name|brand|street|lang_mixed,osm:node/11212195530,osm:node/11212195530,category_local,accepted,search20-stage1-query-variants@1
g150-109,g150-109-v2,Com nieu KOMBO Pham Ngoc Thach,Cơm niêu KOMBO Phạm Ngọc Thạch,ORTHOGRAPHIC_IME,strip_diacritics,,SINGLE,partial|brand|street|typo|lang_mixed,osm:node/11212195530,osm:node/11212195530,category_local,accepted,search20-stage1-query-variants@1
g150-109,g150-109-v3,Cơm niêu Singapore KOMBO Kim Liên,Cơm niêu KOMBO Phạm Ngọc Thạch,ALIAS,name_area,,CLEAN,name_area|brand|street|lang_mixed,osm:node/11212195530,osm:node/11212195530|osm:node/11212544453,category_local,accepted,search20-stage1-query-variants@1
g150-109,g150-109-v4,Cơm niêu KOMBO 108A1 Phạm Ngọc Thạch,Cơm niêu KOMBO Phạm Ngọc Thạch,ALIAS,name_address,,CLEAN,name_address|brand|lang_mixed,osm:node/11212195530,osm:node/11212195530|osm:node/11212544453,category_local,accepted,search20-stage1-query-variants@1
g150-109,g150-109-v5,Cơm niêu KOMBO Phạm Ngọc Thachj,Cơm niêu KOMBO Phạm Ngọc Thạch,ORTHOGRAPHIC_IME,telex_leftover,telex_tone_marker,SINGLE,partial|brand|street|typo|lang_mixed,osm:node/11212195530,osm:node/11212195530,category_local,accepted,search20-stage1-query-variants@1
g150-109,g150-109-v6,Cơm niêu KOMBO Phạn Ngọc Thạch,Cơm niêu KOMBO Phạm Ngọc Thạch,MECHANICAL_TYPO,adjacent_key,,SINGLE,partial|brand|street|typo|lang_mixed,osm:node/11212195530,osm:node/11212195530,category_local,accepted,search20-stage1-query-variants@1
g150-110,g150-110-v1,Lakeview Homestay Đống Đa Pleiku,Lakeview Homestay Đống Đa Pleiku,CLEAN,canonical,,CLEAN,exact_name|street|name_area|lang_mixed,osm:node/7090257288,osm:node/7090257288,category_local,accepted,search20-stage1-query-variants@1
g150-110,g150-110-v2,Lakeview Homestay Dong Da Pleiku,Lakeview Homestay Đống Đa Pleiku,ORTHOGRAPHIC_IME,strip_diacritics,,SINGLE,partial|street|name_area|typo|lang_mixed,osm:node/7090257288,osm:node/7090257288,category_local,accepted,search20-stage1-query-variants@1
g150-110,g150-110-v3,Lakeview Homestay Gia Lai,Lakeview Homestay Đống Đa Pleiku,ALIAS,name_area,,CLEAN,name_area|street|lang_mixed,osm:node/7090257288,osm:node/7090257288,category_local,accepted,search20-stage1-query-variants@1
g150-110,g150-110-v4,Lakeveiw Homestay Đống Đa Pleiku,Lakeview Homestay Đống Đa Pleiku,MECHANICAL_TYPO,char_transpose,,SINGLE,partial|street|name_area|typo|lang_mixed,osm:node/7090257288,osm:node/7090257288,category_local,accepted,search20-stage1-query-variants@1
g150-110,g150-110-v5,Lakeview Homestay Ddoongs Đa Pleiku,Lakeview Homestay Đống Đa Pleiku,ORTHOGRAPHIC_IME,telex_leftover,telex_dd,SINGLE,partial|street|name_area|typo|lang_mixed,osm:node/7090257288,osm:node/7090257288,category_local,accepted,search20-stage1-query-variants@1
g150-110,g150-110-v6,Lakeview Homestay Đống Đa Pleycu,Lakeview Homestay Đống Đa Pleiku,PHONOLOGICAL,phonological_confusion,,SINGLE,partial|street|name_area|typo|lang_mixed,osm:node/7090257288,osm:node/7090257288,category_local,accepted,search20-stage1-query-variants@1
g150-111,g150-111-v1,Cà phê 22 Trần Huy Liệu Huế,Cà phê 22 Trần Huy Liệu Huế,CLEAN,canonical,,CLEAN,exact_name|category|address|street|name_area|lang_vi,osm:node/6026702285,osm:node/6026702285,category_local,accepted,search20-stage1-query-variants@1
g150-111,g150-111-v2,Ca phe 22 Tran Huy Lieu Hue,Cà phê 22 Trần Huy Liệu Huế,ORTHOGRAPHIC_IME,strip_diacritics,,SINGLE,partial|category|address|street|name_area|typo|lang_vi,osm:node/6026702285,osm:node/6026702285,category_local,accepted,search20-stage1-query-variants@1
g150-111,g150-111-v3,Quán 22 Cà phê Trần Huy Liệu Huế,Cà phê 22 Trần Huy Liệu Huế,STRUCTURAL,token_order_variant,,CLEAN,short_name|category|address|street|name_area|lang_vi,osm:node/6026702285,osm:node/6026702285,category_local,accepted,search20-stage1-query-variants@1
g150-111,g150-111-v4,Cà phê Trần Huy Liệu Huế,Cà phê 22 Trần Huy Liệu Huế,ALIAS,short_name,,CLEAN,short_name|category|address|street|name_area|lang_vi,osm:node/6026702285,osm:node/6026702285,category_local,accepted,search20-stage1-query-variants@1
g150-111,g150-111-v5,Cà phê 22 Traanf Huy Liệu Huế,Cà phê 22 Trần Huy Liệu Huế,ORTHOGRAPHIC_IME,telex_leftover,telex_vowel_marker,SINGLE,partial|category|address|street|name_area|typo|lang_vi,osm:node/6026702285,osm:node/6026702285,category_local,accepted,search20-stage1-query-variants@1
g150-111,g150-111-v6,Cà phê 22 Chần Huy Liệu Huế,Cà phê 22 Trần Huy Liệu Huế,PHONOLOGICAL,phonological_confusion,,SINGLE,partial|category|address|street|name_area|typo|lang_vi,osm:node/6026702285,osm:node/6026702285,category_local,accepted,search20-stage1-query-variants@1
g150-112,g150-112-v1,Tiểu học Thắng Nhì Vũng Tàu,Tiểu học Thắng Nhì Vũng Tàu,CLEAN,canonical,,CLEAN,exact_name|landmark|name_area|lang_vi,osm:way/259746455,osm:way/259746455,category_local,accepted,search20-stage1-query-variants@1
g150-112,g150-112-v2,Tieu hoc Thang Nhi Vung Tau,Tiểu học Thắng Nhì Vũng Tàu,ORTHOGRAPHIC_IME,strip_diacritics,,SINGLE,partial|landmark|name_area|typo|lang_vi,osm:way/259746455,osm:way/259746455,category_local,accepted,search20-stage1-query-variants@1
g150-112,g150-112-v3,Trường Tiểu học Thắng Nhì số 1 Thắng Nhì,Tiểu học Thắng Nhì Vũng Tàu,ALIAS,name_address,,CLEAN,name_address|landmark|name_area|lang_vi,osm:way/259746455,osm:way/259746455|osm:way/1314396542|osm:way/1314671836|osm:way/1338511473,category_local,accepted,search20-stage1-query-variants@1
g150-112,g150-112-v4,Tiểu học Thắng Nhì Bà Rịa Vũng Tàu,Tiểu học Thắng Nhì Vũng Tàu,ALIAS,name_area,,CLEAN,name_area|landmark|lang_vi,osm:way/259746455,osm:way/259746455|osm:way/1314396542|osm:way/1314671836|osm:way/1338511473,category_local,accepted,search20-stage1-query-variants@1
g150-112,g150-112-v5,Tiểu học Thawngs Nhì Vũng Tàu,Tiểu học Thắng Nhì Vũng Tàu,ORTHOGRAPHIC_IME,telex_leftover,telex_vowel_marker,SINGLE,partial|landmark|name_area|typo|lang_vi,osm:way/259746455,osm:way/259746455,category_local,accepted,search20-stage1-query-variants@1
g150-112,g150-112-v6,Tiểu học Thắng Nhì Dũng Tàu,Tiểu học Thắng Nhì Vũng Tàu,PHONOLOGICAL,phonological_confusion,,SINGLE,partial|landmark|name_area|typo|lang_vi,osm:way/259746455,osm:way/259746455,category_local,accepted,search20-stage1-query-variants@1
g150-113,g150-113-v1,Nhà sách Ngọc Anh Hiệp Bình Thủ Đức,Nhà sách Ngọc Anh Hiệp Bình Thủ Đức,CLEAN,canonical,,CLEAN,exact_name|category|street|name_area|lang_vi,osm:node/4686167990,osm:node/4686167990,explicit_area_cross_region,accepted,search20-stage1-query-variants@1
g150-113,g150-113-v2,Nha sach Ngoc Anh Hiep Binh Thu Duc,Nhà sách Ngọc Anh Hiệp Bình Thủ Đức,ORTHOGRAPHIC_IME,strip_diacritics,,SINGLE,partial|category|street|name_area|typo|lang_vi,osm:node/4686167990,osm:node/4686167990,explicit_area_cross_region,accepted,search20-stage1-query-variants@1
g150-113,g150-113-v3,Hiệu sách Ngọc Anh 24a Hiệp Bình,Nhà sách Ngọc Anh Hiệp Bình Thủ Đức,ALIAS,name_address,,CLEAN,name_address|category|name_area|lang_vi,osm:node/4686167990,osm:node/4686167990,explicit_area_cross_region,accepted,search20-stage1-query-variants@1
g150-113,g150-113-v4,Nhà sách Ngọc Anh Hiệp Bình Chánh,Nhà sách Ngọc Anh Hiệp Bình Thủ Đức,ALIAS,name_area,,CLEAN,name_area|category|street|lang_vi,osm:node/4686167990,osm:node/4686167990,explicit_area_cross_region,accepted,search20-stage1-query-variants@1
g150-113,g150-113-v5,Nhà sách Ngọc Anh Hieepj Bình Thủ Đức,Nhà sách Ngọc Anh Hiệp Bình Thủ Đức,ORTHOGRAPHIC_IME,telex_leftover,telex_vowel_marker,SINGLE,partial|category|street|name_area|typo|lang_vi,osm:node/4686167990,osm:node/4686167990,explicit_area_cross_region,accepted,search20-stage1-query-variants@1
g150-113,g150-113-v6,Nhà sách Ngọc Anh Hiệp Bìnj Thủ Đức,Nhà sách Ngọc Anh Hiệp Bình Thủ Đức,MECHANICAL_TYPO,adjacent_key,,SINGLE,partial|category|street|name_area|typo|lang_vi,osm:node/4686167990,osm:node/4686167990,explicit_area_cross_region,accepted,search20-stage1-query-variants@1
g150-114,g150-114-v1,THCS Chu Văn An Lê Đình Lý Đà Nẵng,THCS Chu Văn An Lê Đình Lý Đà Nẵng,CLEAN,canonical,,CLEAN,exact_name|landmark|street|name_area|lang_vi,osm:way/1325575632,osm:way/1325575632,explicit_area_cross_region,accepted,search20-stage1-query-variants@1
g150-114,g150-114-v2,THCS Chu Van An Le Dinh Ly Da Nang,THCS Chu Văn An Lê Đình Lý Đà Nẵng,ORTHOGRAPHIC_IME,strip_diacritics,,SINGLE,partial|landmark|street|name_area|typo|lang_vi,osm:way/1325575632,osm:way/1325575632,explicit_area_cross_region,accepted,search20-stage1-query-variants@1
g150-114,g150-114-v3,Trường THCS Chu Văn An Thanh Khê,THCS Chu Văn An Lê Đình Lý Đà Nẵng,ALIAS,name_area,,CLEAN,name_area|landmark|street|lang_vi,osm:way/1325575632,osm:way/1325575632,explicit_area_cross_region,accepted,search20-stage1-query-variants@1
g150-114,g150-114-v4,Trường Chu Văn An 70 Lê Đình Lý,THCS Chu Văn An Lê Đình Lý Đà Nẵng,ALIAS,name_address,,CLEAN,name_address|landmark|name_area|lang_vi,osm:way/1325575632,osm:way/1325575632,explicit_area_cross_region,accepted,search20-stage1-query-variants@1
g150-114,g150-114-v5,THCS Chu Vawn An Lê Đình Lý Đà Nẵng,THCS Chu Văn An Lê Đình Lý Đà Nẵng,ORTHOGRAPHIC_IME,telex_leftover,telex_vowel_marker,SINGLE,partial|landmark|street|name_area|typo|lang_vi,osm:way/1325575632,osm:way/1325575632,explicit_area_cross_region,accepted,search20-stage1-query-variants@1
g150-114,g150-114-v6,THCS Chu Văn An Nê Đình Lý Đà Nẵng,THCS Chu Văn An Lê Đình Lý Đà Nẵng,PHONOLOGICAL,phonological_confusion,,SINGLE,partial|landmark|street|name_area|typo|lang_vi,osm:way/1325575632,osm:way/1325575632,explicit_area_cross_region,accepted,search20-stage1-query-variants@1
g150-115,g150-115-v1,Long Châu Trần Hưng Đạo Bắc Ninh,Long Châu Trần Hưng Đạo Bắc Ninh,CLEAN,canonical,,CLEAN,exact_name|brand|street|name_area|lang_vi,osm:node/12765645731,osm:node/12765645731,explicit_area_cross_region,accepted,search20-stage1-query-variants@1
g150-115,g150-115-v2,Long Chau Tran Hung Dao Bac Ninh,Long Châu Trần Hưng Đạo Bắc Ninh,ORTHOGRAPHIC_IME,strip_diacritics,,SINGLE,partial|brand|street|name_area|typo|lang_vi,osm:node/12765645731,osm:node/12765645731,explicit_area_cross_region,accepted,search20-stage1-query-variants@1
g150-115,g150-115-v3,Nhà Thuốc FPT Long Châu 57 Trần Hưng Đạo,Long Châu Trần Hưng Đạo Bắc Ninh,ALIAS,name_address,,CLEAN,name_address|brand|name_area|lang_vi,osm:node/12765645731,osm:node/12765645731,explicit_area_cross_region,accepted,search20-stage1-query-variants@1
g150-115,g150-115-v4,FPT Long Châu Kinh Bắc,Long Châu Trần Hưng Đạo Bắc Ninh,ALIAS,name_area,,CLEAN,name_area|brand|street|lang_vi,osm:node/12765645731,osm:node/12765645731,explicit_area_cross_region,accepted,search20-stage1-query-variants@1
g150-115,g150-115-v5,Long Châu Traanf Hưng Đạo Bắc Ninh,Long Châu Trần Hưng Đạo Bắc Ninh,ORTHOGRAPHIC_IME,telex_leftover,telex_vowel_marker,SINGLE,partial|brand|street|name_area|typo|lang_vi,osm:node/12765645731,osm:node/12765645731,explicit_area_cross_region,accepted,search20-stage1-query-variants@1
g150-115,g150-115-v6,Long Châu Chần Hưng Đạo Bắc Ninh,Long Châu Trần Hưng Đạo Bắc Ninh,PHONOLOGICAL,phonological_confusion,,SINGLE,partial|brand|street|name_area|typo|lang_vi,osm:node/12765645731,osm:node/12765645731,explicit_area_cross_region,accepted,search20-stage1-query-variants@1
g150-116,g150-116-v1,Sữa chua Trân châu Hạ Long Phạm Tuấn Tài,Sữa chua Trân châu Hạ Long Phạm Tuấn Tài,CLEAN,canonical,,CLEAN,exact_name|brand|street|lang_vi,osm:node/11569613664,osm:node/11569613664,explicit_area_cross_region,accepted,search20-stage1-query-variants@1
g150-116,g150-116-v2,Sua chua Tran chau Ha Long Pham Tuan Tai,Sữa chua Trân châu Hạ Long Phạm Tuấn Tài,ORTHOGRAPHIC_IME,strip_diacritics,,SINGLE,partial|brand|street|typo|lang_vi,osm:node/11569613664,osm:node/11569613664,explicit_area_cross_region,accepted,search20-stage1-query-variants@1
g150-116,g150-116-v3,Sữa chua Trân trâu Hạ Long Phạm Tuấn Tài,Sữa chua Trân châu Hạ Long Phạm Tuấn Tài,PHONOLOGICAL,phonological_confusion,,SINGLE,partial|brand|street|typo|lang_vi,osm:node/11569613664,osm:node/11569613664,explicit_area_cross_region,accepted,search20-stage1-query-variants@1
g150-116,g150-116-v4,Sữa chua Hạ Long Nghĩa Đô Cầu Giấy,Sữa chua Trân châu Hạ Long Phạm Tuấn Tài,ALIAS,name_area,,CLEAN,name_area|brand|street|lang_vi,osm:node/11569613664,osm:node/11569613664,explicit_area_cross_region,accepted,search20-stage1-query-variants@1
g150-116,g150-116-v5,Suwax chua Trân châu Hạ Long Phạm Tuấn Tài,Sữa chua Trân châu Hạ Long Phạm Tuấn Tài,ORTHOGRAPHIC_IME,telex_leftover,telex_tone_marker,SINGLE,partial|brand|street|typo|lang_vi,osm:node/11569613664,osm:node/11569613664,explicit_area_cross_region,accepted,search20-stage1-query-variants@1
g150-116,g150-116-v6,Sữa chua Trân châu Hạ Long Phạm Tuán Tài,Sữa chua Trân châu Hạ Long Phạm Tuấn Tài,ORTHOGRAPHIC_IME,tone_confuse,,SINGLE,partial|brand|street|typo|lang_vi,osm:node/11569613664,osm:node/11569613664,explicit_area_cross_region,accepted,search20-stage1-query-variants@1
g150-117,g150-117-v1,Mầm non Bé Ngoan Nguyễn Đình Chiểu Quận 1,Mầm non Bé Ngoan Nguyễn Đình Chiểu Quận 1,CLEAN,canonical,,CLEAN,exact_name|landmark|street|name_area|lang_vi,osm:way/1295556801,osm:way/1295556801,explicit_area_cross_region,accepted,search20-stage1-query-variants@1
g150-117,g150-117-v2,Mầm non Bé Ngoan Nguyễn Đình Chiểu 1,Mầm non Bé Ngoan Nguyễn Đình Chiểu Quận 1,ADDRESS_VARIANT,address_component_omission,,CLEAN,address|landmark|street|name_area|lang_vi,osm:way/1295556801,osm:way/1295556801,explicit_area_cross_region,accepted,search20-stage1-query-variants@1
g150-117,g150-117-v3,Trường Mầm non Bé Ngoan Tân Định,Mầm non Bé Ngoan Nguyễn Đình Chiểu Quận 1,ALIAS,name_area,,CLEAN,name_area|landmark|street|lang_vi,osm:way/1295556801,osm:way/1295556801,explicit_area_cross_region,accepted,search20-stage1-query-variants@1
g150-117,g150-117-v4,Mầm non Bé Ngoan 108 Nguyễn Đình Chiểu,Mầm non Bé Ngoan Nguyễn Đình Chiểu Quận 1,ALIAS,name_address,,CLEAN,name_address|landmark|name_area|lang_vi,osm:way/1295556801,osm:way/1295556801,explicit_area_cross_region,accepted,search20-stage1-query-variants@1
g150-117,g150-117-v5,Mầm non Bé Ngoan Nguyễn Ddinnh Chiểu Quận 1,Mầm non Bé Ngoan Nguyễn Đình Chiểu Quận 1,ORTHOGRAPHIC_IME,telex_leftover,telex_dd,SINGLE,partial|landmark|street|name_area|typo|lang_vi,osm:way/1295556801,osm:way/1295556801,explicit_area_cross_region,accepted,search20-stage1-query-variants@1
g150-117,g150-117-v6,Mầm non Bé Ngoan Nguyễn Đình Triểu Quận 1,Mầm non Bé Ngoan Nguyễn Đình Chiểu Quận 1,PHONOLOGICAL,phonological_confusion,,SINGLE,partial|landmark|street|name_area|typo|lang_vi,osm:way/1295556801,osm:way/1295556801,explicit_area_cross_region,accepted,search20-stage1-query-variants@1
g150-118,g150-118-v1,Tiểu học Lê Lợi Tăng Bạt Hổ Quy Nhơn,Tiểu học Lê Lợi Tăng Bạt Hổ Quy Nhơn,CLEAN,canonical,,CLEAN,exact_name|landmark|street|name_area|lang_vi,osm:node/1527921385,osm:node/1527921385,explicit_area_cross_region,accepted,search20-stage1-query-variants@1
g150-118,g150-118-v2,Tieu hoc Le Loi Tang Bat Ho Quy Nhon,Tiểu học Lê Lợi Tăng Bạt Hổ Quy Nhơn,ORTHOGRAPHIC_IME,strip_diacritics,,SINGLE,partial|landmark|street|name_area|typo|lang_vi,osm:node/1527921385,osm:node/1527921385,explicit_area_cross_region,accepted,search20-stage1-query-variants@1
g150-118,g150-118-v3,Trường Tiểu học Lê Lợi 3 Tăng Bạt Hổ,Tiểu học Lê Lợi Tăng Bạt Hổ Quy Nhơn,ALIAS,name_address,,CLEAN,name_address|landmark|name_area|lang_vi,osm:node/1527921385,osm:node/1527921385,explicit_area_cross_region,accepted,search20-stage1-query-variants@1
g150-118,g150-118-v4,Trường Lê Lợi Quy Nhơn Bình Định,Tiểu học Lê Lợi Tăng Bạt Hổ Quy Nhơn,ALIAS,name_area,,CLEAN,name_area|landmark|street|lang_vi,osm:node/1527921385,osm:node/1527921385,explicit_area_cross_region,accepted,search20-stage1-query-variants@1
g150-118,g150-118-v5,Tiểu học Lee Lợi Tăng Bạt Hổ Quy Nhơn,Tiểu học Lê Lợi Tăng Bạt Hổ Quy Nhơn,ORTHOGRAPHIC_IME,telex_leftover,telex_vowel_marker,SINGLE,partial|landmark|street|name_area|typo|lang_vi,osm:node/1527921385,osm:node/1527921385,explicit_area_cross_region,accepted,search20-stage1-query-variants@1
g150-118,g150-118-v6,Tiểu học Nê Lợi Tăng Bạt Hổ Quy Nhơn,Tiểu học Lê Lợi Tăng Bạt Hổ Quy Nhơn,PHONOLOGICAL,phonological_confusion,,SINGLE,partial|landmark|street|name_area|typo|lang_vi,osm:node/1527921385,osm:node/1527921385,explicit_area_cross_region,accepted,search20-stage1-query-variants@1
g150-119,g150-119-v1,Mega Market Nguyễn Ái Quốc Biên Hòa,Mega Market Nguyễn Ái Quốc Biên Hòa,CLEAN,canonical,,CLEAN,exact_name|brand|street|name_area|lang_mixed,osm:way/984827072,osm:way/984827072,explicit_area_cross_region,accepted,search20-stage1-query-variants@1
g150-119,g150-119-v2,Mega Market Nguyen Ai Quoc Bien Hoa,Mega Market Nguyễn Ái Quốc Biên Hòa,ORTHOGRAPHIC_IME,strip_diacritics,,SINGLE,partial|brand|street|name_area|typo|lang_mixed,osm:way/984827072,osm:way/984827072,explicit_area_cross_region,accepted,search20-stage1-query-variants@1
g150-119,g150-119-v3,MM Mega Market Biên Hòa Đồng Nai,Mega Market Nguyễn Ái Quốc Biên Hòa,ALIAS,name_area,,CLEAN,name_area|brand|street|lang_mixed,osm:way/984827072,osm:way/984827072,explicit_area_cross_region,accepted,search20-stage1-query-variants@1
g150-119,g150-119-v4,Siêu thị Mega Market Trấn Biên,Mega Market Nguyễn Ái Quốc Biên Hòa,ALIAS,name_area,,CLEAN,name_area|brand|street|lang_mixed,osm:way/984827072,osm:way/984827072,explicit_area_cross_region,accepted,search20-stage1-query-variants@1
g150-119,g150-119-v5,Mega Market Nguyễn Aasj Quốc Biên Hòa,Mega Market Nguyễn Ái Quốc Biên Hòa,ORTHOGRAPHIC_IME,telex_leftover,telex_tone_marker,SINGLE,partial|brand|street|name_area|typo|lang_mixed,osm:way/984827072,osm:way/984827072,explicit_area_cross_region,accepted,search20-stage1-query-variants@1
g150-119,g150-119-v6,Mega Market Nguyễn Ái Qyốc Biên Hòa,Mega Market Nguyễn Ái Quốc Biên Hòa,MECHANICAL_TYPO,adjacent_key,,SINGLE,partial|brand|street|name_area|typo|lang_mixed,osm:way/984827072,osm:way/984827072,explicit_area_cross_region,accepted,search20-stage1-query-variants@1
g150-120,g150-120-v1,Mầm Non Hướng Dương Hoàng Tăng Bí Đông Ngạc,Mầm Non Hướng Dương Hoàng Tăng Bí Đông Ngạc,CLEAN,canonical,,CLEAN,exact_name|landmark|street|name_area|lang_vi,osm:node/8361034090,osm:node/8361034090,explicit_area_cross_region,accepted,search20-stage1-query-variants@1
g150-120,g150-120-v2,Mam Non Huong Duong Hoang Tang Bi Dong Ngac,Mầm Non Hướng Dương Hoàng Tăng Bí Đông Ngạc,ORTHOGRAPHIC_IME,strip_diacritics,,SINGLE,partial|landmark|street|name_area|typo|lang_vi,osm:node/8361034090,osm:node/8361034090,explicit_area_cross_region,accepted,search20-stage1-query-variants@1
g150-120,g150-120-v3,Trường Mầm Non Hướng Dương Bắc Từ Liêm,Mầm Non Hướng Dương Hoàng Tăng Bí Đông Ngạc,ALIAS,name_area,,CLEAN,name_area|landmark|street|lang_vi,osm:node/8361034090,osm:node/8361034090,explicit_area_cross_region,accepted,search20-stage1-query-variants@1
g150-120,g150-120-v4,Mầm Non Hướng Dương 11 Hoàng Tăng Bí,Mầm Non Hướng Dương Hoàng Tăng Bí Đông Ngạc,ALIAS,name_address,,CLEAN,name_address|landmark|name_area|lang_vi,osm:node/8361034090,osm:node/8361034090,explicit_area_cross_region,accepted,search20-stage1-query-variants@1
g150-120,g150-120-v5,Mầm Non Hướng Dduowng Hoàng Tăng Bí Đông Ngạc,Mầm Non Hướng Dương Hoàng Tăng Bí Đông Ngạc,ORTHOGRAPHIC_IME,telex_leftover,telex_dd,SINGLE,partial|landmark|street|name_area|typo|lang_vi,osm:node/8361034090,osm:node/8361034090,explicit_area_cross_region,accepted,search20-stage1-query-variants@1
g150-120,g150-120-v6,Mầm Non Hướng Giương Hoàng Tăng Bí Đông Ngạc,Mầm Non Hướng Dương Hoàng Tăng Bí Đông Ngạc,PHONOLOGICAL,phonological_confusion,,SINGLE,partial|landmark|street|name_area|typo|lang_vi,osm:node/8361034090,osm:node/8361034090,explicit_area_cross_region,accepted,search20-stage1-query-variants@1
g150-121,g150-121-v1,Phúc Long Trần Quang Khải Tân Định,Phúc Long Trần Quang Khải Tân Định,CLEAN,canonical,,CLEAN,exact_name|brand|street|name_area|lang_vi,osm:way/1042877500,osm:way/1042877500,explicit_area_cross_region,accepted,search20-stage1-query-variants@1
g150-121,g150-121-v2,Phuc Long Tran Quang Khai Tan Dinh,Phúc Long Trần Quang Khải Tân Định,ORTHOGRAPHIC_IME,strip_diacritics,,SINGLE,partial|brand|street|name_area|typo|lang_vi,osm:way/1042877500,osm:way/1042877500,explicit_area_cross_region,accepted,search20-stage1-query-variants@1
g150-121,g150-121-v3,Phúc Long Coffee & Tea 46 Trần Quang Khải,Phúc Long Trần Quang Khải Tân Định,ALIAS,name_address,,CLEAN,name_address|brand|name_area|lang_vi,osm:way/1042877500,osm:way/1042877500,explicit_area_cross_region,accepted,search20-stage1-query-variants@1
g150-121,g150-121-v4,Phúc Long Trần Quang Khải Quận 1,Phúc Long Trần Quang Khải Tân Định,ALIAS,name_area,,CLEAN,name_area|brand|street|lang_vi,osm:way/1042877500,osm:way/1042877500,explicit_area_cross_region,accepted,search20-stage1-query-variants@1
g150-121,g150-121-v5,Phúc Long Traanf Quang Khải Tân Định,Phúc Long Trần Quang Khải Tân Định,ORTHOGRAPHIC_IME,telex_leftover,telex_vowel_marker,SINGLE,partial|brand|street|name_area|typo|lang_vi,osm:way/1042877500,osm:way/1042877500,explicit_area_cross_region,accepted,search20-stage1-query-variants@1
g150-121,g150-121-v6,Phúc Long Chần Quang Khải Tân Định,Phúc Long Trần Quang Khải Tân Định,PHONOLOGICAL,phonological_confusion,,SINGLE,partial|brand|street|name_area|typo|lang_vi,osm:way/1042877500,osm:way/1042877500,explicit_area_cross_region,accepted,search20-stage1-query-variants@1
g150-122,g150-122-v1,Trà Sữa Giấy Phan Chu Trinh Buôn Ma Thuột,Trà Sữa Giấy Phan Chu Trinh Buôn Ma Thuột,CLEAN,canonical,,CLEAN,exact_name|street|name_area|lang_vi,osm:node/4550116714,osm:node/4550116714,explicit_area_cross_region,accepted,search20-stage1-query-variants@1
g150-122,g150-122-v2,Tra Sua Giay Phan Chu Trinh Buon Ma Thuot,Trà Sữa Giấy Phan Chu Trinh Buôn Ma Thuột,ORTHOGRAPHIC_IME,strip_diacritics,,SINGLE,partial|street|name_area|typo|lang_vi,osm:node/4550116714,osm:node/4550116714,explicit_area_cross_region,accepted,search20-stage1-query-variants@1
g150-122,g150-122-v3,Quán Trà Sữa Giấy 128 Phan Chu Trinh,Trà Sữa Giấy Phan Chu Trinh Buôn Ma Thuột,ALIAS,name_address,,CLEAN,name_address|name_area|lang_vi,osm:node/4550116714,osm:node/4550116714,explicit_area_cross_region,accepted,search20-stage1-query-variants@1
g150-122,g150-122-v4,Trà Sữa Giấy Đắk Lắk,Trà Sữa Giấy Phan Chu Trinh Buôn Ma Thuột,ALIAS,name_area,,CLEAN,name_area|street|lang_vi,osm:node/4550116714,osm:node/4550116714,explicit_area_cross_region,accepted,search20-stage1-query-variants@1
g150-122,g150-122-v5,Trax Sữa Giấy Phan Chu Trinh Buôn Ma Thuột,Trà Sữa Giấy Phan Chu Trinh Buôn Ma Thuột,ORTHOGRAPHIC_IME,telex_leftover,telex_tone_marker,SINGLE,partial|street|name_area|typo|lang_vi,osm:node/4550116714,osm:node/4550116714,explicit_area_cross_region,accepted,search20-stage1-query-variants@1
g150-122,g150-122-v6,Trà Sữa Giấy Phan Chu Chinh Buôn Ma Thuột,Trà Sữa Giấy Phan Chu Trinh Buôn Ma Thuột,PHONOLOGICAL,phonological_confusion,,SINGLE,partial|street|name_area|typo|lang_vi,osm:node/4550116714,osm:node/4550116714,explicit_area_cross_region,accepted,search20-stage1-query-variants@1
g150-123,g150-123-v1,THPT Chu Văn An Nguyễn Lương Bằng Hải Phòng,THPT Chu Văn An Nguyễn Lương Bằng Hải Phòng,CLEAN,canonical,,CLEAN,exact_name|landmark|street|name_area|lang_vi,osm:way/1079234573,osm:way/1079234573,explicit_area_cross_region,accepted,search20-stage1-query-variants@1
g150-123,g150-123-v2,THPT Chu Van An Nguyen Luong Bang Hai Phong,THPT Chu Văn An Nguyễn Lương Bằng Hải Phòng,ORTHOGRAPHIC_IME,strip_diacritics,,SINGLE,partial|landmark|street|name_area|typo|lang_vi,osm:way/1079234573,osm:way/1079234573,explicit_area_cross_region,accepted,search20-stage1-query-variants@1
g150-123,g150-123-v3,Trường THPT Chu Văn An Lê Thanh Nghị,THPT Chu Văn An Nguyễn Lương Bằng Hải Phòng,ALIAS,name_area,,CLEAN,name_area|landmark|street|lang_vi,osm:way/1079234573,osm:way/1079234573,explicit_area_cross_region,accepted,search20-stage1-query-variants@1
g150-123,g150-123-v4,Cấp 3 Chu Văn An 250 Nguyễn Lương Bằng Hải Phòng,THPT Chu Văn An Nguyễn Lương Bằng Hải Phòng,ALIAS,name_address,,CLEAN,name_address|landmark|name_area|lang_vi,osm:way/1079234573,osm:way/1079234573,explicit_area_cross_region,accepted,search20-stage1-query-variants@1
g150-123,g150-123-v5,THPT Chu Vawn An Nguyễn Lương Bằng Hải Phòng,THPT Chu Văn An Nguyễn Lương Bằng Hải Phòng,ORTHOGRAPHIC_IME,telex_leftover,telex_vowel_marker,SINGLE,partial|landmark|street|name_area|typo|lang_vi,osm:way/1079234573,osm:way/1079234573,explicit_area_cross_region,accepted,search20-stage1-query-variants@1
g150-123,g150-123-v6,THPT Chu Văn An Nguyễn Nương Bằng Hải Phòng,THPT Chu Văn An Nguyễn Lương Bằng Hải Phòng,PHONOLOGICAL,phonological_confusion,,SINGLE,partial|landmark|street|name_area|typo|lang_vi,osm:way/1079234573,osm:way/1079234573,explicit_area_cross_region,accepted,search20-stage1-query-variants@1
g150-124,g150-124-v1,Tiểu Học Chu Văn An Đường số 3 Bình Thạnh,Tiểu Học Chu Văn An Đường số 3 Bình Thạnh,CLEAN,canonical,,CLEAN,exact_name|landmark|street|name_area|lang_vi,osm:way/1036206961,osm:way/1036206961,explicit_area_cross_region,accepted,search20-stage1-query-variants@1
g150-124,g150-124-v2,Tiểu Học Chu Văn An số 3 Bình Thạnh,Tiểu Học Chu Văn An Đường số 3 Bình Thạnh,ADDRESS_VARIANT,address_component_omission,,CLEAN,address|landmark|street|name_area|lang_vi,osm:way/1036206961,osm:way/1036206961,explicit_area_cross_region,accepted,search20-stage1-query-variants@1
g150-124,g150-124-v3,Tiểu Học Chu Văn An Đ. số 3 Bình Thạnh,Tiểu Học Chu Văn An Đường số 3 Bình Thạnh,ALIAS,abbreviation,,CLEAN,abbreviation|landmark|street|name_area|lang_vi,osm:way/1036206961,osm:way/1036206961,explicit_area_cross_region,accepted,search20-stage1-query-variants@1
g150-124,g150-124-v4,Tiểu Học Chu Văn An 2 Đường số 3,Tiểu Học Chu Văn An Đường số 3 Bình Thạnh,ALIAS,name_address,,CLEAN,name_address|landmark|name_area|lang_vi,osm:way/1036206961,osm:way/1036206961,explicit_area_cross_region,accepted,search20-stage1-query-variants@1
g150-124,g150-124-v5,Tiểu Học Chu Vawn An Đường số 3 Bình Thạnh,Tiểu Học Chu Văn An Đường số 3 Bình Thạnh,ORTHOGRAPHIC_IME,telex_leftover,telex_vowel_marker,SINGLE,partial|landmark|street|name_area|typo|lang_vi,osm:way/1036206961,osm:way/1036206961,explicit_area_cross_region,accepted,search20-stage1-query-variants@1
g150-124,g150-124-v6,Tiểu Học Chu Văn An Đường xố 3 Bình Thạnh,Tiểu Học Chu Văn An Đường số 3 Bình Thạnh,PHONOLOGICAL,phonological_confusion,,SINGLE,partial|landmark|street|name_area|typo|lang_vi,osm:way/1036206961,osm:way/1036206961,explicit_area_cross_region,accepted,search20-stage1-query-variants@1
g150-125,g150-125-v1,Nhà thuốc Lan Anh Nguyễn Thái Học Hà Giang,Nhà thuốc Lan Anh Nguyễn Thái Học Hà Giang,CLEAN,canonical,,CLEAN,exact_name|category|street|name_area|lang_vi,osm:node/4513805489,osm:node/4513805489,explicit_area_cross_region,accepted,search20-stage1-query-variants@1
g150-125,g150-125-v2,Nha thuoc Lan Anh Nguyen Thai Hoc Ha Giang,Nhà thuốc Lan Anh Nguyễn Thái Học Hà Giang,ORTHOGRAPHIC_IME,strip_diacritics,,SINGLE,partial|category|street|name_area|typo|lang_vi,osm:node/4513805489,osm:node/4513805489,explicit_area_cross_region,accepted,search20-stage1-query-variants@1
g150-125,g150-125-v3,Hiệu thuốc Lan Anh 19 Nguyễn Thái Học,Nhà thuốc Lan Anh Nguyễn Thái Học Hà Giang,ALIAS,name_address,,CLEAN,name_address|category|name_area|lang_vi,osm:node/4513805489,osm:node/4513805489,explicit_area_cross_region,accepted,search20-stage1-query-variants@1
g150-125,g150-125-v4,Nhà thuốc Lan Anh Tuyên Quang,Nhà thuốc Lan Anh Nguyễn Thái Học Hà Giang,ALIAS,name_area,,CLEAN,name_area|category|street|lang_vi,osm:node/4513805489,osm:node/4513805489,explicit_area_cross_region,accepted,search20-stage1-query-variants@1
g150-125,g150-125-v5,Nhà thuốc Lan Anh Nguyễn Thais Học Hà Giang,Nhà thuốc Lan Anh Nguyễn Thái Học Hà Giang,ORTHOGRAPHIC_IME,telex_leftover,telex_tone_marker,SINGLE,partial|category|street|name_area|typo|lang_vi,osm:node/4513805489,osm:node/4513805489,explicit_area_cross_region,accepted,search20-stage1-query-variants@1
g150-125,g150-125-v6,Nhà thuốc Nan Anh Nguyễn Thái Học Hà Giang,Nhà thuốc Lan Anh Nguyễn Thái Học Hà Giang,PHONOLOGICAL,phonological_confusion,,SINGLE,partial|category|street|name_area|typo|lang_vi,osm:node/4513805489,osm:node/4513805489,explicit_area_cross_region,accepted,search20-stage1-query-variants@1
g150-126,g150-126-v1,Văn phòng phẩm Minh Châu Mũi Né,Văn phòng phẩm Minh Châu Mũi Né,CLEAN,canonical,,CLEAN,exact_name|category|street|name_area|lang_vi,osm:node/5065478058,osm:node/5065478058,explicit_area_cross_region,accepted,search20-stage1-query-variants@1
g150-126,g150-126-v2,Van phong pham Minh Chau Mui Ne,Văn phòng phẩm Minh Châu Mũi Né,ORTHOGRAPHIC_IME,strip_diacritics,,SINGLE,partial|category|street|name_area|typo|lang_vi,osm:node/5065478058,osm:node/5065478058,explicit_area_cross_region,accepted,search20-stage1-query-variants@1
g150-126,g150-126-v3,Tiệm Minh Châu 8 Nguyễn Minh Châu,Văn phòng phẩm Minh Châu Mũi Né,ALIAS,name_address,,CLEAN,name_address|category|name_area|lang_vi,osm:node/5065478058,osm:node/5065478058,explicit_area_cross_region,accepted,search20-stage1-query-variants@1
g150-126,g150-126-v4,Văn phòng phẩm Minh Châu Phan Thiết,Văn phòng phẩm Minh Châu Mũi Né,ALIAS,name_area,,CLEAN,name_area|category|street|lang_vi,osm:node/5065478058,osm:node/5065478058,explicit_area_cross_region,accepted,search20-stage1-query-variants@1
g150-126,g150-126-v5,Văn phòng phẩm Minh Chaau Mũi Né,Văn phòng phẩm Minh Châu Mũi Né,ORTHOGRAPHIC_IME,telex_leftover,telex_vowel_marker,SINGLE,partial|category|street|name_area|typo|lang_vi,osm:node/5065478058,osm:node/5065478058,explicit_area_cross_region,accepted,search20-stage1-query-variants@1
g150-126,g150-126-v6,Văn phòng phẩm Minh Trâu Mũi Né,Văn phòng phẩm Minh Châu Mũi Né,PHONOLOGICAL,phonological_confusion,,SINGLE,partial|category|street|name_area|typo|lang_vi,osm:node/5065478058,osm:node/5065478058,explicit_area_cross_region,accepted,search20-stage1-query-variants@1
g150-127,g150-127-v1,Vàng bạc Ngọc Trầm Trần Hưng Đạo Bắc Ninh,Vàng bạc Ngọc Trầm Trần Hưng Đạo Bắc Ninh,CLEAN,canonical,,CLEAN,exact_name|category|street|name_area|lang_vi,osm:node/13470857329,osm:node/13470857329,explicit_area_cross_region,accepted,search20-stage1-query-variants@1
g150-127,g150-127-v2,Vang bac Ngoc Tram Tran Hung Dao Bac Ninh,Vàng bạc Ngọc Trầm Trần Hưng Đạo Bắc Ninh,ORTHOGRAPHIC_IME,strip_diacritics,,SINGLE,partial|category|street|name_area|typo|lang_vi,osm:node/13470857329,osm:node/13470857329,explicit_area_cross_region,accepted,search20-stage1-query-variants@1
g150-127,g150-127-v3,Tiệm vàng Ngọc Trầm 1 Trần Hưng Đạo,Vàng bạc Ngọc Trầm Trần Hưng Đạo Bắc Ninh,ALIAS,name_address,,CLEAN,name_address|category|name_area|lang_vi,osm:node/13470857329,osm:node/13470857329,explicit_area_cross_region,accepted,search20-stage1-query-variants@1
g150-127,g150-127-v4,Tiệm vàng Ngọc Trầm Kinh Bắc,Vàng bạc Ngọc Trầm Trần Hưng Đạo Bắc Ninh,ALIAS,name_area,,CLEAN,name_area|category|street|lang_vi,osm:node/13470857329,osm:node/13470857329,explicit_area_cross_region,accepted,search20-stage1-query-variants@1
g150-127,g150-127-v5,Vàng bạc Ngọc Traamf Trần Hưng Đạo Bắc Ninh,Vàng bạc Ngọc Trầm Trần Hưng Đạo Bắc Ninh,ORTHOGRAPHIC_IME,telex_leftover,telex_vowel_marker,SINGLE,partial|category|street|name_area|typo|lang_vi,osm:node/13470857329,osm:node/13470857329,explicit_area_cross_region,accepted,search20-stage1-query-variants@1
g150-127,g150-127-v6,Vàng bạc Ngọc Trầm Chần Hưng Đạo Bắc Ninh,Vàng bạc Ngọc Trầm Trần Hưng Đạo Bắc Ninh,PHONOLOGICAL,phonological_confusion,,SINGLE,partial|category|street|name_area|typo|lang_vi,osm:node/13470857329,osm:node/13470857329,explicit_area_cross_region,accepted,search20-stage1-query-variants@1
g150-128,g150-128-v1,Cà phê Tường Vy Nguyễn Tất Thành Phan Thiết,Cà phê Tường Vy Nguyễn Tất Thành Phan Thiết,CLEAN,canonical,,CLEAN,exact_name|category|street|name_area|lang_vi,osm:node/5059825325,osm:node/5059825325,explicit_area_cross_region,accepted,search20-stage1-query-variants@1
g150-128,g150-128-v2,Ca phe Tuong Vy Nguyen Tat Thanh Phan Thiet,Cà phê Tường Vy Nguyễn Tất Thành Phan Thiết,ORTHOGRAPHIC_IME,strip_diacritics,,SINGLE,partial|category|street|name_area|typo|lang_vi,osm:node/5059825325,osm:node/5059825325,explicit_area_cross_region,accepted,search20-stage1-query-variants@1
g150-128,g150-128-v3,Quán Tường Vy 06 Nguyễn Tất Thành,Cà phê Tường Vy Nguyễn Tất Thành Phan Thiết,ALIAS,name_address,,CLEAN,name_address|category|name_area|lang_vi,osm:node/5059825325,osm:node/5059825325,explicit_area_cross_region,accepted,search20-stage1-query-variants@1
g150-128,g150-128-v4,Tường Vy Cà phê Nguyễn Tất Thành Phan Thiết,Cà phê Tường Vy Nguyễn Tất Thành Phan Thiết,STRUCTURAL,token_order_variant,,CLEAN,short_name|category|street|name_area|lang_vi,osm:node/5059825325,osm:node/5059825325,explicit_area_cross_region,accepted,search20-stage1-query-variants@1
g150-128,g150-128-v5,Cà phê Tuowngf Vy Nguyễn Tất Thành Phan Thiết,Cà phê Tường Vy Nguyễn Tất Thành Phan Thiết,ORTHOGRAPHIC_IME,telex_leftover,telex_vowel_marker,SINGLE,partial|category|street|name_area|typo|lang_vi,osm:node/5059825325,osm:node/5059825325,explicit_area_cross_region,accepted,search20-stage1-query-variants@1
g150-128,g150-128-v6,Cà phê Tường Vy Nguyễn Tát Thành Phan Thiết,Cà phê Tường Vy Nguyễn Tất Thành Phan Thiết,ORTHOGRAPHIC_IME,tone_confuse,,SINGLE,partial|category|street|name_area|typo|lang_vi,osm:node/5059825325,osm:node/5059825325,explicit_area_cross_region,accepted,search20-stage1-query-variants@1
g150-129,g150-129-v1,Trạm sạc Vinfast Xương Giang Bắc Giang,Trạm sạc Vinfast Xương Giang Bắc Giang,CLEAN,canonical,,CLEAN,exact_name|brand|street|name_area|lang_vi,osm:node/13394495901,osm:node/13394495901,explicit_area_cross_region,accepted,search20-stage1-query-variants@1
g150-129,g150-129-v2,Tram sac Vinfast Xuong Giang Bac Giang,Trạm sạc Vinfast Xương Giang Bắc Giang,ORTHOGRAPHIC_IME,strip_diacritics,,SINGLE,partial|brand|street|name_area|typo|lang_vi,osm:node/13394495901,osm:node/13394495901,explicit_area_cross_region,accepted,search20-stage1-query-variants@1
g150-129,g150-129-v3,Trạm sạc điện Vinfast 1A Xương Giang,Trạm sạc Vinfast Xương Giang Bắc Giang,ALIAS,name_address,,CLEAN,name_address|brand|name_area|lang_vi,osm:node/13394495901,osm:node/13394495901,explicit_area_cross_region,accepted,search20-stage1-query-variants@1
g150-129,g150-129-v4,Trạm sạc Vinfast Bắc Ninh,Trạm sạc Vinfast Xương Giang Bắc Giang,ALIAS,name_area,,CLEAN,name_area|brand|street|lang_vi,osm:node/13394495901,osm:node/13394495901,explicit_area_cross_region,accepted,search20-stage1-query-variants@1
g150-129,g150-129-v5,Trạm sạc Vinfast Xuowng Giang Bắc Giang,Trạm sạc Vinfast Xương Giang Bắc Giang,ORTHOGRAPHIC_IME,telex_leftover,telex_vowel_marker,SINGLE,partial|brand|street|name_area|typo|lang_vi,osm:node/13394495901,osm:node/13394495901,explicit_area_cross_region,accepted,search20-stage1-query-variants@1
g150-129,g150-129-v6,Trạm sạc Vinfast Sương Giang Bắc Giang,Trạm sạc Vinfast Xương Giang Bắc Giang,PHONOLOGICAL,phonological_confusion,,SINGLE,partial|brand|street|name_area|typo|lang_vi,osm:node/13394495901,osm:node/13394495901,explicit_area_cross_region,accepted,search20-stage1-query-variants@1
g150-130,g150-130-v1,Quán ăn Thanh Thảo Huỳnh Thúc Kháng Mũi Né,Quán ăn Thanh Thảo Huỳnh Thúc Kháng Mũi Né,CLEAN,canonical,,CLEAN,exact_name|category|street|name_area|lang_vi,osm:node/5078206191,osm:node/5078206191,explicit_area_cross_region,accepted,search20-stage1-query-variants@1
g150-130,g150-130-v2,Quan an Thanh Thao Huynh Thuc Khang Mui Ne,Quán ăn Thanh Thảo Huỳnh Thúc Kháng Mũi Né,ORTHOGRAPHIC_IME,strip_diacritics,,SINGLE,partial|category|street|name_area|typo|lang_vi,osm:node/5078206191,osm:node/5078206191,explicit_area_cross_region,accepted,search20-stage1-query-variants@1
g150-130,g150-130-v3,Hải sản Thanh Thảo 170A Huỳnh Thúc Kháng,Quán ăn Thanh Thảo Huỳnh Thúc Kháng Mũi Né,ALIAS,name_address,,CLEAN,name_address|category|name_area|lang_vi,osm:node/5078206191,osm:node/5078206191,explicit_area_cross_region,accepted,search20-stage1-query-variants@1
g150-130,g150-130-v4,Thanh Thảo Quán ăn Huỳnh Thúc Kháng Mũi Né,Quán ăn Thanh Thảo Huỳnh Thúc Kháng Mũi Né,STRUCTURAL,token_order_variant,,CLEAN,short_name|category|street|name_area|lang_vi,osm:node/5078206191,osm:node/5078206191,explicit_area_cross_region,accepted,search20-stage1-query-variants@1
g150-130,g150-130-v5,Quán ăn Thanh Thaoả Huỳnh Thúc Kháng Mũi Né,Quán ăn Thanh Thảo Huỳnh Thúc Kháng Mũi Né,ORTHOGRAPHIC_IME,telex_leftover,telex_tone_marker,SINGLE,partial|category|street|name_area|typo|lang_vi,osm:node/5078206191,osm:node/5078206191,explicit_area_cross_region,accepted,search20-stage1-query-variants@1
g150-130,g150-130-v6,Quán ăn Thanh Thảo Huỳnj Thúc Kháng Mũi Né,Quán ăn Thanh Thảo Huỳnh Thúc Kháng Mũi Né,MECHANICAL_TYPO,adjacent_key,,SINGLE,partial|category|street|name_area|typo|lang_vi,osm:node/5078206191,osm:node/5078206191,explicit_area_cross_region,accepted,search20-stage1-query-variants@1
g150-131,g150-131-v1,TH True Mart Nguyễn Gia Thiều Bắc Ninh,TH True Mart Nguyễn Gia Thiều Bắc Ninh,CLEAN,canonical,,CLEAN,exact_name|brand|street|name_area|lang_mixed,osm:node/13910038145,osm:node/13910038145,explicit_area_cross_region,accepted,search20-stage1-query-variants@1
g150-131,g150-131-v2,TH True Mart Nguyen Gia Thieu Bac Ninh,TH True Mart Nguyễn Gia Thiều Bắc Ninh,ORTHOGRAPHIC_IME,strip_diacritics,,SINGLE,partial|brand|street|name_area|typo|lang_mixed,osm:node/13910038145,osm:node/13910038145,explicit_area_cross_region,accepted,search20-stage1-query-variants@1
g150-131,g150-131-v3,Cửa hàng TH True Mart 119 Nguyễn Gia Thiều,TH True Mart Nguyễn Gia Thiều Bắc Ninh,ALIAS,name_address,,CLEAN,name_address|brand|name_area|lang_mixed,osm:node/13910038145,osm:node/13910038145,explicit_area_cross_region,accepted,search20-stage1-query-variants@1
g150-131,g150-131-v4,TH True Milk Kinh Bắc,TH True Mart Nguyễn Gia Thiều Bắc Ninh,ALIAS,name_area,,CLEAN,name_area|brand|street|lang_mixed,osm:node/13910038145,osm:node/13910038145,explicit_area_cross_region,accepted,search20-stage1-query-variants@1
g150-131,g150-131-v5,TH True Mart Nguyễn Gia Thieeuf Bắc Ninh,TH True Mart Nguyễn Gia Thiều Bắc Ninh,ORTHOGRAPHIC_IME,telex_leftover,telex_vowel_marker,SINGLE,partial|brand|street|name_area|typo|lang_mixed,osm:node/13910038145,osm:node/13910038145,explicit_area_cross_region,accepted,search20-stage1-query-variants@1
g150-131,g150-131-v6,TH True Mart Nguyễn Da Thiều Bắc Ninh,TH True Mart Nguyễn Gia Thiều Bắc Ninh,PHONOLOGICAL,phonological_confusion,,SINGLE,partial|brand|street|name_area|typo|lang_mixed,osm:node/13910038145,osm:node/13910038145,explicit_area_cross_region,accepted,search20-stage1-query-variants@1
g150-132,g150-132-v1,Cửa hàng Tuấn Thảo Nguyễn Đình Chiểu Mũi Né,Cửa hàng Tuấn Thảo Nguyễn Đình Chiểu Mũi Né,CLEAN,canonical,,CLEAN,exact_name|category|street|name_area|lang_vi,osm:node/5118696521,osm:node/5118696521,explicit_area_cross_region,accepted,search20-stage1-query-variants@1
g150-132,g150-132-v2,Cua hang Tuan Thao Nguyen Dinh Chieu Mui Ne,Cửa hàng Tuấn Thảo Nguyễn Đình Chiểu Mũi Né,ORTHOGRAPHIC_IME,strip_diacritics,,SINGLE,partial|category|street|name_area|typo|lang_vi,osm:node/5118696521,osm:node/5118696521,explicit_area_cross_region,accepted,search20-stage1-query-variants@1
g150-132,g150-132-v3,Tạp hóa Tuấn Thảo 45D Nguyễn Đình Chiểu,Cửa hàng Tuấn Thảo Nguyễn Đình Chiểu Mũi Né,ALIAS,name_address,,CLEAN,name_address|category|name_area|lang_vi,osm:node/5118696521,osm:node/5118696521,explicit_area_cross_region,accepted,search20-stage1-query-variants@1
g150-132,g150-132-v4,Cửa hàng Tuấn Thảo Hàm Tiến Phan Thiết,Cửa hàng Tuấn Thảo Nguyễn Đình Chiểu Mũi Né,ALIAS,name_area,,CLEAN,name_area|category|street|lang_vi,osm:node/5118696521,osm:node/5118696521,explicit_area_cross_region,accepted,search20-stage1-query-variants@1
g150-132,g150-132-v5,Cửa hàng Tuaans Thảo Nguyễn Đình Chiểu Mũi Né,Cửa hàng Tuấn Thảo Nguyễn Đình Chiểu Mũi Né,ORTHOGRAPHIC_IME,telex_leftover,telex_vowel_marker,SINGLE,partial|category|street|name_area|typo|lang_vi,osm:node/5118696521,osm:node/5118696521,explicit_area_cross_region,accepted,search20-stage1-query-variants@1
g150-132,g150-132-v6,Cửa hàng Tuấn Thảo Nguyễn Đình Triểu Mũi Né,Cửa hàng Tuấn Thảo Nguyễn Đình Chiểu Mũi Né,PHONOLOGICAL,phonological_confusion,,SINGLE,partial|category|street|name_area|typo|lang_vi,osm:node/5118696521,osm:node/5118696521,explicit_area_cross_region,accepted,search20-stage1-query-variants@1
g150-133,g150-133-v1,Bến xe Biên Hòa Nguyễn Ái Quốc,Bến xe Biên Hòa Nguyễn Ái Quốc,CLEAN,canonical,,CLEAN,exact_name|landmark|street|lang_vi,osm:way/970251629,osm:way/970251629,code_transit_landmark,accepted,search20-stage1-query-variants@1
g150-133,g150-133-v2,Ben xe Bien Hoa Nguyen Ai Quoc,Bến xe Biên Hòa Nguyễn Ái Quốc,ORTHOGRAPHIC_IME,strip_diacritics,,SINGLE,partial|landmark|street|typo|lang_vi,osm:way/970251629,osm:way/970251629,code_transit_landmark,accepted,search20-stage1-query-variants@1
g150-133,g150-133-v3,Bến xe Biên Hoà Nguyễn Ái Quốc,Bến xe Biên Hòa Nguyễn Ái Quốc,ORTHOGRAPHIC_IME,partial_diacritics,,SINGLE,partial|landmark|street|typo|lang_vi,osm:way/970251629,osm:way/970251629,code_transit_landmark,accepted,search20-stage1-query-variants@1
g150-133,g150-133-v4,BX Biên Hòa,Bến xe Biên Hòa Nguyễn Ái Quốc,ALIAS,abbreviation,,CLEAN,abbreviation|landmark|street|lang_vi,osm:way/970251629,osm:way/970251629,code_transit_landmark,accepted,search20-stage1-query-variants@1
g150-133,g150-133-v5,Bến xee Biên Hòa Nguyễn Ái Quốc,Bến xe Biên Hòa Nguyễn Ái Quốc,ORTHOGRAPHIC_IME,telex_leftover,telex_vowel_marker,SINGLE,partial|landmark|street|typo|lang_vi,osm:way/970251629,osm:way/970251629,code_transit_landmark,accepted,search20-stage1-query-variants@1
g150-133,g150-133-v6,Bến se Biên Hòa Nguyễn Ái Quốc,Bến xe Biên Hòa Nguyễn Ái Quốc,PHONOLOGICAL,phonological_confusion,,SINGLE,partial|landmark|street|typo|lang_vi,osm:way/970251629,osm:way/970251629,code_transit_landmark,accepted,search20-stage1-query-variants@1
g150-134,g150-134-v1,Bến xe Thành Bưởi Lữ Gia Đà Lạt,Bến xe Thành Bưởi Lữ Gia Đà Lạt,CLEAN,canonical,,CLEAN,exact_name|landmark|street|name_area|lang_vi,osm:node/3893537788,osm:node/3893537788,code_transit_landmark,accepted,search20-stage1-query-variants@1
g150-134,g150-134-v2,Ben xe Thanh Buoi Lu Gia Da Lat,Bến xe Thành Bưởi Lữ Gia Đà Lạt,ORTHOGRAPHIC_IME,strip_diacritics,,SINGLE,partial|landmark|street|name_area|typo|lang_vi,osm:node/3893537788,osm:node/3893537788,code_transit_landmark,accepted,search20-stage1-query-variants@1
g150-134,g150-134-v3,Nhà xe Thành Bưởi Lữ Gia,Bến xe Thành Bưởi Lữ Gia Đà Lạt,ALIAS,short_name,,CLEAN,short_name|landmark|street|name_area|lang_vi,osm:node/3893537788,osm:node/3893537788,code_transit_landmark,accepted,search20-stage1-query-variants@1
g150-134,g150-134-v4,Bến xe Thành Bưởi Phường 9 Đà Lạt,Bến xe Thành Bưởi Lữ Gia Đà Lạt,ALIAS,name_area,,CLEAN,name_area|landmark|street|lang_vi,osm:node/3893537788,osm:node/3893537788,code_transit_landmark,accepted,search20-stage1-query-variants@1
g150-134,g150-134-v5,Bến xe Thành Buowir Lữ Gia Đà Lạt,Bến xe Thành Bưởi Lữ Gia Đà Lạt,ORTHOGRAPHIC_IME,telex_leftover,telex_vowel_marker,SINGLE,partial|landmark|street|name_area|typo|lang_vi,osm:node/3893537788,osm:node/3893537788,code_transit_landmark,accepted,search20-stage1-query-variants@1
g150-134,g150-134-v6,Bến xe Thành Bưởi Lữ Gis Đà Lạt,Bến xe Thành Bưởi Lữ Gia Đà Lạt,MECHANICAL_TYPO,adjacent_key,,SINGLE,partial|landmark|street|name_area|typo|lang_vi,osm:node/3893537788,osm:node/3893537788,code_transit_landmark,accepted,search20-stage1-query-variants@1
g150-135,g150-135-v1,Đình Hà Liễu Tôn Thất Thuyết Bắc Ninh,Đình Hà Liễu Tôn Thất Thuyết Bắc Ninh,CLEAN,canonical,,CLEAN,exact_name|landmark|street|name_area|lang_vi,osm:way/1327195096,osm:way/1327195096,code_transit_landmark,accepted,search20-stage1-query-variants@1
g150-135,g150-135-v2,Dinh Ha Lieu Ton That Thuyet Bac Ninh,Đình Hà Liễu Tôn Thất Thuyết Bắc Ninh,ORTHOGRAPHIC_IME,strip_diacritics,,SINGLE,partial|landmark|street|name_area|typo|lang_vi,osm:way/1327195096,osm:way/1327195096,code_transit_landmark,accepted,search20-stage1-query-variants@1
g150-135,g150-135-v3,Đình làng Hà Liễu Phương Liễu,Đình Hà Liễu Tôn Thất Thuyết Bắc Ninh,ALIAS,name_area,,CLEAN,name_area|landmark|street|lang_vi,osm:way/1327195096,osm:way/1327195096,code_transit_landmark,accepted,search20-stage1-query-variants@1
g150-135,g150-135-v4,Đình Hà Liễu Quế Võ,Đình Hà Liễu Tôn Thất Thuyết Bắc Ninh,ALIAS,name_area,,CLEAN,name_area|landmark|street|lang_vi,osm:way/1327195096,osm:way/1327195096,code_transit_landmark,accepted,search20-stage1-query-variants@1
g150-135,g150-135-v5,Đình Hà Lieeux Tôn Thất Thuyết Bắc Ninh,Đình Hà Liễu Tôn Thất Thuyết Bắc Ninh,ORTHOGRAPHIC_IME,telex_leftover,telex_vowel_marker,SINGLE,partial|landmark|street|name_area|typo|lang_vi,osm:way/1327195096,osm:way/1327195096,code_transit_landmark,accepted,search20-stage1-query-variants@1
g150-135,g150-135-v6,Đình Hà Niễu Tôn Thất Thuyết Bắc Ninh,Đình Hà Liễu Tôn Thất Thuyết Bắc Ninh,PHONOLOGICAL,phonological_confusion,,SINGLE,partial|landmark|street|name_area|typo|lang_vi,osm:way/1327195096,osm:way/1327195096,code_transit_landmark,accepted,search20-stage1-query-variants@1
g150-136,g150-136-v1,Bến xe Bờ Kè Hàm Tiến Mũi Né,Bến xe Bờ Kè Hàm Tiến Mũi Né,CLEAN,canonical,,CLEAN,exact_name|landmark|street|name_area|lang_vi,osm:node/5512213573,osm:node/5512213573,code_transit_landmark,accepted,search20-stage1-query-variants@1
g150-136,g150-136-v2,Ben xe Bo Ke Ham Tien Mui Ne,Bến xe Bờ Kè Hàm Tiến Mũi Né,ORTHOGRAPHIC_IME,strip_diacritics,,SINGLE,partial|landmark|street|name_area|typo|lang_vi,osm:node/5512213573,osm:node/5512213573,code_transit_landmark,accepted,search20-stage1-query-variants@1
g150-136,g150-136-v3,Trạm xe Bờ Kè Mũi Né,Bến xe Bờ Kè Hàm Tiến Mũi Né,ALIAS,short_name,,CLEAN,short_name|landmark|street|name_area|lang_vi,osm:node/5512213573,osm:node/5512213573,code_transit_landmark,accepted,search20-stage1-query-variants@1
g150-136,g150-136-v4,Trung tâm Bờ Kè Nguyễn Đình Chiểu Phan Thiết,Bến xe Bờ Kè Hàm Tiến Mũi Né,ALIAS,name_address,,CLEAN,name_address|landmark|name_area|lang_vi,osm:node/5512213573,osm:node/5512213573,code_transit_landmark,accepted,search20-stage1-query-variants@1
g150-136,g150-136-v5,Bến xe Bờ Keff Hàm Tiến Mũi Né,Bến xe Bờ Kè Hàm Tiến Mũi Né,ORTHOGRAPHIC_IME,telex_leftover,telex_tone_marker,SINGLE,partial|landmark|street|name_area|typo|lang_vi,osm:node/5512213573,osm:node/5512213573,code_transit_landmark,accepted,search20-stage1-query-variants@1
g150-136,g150-136-v6,Bến xe Bờ Kè Hsm Tiến Mũi Né,Bến xe Bờ Kè Hàm Tiến Mũi Né,MECHANICAL_TYPO,adjacent_key,,SINGLE,partial|landmark|street|name_area|typo|lang_vi,osm:node/5512213573,osm:node/5512213573,code_transit_landmark,accepted,search20-stage1-query-variants@1
g150-137,g150-137-v1,Đình làng Hữu Chấp Kinh Bắc Bắc Ninh,Đình làng Hữu Chấp Kinh Bắc Bắc Ninh,CLEAN,canonical,,CLEAN,exact_name|landmark|name_area|lang_vi,osm:way/1416432466,osm:way/1416432466,code_transit_landmark,accepted,search20-stage1-query-variants@1
g150-137,g150-137-v2,Dinh lang Huu Chap Kinh Bac Bac Ninh,Đình làng Hữu Chấp Kinh Bắc Bắc Ninh,ORTHOGRAPHIC_IME,strip_diacritics,,SINGLE,partial|landmark|name_area|typo|lang_vi,osm:way/1416432466,osm:way/1416432466,code_transit_landmark,accepted,search20-stage1-query-variants@1
g150-137,g150-137-v3,Đình Hữu Chấp Đường Hữu Chấp,Đình làng Hữu Chấp Kinh Bắc Bắc Ninh,ALIAS,name_address,,CLEAN,name_address|landmark|name_area|lang_vi,osm:way/1416432466,osm:way/1416432466,code_transit_landmark,accepted,search20-stage1-query-variants@1
g150-137,g150-137-v4,Đình làng Hữu Chấp Thành phố Bắc Ninh,Đình làng Hữu Chấp Kinh Bắc Bắc Ninh,ALIAS,name_area,,CLEAN,name_area|landmark|lang_vi,osm:way/1416432466,osm:way/1416432466,code_transit_landmark,accepted,search20-stage1-query-variants@1
g150-137,g150-137-v5,Đình làng Hữu Chaaps Kinh Bắc Bắc Ninh,Đình làng Hữu Chấp Kinh Bắc Bắc Ninh,ORTHOGRAPHIC_IME,telex_leftover,telex_vowel_marker,SINGLE,partial|landmark|name_area|typo|lang_vi,osm:way/1416432466,osm:way/1416432466,code_transit_landmark,accepted,search20-stage1-query-variants@1
g150-137,g150-137-v6,Đình làng Hữu Trấp Kinh Bắc Bắc Ninh,Đình làng Hữu Chấp Kinh Bắc Bắc Ninh,PHONOLOGICAL,phonological_confusion,,SINGLE,partial|landmark|name_area|typo|lang_vi,osm:way/1416432466,osm:way/1416432466,code_transit_landmark,accepted,search20-stage1-query-variants@1
g150-138,g150-138-v1,Dinh III Bảo Đại Triệu Việt Vương Đà Lạt,Dinh III Bảo Đại Triệu Việt Vương Đà Lạt,CLEAN,canonical,,CLEAN,exact_name|landmark|street|name_area|lang_vi,osm:node/5274759821,osm:node/5274759821,code_transit_landmark,accepted,search20-stage1-query-variants@1
g150-138,g150-138-v2,Dinh III Bao Dai Trieu Viet Vuong Da Lat,Dinh III Bảo Đại Triệu Việt Vương Đà Lạt,ORTHOGRAPHIC_IME,strip_diacritics,,SINGLE,partial|landmark|street|name_area|typo|lang_vi,osm:node/5274759821,osm:node/5274759821,code_transit_landmark,accepted,search20-stage1-query-variants@1
g150-138,g150-138-v3,Dinh 3 Bảo Đại Đà Lạt,Dinh III Bảo Đại Triệu Việt Vương Đà Lạt,ALIAS,short_name,,CLEAN,short_name|landmark|street|name_area|lang_vi,osm:node/5274759821,osm:node/5274759821,code_transit_landmark,accepted,search20-stage1-query-variants@1
g150-138,g150-138-v4,Biệt điện Dinh III Bảo Đại,Dinh III Bảo Đại Triệu Việt Vương Đà Lạt,ALIAS,short_name,,CLEAN,short_name|landmark|street|name_area|lang_vi,osm:node/5274759821,osm:node/5274759821,code_transit_landmark,accepted,search20-stage1-query-variants@1
g150-138,g150-138-v5,Dinh III Bảo Ddaaij Triệu Việt Vương Đà Lạt,Dinh III Bảo Đại Triệu Việt Vương Đà Lạt,ORTHOGRAPHIC_IME,telex_leftover,telex_dd,SINGLE,partial|landmark|street|name_area|typo|lang_vi,osm:node/5274759821,osm:node/5274759821,code_transit_landmark,accepted,search20-stage1-query-variants@1
g150-138,g150-138-v6,Dinh III Bảo Đại Chiệu Việt Vương Đà Lạt,Dinh III Bảo Đại Triệu Việt Vương Đà Lạt,PHONOLOGICAL,phonological_confusion,,SINGLE,partial|landmark|street|name_area|typo|lang_vi,osm:node/5274759821,osm:node/5274759821,code_transit_landmark,accepted,search20-stage1-query-variants@1
g150-139,g150-139-v1,Đình Y Na Âu Cơ Kinh Bắc Bắc Ninh,Đình Y Na Âu Cơ Kinh Bắc Bắc Ninh,CLEAN,canonical,,CLEAN,exact_name|landmark|street|name_area|lang_vi,osm:way/1415901265,osm:way/1415901265,code_transit_landmark,accepted,search20-stage1-query-variants@1
g150-139,g150-139-v2,Dinh Y Na Au Co Kinh Bac Bac Ninh,Đình Y Na Âu Cơ Kinh Bắc Bắc Ninh,ORTHOGRAPHIC_IME,strip_diacritics,,SINGLE,partial|landmark|street|name_area|typo|lang_vi,osm:way/1415901265,osm:way/1415901265,code_transit_landmark,accepted,search20-stage1-query-variants@1
g150-139,g150-139-v3,Đình làng Y Na 59 Âu Cơ,Đình Y Na Âu Cơ Kinh Bắc Bắc Ninh,ALIAS,name_address,,CLEAN,name_address|landmark|name_area|lang_vi,osm:way/1415901265,osm:way/1415901265,code_transit_landmark,accepted,search20-stage1-query-variants@1
g150-139,g150-139-v4,Đình Y Na Tiền An Bắc Ninh,Đình Y Na Âu Cơ Kinh Bắc Bắc Ninh,ALIAS,name_area,,CLEAN,name_area|landmark|street|lang_vi,osm:way/1415901265,osm:way/1415901265,code_transit_landmark,accepted,search20-stage1-query-variants@1
g150-139,g150-139-v5,Đình Y Na Aau Cơ Kinh Bắc Bắc Ninh,Đình Y Na Âu Cơ Kinh Bắc Bắc Ninh,ORTHOGRAPHIC_IME,telex_leftover,telex_vowel_marker,SINGLE,partial|landmark|street|name_area|typo|lang_vi,osm:way/1415901265,osm:way/1415901265,code_transit_landmark,accepted,search20-stage1-query-variants@1
g150-139,g150-139-v6,Đình Y La Âu Cơ Kinh Bắc Bắc Ninh,Đình Y Na Âu Cơ Kinh Bắc Bắc Ninh,PHONOLOGICAL,phonological_confusion,,SINGLE,partial|landmark|street|name_area|typo|lang_vi,osm:way/1415901265,osm:way/1415901265,code_transit_landmark,accepted,search20-stage1-query-variants@1
g150-140,g150-140-v1,Bến xe Hạnh Cafe Phong Châu Nha Trang,Bến xe Hạnh Cafe Phong Châu Nha Trang,CLEAN,canonical,,CLEAN,exact_name|landmark|street|name_area|lang_mixed,osm:node/7145856392,osm:node/7145856392,code_transit_landmark,accepted,search20-stage1-query-variants@1
g150-140,g150-140-v2,Ben xe Hanh Cafe Phong Chau Nha Trang,Bến xe Hạnh Cafe Phong Châu Nha Trang,ORTHOGRAPHIC_IME,strip_diacritics,,SINGLE,partial|landmark|street|name_area|typo|lang_mixed,osm:node/7145856392,osm:node/7145856392,code_transit_landmark,accepted,search20-stage1-query-variants@1
g150-140,g150-140-v3,Nhà xe Hạnh Cafe 108 Phong Châu,Bến xe Hạnh Cafe Phong Châu Nha Trang,ALIAS,name_address,,CLEAN,name_address|landmark|name_area|lang_mixed,osm:node/7145856392,osm:node/7145856392,code_transit_landmark,accepted,search20-stage1-query-variants@1
g150-140,g150-140-v4,Hanh cafe bus Nha Trang Khánh Hòa,Bến xe Hạnh Cafe Phong Châu Nha Trang,ALIAS,name_area,,CLEAN,name_area|landmark|street|lang_mixed,osm:node/7145856392,osm:node/7145856392,code_transit_landmark,accepted,search20-stage1-query-variants@1
g150-140,g150-140-v5,Bến xe Hạnh Cafe Phong Chaau Nha Trang,Bến xe Hạnh Cafe Phong Châu Nha Trang,ORTHOGRAPHIC_IME,telex_leftover,telex_vowel_marker,SINGLE,partial|landmark|street|name_area|typo|lang_mixed,osm:node/7145856392,osm:node/7145856392,code_transit_landmark,accepted,search20-stage1-query-variants@1
g150-140,g150-140-v6,Bến xe Hạnh Cafe Phong Châu Nha Chang,Bến xe Hạnh Cafe Phong Châu Nha Trang,PHONOLOGICAL,phonological_confusion,,SINGLE,partial|landmark|street|name_area|typo|lang_mixed,osm:node/7145856392,osm:node/7145856392,code_transit_landmark,accepted,search20-stage1-query-variants@1
g150-141,g150-141-v1,Chùa Báo Quốc Đường Bảo Quốc Huế,Chùa Báo Quốc Đường Bảo Quốc Huế,CLEAN,canonical,,CLEAN,exact_name|landmark|street|name_area|lang_vi,osm:way/1170979640,osm:way/1170979640,code_transit_landmark,accepted,search20-stage1-query-variants@1
g150-141,g150-141-v2,Chua Bao Quoc Duong Bao Quoc Hue,Chùa Báo Quốc Đường Bảo Quốc Huế,ORTHOGRAPHIC_IME,strip_diacritics,,SINGLE,partial|landmark|street|name_area|typo|lang_vi,osm:way/1170979640,osm:way/1170979640,code_transit_landmark,accepted,search20-stage1-query-variants@1
g150-141,g150-141-v3,Chùa Báo Quốc Đ. Bảo Quốc Huế,Chùa Báo Quốc Đường Bảo Quốc Huế,ALIAS,abbreviation,,CLEAN,abbreviation|landmark|street|name_area|lang_vi,osm:way/1170979640,osm:way/1170979640,code_transit_landmark,accepted,search20-stage1-query-variants@1
g150-141,g150-141-v4,Chùa Báo Quốc 17 Bảo Quốc,Chùa Báo Quốc Đường Bảo Quốc Huế,ALIAS,name_address,,CLEAN,name_address|landmark|name_area|lang_vi,osm:way/1170979640,osm:way/1170979640,code_transit_landmark,accepted,search20-stage1-query-variants@1
g150-141,g150-141-v5,Chùa Báo Quoocs Đường Bảo Quốc Huế,Chùa Báo Quốc Đường Bảo Quốc Huế,ORTHOGRAPHIC_IME,telex_leftover,telex_vowel_marker,SINGLE,partial|landmark|street|name_area|typo|lang_vi,osm:way/1170979640,osm:way/1170979640,code_transit_landmark,accepted,search20-stage1-query-variants@1
g150-141,g150-141-v6,Chùa Báo Qốuc Đường Bảo Quốc Huế,Chùa Báo Quốc Đường Bảo Quốc Huế,MECHANICAL_TYPO,char_transpose,,SINGLE,partial|landmark|street|name_area|typo|lang_vi,osm:way/1170979640,osm:way/1170979640,code_transit_landmark,accepted,search20-stage1-query-variants@1
g150-142,g150-142-v1,Văn phòng Phương Trang Nha Trang Trần Hưng Đạo,Văn phòng Phương Trang Nha Trang Trần Hưng Đạo,CLEAN,canonical,,CLEAN,exact_name|landmark|street|name_area|lang_vi,osm:node/7055899785,osm:node/7055899785,code_transit_landmark,accepted,search20-stage1-query-variants@1
g150-142,g150-142-v2,Van phong Phuong Trang Nha Trang Tran Hung Dao,Văn phòng Phương Trang Nha Trang Trần Hưng Đạo,ORTHOGRAPHIC_IME,strip_diacritics,,SINGLE,partial|landmark|street|name_area|typo|lang_vi,osm:node/7055899785,osm:node/7055899785,code_transit_landmark,accepted,search20-stage1-query-variants@1
g150-142,g150-142-v3,Phuong Nam Express Office 14 Trần Hưng Đạo,Văn phòng Phương Trang Nha Trang Trần Hưng Đạo,ALIAS,name_address,,CLEAN,name_address|landmark|name_area|lang_vi,osm:node/7055899785,osm:node/7055899785,code_transit_landmark,accepted,search20-stage1-query-variants@1
g150-142,g150-142-v4,Bến xe Phương Nam Nha Trang,Văn phòng Phương Trang Nha Trang Trần Hưng Đạo,ALIAS,short_name,,CLEAN,short_name|landmark|street|name_area|lang_vi,osm:node/7055899785,osm:node/7055899785,code_transit_landmark,accepted,search20-stage1-query-variants@1
g150-142,g150-142-v5,Văn phòng Phương Trang Nha Trang Traanf Hưng Đạo,Văn phòng Phương Trang Nha Trang Trần Hưng Đạo,ORTHOGRAPHIC_IME,telex_leftover,telex_vowel_marker,SINGLE,partial|landmark|street|name_area|typo|lang_vi,osm:node/7055899785,osm:node/7055899785,code_transit_landmark,accepted,search20-stage1-query-variants@1
g150-142,g150-142-v6,Văn phòng Phương Chang Nha Trang Trần Hưng Đạo,Văn phòng Phương Trang Nha Trang Trần Hưng Đạo,PHONOLOGICAL,phonological_confusion,,SINGLE,partial|landmark|street|name_area|typo|lang_vi,osm:node/7055899785,osm:node/7055899785,code_transit_landmark,accepted,search20-stage1-query-variants@1
g150-143,g150-143-v1,Nhà Dát Vàng Cần Thơ Đường số 6 Tân An,Nhà Dát Vàng Cần Thơ Đường số 6 Tân An,CLEAN,canonical,,CLEAN,exact_name|landmark|street|name_area|lang_vi,osm:way/1227132982,osm:way/1227132982,code_transit_landmark,accepted,search20-stage1-query-variants@1
g150-143,g150-143-v2,Nha Dat Vang Can Tho Duong so 6 Tan An,Nhà Dát Vàng Cần Thơ Đường số 6 Tân An,ORTHOGRAPHIC_IME,strip_diacritics,,SINGLE,partial|landmark|street|name_area|typo|lang_vi,osm:way/1227132982,osm:way/1227132982,code_transit_landmark,accepted,search20-stage1-query-variants@1
g150-143,g150-143-v3,Điểm tham quan Nhà Dát Vàng Cần Thơ,Nhà Dát Vàng Cần Thơ Đường số 6 Tân An,ALIAS,short_name,,CLEAN,short_name|landmark|street|name_area|lang_vi,osm:way/1227132982,osm:way/1227132982,code_transit_landmark,accepted,search20-stage1-query-variants@1
g150-143,g150-143-v4,Nhà Dát Vàng Cần Thơ Đ. số 6 Tân An,Nhà Dát Vàng Cần Thơ Đường số 6 Tân An,ALIAS,abbreviation,,CLEAN,abbreviation|landmark|street|name_area|lang_vi,osm:way/1227132982,osm:way/1227132982,code_transit_landmark,accepted,search20-stage1-query-variants@1
g150-143,g150-143-v5,Nhà Ddaast Vàng Cần Thơ Đường số 6 Tân An,Nhà Dát Vàng Cần Thơ Đường số 6 Tân An,ORTHOGRAPHIC_IME,telex_leftover,telex_dd,SINGLE,partial|landmark|street|name_area|typo|lang_vi,osm:way/1227132982,osm:way/1227132982,code_transit_landmark,accepted,search20-stage1-query-variants@1
g150-143,g150-143-v6,Nhà Dát Vàng Cần Thơ Đường xố 6 Tân An,Nhà Dát Vàng Cần Thơ Đường số 6 Tân An,PHONOLOGICAL,phonological_confusion,,SINGLE,partial|landmark|street|name_area|typo|lang_vi,osm:way/1227132982,osm:way/1227132982,code_transit_landmark,accepted,search20-stage1-query-variants@1
g150-144,g150-144-v1,Bến xe Cam Ranh Lê Duẩn,Bến xe Cam Ranh Lê Duẩn,CLEAN,canonical,,CLEAN,exact_name|landmark|street|lang_vi,osm:way/1408821725,osm:way/1408821725,code_transit_landmark,accepted,search20-stage1-query-variants@1
g150-144,g150-144-v2,Ben xe Cam Ranh Le Duan,Bến xe Cam Ranh Lê Duẩn,ORTHOGRAPHIC_IME,strip_diacritics,,SINGLE,partial|landmark|street|typo|lang_vi,osm:way/1408821725,osm:way/1408821725,code_transit_landmark,accepted,search20-stage1-query-variants@1
g150-144,g150-144-v3,BX Cam Ranh Khánh Hòa,Bến xe Cam Ranh Lê Duẩn,ALIAS,abbreviation,,CLEAN,abbreviation|landmark|street|lang_vi,osm:way/1408821725,osm:way/1408821725,code_transit_landmark,accepted,search20-stage1-query-variants@1
g150-144,g150-144-v4,Bến xe khách Cam Ranh số 1 Lê Duẩn,Bến xe Cam Ranh Lê Duẩn,ALIAS,name_address,,CLEAN,name_address|landmark|lang_vi,osm:way/1408821725,osm:way/1408821725,code_transit_landmark,accepted,search20-stage1-query-variants@1
g150-144,g150-144-v5,Bến xe Cam Ranh Lee Duẩn,Bến xe Cam Ranh Lê Duẩn,ORTHOGRAPHIC_IME,telex_leftover,telex_vowel_marker,SINGLE,partial|landmark|street|typo|lang_vi,osm:way/1408821725,osm:way/1408821725,code_transit_landmark,accepted,search20-stage1-query-variants@1
g150-144,g150-144-v6,Bến xe Cam Ranh Lê Giuẩn,Bến xe Cam Ranh Lê Duẩn,PHONOLOGICAL,phonological_confusion,,SINGLE,partial|landmark|street|typo|lang_vi,osm:way/1408821725,osm:way/1408821725,code_transit_landmark,accepted,search20-stage1-query-variants@1
g150-145,g150-145-v1,Chùa Liên Trí Chơn Như QL51 Đồng Nai,Chùa Liên Trí Chơn Như QL51 Đồng Nai,CLEAN,canonical,,CLEAN,exact_name|landmark|street|name_area|lang_vi,osm:node/11244217845,osm:node/11244217845,code_transit_landmark,accepted,search20-stage1-query-variants@1
g150-145,g150-145-v2,Chua Lien Tri Chon Nhu QL51 Dong Nai,Chùa Liên Trí Chơn Như QL51 Đồng Nai,ORTHOGRAPHIC_IME,strip_diacritics,,SINGLE,partial|landmark|street|name_area|typo|lang_vi,osm:node/11244217845,osm:node/11244217845,code_transit_landmark,accepted,search20-stage1-query-variants@1
g150-145,g150-145-v3,Chùa Liên Trí Long Hưng,Chùa Liên Trí Chơn Như QL51 Đồng Nai,ALIAS,name_area,,CLEAN,name_area|landmark|street|lang_vi,osm:node/11244217845,osm:node/11244217845,code_transit_landmark,accepted,search20-stage1-query-variants@1
g150-145,g150-145-v4,Chùa Liên Trí Chơn Như 289 QL 51,Chùa Liên Trí Chơn Như QL51 Đồng Nai,ALIAS,name_address,,CLEAN,name_address|landmark|name_area|lang_vi,osm:node/11244217845,osm:node/11244217845,code_transit_landmark,accepted,search20-stage1-query-variants@1
g150-145,g150-145-v5,Chùa Lieen Trí Chơn Như QL51 Đồng Nai,Chùa Liên Trí Chơn Như QL51 Đồng Nai,ORTHOGRAPHIC_IME,telex_leftover,telex_vowel_marker,SINGLE,partial|landmark|street|name_area|typo|lang_vi,osm:node/11244217845,osm:node/11244217845,code_transit_landmark,accepted,search20-stage1-query-variants@1
g150-145,g150-145-v6,Chùa Liên Chí Chơn Như QL51 Đồng Nai,Chùa Liên Trí Chơn Như QL51 Đồng Nai,PHONOLOGICAL,phonological_confusion,,SINGLE,partial|landmark|street|name_area|typo|lang_vi,osm:node/11244217845,osm:node/11244217845,code_transit_landmark,accepted,search20-stage1-query-variants@1
g150-146,g150-146-v1,Bến Xe Liên Tỉnh Đà Lạt Tô Hiến Thành,Bến Xe Liên Tỉnh Đà Lạt Tô Hiến Thành,CLEAN,canonical,,CLEAN,exact_name|landmark|street|name_area|lang_vi,osm:node/1152317718,osm:node/1152317718,code_transit_landmark,accepted,search20-stage1-query-variants@1
g150-146,g150-146-v2,Ben Xe Lien Tinh Da Lat To Hien Thanh,Bến Xe Liên Tỉnh Đà Lạt Tô Hiến Thành,ORTHOGRAPHIC_IME,strip_diacritics,,SINGLE,partial|landmark|street|name_area|typo|lang_vi,osm:node/1152317718,osm:node/1152317718,code_transit_landmark,accepted,search20-stage1-query-variants@1
g150-146,g150-146-v3,Bến xe liên tỉnh Lâm Đồng,Bến Xe Liên Tỉnh Đà Lạt Tô Hiến Thành,ALIAS,name_area,,CLEAN,name_area|landmark|street|lang_vi,osm:node/1152317718,osm:node/1152317718,code_transit_landmark,accepted,search20-stage1-query-variants@1
g150-146,g150-146-v4,Bến xe Phương Trang Đà Lạt Tô Hiến Thành,Bến Xe Liên Tỉnh Đà Lạt Tô Hiến Thành,ALIAS,short_name,,CLEAN,short_name|landmark|street|name_area|lang_vi,osm:node/1152317718,osm:node/1152317718,code_transit_landmark,accepted,search20-stage1-query-variants@1
g150-146,g150-146-v5,Bến Xe Lieen Tỉnh Đà Lạt Tô Hiến Thành,Bến Xe Liên Tỉnh Đà Lạt Tô Hiến Thành,ORTHOGRAPHIC_IME,telex_leftover,telex_vowel_marker,SINGLE,partial|landmark|street|name_area|typo|lang_vi,osm:node/1152317718,osm:node/1152317718,code_transit_landmark,accepted,search20-stage1-query-variants@1
g150-146,g150-146-v6,Bến Xe Niên Tỉnh Đà Lạt Tô Hiến Thành,Bến Xe Liên Tỉnh Đà Lạt Tô Hiến Thành,PHONOLOGICAL,phonological_confusion,,SINGLE,partial|landmark|street|name_area|typo|lang_vi,osm:node/1152317718,osm:node/1152317718,code_transit_landmark,accepted,search20-stage1-query-variants@1
g150-147,g150-147-v1,Chè Cô Hương An Đà Hải Phòng,Chè Cô Hương An Đà Hải Phòng,CLEAN,canonical,,CLEAN,exact_name|category|street|name_area|lang_vi,osm:node/5938438385,osm:node/5938438385,code_transit_landmark,accepted,search20-stage1-query-variants@1
g150-147,g150-147-v2,Che Co Huong An Da Hai Phong,Chè Cô Hương An Đà Hải Phòng,ORTHOGRAPHIC_IME,strip_diacritics,,SINGLE,partial|category|street|name_area|typo|lang_vi,osm:node/5938438385,osm:node/5938438385,code_transit_landmark,accepted,search20-stage1-query-variants@1
g150-147,g150-147-v3,Quán Chè Cô Hương 142 An Đà,Chè Cô Hương An Đà Hải Phòng,ALIAS,name_address,,CLEAN,name_address|category|name_area|lang_vi,osm:node/5938438385,osm:node/5938438385,code_transit_landmark,accepted,search20-stage1-query-variants@1
g150-147,g150-147-v4,Chè Cô Hương Ngô Quyền Hải Phòng,Chè Cô Hương An Đà Hải Phòng,ALIAS,name_area,,CLEAN,name_area|category|street|lang_vi,osm:node/5938438385,osm:node/5938438385,code_transit_landmark,accepted,search20-stage1-query-variants@1
g150-147,g150-147-v5,Chè Cô Huowng An Đà Hải Phòng,Chè Cô Hương An Đà Hải Phòng,ORTHOGRAPHIC_IME,telex_leftover,telex_vowel_marker,SINGLE,partial|category|street|name_area|typo|lang_vi,osm:node/5938438385,osm:node/5938438385,code_transit_landmark,accepted,search20-stage1-query-variants@1
g150-147,g150-147-v6,Chè Cô Hương An Đà Hải Phònf,Chè Cô Hương An Đà Hải Phòng,MECHANICAL_TYPO,adjacent_key,,SINGLE,partial|category|street|name_area|typo|lang_vi,osm:node/5938438385,osm:node/5938438385,code_transit_landmark,accepted,search20-stage1-query-variants@1
g150-148,g150-148-v1,Chùa Phổ Đà Phan Châu Trinh Đà Nẵng,Chùa Phổ Đà Phan Châu Trinh Đà Nẵng,CLEAN,canonical,,CLEAN,exact_name|landmark|street|name_area|lang_vi,osm:way/1326441936,osm:way/1326441936,code_transit_landmark,accepted,search20-stage1-query-variants@1
g150-148,g150-148-v2,Chua Pho Da Phan Chau Trinh Da Nang,Chùa Phổ Đà Phan Châu Trinh Đà Nẵng,ORTHOGRAPHIC_IME,strip_diacritics,,SINGLE,partial|landmark|street|name_area|typo|lang_vi,osm:way/1326441936,osm:way/1326441936,code_transit_landmark,accepted,search20-stage1-query-variants@1
g150-148,g150-148-v3,Chùa Phổ Đà Hải Châu,Chùa Phổ Đà Phan Châu Trinh Đà Nẵng,ALIAS,name_area,,CLEAN,name_area|landmark|street|lang_vi,osm:way/1326441936,osm:way/1326441936,code_transit_landmark,accepted,search20-stage1-query-variants@1
g150-148,g150-148-v4,Chùa Phổ Đà 340 Phan Châu Trinh,Chùa Phổ Đà Phan Châu Trinh Đà Nẵng,ALIAS,name_address,,CLEAN,name_address|landmark|name_area|lang_vi,osm:way/1326441936,osm:way/1326441936,code_transit_landmark,accepted,search20-stage1-query-variants@1
g150-148,g150-148-v5,Chùa Phoor Đà Phan Châu Trinh Đà Nẵng,Chùa Phổ Đà Phan Châu Trinh Đà Nẵng,ORTHOGRAPHIC_IME,telex_leftover,telex_tone_marker,SINGLE,partial|landmark|street|name_area|typo|lang_vi,osm:way/1326441936,osm:way/1326441936,code_transit_landmark,accepted,search20-stage1-query-variants@1
g150-148,g150-148-v6,Chùa Phổ Đà Phan Châu Chinh Đà Nẵng,Chùa Phổ Đà Phan Châu Trinh Đà Nẵng,PHONOLOGICAL,phonological_confusion,,SINGLE,partial|landmark|street|name_area|typo|lang_vi,osm:way/1326441936,osm:way/1326441936,code_transit_landmark,accepted,search20-stage1-query-variants@1
g150-149,g150-149-v1,Bến xe Long An Quốc lộ 1 Tân An,Bến xe Long An Quốc lộ 1 Tân An,CLEAN,canonical,,CLEAN,exact_name|landmark|street|name_area|lang_vi,osm:node/4452037189,osm:node/4452037189,code_transit_landmark,accepted,search20-stage1-query-variants@1
g150-149,g150-149-v2,Ben xe Long An Quoc lo 1 Tan An,Bến xe Long An Quốc lộ 1 Tân An,ORTHOGRAPHIC_IME,strip_diacritics,,SINGLE,partial|landmark|street|name_area|typo|lang_vi,osm:node/4452037189,osm:node/4452037189,code_transit_landmark,accepted,search20-stage1-query-variants@1
g150-149,g150-149-v3,BX Long An Tân An,Bến xe Long An Quốc lộ 1 Tân An,ALIAS,abbreviation,,CLEAN,abbreviation|landmark|street|name_area|lang_vi,osm:node/4452037189,osm:node/4452037189,code_transit_landmark,accepted,search20-stage1-query-variants@1
g150-149,g150-149-v4,Bến xe khách Long An 113 Quốc lộ 1,Bến xe Long An Quốc lộ 1 Tân An,ALIAS,name_address,,CLEAN,name_address|landmark|name_area|lang_vi,osm:node/4452037189,osm:node/4452037189,code_transit_landmark,accepted,search20-stage1-query-variants@1
g150-149,g150-149-v5,Bến xe Long An Quoocs lộ 1 Tân An,Bến xe Long An Quốc lộ 1 Tân An,ORTHOGRAPHIC_IME,telex_leftover,telex_vowel_marker,SINGLE,partial|landmark|street|name_area|typo|lang_vi,osm:node/4452037189,osm:node/4452037189,code_transit_landmark,accepted,search20-stage1-query-variants@1
g150-149,g150-149-v6,Bến xe Nông An Quốc lộ 1 Tân An,Bến xe Long An Quốc lộ 1 Tân An,PHONOLOGICAL,phonological_confusion,,SINGLE,partial|landmark|street|name_area|typo|lang_vi,osm:node/4452037189,osm:node/4452037189,code_transit_landmark,accepted,search20-stage1-query-variants@1
g150-150,g150-150-v1,Bến xe khách Ninh Bình Lê Đại Hành,Bến xe khách Ninh Bình Lê Đại Hành,CLEAN,canonical,,CLEAN,exact_name|landmark|street|lang_vi,osm:way/249665232,osm:way/249665232,code_transit_landmark,accepted,search20-stage1-query-variants@1
g150-150,g150-150-v2,Ben xe khach Ninh Binh Le Dai Hanh,Bến xe khách Ninh Bình Lê Đại Hành,ORTHOGRAPHIC_IME,strip_diacritics,,SINGLE,partial|landmark|street|typo|lang_vi,osm:way/249665232,osm:way/249665232,code_transit_landmark,accepted,search20-stage1-query-variants@1
g150-150,g150-150-v3,BX Ninh Bình Hoa Lư,Bến xe khách Ninh Bình Lê Đại Hành,ALIAS,abbreviation,,CLEAN,abbreviation|landmark|street|lang_vi,osm:way/249665232,osm:way/249665232,code_transit_landmark,accepted,search20-stage1-query-variants@1
g150-150,g150-150-v4,Bến xe trung tâm Ninh Bình 207 Lê Đại Hành,Bến xe khách Ninh Bình Lê Đại Hành,ALIAS,name_address,,CLEAN,name_address|landmark|lang_vi,osm:way/249665232,osm:way/249665232,code_transit_landmark,accepted,search20-stage1-query-variants@1
g150-150,g150-150-v5,Bến xe khách Ninh Bình Lee Đại Hành,Bến xe khách Ninh Bình Lê Đại Hành,ORTHOGRAPHIC_IME,telex_leftover,telex_vowel_marker,SINGLE,partial|landmark|street|typo|lang_vi,osm:way/249665232,osm:way/249665232,code_transit_landmark,accepted,search20-stage1-query-variants@1
g150-150,g150-150-v6,Bến xe khách Linh Bình Lê Đại Hành,Bến xe khách Ninh Bình Lê Đại Hành,PHONOLOGICAL,phonological_confusion,,SINGLE,partial|landmark|street|typo|lang_vi,osm:way/249665232,osm:way/249665232,code_transit_landmark,accepted,search20-stage1-query-variants@1
g150-151,g150-151-v1,S3.01 Vinhomes Grand Park,S3.01 Vinhomes Grand Park,CLEAN,canonical,,CLEAN,exact_name|code|landmark|lang_mixed,osm:way/1223236000,osm:way/1223236000,building_code,accepted,search20-stage1-query-variants@1
g150-151,g150-151-v2,S3.01 Vinhomes Grand Park TP Thủ Đức,S3.01 Vinhomes Grand Park,ALIAS,name_area,,CLEAN,name_area|code|landmark|lang_mixed,osm:way/1223236000,osm:way/1223236000,building_code,accepted,search20-stage1-query-variants@1
g150-151,g150-151-v3,S301 Vinhomes Grand Park,S3.01 Vinhomes Grand Park,MECHANICAL_TYPO,char_delete,,SINGLE,partial|code|landmark|typo|lang_mixed,osm:way/1223236000,osm:way/1223236000,building_code,accepted,search20-stage1-query-variants@1
g150-151,g150-151-v4,Tòa S3.01 Rainbow Vinhomes Grand Park,S3.01 Vinhomes Grand Park,ALIAS,code_short,,CLEAN,code|short_name|landmark|lang_mixed,osm:way/1223236000,osm:way/1223236000,building_code,accepted,search20-stage1-query-variants@1
g150-151,g150-151-v5,S3.01 Vinhomes Grand Pawk,S3.01 Vinhomes Grand Park,ORTHOGRAPHIC_IME,telex_leftover,telex_vowel_marker,SINGLE,partial|code|landmark|typo|lang_mixed,osm:way/1223236000,osm:way/1223236000,building_code,accepted,search20-stage1-query-variants@1
g150-151,g150-151-v6,S3.01 Vinhpmes Grand Park,S3.01 Vinhomes Grand Park,MECHANICAL_TYPO,adjacent_key,,SINGLE,partial|code|landmark|typo|lang_mixed,osm:way/1223236000,osm:way/1223236000,building_code,accepted,search20-stage1-query-variants@1
g150-152,g150-152-v1,S3.02 Vinhomes Grand Park,S3.02 Vinhomes Grand Park,CLEAN,canonical,,CLEAN,exact_name|code|landmark|lang_mixed,osm:way/1223235998,osm:way/1223235998,building_code,accepted,search20-stage1-query-variants@1
g150-152,g150-152-v2,S302 Vinhomes Grand Park,S3.02 Vinhomes Grand Park,MECHANICAL_TYPO,char_delete,,SINGLE,partial|code|landmark|typo|lang_mixed,osm:way/1223235998,osm:way/1223235998,building_code,accepted,search20-stage1-query-variants@1
g150-152,g150-152-v3,S3.02 Vinhome Grand Park,S3.02 Vinhomes Grand Park,MECHANICAL_TYPO,char_delete,,SINGLE,partial|code|landmark|typo|lang_mixed,osm:way/1223235998,osm:way/1223235998,building_code,accepted,search20-stage1-query-variants@1
g150-152,g150-152-v4,Tòa S3.02 Rainbow Quận 9,S3.02 Vinhomes Grand Park,ALIAS,code_short,,CLEAN,code|short_name|landmark|lang_mixed,osm:way/1223235998,osm:way/1223235998,building_code,accepted,search20-stage1-query-variants@1
g150-152,g150-152-v5,S3.02 Vinhomees Grand Park,S3.02 Vinhomes Grand Park,ORTHOGRAPHIC_IME,telex_leftover,telex_vowel_marker,SINGLE,partial|code|landmark|typo|lang_mixed,osm:way/1223235998,osm:way/1223235998,building_code,accepted,search20-stage1-query-variants@1
g150-152,g150-152-v6,S3.02 Vinhomes Grsnd Park,S3.02 Vinhomes Grand Park,MECHANICAL_TYPO,adjacent_key,,SINGLE,partial|code|landmark|typo|lang_mixed,osm:way/1223235998,osm:way/1223235998,building_code,accepted,search20-stage1-query-variants@1
g150-153,g150-153-v1,S3.03 Vinhomes Grand Park,S3.03 Vinhomes Grand Park,CLEAN,canonical,,CLEAN,exact_name|code|landmark|lang_mixed,osm:way/1223235999,osm:way/1223235999,building_code,accepted,search20-stage1-query-variants@1
g150-153,g150-153-v2,S303 Vinhomes Grand Park,S3.03 Vinhomes Grand Park,MECHANICAL_TYPO,char_delete,,SINGLE,partial|code|landmark|typo|lang_mixed,osm:way/1223235999,osm:way/1223235999,building_code,accepted,search20-stage1-query-variants@1
g150-153,g150-153-v3,Tòa S3.03 Vinhomes Grand Park Long Bình,S3.03 Vinhomes Grand Park,ALIAS,name_area,,CLEAN,name_area|code|landmark|lang_mixed,osm:way/1223235999,osm:way/1223235999,building_code,accepted,search20-stage1-query-variants@1
g150-153,g150-153-v4,S3.03 Rainbow Grand Park,S3.03 Vinhomes Grand Park,ALIAS,code_short,,CLEAN,code|short_name|landmark|lang_mixed,osm:way/1223235999,osm:way/1223235999,building_code,accepted,search20-stage1-query-variants@1
g150-153,g150-153-v5,S3.03 Vinhomes Grand Pask,S3.03 Vinhomes Grand Park,ORTHOGRAPHIC_IME,telex_leftover,telex_tone_marker,SINGLE,partial|code|landmark|typo|lang_mixed,osm:way/1223235999,osm:way/1223235999,building_code,accepted,search20-stage1-query-variants@1
g150-153,g150-153-v6,S3.03 Vinhomes Grans Park,S3.03 Vinhomes Grand Park,MECHANICAL_TYPO,adjacent_key,,SINGLE,partial|code|landmark|typo|lang_mixed,osm:way/1223235999,osm:way/1223235999,building_code,accepted,search20-stage1-query-variants@1
g150-154,g150-154-v1,17T8 Trung Hòa Nhân Chính,17T8 Trung Hòa Nhân Chính,CLEAN,canonical,,CLEAN,exact_name|code|landmark|lang_vi,osm:way/136259406,osm:way/136259406,building_code,accepted,search20-stage1-query-variants@1
g150-154,g150-154-v2,17T8 Trung Hoa Nhan Chinh,17T8 Trung Hòa Nhân Chính,ORTHOGRAPHIC_IME,strip_diacritics,,SINGLE,partial|code|landmark|typo|lang_vi,osm:way/136259406,osm:way/136259406,building_code,accepted,search20-stage1-query-variants@1
g150-154,g150-154-v3,Tòa 17T8 Trung Hòa,17T8 Trung Hòa Nhân Chính,ALIAS,code_short,,CLEAN,code|short_name|landmark|lang_vi,osm:way/136259406,osm:way/136259406,building_code,accepted,search20-stage1-query-variants@1
g150-154,g150-154-v4,Chung cư 17T8 Cầu Giấy,17T8 Trung Hòa Nhân Chính,ALIAS,name_area,,CLEAN,name_area|code|landmark|lang_vi,osm:way/136259406,osm:way/136259406,building_code,accepted,search20-stage1-query-variants@1
g150-154,g150-154-v5,17T8 Trung Hòa Nhaan Chính,17T8 Trung Hòa Nhân Chính,ORTHOGRAPHIC_IME,telex_leftover,telex_vowel_marker,SINGLE,partial|code|landmark|typo|lang_vi,osm:way/136259406,osm:way/136259406,building_code,accepted,search20-stage1-query-variants@1
g150-154,g150-154-v6,17T8 Chung Hòa Nhân Chính,17T8 Trung Hòa Nhân Chính,PHONOLOGICAL,phonological_confusion,,SINGLE,partial|code|landmark|typo|lang_vi,osm:way/136259406,osm:way/136259406,building_code,accepted,search20-stage1-query-variants@1
g150-155,g150-155-v1,18T1 Trung Hòa Nhân Chính,18T1 Trung Hòa Nhân Chính,CLEAN,canonical,,CLEAN,exact_name|code|landmark|lang_vi,osm:way/136259414,osm:way/136259414,building_code,accepted,search20-stage1-query-variants@1
g150-155,g150-155-v2,18T1 Trung Hoa Nhan Chinh,18T1 Trung Hòa Nhân Chính,ORTHOGRAPHIC_IME,strip_diacritics,,SINGLE,partial|code|landmark|typo|lang_vi,osm:way/136259414,osm:way/136259414,building_code,accepted,search20-stage1-query-variants@1
g150-155,g150-155-v3,Tòa 18T1 Trung Hòa,18T1 Trung Hòa Nhân Chính,ALIAS,code_short,,CLEAN,code|short_name|landmark|lang_vi,osm:way/136259414,osm:way/136259414,building_code,accepted,search20-stage1-query-variants@1
g150-155,g150-155-v4,Chung cư 18T1 Thanh Xuân,18T1 Trung Hòa Nhân Chính,ALIAS,name_area,,CLEAN,name_area|code|landmark|lang_vi,osm:way/136259414,osm:way/136259414,building_code,accepted,search20-stage1-query-variants@1
g150-155,g150-155-v5,18T1 Trung Hoaf Nhân Chính,18T1 Trung Hòa Nhân Chính,ORTHOGRAPHIC_IME,telex_leftover,telex_tone_marker,SINGLE,partial|code|landmark|typo|lang_vi,osm:way/136259414,osm:way/136259414,building_code,accepted,search20-stage1-query-variants@1
g150-155,g150-155-v6,18T1 Chung Hòa Nhân Chính,18T1 Trung Hòa Nhân Chính,PHONOLOGICAL,phonological_confusion,,SINGLE,partial|code|landmark|typo|lang_vi,osm:way/136259414,osm:way/136259414,building_code,accepted,search20-stage1-query-variants@1
g150-156,g150-156-v1,18T2 Trung Hòa Nhân Chính,18T2 Trung Hòa Nhân Chính,CLEAN,canonical,,CLEAN,exact_name|code|landmark|lang_vi,osm:way/136259416,osm:way/136259416,building_code,accepted,search20-stage1-query-variants@1
g150-156,g150-156-v2,18T2 Trung Hoa Nhan Chinh,18T2 Trung Hòa Nhân Chính,ORTHOGRAPHIC_IME,strip_diacritics,,SINGLE,partial|code|landmark|typo|lang_vi,osm:way/136259416,osm:way/136259416,building_code,accepted,search20-stage1-query-variants@1
g150-156,g150-156-v3,Tòa nhà 18T2 Lê Văn Lương,18T2 Trung Hòa Nhân Chính,ALIAS,name_address,,CLEAN,name_address|code|landmark|lang_vi,osm:way/136259416,osm:way/136259416,building_code,accepted,search20-stage1-query-variants@1
g150-156,g150-156-v4,Chung cư 18T2 Cầu Giấy,18T2 Trung Hòa Nhân Chính,ALIAS,name_area,,CLEAN,name_area|code|landmark|lang_vi,osm:way/136259416,osm:way/136259416,building_code,accepted,search20-stage1-query-variants@1
g150-156,g150-156-v5,18T2 Trung Hòa Nhaan Chính,18T2 Trung Hòa Nhân Chính,ORTHOGRAPHIC_IME,telex_leftover,telex_vowel_marker,SINGLE,partial|code|landmark|typo|lang_vi,osm:way/136259416,osm:way/136259416,building_code,accepted,search20-stage1-query-variants@1
g150-156,g150-156-v6,18T2 Trung Hòa Nhân Trính,18T2 Trung Hòa Nhân Chính,PHONOLOGICAL,phonological_confusion,,SINGLE,partial|code|landmark|typo|lang_vi,osm:way/136259416,osm:way/136259416,building_code,accepted,search20-stage1-query-variants@1
g150-157,g150-157-v1,17T2 Trung Hòa Nhân Chính,17T2 Trung Hòa Nhân Chính,CLEAN,canonical,,CLEAN,exact_name|code|landmark|lang_vi,osm:way/136259420,osm:way/136259420,building_code,accepted,search20-stage1-query-variants@1
g150-157,g150-157-v2,17T2 Trung Hoa Nhan Chinh,17T2 Trung Hòa Nhân Chính,ORTHOGRAPHIC_IME,strip_diacritics,,SINGLE,partial|code|landmark|typo|lang_vi,osm:way/136259420,osm:way/136259420,building_code,accepted,search20-stage1-query-variants@1
g150-157,g150-157-v3,Tòa 17T2 Hoàng Đạo Thúy,17T2 Trung Hòa Nhân Chính,ALIAS,name_address,,CLEAN,name_address|code|landmark|lang_vi,osm:way/136259420,osm:way/136259420,building_code,accepted,search20-stage1-query-variants@1
g150-157,g150-157-v4,Chung cư 17T2 Trung Hòa,17T2 Trung Hòa Nhân Chính,ALIAS,name_area,,CLEAN,name_area|code|landmark|lang_vi,osm:way/136259420,osm:way/136259420,building_code,accepted,search20-stage1-query-variants@1
g150-157,g150-157-v5,17T2 Trung Hoaf Nhân Chính,17T2 Trung Hòa Nhân Chính,ORTHOGRAPHIC_IME,telex_leftover,telex_tone_marker,SINGLE,partial|code|landmark|typo|lang_vi,osm:way/136259420,osm:way/136259420,building_code,accepted,search20-stage1-query-variants@1
g150-157,g150-157-v6,17T2 Chung Hòa Nhân Chính,17T2 Trung Hòa Nhân Chính,PHONOLOGICAL,phonological_confusion,,SINGLE,partial|code|landmark|typo|lang_vi,osm:way/136259420,osm:way/136259420,building_code,accepted,search20-stage1-query-variants@1
g150-158,g150-158-v1,Masteri An Phú Tòa RIO,Masteri An Phú Tòa RIO,CLEAN,canonical,,CLEAN,exact_name|code|landmark|lang_mixed,osm:node/9998882817,osm:node/9998882817,building_code,accepted,search20-stage1-query-variants@1
g150-158,g150-158-v2,Masteri An Phu Toa RIO,Masteri An Phú Tòa RIO,ORTHOGRAPHIC_IME,strip_diacritics,,SINGLE,partial|code|landmark|typo|lang_mixed,osm:node/9998882817,osm:node/9998882817,building_code,accepted,search20-stage1-query-variants@1
g150-158,g150-158-v3,Tháp Rio Masteri An Phú Xa Lộ Hà Nội,Masteri An Phú Tòa RIO,ALIAS,name_address,,CLEAN,name_address|code|landmark|lang_mixed,osm:node/9998882817,osm:node/9998882817,building_code,accepted,search20-stage1-query-variants@1
g150-158,g150-158-v4,Tòa Rio Masteri Quận 2,Masteri An Phú Tòa RIO,ALIAS,name_area,,CLEAN,name_area|code|landmark|lang_mixed,osm:node/9998882817,osm:node/9998882817,building_code,accepted,search20-stage1-query-variants@1
g150-158,g150-158-v5,Masteri An Phus Tòa RIO,Masteri An Phú Tòa RIO,ORTHOGRAPHIC_IME,telex_leftover,telex_tone_marker,SINGLE,partial|code|landmark|typo|lang_mixed,osm:node/9998882817,osm:node/9998882817,building_code,accepted,search20-stage1-query-variants@1
g150-158,g150-158-v6,Masteei An Phú Tòa RIO,Masteri An Phú Tòa RIO,MECHANICAL_TYPO,adjacent_key,,SINGLE,partial|code|landmark|typo|lang_mixed,osm:node/9998882817,osm:node/9998882817,building_code,accepted,search20-stage1-query-variants@1
g150-159,g150-159-v1,S3.05 Vinhomes Grand Park,S3.05 Vinhomes Grand Park,CLEAN,canonical,,CLEAN,exact_name|code|landmark|lang_mixed,osm:way/1223236001,osm:way/1223236001,building_code,accepted,search20-stage1-query-variants@1
g150-159,g150-159-v2,S305 Vinhomes Grand Park,S3.05 Vinhomes Grand Park,MECHANICAL_TYPO,char_delete,,SINGLE,partial|code|landmark|typo|lang_mixed,osm:way/1223236001,osm:way/1223236001,building_code,accepted,search20-stage1-query-variants@1
g150-159,g150-159-v3,Tòa nhà S3.05 phân khu Rainbow,S3.05 Vinhomes Grand Park,ALIAS,code_short,,CLEAN,code|short_name|landmark|lang_mixed,osm:way/1223236001,osm:way/1223236001,building_code,accepted,search20-stage1-query-variants@1
g150-159,g150-159-v4,S3.05 Vinhome Grand Park Thủ Đức,S3.05 Vinhomes Grand Park,ALIAS,name_area,,CLEAN,name_area|code|landmark|lang_mixed,osm:way/1223236001,osm:way/1223236001,building_code,accepted,search20-stage1-query-variants@1
g150-159,g150-159-v5,S3.05 Vinhomes Grand Pawk,S3.05 Vinhomes Grand Park,ORTHOGRAPHIC_IME,telex_leftover,telex_vowel_marker,SINGLE,partial|code|landmark|typo|lang_mixed,osm:way/1223236001,osm:way/1223236001,building_code,accepted,search20-stage1-query-variants@1
g150-159,g150-159-v6,S3.05 Vinhpmes Grand Park,S3.05 Vinhomes Grand Park,MECHANICAL_TYPO,adjacent_key,,SINGLE,partial|code|landmark|typo|lang_mixed,osm:way/1223236001,osm:way/1223236001,building_code,accepted,search20-stage1-query-variants@1
g150-160,g150-160-v1,S4.02 Vinhomes Smart City,S4.02 Vinhomes Smart City,CLEAN,canonical,,CLEAN,exact_name|code|landmark|lang_mixed,osm:way/843455310,osm:way/843455310,building_code,accepted,search20-stage1-query-variants@1
g150-160,g150-160-v2,S402 Vinhomes Smart City,S4.02 Vinhomes Smart City,MECHANICAL_TYPO,char_delete,,SINGLE,partial|code|landmark|typo|lang_mixed,osm:way/843455310,osm:way/843455310,building_code,accepted,search20-stage1-query-variants@1
g150-160,g150-160-v3,Tòa S4.02 Tây Mỗ Nam Từ Liêm,S4.02 Vinhomes Smart City,ALIAS,name_area,,CLEAN,name_area|code|landmark|lang_mixed,osm:way/843455310,osm:way/843455310,building_code,accepted,search20-stage1-query-variants@1
g150-160,g150-160-v4,S4.02 Sapphire 4 Smart City,S4.02 Vinhomes Smart City,ALIAS,code_short,,CLEAN,code|short_name|landmark|lang_mixed,osm:way/843455310,osm:way/843455310,building_code,accepted,search20-stage1-query-variants@1
g150-160,g150-160-v5,S4.02 Vinhomes Smawt City,S4.02 Vinhomes Smart City,ORTHOGRAPHIC_IME,telex_leftover,telex_vowel_marker,SINGLE,partial|code|landmark|typo|lang_mixed,osm:way/843455310,osm:way/843455310,building_code,accepted,search20-stage1-query-variants@1
g150-160,g150-160-v6,S4.02 Vinhomes Smaet City,S4.02 Vinhomes Smart City,MECHANICAL_TYPO,adjacent_key,,SINGLE,partial|code|landmark|typo|lang_mixed,osm:way/843455310,osm:way/843455310,building_code,accepted,search20-stage1-query-variants@1
g150-161,g150-161-v1,Tòa S2 Sun Grand City Thụy Khuê,Tòa S2 Sun Grand City Thụy Khuê,CLEAN,canonical,,CLEAN,exact_name|code|landmark|street|lang_mixed,osm:way/933218908,osm:way/933218908,building_code,accepted,search20-stage1-query-variants@1
g150-161,g150-161-v2,Toa S2 Sun Grand City Thuy Khue,Tòa S2 Sun Grand City Thụy Khuê,ORTHOGRAPHIC_IME,strip_diacritics,,SINGLE,partial|code|landmark|street|typo|lang_mixed,osm:way/933218908,osm:way/933218908,building_code,accepted,search20-stage1-query-variants@1
g150-161,g150-161-v3,Tòa S2 69B Thụy Khuê Tây Hồ,Tòa S2 Sun Grand City Thụy Khuê,ALIAS,name_address,,CLEAN,name_address|code|landmark|lang_mixed,osm:way/933218908,osm:way/933218908,building_code,accepted,search20-stage1-query-variants@1
g150-161,g150-161-v4,Tháp S2 Sun Grand City Thụy Khuê,Tòa S2 Sun Grand City Thụy Khuê,ALIAS,short_name,,CLEAN,short_name|code|landmark|street|lang_mixed,osm:way/933218908,osm:way/933218908,building_code,accepted,search20-stage1-query-variants@1
g150-161,g150-161-v5,Tòa S2 Sun Grand City Thuyj Khuê,Tòa S2 Sun Grand City Thụy Khuê,ORTHOGRAPHIC_IME,telex_leftover,telex_tone_marker,SINGLE,partial|code|landmark|street|typo|lang_mixed,osm:way/933218908,osm:way/933218908,building_code,accepted,search20-stage1-query-variants@1
g150-161,g150-161-v6,Tòa S2 Sun Grand City Thụy Khuêe,Tòa S2 Sun Grand City Thụy Khuê,MECHANICAL_TYPO,char_insert,,SINGLE,partial|code|landmark|street|typo|lang_mixed,osm:way/933218908,osm:way/933218908,building_code,accepted,search20-stage1-query-variants@1
g150-162,g150-162-v1,Keangnam Landmark72 Phạm Hùng,Keangnam Landmark72 Phạm Hùng,CLEAN,canonical,,CLEAN,exact_name|code|landmark|street|lang_mixed,osm:way/1327061631,osm:way/1327061631,building_code,accepted,search20-stage1-query-variants@1
g150-162,g150-162-v2,Keangnam Landmark72 Pham Hung,Keangnam Landmark72 Phạm Hùng,ORTHOGRAPHIC_IME,strip_diacritics,,SINGLE,partial|code|landmark|street|typo|lang_mixed,osm:way/1327061631,osm:way/1327061631,building_code,accepted,search20-stage1-query-variants@1
g150-162,g150-162-v3,Tòa nhà Landmark 72 Hà Nội,Keangnam Landmark72 Phạm Hùng,ALIAS,short_name,,CLEAN,short_name|code|landmark|street|lang_mixed,osm:way/1327061631,osm:way/1327061631,building_code,accepted,search20-stage1-query-variants@1
g150-162,g150-162-v4,Keangnam Hà Nội Mễ Trì,Keangnam Landmark72 Phạm Hùng,ALIAS,name_area,,CLEAN,name_area|code|landmark|street|lang_mixed,osm:way/1327061631,osm:way/1327061631,building_code,accepted,search20-stage1-query-variants@1
g150-162,g150-162-v5,Keangnam Landmark72 Phajm Hùng,Keangnam Landmark72 Phạm Hùng,ORTHOGRAPHIC_IME,telex_leftover,telex_tone_marker,SINGLE,partial|code|landmark|street|typo|lang_mixed,osm:way/1327061631,osm:way/1327061631,building_code,accepted,search20-stage1-query-variants@1
g150-162,g150-162-v6,Keangnam Landmark72 Phạn Hùng,Keangnam Landmark72 Phạm Hùng,MECHANICAL_TYPO,adjacent_key,,SINGLE,partial|code|landmark|street|typo|lang_mixed,osm:way/1327061631,osm:way/1327061631,building_code,accepted,search20-stage1-query-variants@1
g150-163,g150-163-v1,Sapphire Building 163 Bà Triệu,Sapphire Building 163 Bà Triệu,CLEAN,canonical,,CLEAN,exact_name|landmark|address|street|lang_mixed,osm:way/863234978,osm:way/863234978,building_code,accepted,search20-stage1-query-variants@1
g150-163,g150-163-v2,Sapphire Building 163 Ba Trieu,Sapphire Building 163 Bà Triệu,ORTHOGRAPHIC_IME,strip_diacritics,,SINGLE,partial|landmark|address|street|typo|lang_mixed,osm:way/863234978,osm:way/863234978,building_code,accepted,search20-stage1-query-variants@1
g150-163,g150-163-v3,Tòa nhà Sapphire Building Hai Bà Trưng,Sapphire Building 163 Bà Triệu,ALIAS,name_area,,CLEAN,name_area|landmark|address|street|lang_mixed,osm:way/863234978,osm:way/863234978,building_code,accepted,search20-stage1-query-variants@1
g150-163,g150-163-v4,Sapphire 163 Bà Triệu Hà Nội,Sapphire Building 163 Bà Triệu,ALIAS,short_name,,CLEAN,short_name|landmark|address|street|lang_mixed,osm:way/863234978,osm:way/863234978,building_code,accepted,search20-stage1-query-variants@1
g150-163,g150-163-v5,Sapphire Building 163 Baf Triệu,Sapphire Building 163 Bà Triệu,ORTHOGRAPHIC_IME,telex_leftover,telex_tone_marker,SINGLE,partial|landmark|address|street|typo|lang_mixed,osm:way/863234978,osm:way/863234978,building_code,accepted,search20-stage1-query-variants@1
g150-163,g150-163-v6,Sapphire Building 163 Bà Chiệu,Sapphire Building 163 Bà Triệu,PHONOLOGICAL,phonological_confusion,,SINGLE,partial|landmark|address|street|typo|lang_mixed,osm:way/863234978,osm:way/863234978,building_code,accepted,search20-stage1-query-variants@1
g150-164,g150-164-v1,Vincom Center Metropolis Liễu Giai,Vincom Center Metropolis Liễu Giai,CLEAN,canonical,,CLEAN,exact_name|brand|landmark|street|lang_mixed,osm:node/11886200435,osm:node/11886200435,brand_branch,accepted,search20-stage1-query-variants@1
g150-164,g150-164-v2,Vincom Center Metropolis Lieu Giai,Vincom Center Metropolis Liễu Giai,ORTHOGRAPHIC_IME,strip_diacritics,,SINGLE,partial|brand|landmark|street|typo|lang_mixed,osm:node/11886200435,osm:node/11886200435,brand_branch,accepted,search20-stage1-query-variants@1
g150-164,g150-164-v3,Vincom Liễu Giai Ba Đình,Vincom Center Metropolis Liễu Giai,ALIAS,name_area,,CLEAN,name_area|brand|landmark|street|lang_mixed,osm:node/11886200435,osm:node/11886200435,brand_branch,accepted,search20-stage1-query-variants@1
g150-164,g150-164-v4,Vincom Metropolis Kim Mã,Vincom Center Metropolis Liễu Giai,ALIAS,street,,CLEAN,street|brand|landmark|lang_mixed,osm:node/11886200435,osm:node/11886200435,brand_branch,accepted,search20-stage1-query-variants@1
g150-164,g150-164-v5,Vincom Center Metropolis Lieeux Giai,Vincom Center Metropolis Liễu Giai,ORTHOGRAPHIC_IME,telex_leftover,telex_vowel_marker,SINGLE,partial|brand|landmark|street|typo|lang_mixed,osm:node/11886200435,osm:node/11886200435,brand_branch,accepted,search20-stage1-query-variants@1
g150-164,g150-164-v6,Vincom Center Metropolis Niễu Giai,Vincom Center Metropolis Liễu Giai,PHONOLOGICAL,phonological_confusion,,SINGLE,partial|brand|landmark|street|typo|lang_mixed,osm:node/11886200435,osm:node/11886200435,brand_branch,accepted,search20-stage1-query-variants@1
g150-165,g150-165-v1,Vincom Mega Mall Royal City Nguyễn Trãi,Vincom Mega Mall Royal City Nguyễn Trãi,CLEAN,canonical,,CLEAN,exact_name|brand|landmark|street|lang_mixed,osm:node/4171931890,osm:node/4171931890,brand_branch,accepted,search20-stage1-query-variants@1
g150-165,g150-165-v2,Vincom Mega Mall Royal City Nguyen Trai,Vincom Mega Mall Royal City Nguyễn Trãi,ORTHOGRAPHIC_IME,strip_diacritics,,SINGLE,partial|brand|landmark|street|typo|lang_mixed,osm:node/4171931890,osm:node/4171931890,brand_branch,accepted,search20-stage1-query-variants@1
g150-165,g150-165-v3,Vincom Royal City Thanh Xuân,Vincom Mega Mall Royal City Nguyễn Trãi,ALIAS,name_area,,CLEAN,name_area|brand|landmark|street|lang_mixed,osm:node/4171931890,osm:node/4171931890,brand_branch,accepted,search20-stage1-query-variants@1
g150-165,g150-165-v4,Vincom Mega Mall 72A Nguyễn Trãi,Vincom Mega Mall Royal City Nguyễn Trãi,ALIAS,name_address,,CLEAN,name_address|brand|landmark|lang_mixed,osm:node/4171931890,osm:node/4171931890,brand_branch,accepted,search20-stage1-query-variants@1
g150-165,g150-165-v5,Vincom Mega Mall Royal City Nguyễn Traix,Vincom Mega Mall Royal City Nguyễn Trãi,ORTHOGRAPHIC_IME,telex_leftover,telex_tone_marker,SINGLE,partial|brand|landmark|street|typo|lang_mixed,osm:node/4171931890,osm:node/4171931890,brand_branch,accepted,search20-stage1-query-variants@1
g150-165,g150-165-v6,Vincom Mega Mall Royal City Nguyễn Chãi,Vincom Mega Mall Royal City Nguyễn Trãi,PHONOLOGICAL,phonological_confusion,,SINGLE,partial|brand|landmark|street|typo|lang_mixed,osm:node/4171931890,osm:node/4171931890,brand_branch,accepted,search20-stage1-query-variants@1
g150-166,g150-166-v1,Topaz Tower Saigon Pearl Nguyễn Hữu Cảnh,Topaz Tower Saigon Pearl Nguyễn Hữu Cảnh,CLEAN,canonical,,CLEAN,exact_name|code|landmark|street|lang_mixed,osm:way/1041161640,osm:way/1041161640,building_code,accepted,search20-stage1-query-variants@1
g150-166,g150-166-v2,Topaz Tower Saigon Pearl Nguyen Huu Canh,Topaz Tower Saigon Pearl Nguyễn Hữu Cảnh,ORTHOGRAPHIC_IME,strip_diacritics,,SINGLE,partial|code|landmark|street|typo|lang_mixed,osm:way/1041161640,osm:way/1041161640,building_code,accepted,search20-stage1-query-variants@1
g150-166,g150-166-v3,Tòa Topaz Tower Sài Gòn Pearl Bình Thạnh,Topaz Tower Saigon Pearl Nguyễn Hữu Cảnh,ALIAS,name_area,,CLEAN,name_area|code|landmark|street|lang_mixed,osm:way/1041161640,osm:way/1041161640,building_code,accepted,search20-stage1-query-variants@1
g150-166,g150-166-v4,Tháp Topaz 92 Nguyễn Hữu Cảnh,Topaz Tower Saigon Pearl Nguyễn Hữu Cảnh,ALIAS,name_address,,CLEAN,name_address|code|landmark|lang_mixed,osm:way/1041161640,osm:way/1041161640,building_code,accepted,search20-stage1-query-variants@1
g150-166,g150-166-v5,Topaz Tower Saigon Pearl Nguyễn Hữu Cạnhj,Topaz Tower Saigon Pearl Nguyễn Hữu Cảnh,ORTHOGRAPHIC_IME,telex_leftover,telex_tone_marker,SINGLE,partial|code|landmark|street|typo|lang_mixed,osm:way/1041161640,osm:way/1041161640,building_code,accepted,search20-stage1-query-variants@1
g150-166,g150-166-v6,Topaz Tower Saigon Pearl Nguyễn Hữu Cảmh,Topaz Tower Saigon Pearl Nguyễn Hữu Cảnh,MECHANICAL_TYPO,adjacent_key,,SINGLE,partial|code|landmark|street|typo|lang_mixed,osm:way/1041161640,osm:way/1041161640,building_code,accepted,search20-stage1-query-variants@1
g150-167,g150-167-v1,Vincom Plaza Bắc Từ Liêm Phạm Văn Đồng,Vincom Plaza Bắc Từ Liêm Phạm Văn Đồng,CLEAN,canonical,,CLEAN,exact_name|brand|landmark|street|name_area|lang_vi,osm:node/11204387971,osm:node/11204387971,brand_branch,accepted,search20-stage1-query-variants@1
g150-167,g150-167-v2,Vincom Plaza Bac Tu Liem Pham Van Dong,Vincom Plaza Bắc Từ Liêm Phạm Văn Đồng,ORTHOGRAPHIC_IME,strip_diacritics,,SINGLE,partial|brand|landmark|street|name_area|typo|lang_vi,osm:node/11204387971,osm:node/11204387971,brand_branch,accepted,search20-stage1-query-variants@1
g150-167,g150-167-v3,Vincom Plaza 234 Phạm Văn Đồng,Vincom Plaza Bắc Từ Liêm Phạm Văn Đồng,ALIAS,name_address,,CLEAN,name_address|brand|landmark|name_area|lang_vi,osm:node/11204387971,osm:node/11204387971|osm:way/998927803,brand_branch,accepted,search20-stage1-query-variants@1
g150-167,g150-167-v4,Vincom Bắc Từ Liêm Green Stars,Vincom Plaza Bắc Từ Liêm Phạm Văn Đồng,ALIAS,short_name,,CLEAN,short_name|brand|landmark|street|name_area|lang_vi,osm:node/11204387971,osm:node/11204387971|osm:node/9586940681,brand_branch,accepted,search20-stage1-query-variants@1
g150-167,g150-167-v5,Vincom Plaza Bắc Từ Liêm Phạm Vawn Đồng,Vincom Plaza Bắc Từ Liêm Phạm Văn Đồng,ORTHOGRAPHIC_IME,telex_leftover,telex_vowel_marker,SINGLE,partial|brand|landmark|street|name_area|typo|lang_vi,osm:node/11204387971,osm:node/11204387971,brand_branch,accepted,search20-stage1-query-variants@1
g150-167,g150-167-v6,Vincom Plaza Bắc Từ Liêm Phạm Vsn Đồng,Vincom Plaza Bắc Từ Liêm Phạm Văn Đồng,MECHANICAL_TYPO,adjacent_key,,SINGLE,partial|brand|landmark|street|name_area|typo|lang_vi,osm:node/11204387971,osm:node/11204387971,brand_branch,accepted,search20-stage1-query-variants@1
g150-168,g150-168-v1,Chung cư Carillon 7 Lương Minh Nguyệt,Chung cư Carillon 7 Lương Minh Nguyệt,CLEAN,canonical,,CLEAN,exact_name|code|landmark|street|lang_vi,osm:way/1213393833,osm:way/1213393833,building_code,accepted,search20-stage1-query-variants@1
g150-168,g150-168-v2,Chung cu Carillon 7 Luong Minh Nguyet,Chung cư Carillon 7 Lương Minh Nguyệt,ORTHOGRAPHIC_IME,strip_diacritics,,SINGLE,partial|code|landmark|street|typo|lang_vi,osm:way/1213393833,osm:way/1213393833,building_code,accepted,search20-stage1-query-variants@1
g150-168,g150-168-v3,Carillon 7 Tân Phú,Chung cư Carillon 7 Lương Minh Nguyệt,ALIAS,name_area,,CLEAN,name_area|code|landmark|street|lang_vi,osm:way/1213393833,osm:way/1213393833,building_code,accepted,search20-stage1-query-variants@1
g150-168,g150-168-v4,Chung cư Carillon 7 số 33 Lương Minh Nguyệt,Chung cư Carillon 7 Lương Minh Nguyệt,ALIAS,name_address,,CLEAN,name_address|code|landmark|lang_vi,osm:way/1213393833,osm:way/1213393833,building_code,accepted,search20-stage1-query-variants@1
g150-168,g150-168-v5,Chung cư Carillon 7 Luwong Minh Nguyệt,Chung cư Carillon 7 Lương Minh Nguyệt,ORTHOGRAPHIC_IME,telex_leftover,telex_vowel_marker,SINGLE,partial|code|landmark|street|typo|lang_vi,osm:way/1213393833,osm:way/1213393833,building_code,accepted,search20-stage1-query-variants@1
g150-168,g150-168-v6,Chung cư Carillon 7 Nương Minh Nguyệt,Chung cư Carillon 7 Lương Minh Nguyệt,PHONOLOGICAL,phonological_confusion,,SINGLE,partial|code|landmark|street|typo|lang_vi,osm:way/1213393833,osm:way/1213393833,building_code,accepted,search20-stage1-query-variants@1
g150-169,g150-169-v1,Chung cư Sacomreal 584 Lũy Bán Bích,Chung cư Sacomreal 584 Lũy Bán Bích,CLEAN,canonical,,CLEAN,exact_name|code|landmark|street|lang_vi,osm:way/1215108836,osm:way/1215108836,building_code,accepted,search20-stage1-query-variants@1
g150-169,g150-169-v2,Chung cu Sacomreal 584 Luy Ban Bich,Chung cư Sacomreal 584 Lũy Bán Bích,ORTHOGRAPHIC_IME,strip_diacritics,,SINGLE,partial|code|landmark|street|typo|lang_vi,osm:way/1215108836,osm:way/1215108836,building_code,accepted,search20-stage1-query-variants@1
g150-169,g150-169-v3,Chung cư 584 Lũy Bán Bích,Chung cư Sacomreal 584 Lũy Bán Bích,ALIAS,short_name,,CLEAN,short_name|code|landmark|street|lang_vi,osm:way/1215108836,osm:way/1215108836,building_code,accepted,search20-stage1-query-variants@1
g150-169,g150-169-v4,Sacomreal 584 Tân Phú,Chung cư Sacomreal 584 Lũy Bán Bích,ALIAS,name_area,,CLEAN,name_area|code|landmark|street|lang_vi,osm:way/1215108836,osm:way/1215108836,building_code,accepted,search20-stage1-query-variants@1
g150-169,g150-169-v5,Chung cư Sacomreal 584 Luyx Bán Bích,Chung cư Sacomreal 584 Lũy Bán Bích,ORTHOGRAPHIC_IME,telex_leftover,telex_tone_marker,SINGLE,partial|code|landmark|street|typo|lang_vi,osm:way/1215108836,osm:way/1215108836,building_code,accepted,search20-stage1-query-variants@1
g150-169,g150-169-v6,Chung cư Sacomreal 584 Nũy Bán Bích,Chung cư Sacomreal 584 Lũy Bán Bích,PHONOLOGICAL,phonological_confusion,,SINGLE,partial|code|landmark|street|typo|lang_vi,osm:way/1215108836,osm:way/1215108836,building_code,accepted,search20-stage1-query-variants@1
g150-170,g150-170-v1,Vincom Center Đồng Khởi Lê Thánh Tôn,Vincom Center Đồng Khởi Lê Thánh Tôn,CLEAN,canonical,,CLEAN,exact_name|brand|landmark|street|lang_vi,osm:way/1217481835,osm:way/1217481835,brand_branch,accepted,search20-stage1-query-variants@1
g150-170,g150-170-v2,Vincom Center Dong Khoi Le Thanh Ton,Vincom Center Đồng Khởi Lê Thánh Tôn,ORTHOGRAPHIC_IME,strip_diacritics,,SINGLE,partial|brand|landmark|street|typo|lang_vi,osm:way/1217481835,osm:way/1217481835,brand_branch,accepted,search20-stage1-query-variants@1
g150-170,g150-170-v3,Vincom Đồng Khởi Quận 1,Vincom Center Đồng Khởi Lê Thánh Tôn,ALIAS,name_area,,CLEAN,name_area|brand|landmark|street|lang_vi,osm:way/1217481835,osm:way/1217481835,brand_branch,accepted,search20-stage1-query-variants@1
g150-170,g150-170-v4,Vincom Center 72 Lê Thánh Tôn,Vincom Center Đồng Khởi Lê Thánh Tôn,ALIAS,name_address,,CLEAN,name_address|brand|landmark|lang_vi,osm:way/1217481835,osm:way/1217481835|osm:node/11775511387,brand_branch,accepted,search20-stage1-query-variants@1
g150-170,g150-170-v5,Vincom Center Ddoongf Khởi Lê Thánh Tôn,Vincom Center Đồng Khởi Lê Thánh Tôn,ORTHOGRAPHIC_IME,telex_leftover,telex_dd,SINGLE,partial|brand|landmark|street|typo|lang_vi,osm:way/1217481835,osm:way/1217481835,brand_branch,accepted,search20-stage1-query-variants@1
g150-170,g150-170-v6,Vincom Center Đồng Khởi Nê Thánh Tôn,Vincom Center Đồng Khởi Lê Thánh Tôn,PHONOLOGICAL,phonological_confusion,,SINGLE,partial|brand|landmark|street|typo|lang_vi,osm:way/1217481835,osm:way/1217481835,brand_branch,accepted,search20-stage1-query-variants@1
g150-171,g150-171-v1,Chung cư Carillon 5 Lũy Bán Bích Tân Phú,Chung cư Carillon 5 Lũy Bán Bích Tân Phú,CLEAN,canonical,,CLEAN,exact_name|code|landmark|street|name_area|lang_vi,osm:way/1228058574,osm:way/1228058574,building_code,accepted,search20-stage1-query-variants@1
g150-171,g150-171-v2,Chung cu Carillon 5 Luy Ban Bich Tan Phu,Chung cư Carillon 5 Lũy Bán Bích Tân Phú,ORTHOGRAPHIC_IME,strip_diacritics,,SINGLE,partial|code|landmark|street|name_area|typo|lang_vi,osm:way/1228058574,osm:way/1228058574,building_code,accepted,search20-stage1-query-variants@1
g150-171,g150-171-v3,Carillon 5 Hẻm 262 Lũy Bán Bích,Chung cư Carillon 5 Lũy Bán Bích Tân Phú,ALIAS,name_address,,CLEAN,name_address|code|landmark|name_area|lang_vi,osm:way/1228058574,osm:way/1228058574,building_code,accepted,search20-stage1-query-variants@1
g150-171,g150-171-v4,Chung cư Carillon 5 Tân Phú,Chung cư Carillon 5 Lũy Bán Bích Tân Phú,ALIAS,name_area,,CLEAN,name_area|code|landmark|street|lang_vi,osm:way/1228058574,osm:way/1228058574,building_code,accepted,search20-stage1-query-variants@1
g150-171,g150-171-v5,Chung cư Carillon 5 Luyx Bán Bích Tân Phú,Chung cư Carillon 5 Lũy Bán Bích Tân Phú,ORTHOGRAPHIC_IME,telex_leftover,telex_tone_marker,SINGLE,partial|code|landmark|street|name_area|typo|lang_vi,osm:way/1228058574,osm:way/1228058574,building_code,accepted,search20-stage1-query-variants@1
g150-171,g150-171-v6,Chung cư Carillon 5 Nũy Bán Bích Tân Phú,Chung cư Carillon 5 Lũy Bán Bích Tân Phú,PHONOLOGICAL,phonological_confusion,,SINGLE,partial|code|landmark|street|name_area|typo|lang_vi,osm:way/1228058574,osm:way/1228058574,building_code,accepted,search20-stage1-query-variants@1
g150-172,g150-172-v1,Tòa nhà The Six8 Building Phan Đình Giót,Tòa nhà The Six8 Building Phan Đình Giót,CLEAN,canonical,,CLEAN,exact_name|code|landmark|street|lang_mixed,osm:way/1230064515,osm:way/1230064515,building_code,accepted,search20-stage1-query-variants@1
g150-172,g150-172-v2,Toa nha The Six8 Building Phan Dinh Giot,Tòa nhà The Six8 Building Phan Đình Giót,ORTHOGRAPHIC_IME,strip_diacritics,,SINGLE,partial|code|landmark|street|typo|lang_mixed,osm:way/1230064515,osm:way/1230064515,building_code,accepted,search20-stage1-query-variants@1
g150-172,g150-172-v3,The Six8 Building 24-26 Phan Đình Giót Tân Bình,Tòa nhà The Six8 Building Phan Đình Giót,ALIAS,name_address,,CLEAN,name_address|code|landmark|lang_mixed,osm:way/1230064515,osm:way/1230064515,building_code,accepted,search20-stage1-query-variants@1
g150-172,g150-172-v4,Tòa nhà Six8 Phan Đình Giót,Tòa nhà The Six8 Building Phan Đình Giót,ALIAS,short_name,,CLEAN,short_name|code|landmark|street|lang_mixed,osm:way/1230064515,osm:way/1230064515,building_code,accepted,search20-stage1-query-variants@1
g150-172,g150-172-v5,Tòa nhà The Six8 Building Phan Ddinnh Giót,Tòa nhà The Six8 Building Phan Đình Giót,ORTHOGRAPHIC_IME,telex_leftover,telex_dd,SINGLE,partial|code|landmark|street|typo|lang_mixed,osm:way/1230064515,osm:way/1230064515,building_code,accepted,search20-stage1-query-variants@1
g150-172,g150-172-v6,Tòa nhà The Six8 Building Phan Đình Dót,Tòa nhà The Six8 Building Phan Đình Giót,PHONOLOGICAL,phonological_confusion,,SINGLE,partial|code|landmark|street|typo|lang_mixed,osm:way/1230064515,osm:way/1230064515,building_code,accepted,search20-stage1-query-variants@1
g150-173,g150-173-v1,Vincom Mega Mall Thảo Điền Võ Nguyên Giáp,Vincom Mega Mall Thảo Điền Võ Nguyên Giáp,CLEAN,canonical,,CLEAN,exact_name|brand|landmark|street|name_area|lang_mixed,osm:way/430290607,osm:way/430290607,brand_branch,accepted,search20-stage1-query-variants@1
g150-173,g150-173-v2,Vincom Mega Mall Thao Dien Vo Nguyen Giap,Vincom Mega Mall Thảo Điền Võ Nguyên Giáp,ORTHOGRAPHIC_IME,strip_diacritics,,SINGLE,partial|brand|landmark|street|name_area|typo|lang_mixed,osm:way/430290607,osm:way/430290607,brand_branch,accepted,search20-stage1-query-variants@1
g150-173,g150-173-v3,Vincom Thảo Điền Quận 2,Vincom Mega Mall Thảo Điền Võ Nguyên Giáp,ALIAS,name_area,,CLEAN,name_area|brand|landmark|street|lang_mixed,osm:way/430290607,osm:way/430290607,brand_branch,accepted,search20-stage1-query-variants@1
g150-173,g150-173-v4,Vincom Mega Mall 159 Võ Nguyên Giáp,Vincom Mega Mall Thảo Điền Võ Nguyên Giáp,ALIAS,name_address,,CLEAN,name_address|brand|landmark|name_area|lang_mixed,osm:way/430290607,osm:way/430290607,brand_branch,accepted,search20-stage1-query-variants@1
g150-173,g150-173-v5,Vincom Mega Mall Thảo Ddieenf Võ Nguyên Giáp,Vincom Mega Mall Thảo Điền Võ Nguyên Giáp,ORTHOGRAPHIC_IME,telex_leftover,telex_dd,SINGLE,partial|brand|landmark|street|name_area|typo|lang_mixed,osm:way/430290607,osm:way/430290607,brand_branch,accepted,search20-stage1-query-variants@1
g150-173,g150-173-v6,Vincom Mega Mall Thảo Điền Võ Nguyên Dáp,Vincom Mega Mall Thảo Điền Võ Nguyên Giáp,PHONOLOGICAL,phonological_confusion,,SINGLE,partial|brand|landmark|street|name_area|typo|lang_mixed,osm:way/430290607,osm:way/430290607,brand_branch,accepted,search20-stage1-query-variants@1
g150-174,g150-174-v1,Vincom Plaza Thủ Đức Võ Văn Ngân,Vincom Plaza Thủ Đức Võ Văn Ngân,CLEAN,canonical,,CLEAN,exact_name|brand|landmark|street|name_area|lang_vi,osm:way/367930334,osm:way/367930334,brand_branch,accepted,search20-stage1-query-variants@1
g150-174,g150-174-v2,Vincom Plaza Thu Duc Vo Van Ngan,Vincom Plaza Thủ Đức Võ Văn Ngân,ORTHOGRAPHIC_IME,strip_diacritics,,SINGLE,partial|brand|landmark|street|name_area|typo|lang_vi,osm:way/367930334,osm:way/367930334,brand_branch,accepted,search20-stage1-query-variants@1
g150-174,g150-174-v3,Vincom Thủ Đức 216 Võ Văn Ngân,Vincom Plaza Thủ Đức Võ Văn Ngân,ALIAS,name_address,,CLEAN,name_address|brand|landmark|name_area|lang_vi,osm:way/367930334,osm:way/367930334,brand_branch,accepted,search20-stage1-query-variants@1
g150-174,g150-174-v4,TTTM Vincom Plaza Thủ Đức,Vincom Plaza Thủ Đức Võ Văn Ngân,ALIAS,short_name,,CLEAN,short_name|brand|landmark|street|name_area|lang_vi,osm:way/367930334,osm:way/367930334,brand_branch,accepted,search20-stage1-query-variants@1
g150-174,g150-174-v5,Vincom Plaza Thủ Dduwcs Võ Văn Ngân,Vincom Plaza Thủ Đức Võ Văn Ngân,ORTHOGRAPHIC_IME,telex_leftover,telex_dd,SINGLE,partial|brand|landmark|street|name_area|typo|lang_vi,osm:way/367930334,osm:way/367930334,brand_branch,accepted,search20-stage1-query-variants@1
g150-174,g150-174-v6,Vincom Plaza Thủ Đức Võ Vsn Ngân,Vincom Plaza Thủ Đức Võ Văn Ngân,MECHANICAL_TYPO,adjacent_key,,SINGLE,partial|brand|landmark|street|name_area|typo|lang_vi,osm:way/367930334,osm:way/367930334,brand_branch,accepted,search20-stage1-query-variants@1
g150-175,g150-175-v1,Vinhomes Metropolis 447 Kim Mã,Vinhomes Metropolis 447 Kim Mã,CLEAN,canonical,,CLEAN,exact_name|code|landmark|address|street|lang_mixed,osm:way/840982441,osm:way/840982441,building_code,accepted,search20-stage1-query-variants@1
g150-175,g150-175-v2,Vinhomes Metropolis 447 Kim Ma,Vinhomes Metropolis 447 Kim Mã,ORTHOGRAPHIC_IME,strip_diacritics,,SINGLE,partial|code|landmark|address|street|typo|lang_mixed,osm:way/840982441,osm:way/840982441,building_code,accepted,search20-stage1-query-variants@1
g150-175,g150-175-v3,Chung cư Vinhomes Metropolis Liễu Giai,Vinhomes Metropolis 447 Kim Mã,ALIAS,name_area,,CLEAN,name_area|code|landmark|address|street|lang_mixed,osm:way/840982441,osm:way/840982441,building_code,accepted,search20-stage1-query-variants@1
g150-175,g150-175-v4,Vinhomes Liễu Giai Ba Đình,Vinhomes Metropolis 447 Kim Mã,ALIAS,name_area,,CLEAN,name_area|code|landmark|address|street|lang_mixed,osm:way/840982441,osm:way/840982441,building_code,accepted,search20-stage1-query-variants@1
g150-175,g150-175-v5,Vinhomes Metropolis 447 Kim Max,Vinhomes Metropolis 447 Kim Mã,ORTHOGRAPHIC_IME,telex_leftover,telex_tone_marker,SINGLE,partial|code|landmark|address|street|typo|lang_mixed,osm:way/840982441,osm:way/840982441,building_code,accepted,search20-stage1-query-variants@1
g150-175,g150-175-v6,Vinhomes Metropolis 447 Kim Mz,Vinhomes Metropolis 447 Kim Mã,MECHANICAL_TYPO,adjacent_key,,SINGLE,partial|code|landmark|address|street|typo|lang_mixed,osm:way/840982441,osm:way/840982441,building_code,accepted,search20-stage1-query-variants@1
g150-176,g150-176-v1,Sapphire 2 Saigon Pearl Nguyễn Hữu Cảnh,Sapphire 2 Saigon Pearl Nguyễn Hữu Cảnh,CLEAN,canonical,,CLEAN,exact_name|code|landmark|street|lang_mixed,osm:node/11548630281,osm:node/11548630281,building_code,accepted,search20-stage1-query-variants@1
g150-176,g150-176-v2,Sapphire 2 Saigon Pearl Nguyen Huu Canh,Sapphire 2 Saigon Pearl Nguyễn Hữu Cảnh,ORTHOGRAPHIC_IME,strip_diacritics,,SINGLE,partial|code|landmark|street|typo|lang_mixed,osm:node/11548630281,osm:node/11548630281,building_code,accepted,search20-stage1-query-variants@1
g150-176,g150-176-v3,Tòa Sapphire 2 Sài Gòn Pearl 92 Nguyễn Hữu Cảnh,Sapphire 2 Saigon Pearl Nguyễn Hữu Cảnh,ALIAS,name_address,,CLEAN,name_address|code|landmark|lang_mixed,osm:node/11548630281,osm:node/11548630281,building_code,accepted,search20-stage1-query-variants@1
g150-176,g150-176-v4,Tháp Sapphire 2 Saigon Pearl Bình Thạnh,Sapphire 2 Saigon Pearl Nguyễn Hữu Cảnh,ALIAS,name_area,,CLEAN,name_area|code|landmark|street|lang_mixed,osm:node/11548630281,osm:node/11548630281,building_code,accepted,search20-stage1-query-variants@1
g150-176,g150-176-v5,Sapphire 2 Saigon Pearl Nguyễn Huux Cảnh,Sapphire 2 Saigon Pearl Nguyễn Hữu Cảnh,ORTHOGRAPHIC_IME,telex_leftover,telex_vowel_marker,SINGLE,partial|code|landmark|street|typo|lang_mixed,osm:node/11548630281,osm:node/11548630281,building_code,accepted,search20-stage1-query-variants@1
g150-176,g150-176-v6,Sapphire 2 Saigon Pearl Nguyễn Hữu Cảmh,Sapphire 2 Saigon Pearl Nguyễn Hữu Cảnh,MECHANICAL_TYPO,adjacent_key,,SINGLE,partial|code|landmark|street|typo|lang_mixed,osm:node/11548630281,osm:node/11548630281,building_code,accepted,search20-stage1-query-variants@1
g150-177,g150-177-v1,Masteri An Phú Tòa SOL,Masteri An Phú Tòa SOL,CLEAN,canonical,,CLEAN,exact_name|code|landmark|lang_mixed,osm:node/9998882118,osm:node/9998882118,building_code,accepted,search20-stage1-query-variants@1
g150-177,g150-177-v2,Masteri An Phu Toa SOL,Masteri An Phú Tòa SOL,ORTHOGRAPHIC_IME,strip_diacritics,,SINGLE,partial|code|landmark|typo|lang_mixed,osm:node/9998882118,osm:node/9998882118,building_code,accepted,search20-stage1-query-variants@1
g150-177,g150-177-v3,Tháp Sol Masteri An Phú 191 Xa Lộ Hà Nội,Masteri An Phú Tòa SOL,ALIAS,name_address,,CLEAN,name_address|code|landmark|lang_mixed,osm:node/9998882118,osm:node/9998882118,building_code,accepted,search20-stage1-query-variants@1
g150-177,g150-177-v4,Tòa Sol Masteri An Khánh Thủ Đức,Masteri An Phú Tòa SOL,ALIAS,name_area,,CLEAN,name_area|code|landmark|lang_mixed,osm:node/9998882118,osm:node/9998882118,building_code,accepted,search20-stage1-query-variants@1
g150-177,g150-177-v5,Masteri An Phus Tòa SOL,Masteri An Phú Tòa SOL,ORTHOGRAPHIC_IME,telex_leftover,telex_tone_marker,SINGLE,partial|code|landmark|typo|lang_mixed,osm:node/9998882118,osm:node/9998882118,building_code,accepted,search20-stage1-query-variants@1
g150-177,g150-177-v6,Mssteri An Phú Tòa SOL,Masteri An Phú Tòa SOL,MECHANICAL_TYPO,adjacent_key,,SINGLE,partial|code|landmark|typo|lang_mixed,osm:node/9998882118,osm:node/9998882118,building_code,accepted,search20-stage1-query-variants@1
g150-178,g150-178-v1,Vincom Plaza Huế 50A Hùng Vương,Vincom Plaza Huế 50A Hùng Vương,CLEAN,canonical,,CLEAN,exact_name|brand|landmark|address|street|name_area|lang_vi,osm:way/749331141,osm:way/749331141,brand_branch,accepted,search20-stage1-query-variants@1
g150-178,g150-178-v2,Vincom Plaza Hue 50A Hung Vuong,Vincom Plaza Huế 50A Hùng Vương,ORTHOGRAPHIC_IME,strip_diacritics,,SINGLE,partial|brand|landmark|address|street|name_area|typo|lang_vi,osm:way/749331141,osm:way/749331141,brand_branch,accepted,search20-stage1-query-variants@1
g150-178,g150-178-v3,Vincom Plaza Hùng Vương Huế,Vincom Plaza Huế 50A Hùng Vương,ALIAS,street,,CLEAN,street|brand|landmark|address|name_area|lang_vi,osm:way/749331141,osm:way/749331141,brand_branch,accepted,search20-stage1-query-variants@1
g150-178,g150-178-v4,Vincom Huế Thuận Hóa,Vincom Plaza Huế 50A Hùng Vương,ALIAS,name_area,,CLEAN,name_area|brand|landmark|address|street|lang_vi,osm:way/749331141,osm:way/749331141,brand_branch,accepted,search20-stage1-query-variants@1
g150-178,g150-178-v5,Vincom Plaza Huế 50A Hufng Vương,Vincom Plaza Huế 50A Hùng Vương,ORTHOGRAPHIC_IME,telex_leftover,telex_tone_marker,SINGLE,partial|brand|landmark|address|street|name_area|typo|lang_vi,osm:way/749331141,osm:way/749331141,brand_branch,accepted,search20-stage1-query-variants@1
g150-178,g150-178-v6,Vincom Plaza Huế 50A Hùmg Vương,Vincom Plaza Huế 50A Hùng Vương,MECHANICAL_TYPO,adjacent_key,,SINGLE,partial|brand|landmark|address|street|name_area|typo|lang_vi,osm:way/749331141,osm:way/749331141,brand_branch,accepted,search20-stage1-query-variants@1
g150-179,g150-179-v1,Vincom Plaza Hùng Vương Cần Thơ,Vincom Plaza Hùng Vương Cần Thơ,CLEAN,canonical,,CLEAN,exact_name|brand|landmark|street|name_area|lang_vi,osm:way/251905214,osm:way/251905214,brand_branch,accepted,search20-stage1-query-variants@1
g150-179,g150-179-v2,Vincom Plaza Hung Vuong Can Tho,Vincom Plaza Hùng Vương Cần Thơ,ORTHOGRAPHIC_IME,strip_diacritics,,SINGLE,partial|brand|landmark|street|name_area|typo|lang_vi,osm:way/251905214,osm:way/251905214,brand_branch,accepted,search20-stage1-query-variants@1
g150-179,g150-179-v3,Vincom Hùng Vương Ninh Kiều,Vincom Plaza Hùng Vương Cần Thơ,ALIAS,name_area,,CLEAN,name_area|brand|landmark|street|lang_vi,osm:way/251905214,osm:way/251905214,brand_branch,accepted,search20-stage1-query-variants@1
g150-179,g150-179-v4,Vincom Plaza số 2 Hùng Vương Cần Thơ,Vincom Plaza Hùng Vương Cần Thơ,ALIAS,name_address,,CLEAN,name_address|brand|landmark|name_area|lang_vi,osm:way/251905214,osm:way/251905214,brand_branch,accepted,search20-stage1-query-variants@1
g150-179,g150-179-v5,Vincom Plaza Hufng Vương Cần Thơ,Vincom Plaza Hùng Vương Cần Thơ,ORTHOGRAPHIC_IME,telex_leftover,telex_tone_marker,SINGLE,partial|brand|landmark|street|name_area|typo|lang_vi,osm:way/251905214,osm:way/251905214,brand_branch,accepted,search20-stage1-query-variants@1
g150-179,g150-179-v6,Vincom Plaza Hùmg Vương Cần Thơ,Vincom Plaza Hùng Vương Cần Thơ,MECHANICAL_TYPO,adjacent_key,,SINGLE,partial|brand|landmark|street|name_area|typo|lang_vi,osm:way/251905214,osm:way/251905214,brand_branch,accepted,search20-stage1-query-variants@1
g150-180,g150-180-v1,Tòa nhà Viettel Đắk Lắk Lý Tự Trọng,Tòa nhà Viettel Đắk Lắk Lý Tự Trọng,CLEAN,canonical,,CLEAN,exact_name|brand|landmark|street|name_area|lang_vi,osm:way/241744405,osm:way/241744405,building_code,accepted,search20-stage1-query-variants@1
g150-180,g150-180-v2,Toa nha Viettel Dak Lak Ly Tu Trong,Tòa nhà Viettel Đắk Lắk Lý Tự Trọng,ORTHOGRAPHIC_IME,strip_diacritics,,SINGLE,partial|brand|landmark|street|name_area|typo|lang_vi,osm:way/241744405,osm:way/241744405,building_code,accepted,search20-stage1-query-variants@1
g150-180,g150-180-v3,Tòa nhà Viettel Buôn Ma Thuột 48 Lý Tự Trọng,Tòa nhà Viettel Đắk Lắk Lý Tự Trọng,ALIAS,name_address,,CLEAN,name_address|brand|landmark|name_area|lang_vi,osm:way/241744405,osm:way/241744405,building_code,accepted,search20-stage1-query-variants@1
g150-180,g150-180-v4,Tòa Viettel Tân An Đắk Lắk,Tòa nhà Viettel Đắk Lắk Lý Tự Trọng,ALIAS,name_area,,CLEAN,name_area|brand|landmark|street|lang_vi,osm:way/241744405,osm:way/241744405,building_code,accepted,search20-stage1-query-variants@1
g150-180,g150-180-v5,Tòa nhà Viettel Ddaask Lắk Lý Tự Trọng,Tòa nhà Viettel Đắk Lắk Lý Tự Trọng,ORTHOGRAPHIC_IME,telex_leftover,telex_dd,SINGLE,partial|brand|landmark|street|name_area|typo|lang_vi,osm:way/241744405,osm:way/241744405,building_code,accepted,search20-stage1-query-variants@1
g150-180,g150-180-v6,Tòa nhà Viettel Đắk Lắk Lý Tự Chọng,Tòa nhà Viettel Đắk Lắk Lý Tự Trọng,PHONOLOGICAL,phonological_confusion,,SINGLE,partial|brand|landmark|street|name_area|typo|lang_vi,osm:way/241744405,osm:way/241744405,building_code,accepted,search20-stage1-query-variants@1
