old_case_id,new_case_id,scope
train20k-00001,train20k-00001,authored
train20k-00002,train20k-00002,authored
train20k-00003,train20k-00003,authored
train20k-00004,train20k-00004,authored
train20k-00005,train20k-00005,authored
train20k-00006,train20k-00006,authored
train20k-00007,train20k-00007,authored
train20k-00008,train20k-00008,authored
train20k-00009,train20k-00009,authored
train20k-00010,train20k-00010,authored
train20k-00011,train20k-00011,authored
train20k-00012,train20k-00012,authored
train20k-00013,train20k-00013,authored
train20k-00014,train20k-00014,authored
train20k-00015,train20k-00015,authored
train20k-00016,train20k-00016,authored
train20k-00017,train20k-00017,authored
train20k-00018,train20k-00018,authored
train20k-00019,train20k-00019,authored
train20k-00020,train20k-00020,authored
train20k-00021,train20k-00021,authored
train20k-00022,train20k-00022,authored
train20k-00023,train20k-00023,authored
train20k-00024,train20k-00024,authored
train20k-00025,train20k-00025,authored
train20k-00026,train20k-00026,authored
train20k-00027,train20k-00027,authored
train20k-00028,train20k-00028,authored
train20k-00029,train20k-00029,authored
train20k-00030,train20k-00030,authored
train20k-00031,train20k-00031,authored
train20k-00032,train20k-00032,authored
train20k-00033,train20k-00033,authored
train20k-00034,train20k-00034,authored
train20k-00035,train20k-00035,authored
train20k-00036,train20k-00036,authored
train20k-00037,train20k-00037,authored
train20k-00038,train20k-00038,authored
train20k-00039,train20k-00039,authored
train20k-00040,train20k-00040,authored
train20k-00041,train20k-00041,authored
train20k-00042,train20k-00042,authored
train20k-00043,train20k-00043,authored
train20k-00044,train20k-00044,authored
train20k-00045,train20k-00045,authored
train20k-00046,train20k-00046,authored
train20k-00047,train20k-00047,authored
train20k-00048,train20k-00048,authored
train20k-00049,train20k-00049,authored
train20k-00050,train20k-00050,authored
train20k-00051,train20k-00051,authored
train20k-00052,train20k-00052,authored
train20k-00053,train20k-00053,authored
train20k-00054,train20k-00054,authored
train20k-00055,train20k-00055,authored
train20k-00056,train20k-00056,authored
train20k-00057,train20k-00057,authored
train20k-00058,train20k-00058,authored
train20k-00059,train20k-00059,authored
train20k-00060,train20k-00060,authored
train20k-00061,train20k-00061,authored
train20k-00062,train20k-00062,authored
train20k-00063,train20k-00063,authored
train20k-00064,train20k-00064,authored
train20k-00065,train20k-00065,authored
train20k-00066,train20k-00066,authored
train20k-00067,train20k-00067,authored
train20k-00068,train20k-00068,authored
train20k-00069,train20k-00069,authored
train20k-00070,train20k-00070,authored
train20k-00071,train20k-00071,authored
train20k-00072,train20k-00072,authored
train20k-00073,train20k-00073,authored
train20k-00074,train20k-00074,authored
train20k-00075,train20k-00075,authored
train20k-00076,train20k-00076,authored
train20k-00077,train20k-00077,authored
train20k-00078,train20k-00078,authored
train20k-00079,train20k-00079,authored
train20k-00080,train20k-00080,authored
train20k-00081,train20k-00081,authored
train20k-00082,train20k-00082,authored
train20k-00083,train20k-00083,authored
train20k-00084,train20k-00084,authored
train20k-00085,train20k-00085,authored
train20k-00086,train20k-00086,authored
train20k-00087,train20k-00087,authored
train20k-00088,train20k-00088,authored
train20k-00089,train20k-00089,authored
train20k-00090,train20k-00090,authored
train20k-00091,train20k-00091,authored
train20k-00092,train20k-00092,authored
train20k-00093,train20k-00093,authored
train20k-00094,train20k-00094,authored
train20k-00095,train20k-00095,authored
train20k-00096,train20k-00096,authored
train20k-00097,train20k-00097,authored
train20k-00098,train20k-00098,authored
train20k-00099,train20k-00099,authored
train20k-00100,train20k-00100,authored
train20k-00101,train20k-00101,authored
train20k-00102,train20k-00102,authored
train20k-00103,train20k-00103,authored
train20k-00104,train20k-00104,authored
train20k-00105,train20k-00105,authored
train20k-00106,train20k-00106,authored
train20k-00107,train20k-00107,authored
train20k-00108,train20k-00108,authored
train20k-00109,train20k-00109,authored
train20k-00110,train20k-00110,authored
train20k-00111,train20k-00111,authored
train20k-00112,train20k-00112,authored
train20k-00113,train20k-00113,authored
train20k-00114,train20k-00114,authored
train20k-00115,train20k-00115,authored
train20k-00116,train20k-00116,authored
train20k-00117,train20k-00117,authored
train20k-00118,train20k-00118,authored
train20k-00119,train20k-00119,authored
train20k-00120,train20k-00120,authored
train20k-00121,train20k-00121,authored
train20k-00122,train20k-00122,authored
train20k-00123,train20k-00123,authored
train20k-00124,train20k-00124,authored
train20k-00125,train20k-00125,authored
train20k-00126,train20k-00126,authored
train20k-00127,train20k-00127,authored
train20k-00128,train20k-00128,authored
train20k-00129,train20k-00129,authored
train20k-00130,train20k-00130,authored
train20k-00131,train20k-00131,authored
train20k-00132,train20k-00132,authored
train20k-00133,train20k-00133,authored
train20k-00134,train20k-00134,authored
train20k-00135,train20k-00135,authored
train20k-00136,train20k-00136,authored
train20k-00137,train20k-00137,authored
train20k-00138,train20k-00138,authored
train20k-00139,train20k-00139,authored
train20k-00140,train20k-00140,authored
train20k-00141,train20k-00141,authored
train20k-00142,train20k-00142,authored
train20k-00143,train20k-00143,authored
train20k-00144,train20k-00144,authored
train20k-00145,train20k-00145,authored
train20k-00146,train20k-00146,authored
train20k-00147,train20k-00147,authored
train20k-00148,train20k-00148,authored
train20k-00149,train20k-00149,authored
train20k-00150,train20k-00150,authored
train20k-00151,train20k-00151,authored
train20k-00152,train20k-00152,authored
train20k-00153,train20k-00153,authored
train20k-00154,train20k-00154,authored
train20k-00155,train20k-00155,authored
train20k-00156,train20k-00156,authored
train20k-00157,train20k-00157,authored
train20k-00158,train20k-00158,authored
train20k-00159,train20k-00159,authored
train20k-00160,train20k-00160,authored
train20k-00161,train20k-00161,authored
train20k-00162,train20k-00162,authored
train20k-00163,train20k-00163,authored
train20k-00164,train20k-00164,authored
train20k-00165,train20k-00165,authored
train20k-00166,train20k-00166,authored
train20k-00167,train20k-00167,authored
train20k-00168,train20k-00168,authored
train20k-00169,train20k-00169,authored
train20k-00170,train20k-00170,authored
train20k-00171,train20k-00171,authored
train20k-00172,train20k-00172,authored
train20k-00173,train20k-00173,authored
train20k-00174,train20k-00174,authored
train20k-00175,train20k-00175,authored
train20k-00176,train20k-00176,authored
train20k-00177,train20k-00177,authored
train20k-00178,train20k-00178,authored
train20k-00179,train20k-00179,authored
train20k-00180,train20k-00180,authored
train20k-00181,train20k-00181,authored
train20k-00182,train20k-00182,authored
train20k-00183,train20k-00183,authored
train20k-00184,train20k-00184,authored
train20k-00185,train20k-00185,authored
train20k-00186,train20k-00186,authored
train20k-00187,train20k-00187,authored
train20k-00188,train20k-00188,authored
train20k-00189,train20k-00189,authored
train20k-00190,train20k-00190,authored
train20k-00191,train20k-00191,authored
train20k-00192,train20k-00192,authored
train20k-00193,train20k-00193,authored
train20k-00194,train20k-00194,authored
train20k-00195,train20k-00195,authored
train20k-00196,train20k-00196,authored
train20k-00197,train20k-00197,authored
train20k-00198,train20k-00198,authored
train20k-00199,train20k-00199,authored
train20k-00200,train20k-00200,authored
train20k-00201,train20k-00201,authored
train20k-00202,train20k-00202,authored
train20k-00203,train20k-00203,authored
train20k-00204,train20k-00204,authored
train20k-00205,train20k-00205,authored
train20k-00206,train20k-00206,authored
train20k-00207,train20k-00207,authored
train20k-00208,train20k-00208,authored
train20k-00209,train20k-00209,authored
train20k-00210,train20k-00210,authored
train20k-00211,train20k-00211,authored
train20k-00212,train20k-00212,authored
train20k-00213,train20k-00213,authored
train20k-00214,train20k-00214,authored
train20k-00215,train20k-00215,authored
train20k-00216,train20k-00216,authored
train20k-00217,train20k-00217,authored
train20k-00218,train20k-00218,authored
train20k-00219,train20k-00219,authored
train20k-00220,train20k-00220,authored
train20k-00221,train20k-00221,authored
train20k-00222,train20k-00222,authored
train20k-00223,train20k-00223,authored
train20k-00224,train20k-00224,authored
train20k-00225,train20k-00225,authored
train20k-00226,train20k-00226,authored
train20k-00227,train20k-00227,authored
train20k-00228,train20k-00228,authored
train20k-00229,train20k-00229,authored
train20k-00230,train20k-00230,authored
train20k-00231,train20k-00231,authored
train20k-00232,train20k-00232,authored
train20k-00233,train20k-00233,authored
train20k-00234,train20k-00234,authored
train20k-00235,train20k-00235,authored
train20k-00236,train20k-00236,authored
train20k-00237,train20k-00237,authored
train20k-00238,train20k-00238,authored
train20k-00239,train20k-00239,authored
train20k-00240,train20k-00240,authored
train20k-00241,train20k-00241,authored
train20k-00242,train20k-00242,authored
train20k-00243,train20k-00243,authored
train20k-00244,train20k-00244,authored
train20k-00245,train20k-00245,authored
train20k-00246,train20k-00246,authored
train20k-00247,train20k-00247,authored
train20k-00248,train20k-00248,authored
train20k-00249,train20k-00249,authored
train20k-00250,train20k-00250,authored
train20k-00251,train20k-00251,authored
train20k-00252,train20k-00252,authored
train20k-00253,train20k-00253,authored
train20k-00254,train20k-00254,authored
train20k-00255,train20k-00255,authored
train20k-00256,train20k-00256,authored
train20k-00257,train20k-00257,authored
train20k-00258,train20k-00258,authored
train20k-00259,train20k-00259,authored
train20k-00260,train20k-00260,authored
train20k-00261,train20k-00261,authored
train20k-00262,train20k-00262,authored
train20k-00263,train20k-00263,authored
train20k-00264,train20k-00264,authored
train20k-00265,train20k-00265,authored
train20k-00266,train20k-00266,authored
train20k-00267,train20k-00267,authored
train20k-00268,train20k-00268,authored
train20k-00269,train20k-00269,authored
train20k-00270,train20k-00270,authored
train20k-00271,train20k-00271,authored
train20k-00272,train20k-00272,authored
train20k-00273,train20k-00273,authored
train20k-00274,train20k-00274,authored
train20k-00275,train20k-00275,authored
train20k-00276,train20k-00276,authored
train20k-00277,train20k-00277,authored
train20k-00278,train20k-00278,authored
train20k-00279,train20k-00279,authored
train20k-00280,train20k-00280,authored
train20k-00281,train20k-00281,authored
train20k-00282,train20k-00282,authored
train20k-00283,train20k-00283,authored
train20k-00284,train20k-00284,authored
train20k-00285,train20k-00285,authored
train20k-00286,train20k-00286,authored
train20k-00287,train20k-00287,authored
train20k-00288,train20k-00288,authored
train20k-00289,train20k-00289,authored
train20k-00290,train20k-00290,authored
train20k-00291,train20k-00291,authored
train20k-00292,train20k-00292,authored
train20k-00293,train20k-00293,authored
train20k-00294,train20k-00294,authored
train20k-00295,train20k-00295,authored
train20k-00296,train20k-00296,authored
train20k-00297,train20k-00297,authored
train20k-00298,train20k-00298,authored
train20k-00299,train20k-00299,authored
train20k-00300,train20k-00300,authored
train20k-00301,train20k-00301,authored
train20k-00302,train20k-00302,authored
train20k-00303,train20k-00303,authored
train20k-00304,train20k-00304,authored
train20k-00305,train20k-00305,authored
train20k-00306,train20k-00306,authored
train20k-00307,train20k-00307,authored
train20k-00308,train20k-00308,authored
train20k-00309,train20k-00309,authored
train20k-00310,train20k-00310,authored
train20k-00311,train20k-00311,authored
train20k-00312,train20k-00312,authored
train20k-00313,train20k-00313,authored
train20k-00314,train20k-00314,authored
train20k-00315,train20k-00315,authored
train20k-00316,train20k-00316,authored
train20k-00317,train20k-00317,authored
train20k-00318,train20k-00318,authored
train20k-00319,train20k-00319,authored
train20k-00320,train20k-00320,authored
train20k-00321,train20k-00321,authored
train20k-00322,train20k-00322,authored
train20k-00323,train20k-00323,authored
train20k-00324,train20k-00324,authored
train20k-00325,train20k-00325,authored
train20k-00326,train20k-00326,authored
train20k-00327,train20k-00327,authored
train20k-00328,train20k-00328,authored
train20k-00329,train20k-00329,authored
train20k-00330,train20k-00330,authored
train20k-00331,train20k-00331,authored
train20k-00332,train20k-00332,authored
train20k-00333,train20k-00333,authored
train20k-00334,train20k-00334,authored
train20k-00335,train20k-00335,authored
train20k-00336,train20k-00336,authored
train20k-00337,train20k-00337,authored
train20k-00338,train20k-00338,authored
train20k-00339,train20k-00339,authored
train20k-00340,train20k-00340,authored
train20k-00341,train20k-00341,authored
train20k-00342,train20k-00342,authored
train20k-00343,train20k-00343,authored
train20k-00344,train20k-00344,authored
train20k-00345,train20k-00345,authored
train20k-00346,train20k-00346,authored
train20k-00347,train20k-00347,authored
train20k-00348,train20k-00348,authored
train20k-00349,train20k-00349,authored
train20k-00350,train20k-00350,authored
train20k-00351,train20k-00351,authored
train20k-00352,train20k-00352,authored
train20k-00353,train20k-00353,authored
train20k-00354,train20k-00354,authored
train20k-00355,train20k-00355,authored
train20k-00356,train20k-00356,authored
train20k-00357,train20k-00357,authored
train20k-00358,train20k-00358,authored
train20k-00359,train20k-00359,authored
train20k-00360,train20k-00360,authored
train20k-00361,train20k-00361,authored
train20k-00362,train20k-00362,authored
train20k-00363,train20k-00363,authored
train20k-00364,train20k-00364,authored
train20k-00365,train20k-00365,authored
train20k-00366,train20k-00366,authored
train20k-00367,train20k-00367,authored
train20k-00368,train20k-00368,authored
train20k-00369,train20k-00369,authored
train20k-00370,train20k-00370,authored
train20k-00371,train20k-00371,authored
train20k-00372,train20k-00372,authored
train20k-00373,train20k-00373,authored
train20k-00374,train20k-00374,authored
train20k-00375,train20k-00375,authored
train20k-00376,train20k-00376,authored
train20k-00377,train20k-00377,authored
train20k-00378,train20k-00378,authored
train20k-00379,train20k-00379,authored
train20k-00380,train20k-00380,authored
train20k-00381,train20k-00381,authored
train20k-00382,train20k-00382,authored
train20k-00383,train20k-00383,authored
train20k-00384,train20k-00384,authored
train20k-00385,train20k-00385,authored
train20k-00386,train20k-00386,authored
train20k-00387,train20k-00387,authored
train20k-00388,train20k-00388,authored
train20k-00389,train20k-00389,authored
train20k-00390,train20k-00390,authored
train20k-00391,train20k-00391,authored
train20k-00392,train20k-00392,authored
train20k-00393,train20k-00393,authored
train20k-00394,train20k-00394,authored
train20k-00395,train20k-00395,authored
train20k-00396,train20k-00396,authored
train20k-00397,train20k-00397,authored
train20k-00398,train20k-00398,authored
train20k-00399,train20k-00399,authored
train20k-00400,train20k-00400,authored
train20k-00401,train20k-00401,authored
train20k-00402,train20k-00402,authored
train20k-00403,train20k-00403,authored
train20k-00404,train20k-00404,authored
train20k-00405,train20k-00405,authored
train20k-00406,train20k-00406,authored
train20k-00407,train20k-00407,authored
train20k-00408,train20k-00408,authored
train20k-00409,train20k-00409,authored
train20k-00410,train20k-00410,authored
train20k-00411,train20k-00411,authored
train20k-00412,train20k-00412,authored
train20k-00413,train20k-00413,authored
train20k-00414,train20k-00414,authored
train20k-00415,train20k-00415,authored
train20k-00416,train20k-00416,authored
train20k-00417,train20k-00417,authored
train20k-00418,train20k-00418,authored
train20k-00419,train20k-00419,authored
train20k-00420,train20k-00420,authored
train20k-00421,train20k-00421,authored
train20k-00422,train20k-00422,authored
train20k-00423,train20k-00423,authored
train20k-00424,train20k-00424,authored
train20k-00425,train20k-00425,authored
train20k-00426,train20k-00426,authored
train20k-00427,train20k-00427,authored
train20k-00428,train20k-00428,authored
train20k-00429,train20k-00429,authored
train20k-00430,train20k-00430,authored
train20k-00431,train20k-00431,authored
train20k-00432,train20k-00432,authored
train20k-00433,train20k-00433,authored
train20k-00434,train20k-00434,authored
train20k-00435,train20k-00435,authored
train20k-00436,train20k-00436,authored
train20k-00437,train20k-00437,authored
train20k-00438,train20k-00438,authored
train20k-00439,train20k-00439,authored
train20k-00440,train20k-00440,authored
train20k-00441,train20k-00441,authored
train20k-00442,train20k-00442,authored
train20k-00443,train20k-00443,authored
train20k-00444,train20k-00444,authored
train20k-00445,train20k-00445,authored
train20k-00446,train20k-00446,authored
train20k-00447,train20k-00447,authored
train20k-00448,train20k-00448,authored
train20k-00449,train20k-00449,authored
train20k-00450,train20k-00450,authored
train20k-00451,train20k-00451,authored
train20k-00452,train20k-00452,authored
train20k-00453,train20k-00453,authored
train20k-00454,train20k-00454,authored
train20k-00455,train20k-00455,authored
train20k-00456,train20k-00456,authored
train20k-00457,train20k-00457,authored
train20k-00458,train20k-00458,authored
train20k-00459,train20k-00459,authored
train20k-00460,train20k-00460,authored
train20k-00461,train20k-00461,authored
train20k-00462,train20k-00462,authored
train20k-00463,train20k-00463,authored
train20k-00464,train20k-00464,authored
train20k-00465,train20k-00465,authored
train20k-00466,train20k-00466,authored
train20k-00467,train20k-00467,authored
train20k-00468,train20k-00468,authored
train20k-00469,train20k-00469,authored
train20k-00470,train20k-00470,authored
train20k-00471,train20k-00471,authored
train20k-00472,train20k-00472,authored
train20k-00473,train20k-00473,authored
train20k-00474,train20k-00474,authored
train20k-00475,train20k-00475,authored
train20k-00476,train20k-00476,authored
train20k-00477,train20k-00477,authored
train20k-00478,train20k-00478,authored
train20k-00479,train20k-00479,authored
train20k-00480,train20k-00480,authored
train20k-00481,train20k-00481,authored
train20k-00482,train20k-00482,authored
train20k-00483,train20k-00483,authored
train20k-00484,train20k-00484,authored
train20k-00485,train20k-00485,authored
train20k-00486,train20k-00486,authored
train20k-00487,train20k-00487,authored
train20k-00488,train20k-00488,authored
train20k-00489,train20k-00489,authored
train20k-00490,train20k-00490,authored
train20k-00491,train20k-00491,authored
train20k-00492,train20k-00492,authored
train20k-00493,train20k-00493,authored
train20k-00494,train20k-00494,authored
train20k-00495,train20k-00495,authored
train20k-00496,train20k-00496,authored
train20k-00497,train20k-00497,authored
train20k-00498,train20k-00498,authored
train20k-00499,train20k-00499,authored
train20k-00500,train20k-00500,authored
train20k-00501,train20k-00501,authored
train20k-00502,train20k-00502,authored
train20k-00503,train20k-00503,authored
train20k-00504,train20k-00504,authored
train20k-00505,train20k-00505,authored
train20k-00506,train20k-00506,authored
train20k-00507,train20k-00507,authored
train20k-00508,train20k-00508,authored
train20k-00509,train20k-00509,authored
train20k-00510,train20k-00510,authored
train20k-00511,train20k-00511,authored
train20k-00512,train20k-00512,authored
train20k-00513,train20k-00513,authored
train20k-00514,train20k-00514,authored
train20k-00515,train20k-00515,authored
train20k-00516,train20k-00516,authored
train20k-00517,train20k-00517,authored
train20k-00518,train20k-00518,authored
train20k-00519,train20k-00519,authored
train20k-00520,train20k-00520,authored
train20k-00521,train20k-00521,authored
train20k-00522,train20k-00522,authored
train20k-00523,train20k-00523,authored
train20k-00524,train20k-00524,authored
train20k-00525,train20k-00525,authored
train20k-00526,train20k-00526,authored
train20k-00527,train20k-00527,authored
train20k-00528,train20k-00528,authored
train20k-00529,train20k-00529,authored
train20k-00530,train20k-00530,authored
train20k-00531,train20k-00531,authored
train20k-00532,train20k-00532,authored
train20k-00533,train20k-00533,authored
train20k-00534,train20k-00534,authored
train20k-00535,train20k-00535,authored
train20k-00536,train20k-00536,authored
train20k-00537,train20k-00537,authored
train20k-00538,train20k-00538,authored
train20k-00539,train20k-00539,authored
train20k-00540,train20k-00540,authored
train20k-00541,train20k-00541,authored
train20k-00542,train20k-00542,authored
train20k-00543,train20k-00543,authored
train20k-00544,train20k-00544,authored
train20k-00545,train20k-00545,authored
train20k-00546,train20k-00546,authored
train20k-00547,train20k-00547,authored
train20k-00548,train20k-00548,authored
train20k-00549,train20k-00549,authored
train20k-00550,train20k-00550,authored
train20k-00551,train20k-00551,authored
train20k-00553,train20k-00552,authored
train20k-00554,train20k-00553,authored
train20k-00555,train20k-00554,authored
train20k-00556,train20k-00555,authored
train20k-00557,train20k-00556,authored
train20k-00558,train20k-00557,authored
train20k-00559,train20k-00558,authored
train20k-00560,train20k-00559,authored
train20k-00561,train20k-00560,authored
train20k-00562,train20k-00561,authored
train20k-00563,train20k-00562,authored
train20k-00564,train20k-00563,authored
train20k-00565,train20k-00564,authored
train20k-00566,train20k-00565,authored
train20k-00567,train20k-00566,authored
train20k-00568,train20k-00567,authored
train20k-00569,train20k-00568,authored
train20k-00570,train20k-00569,authored
train20k-00571,train20k-00570,authored
train20k-00572,train20k-00571,authored
train20k-00573,train20k-00572,authored
train20k-00574,train20k-00573,authored
train20k-00575,train20k-00574,authored
train20k-00576,train20k-00575,authored
train20k-00577,train20k-00576,authored
train20k-00578,train20k-00577,authored
train20k-00579,train20k-00578,authored
train20k-00580,train20k-00579,authored
train20k-00581,train20k-00580,authored
train20k-00582,train20k-00581,authored
train20k-00583,train20k-00582,authored
train20k-00584,train20k-00583,authored
train20k-00585,train20k-00584,authored
train20k-00586,train20k-00585,authored
train20k-00587,train20k-00586,authored
train20k-00588,train20k-00587,authored
train20k-00589,train20k-00588,authored
train20k-00590,train20k-00589,authored
train20k-00591,train20k-00590,authored
train20k-00592,train20k-00591,authored
train20k-00593,train20k-00592,authored
train20k-00594,train20k-00593,authored
train20k-00595,train20k-00594,authored
train20k-00596,train20k-00595,authored
train20k-00597,train20k-00596,authored
train20k-00598,train20k-00597,authored
train20k-00599,train20k-00598,authored
train20k-00600,train20k-00599,authored
train20k-00601,train20k-00600,authored
train20k-00602,train20k-00601,authored
train20k-00603,train20k-00602,authored
train20k-00604,train20k-00603,authored
train20k-00605,train20k-00604,authored
train20k-00606,train20k-00605,authored
train20k-00607,train20k-00606,authored
train20k-00608,train20k-00607,authored
train20k-00609,train20k-00608,authored
train20k-00610,train20k-00609,authored
train20k-00611,train20k-00610,authored
train20k-00612,train20k-00611,authored
train20k-00613,train20k-00612,authored
train20k-00614,train20k-00613,authored
train20k-00615,train20k-00614,authored
train20k-00616,train20k-00615,authored
train20k-00617,train20k-00616,authored
train20k-00618,train20k-00617,authored
train20k-00619,train20k-00618,authored
train20k-00620,train20k-00619,authored
train20k-00621,train20k-00620,authored
train20k-00622,train20k-00621,authored
train20k-00623,train20k-00622,authored
train20k-00624,train20k-00623,authored
train20k-00625,train20k-00624,authored
train20k-00626,train20k-00625,authored
train20k-00627,train20k-00626,authored
train20k-00628,train20k-00627,authored
train20k-00629,train20k-00628,authored
train20k-00630,train20k-00629,authored
train20k-00631,train20k-00630,authored
train20k-00632,train20k-00631,authored
train20k-00633,train20k-00632,authored
train20k-00634,train20k-00633,authored
train20k-00635,train20k-00634,authored
train20k-00636,train20k-00635,authored
train20k-00637,train20k-00636,authored
train20k-00638,train20k-00637,authored
train20k-00639,train20k-00638,authored
train20k-00640,train20k-00639,authored
train20k-00641,train20k-00640,authored
train20k-00642,train20k-00641,authored
train20k-00643,train20k-00642,authored
train20k-00644,train20k-00643,authored
train20k-00645,train20k-00644,authored
train20k-00646,train20k-00645,authored
train20k-00647,train20k-00646,authored
train20k-00648,train20k-00647,authored
train20k-00649,train20k-00648,authored
train20k-00650,train20k-00649,authored
train20k-00651,train20k-00650,authored
train20k-00652,train20k-00651,authored
train20k-00653,train20k-00652,authored
train20k-00654,train20k-00653,authored
train20k-00655,train20k-00654,authored
train20k-00656,train20k-00655,authored
train20k-00657,train20k-00656,authored
train20k-00658,train20k-00657,authored
train20k-00659,train20k-00658,authored
train20k-00660,train20k-00659,authored
train20k-00661,train20k-00660,authored
train20k-00662,train20k-00661,authored
train20k-00663,train20k-00662,authored
train20k-00664,train20k-00663,authored
train20k-00665,train20k-00664,authored
train20k-00666,train20k-00665,authored
train20k-00667,train20k-00666,authored
train20k-00668,train20k-00667,authored
train20k-00669,train20k-00668,authored
train20k-00670,train20k-00669,authored
train20k-00671,train20k-00670,authored
train20k-00672,train20k-00671,authored
train20k-00673,train20k-00672,authored
train20k-00674,train20k-00673,authored
train20k-00675,train20k-00674,authored
train20k-00676,train20k-00675,authored
train20k-00677,train20k-00676,authored
train20k-00678,train20k-00677,authored
train20k-00679,train20k-00678,authored
train20k-00680,train20k-00679,authored
train20k-00681,train20k-00680,authored
train20k-00682,train20k-00681,authored
train20k-00683,train20k-00682,authored
train20k-00684,train20k-00683,authored
train20k-00685,train20k-00684,authored
train20k-00686,train20k-00685,authored
train20k-00687,train20k-00686,authored
train20k-00688,train20k-00687,authored
train20k-00689,train20k-00688,authored
train20k-00690,train20k-00689,authored
train20k-00691,train20k-00690,authored
train20k-00692,train20k-00691,authored
train20k-00693,train20k-00692,authored
train20k-00694,train20k-00693,authored
train20k-00695,train20k-00694,authored
train20k-00696,train20k-00695,authored
train20k-00697,train20k-00696,authored
train20k-00698,train20k-00697,authored
train20k-00699,train20k-00698,authored
train20k-00700,train20k-00699,authored
train20k-00701,train20k-00700,authored
train20k-00702,train20k-00701,authored
train20k-00703,train20k-00702,authored
train20k-00704,train20k-00703,authored
train20k-00705,train20k-00704,authored
train20k-00706,train20k-00705,authored
train20k-00707,train20k-00706,authored
train20k-00708,train20k-00707,authored
train20k-00709,train20k-00708,authored
train20k-00710,train20k-00709,authored
train20k-00711,train20k-00710,authored
train20k-00712,train20k-00711,authored
train20k-00713,train20k-00712,authored
train20k-00714,train20k-00713,authored
train20k-00715,train20k-00714,authored
train20k-00716,train20k-00715,authored
train20k-00717,train20k-00716,authored
train20k-00718,train20k-00717,authored
train20k-00719,train20k-00718,authored
train20k-00720,train20k-00719,authored
train20k-00721,train20k-00720,authored
train20k-00722,train20k-00721,authored
train20k-00723,train20k-00722,authored
train20k-00724,train20k-00723,authored
train20k-00725,train20k-00724,authored
train20k-00726,train20k-00725,authored
train20k-00727,train20k-00726,authored
train20k-00728,train20k-00727,authored
train20k-00729,train20k-00728,authored
train20k-00730,train20k-00729,authored
train20k-00731,train20k-00730,authored
train20k-00732,train20k-00731,authored
train20k-00733,train20k-00732,authored
train20k-00734,train20k-00733,authored
train20k-00735,train20k-00734,authored
train20k-00736,train20k-00735,authored
train20k-00737,train20k-00736,authored
train20k-00738,train20k-00737,authored
train20k-00739,train20k-00738,authored
train20k-00740,train20k-00739,authored
train20k-00741,train20k-00740,authored
train20k-00742,train20k-00741,authored
train20k-00743,train20k-00742,authored
train20k-00744,train20k-00743,authored
train20k-00745,train20k-00744,authored
train20k-00746,train20k-00745,authored
train20k-00747,train20k-00746,authored
train20k-00748,train20k-00747,authored
train20k-00749,train20k-00748,authored
train20k-00750,train20k-00749,authored
train20k-00751,train20k-00750,authored
train20k-00752,train20k-00751,authored
train20k-00753,train20k-00752,authored
train20k-00754,train20k-00753,authored
train20k-00755,train20k-00754,authored
train20k-00756,train20k-00755,authored
train20k-00757,train20k-00756,authored
train20k-00758,train20k-00757,authored
train20k-00759,train20k-00758,authored
train20k-00760,train20k-00759,authored
train20k-00761,train20k-00760,authored
train20k-00762,train20k-00761,authored
train20k-00763,train20k-00762,authored
train20k-00764,train20k-00763,authored
train20k-00765,train20k-00764,authored
train20k-00766,train20k-00765,authored
train20k-00767,train20k-00766,authored
train20k-00768,train20k-00767,authored
train20k-00769,train20k-00768,authored
train20k-00770,train20k-00769,authored
train20k-00771,train20k-00770,authored
train20k-00772,train20k-00771,authored
train20k-00773,train20k-00772,authored
train20k-00774,train20k-00773,authored
train20k-00775,train20k-00774,authored
train20k-00776,train20k-00775,authored
train20k-00777,train20k-00776,authored
train20k-00778,train20k-00777,authored
train20k-00779,train20k-00778,authored
train20k-00780,train20k-00779,authored
train20k-00781,train20k-00780,authored
train20k-00782,train20k-00781,authored
train20k-00783,train20k-00782,authored
train20k-00784,train20k-00783,authored
train20k-00785,train20k-00784,authored
train20k-00786,train20k-00785,authored
train20k-00787,train20k-00786,authored
train20k-00788,train20k-00787,authored
train20k-00789,train20k-00788,authored
train20k-00790,train20k-00789,authored
train20k-00791,train20k-00790,authored
train20k-00792,train20k-00791,authored
train20k-00793,train20k-00792,authored
train20k-00794,train20k-00793,authored
train20k-00795,train20k-00794,authored
train20k-00796,train20k-00795,authored
train20k-00797,train20k-00796,authored
train20k-00798,train20k-00797,authored
train20k-00799,train20k-00798,authored
train20k-00800,train20k-00799,authored
train20k-00801,train20k-00800,authored
train20k-00802,train20k-00801,authored
train20k-00803,train20k-00802,authored
train20k-00804,train20k-00803,authored
train20k-00805,train20k-00804,authored
train20k-00806,train20k-00805,authored
train20k-00807,train20k-00806,authored
train20k-00808,train20k-00807,authored
train20k-00809,train20k-00808,authored
train20k-00810,train20k-00809,authored
train20k-00811,train20k-00810,authored
train20k-00812,train20k-00811,authored
train20k-00813,train20k-00812,authored
train20k-00814,train20k-00813,authored
train20k-00815,train20k-00814,authored
train20k-00816,train20k-00815,authored
train20k-00817,train20k-00816,authored
train20k-00818,train20k-00817,authored
train20k-00819,train20k-00818,authored
train20k-00820,train20k-00819,authored
train20k-00821,train20k-00820,authored
train20k-00822,train20k-00821,authored
train20k-00823,train20k-00822,authored
train20k-00824,train20k-00823,authored
train20k-00825,train20k-00824,authored
train20k-00826,train20k-00825,authored
train20k-00827,train20k-00826,authored
train20k-00828,train20k-00827,authored
train20k-00829,train20k-00828,authored
train20k-00830,train20k-00829,authored
train20k-00831,train20k-00830,authored
train20k-00832,train20k-00831,authored
train20k-00833,train20k-00832,authored
train20k-00834,train20k-00833,authored
train20k-00835,train20k-00834,authored
train20k-00836,train20k-00835,authored
train20k-00837,train20k-00836,authored
train20k-00838,train20k-00837,authored
train20k-00839,train20k-00838,authored
train20k-00840,train20k-00839,authored
train20k-00841,train20k-00840,authored
train20k-00842,train20k-00841,authored
train20k-00843,train20k-00842,authored
train20k-00844,train20k-00843,authored
train20k-00845,train20k-00844,authored
train20k-00846,train20k-00845,authored
train20k-00847,train20k-00846,authored
train20k-00848,train20k-00847,authored
train20k-00849,train20k-00848,authored
train20k-00850,train20k-00849,authored
train20k-00851,train20k-00850,authored
train20k-00852,train20k-00851,authored
train20k-00853,train20k-00852,authored
train20k-00854,train20k-00853,authored
train20k-00855,train20k-00854,authored
train20k-00856,train20k-00855,authored
train20k-00857,train20k-00856,authored
train20k-00858,train20k-00857,authored
train20k-00859,train20k-00858,authored
train20k-00860,train20k-00859,authored
train20k-00861,train20k-00860,authored
train20k-00862,train20k-00861,authored
train20k-00863,train20k-00862,authored
train20k-00864,train20k-00863,authored
train20k-00865,train20k-00864,authored
train20k-00866,train20k-00865,authored
train20k-00867,train20k-00866,authored
train20k-00868,train20k-00867,authored
train20k-00869,train20k-00868,authored
train20k-00870,train20k-00869,authored
train20k-00871,train20k-00870,authored
train20k-00872,train20k-00871,authored
train20k-00873,train20k-00872,authored
train20k-00874,train20k-00873,authored
train20k-00875,train20k-00874,authored
train20k-00876,train20k-00875,authored
train20k-00877,train20k-00876,authored
train20k-00878,train20k-00877,authored
train20k-00879,train20k-00878,authored
train20k-00880,train20k-00879,authored
train20k-00881,train20k-00880,authored
train20k-00882,train20k-00881,authored
train20k-00883,train20k-00882,authored
train20k-00884,train20k-00883,authored
train20k-00885,train20k-00884,authored
train20k-00886,train20k-00885,authored
train20k-00887,train20k-00886,authored
train20k-00888,train20k-00887,authored
train20k-00889,train20k-00888,authored
train20k-00890,train20k-00889,authored
train20k-00891,train20k-00890,authored
train20k-00892,train20k-00891,authored
train20k-00893,train20k-00892,authored
train20k-00894,train20k-00893,authored
train20k-00895,train20k-00894,authored
train20k-00896,train20k-00895,authored
train20k-00897,train20k-00896,authored
train20k-00898,train20k-00897,authored
train20k-00899,train20k-00898,authored
train20k-00900,train20k-00899,authored
train20k-00901,train20k-00900,authored
train20k-00902,train20k-00901,authored
train20k-00903,train20k-00902,authored
train20k-00904,train20k-00903,authored
train20k-00905,train20k-00904,authored
train20k-00906,train20k-00905,authored
train20k-00907,train20k-00906,authored
train20k-00908,train20k-00907,authored
train20k-00909,train20k-00908,authored
train20k-00910,train20k-00909,authored
train20k-00911,train20k-00910,authored
train20k-00912,train20k-00911,authored
train20k-00913,train20k-00912,authored
train20k-00914,train20k-00913,authored
train20k-00915,train20k-00914,authored
train20k-00916,train20k-00915,authored
train20k-00917,train20k-00916,authored
train20k-00918,train20k-00917,authored
train20k-00919,train20k-00918,authored
train20k-00920,train20k-00919,authored
train20k-00921,train20k-00920,authored
train20k-00922,train20k-00921,authored
train20k-00923,train20k-00922,authored
train20k-00924,train20k-00923,authored
train20k-00925,train20k-00924,authored
train20k-00926,train20k-00925,authored
train20k-00927,train20k-00926,authored
train20k-00928,train20k-00927,authored
train20k-00929,train20k-00928,authored
train20k-00930,train20k-00929,authored
train20k-00931,train20k-00930,authored
train20k-00932,train20k-00931,authored
train20k-00933,train20k-00932,authored
train20k-00934,train20k-00933,authored
train20k-00935,train20k-00934,authored
train20k-00936,train20k-00935,authored
train20k-00937,train20k-00936,authored
train20k-00938,train20k-00937,authored
train20k-00939,train20k-00938,authored
train20k-00940,train20k-00939,authored
train20k-00941,train20k-00940,authored
train20k-00942,train20k-00941,authored
train20k-00943,train20k-00942,authored
train20k-00944,train20k-00943,authored
train20k-00945,train20k-00944,authored
train20k-00946,train20k-00945,authored
train20k-00947,train20k-00946,authored
train20k-00948,train20k-00947,authored
train20k-00949,train20k-00948,authored
train20k-00950,train20k-00949,authored
train20k-00951,train20k-00950,authored
train20k-00952,train20k-00951,authored
train20k-00953,train20k-00952,authored
train20k-00954,train20k-00953,authored
train20k-00955,train20k-00954,authored
train20k-00956,train20k-00955,authored
train20k-00957,train20k-00956,authored
train20k-00958,train20k-00957,authored
train20k-00959,train20k-00958,authored
train20k-00960,train20k-00959,authored
train20k-00961,train20k-00960,authored
train20k-00962,train20k-00961,authored
train20k-00963,train20k-00962,authored
train20k-00964,train20k-00963,authored
train20k-00965,train20k-00964,authored
train20k-00966,train20k-00965,authored
train20k-00967,train20k-00966,authored
train20k-00968,train20k-00967,authored
train20k-00969,train20k-00968,authored
train20k-00970,train20k-00969,authored
train20k-00971,train20k-00970,authored
train20k-00972,train20k-00971,authored
train20k-00973,train20k-00972,authored
train20k-00974,train20k-00973,authored
train20k-00975,train20k-00974,authored
train20k-00976,train20k-00975,authored
train20k-00977,train20k-00976,authored
train20k-00978,train20k-00977,authored
train20k-00979,train20k-00978,authored
train20k-00980,train20k-00979,authored
train20k-00981,train20k-00980,authored
train20k-00982,train20k-00981,authored
train20k-00983,train20k-00982,authored
train20k-00984,train20k-00983,authored
train20k-00985,train20k-00984,authored
train20k-00986,train20k-00985,authored
train20k-00987,train20k-00986,authored
train20k-00988,train20k-00987,authored
train20k-00989,train20k-00988,authored
train20k-00990,train20k-00989,authored
train20k-00991,train20k-00990,authored
train20k-00992,train20k-00991,authored
train20k-00993,train20k-00992,authored
train20k-00994,train20k-00993,authored
train20k-00995,train20k-00994,authored
train20k-00996,train20k-00995,authored
train20k-00997,train20k-00996,authored
train20k-00998,train20k-00997,authored
train20k-00999,train20k-00998,authored
train20k-01000,train20k-00999,authored
train20k-02505,train20k-01000,authored
train20k-01001,train20k-01001,authored
train20k-01002,train20k-01002,authored
train20k-01003,train20k-01003,authored
train20k-01004,train20k-01004,authored
train20k-01005,train20k-01005,authored
train20k-01006,train20k-01006,authored
train20k-01007,train20k-01007,authored
train20k-01008,train20k-01008,authored
train20k-01009,train20k-01009,authored
train20k-01010,train20k-01010,authored
train20k-01011,train20k-01011,authored
train20k-01012,train20k-01012,authored
train20k-01013,train20k-01013,authored
train20k-01014,train20k-01014,authored
train20k-01015,train20k-01015,authored
train20k-01016,train20k-01016,authored
train20k-01017,train20k-01017,authored
train20k-01018,train20k-01018,authored
train20k-01019,train20k-01019,authored
train20k-01020,train20k-01020,authored
train20k-01021,train20k-01021,authored
train20k-01022,train20k-01022,authored
train20k-01023,train20k-01023,authored
train20k-01024,train20k-01024,authored
train20k-01025,train20k-01025,authored
train20k-01026,train20k-01026,authored
train20k-01027,train20k-01027,authored
train20k-01028,train20k-01028,authored
train20k-01029,train20k-01029,authored
train20k-01030,train20k-01030,authored
train20k-01031,train20k-01031,authored
train20k-01032,train20k-01032,authored
train20k-01033,train20k-01033,authored
train20k-01034,train20k-01034,authored
train20k-01035,train20k-01035,authored
train20k-01036,train20k-01036,authored
train20k-01037,train20k-01037,authored
train20k-01038,train20k-01038,authored
train20k-01039,train20k-01039,authored
train20k-01040,train20k-01040,authored
train20k-01041,train20k-01041,authored
train20k-01042,train20k-01042,authored
train20k-01043,train20k-01043,authored
train20k-01044,train20k-01044,authored
train20k-01045,train20k-01045,authored
train20k-01046,train20k-01046,authored
train20k-01047,train20k-01047,authored
train20k-01048,train20k-01048,authored
train20k-01049,train20k-01049,authored
train20k-01050,train20k-01050,authored
train20k-01051,train20k-01051,authored
train20k-01052,train20k-01052,authored
train20k-01053,train20k-01053,authored
train20k-01054,train20k-01054,authored
train20k-01055,train20k-01055,authored
train20k-01056,train20k-01056,authored
train20k-01057,train20k-01057,authored
train20k-01058,train20k-01058,authored
train20k-01059,train20k-01059,authored
train20k-01060,train20k-01060,authored
train20k-01061,train20k-01061,authored
train20k-01062,train20k-01062,authored
train20k-01063,train20k-01063,authored
train20k-01064,train20k-01064,authored
train20k-01065,train20k-01065,authored
train20k-01066,train20k-01066,authored
train20k-01067,train20k-01067,authored
train20k-01068,train20k-01068,authored
train20k-01069,train20k-01069,authored
train20k-01070,train20k-01070,authored
train20k-01071,train20k-01071,authored
train20k-01072,train20k-01072,authored
train20k-01073,train20k-01073,authored
train20k-01074,train20k-01074,authored
train20k-01075,train20k-01075,authored
train20k-01076,train20k-01076,authored
train20k-01077,train20k-01077,authored
train20k-01078,train20k-01078,authored
train20k-01079,train20k-01079,authored
train20k-01080,train20k-01080,authored
train20k-01081,train20k-01081,authored
train20k-01082,train20k-01082,authored
train20k-01083,train20k-01083,authored
train20k-01084,train20k-01084,authored
train20k-01085,train20k-01085,authored
train20k-01086,train20k-01086,authored
train20k-01087,train20k-01087,authored
train20k-01088,train20k-01088,authored
train20k-01089,train20k-01089,authored
train20k-01090,train20k-01090,authored
train20k-01091,train20k-01091,authored
train20k-01092,train20k-01092,authored
train20k-01093,train20k-01093,authored
train20k-01094,train20k-01094,authored
train20k-01095,train20k-01095,authored
train20k-01096,train20k-01096,authored
train20k-01097,train20k-01097,authored
train20k-01098,train20k-01098,authored
train20k-01099,train20k-01099,authored
train20k-01100,train20k-01100,authored
train20k-01101,train20k-01101,authored
train20k-01102,train20k-01102,authored
train20k-01103,train20k-01103,authored
train20k-01104,train20k-01104,authored
train20k-01105,train20k-01105,authored
train20k-01106,train20k-01106,authored
train20k-01107,train20k-01107,authored
train20k-01108,train20k-01108,authored
train20k-01109,train20k-01109,authored
train20k-01110,train20k-01110,authored
train20k-01111,train20k-01111,authored
train20k-01112,train20k-01112,authored
train20k-01113,train20k-01113,authored
train20k-01114,train20k-01114,authored
train20k-01115,train20k-01115,authored
train20k-01116,train20k-01116,authored
train20k-01117,train20k-01117,authored
train20k-01118,train20k-01118,authored
train20k-01119,train20k-01119,authored
train20k-01120,train20k-01120,authored
train20k-01121,train20k-01121,authored
train20k-01122,train20k-01122,authored
train20k-01123,train20k-01123,authored
train20k-01124,train20k-01124,authored
train20k-01125,train20k-01125,authored
train20k-01126,train20k-01126,authored
train20k-01127,train20k-01127,authored
train20k-01128,train20k-01128,authored
train20k-01129,train20k-01129,authored
train20k-01130,train20k-01130,authored
train20k-01131,train20k-01131,authored
train20k-01132,train20k-01132,authored
train20k-01133,train20k-01133,authored
train20k-01134,train20k-01134,authored
train20k-01135,train20k-01135,authored
train20k-01136,train20k-01136,authored
train20k-01137,train20k-01137,authored
train20k-01138,train20k-01138,authored
train20k-01139,train20k-01139,authored
train20k-01140,train20k-01140,authored
train20k-01141,train20k-01141,authored
train20k-01142,train20k-01142,authored
train20k-01143,train20k-01143,authored
train20k-01144,train20k-01144,authored
train20k-01145,train20k-01145,authored
train20k-01146,train20k-01146,authored
train20k-01147,train20k-01147,authored
train20k-01148,train20k-01148,authored
train20k-01149,train20k-01149,authored
train20k-01150,train20k-01150,authored
train20k-01151,train20k-01151,authored
train20k-01152,train20k-01152,authored
train20k-01153,train20k-01153,authored
train20k-01154,train20k-01154,authored
train20k-01155,train20k-01155,authored
train20k-01156,train20k-01156,authored
train20k-01157,train20k-01157,authored
train20k-01158,train20k-01158,authored
train20k-01159,train20k-01159,authored
train20k-01160,train20k-01160,authored
train20k-01161,train20k-01161,authored
train20k-01162,train20k-01162,authored
train20k-01163,train20k-01163,authored
train20k-01164,train20k-01164,authored
train20k-01165,train20k-01165,authored
train20k-01166,train20k-01166,authored
train20k-01167,train20k-01167,authored
train20k-01168,train20k-01168,authored
train20k-01169,train20k-01169,authored
train20k-01170,train20k-01170,authored
train20k-01171,train20k-01171,authored
train20k-01172,train20k-01172,authored
train20k-01173,train20k-01173,authored
train20k-01174,train20k-01174,authored
train20k-01175,train20k-01175,authored
train20k-01176,train20k-01176,authored
train20k-01177,train20k-01177,authored
train20k-01178,train20k-01178,authored
train20k-01179,train20k-01179,authored
train20k-01180,train20k-01180,authored
train20k-01181,train20k-01181,authored
train20k-01182,train20k-01182,authored
train20k-01183,train20k-01183,authored
train20k-01184,train20k-01184,authored
train20k-01185,train20k-01185,authored
train20k-01186,train20k-01186,authored
train20k-01187,train20k-01187,authored
train20k-01188,train20k-01188,authored
train20k-01189,train20k-01189,authored
train20k-01190,train20k-01190,authored
train20k-01191,train20k-01191,authored
train20k-01192,train20k-01192,authored
train20k-01193,train20k-01193,authored
train20k-01194,train20k-01194,authored
train20k-01195,train20k-01195,authored
train20k-01196,train20k-01196,authored
train20k-01197,train20k-01197,authored
train20k-01198,train20k-01198,authored
train20k-01199,train20k-01199,authored
train20k-01200,train20k-01200,authored
train20k-01201,train20k-01201,authored
train20k-01202,train20k-01202,authored
train20k-01203,train20k-01203,authored
train20k-01204,train20k-01204,authored
train20k-01205,train20k-01205,authored
train20k-01206,train20k-01206,authored
train20k-01207,train20k-01207,authored
train20k-01208,train20k-01208,authored
train20k-01209,train20k-01209,authored
train20k-01210,train20k-01210,authored
train20k-01211,train20k-01211,authored
train20k-01212,train20k-01212,authored
train20k-01213,train20k-01213,authored
train20k-01214,train20k-01214,authored
train20k-01215,train20k-01215,authored
train20k-01216,train20k-01216,authored
train20k-01217,train20k-01217,authored
train20k-01218,train20k-01218,authored
train20k-01219,train20k-01219,authored
train20k-01220,train20k-01220,authored
train20k-01221,train20k-01221,authored
train20k-01222,train20k-01222,authored
train20k-01223,train20k-01223,authored
train20k-01224,train20k-01224,authored
train20k-01225,train20k-01225,authored
train20k-01226,train20k-01226,authored
train20k-01227,train20k-01227,authored
train20k-01228,train20k-01228,authored
train20k-01229,train20k-01229,authored
train20k-01230,train20k-01230,authored
train20k-01231,train20k-01231,authored
train20k-01232,train20k-01232,authored
train20k-01233,train20k-01233,authored
train20k-01234,train20k-01234,authored
train20k-01235,train20k-01235,authored
train20k-01236,train20k-01236,authored
train20k-01237,train20k-01237,authored
train20k-01238,train20k-01238,authored
train20k-01239,train20k-01239,authored
train20k-01240,train20k-01240,authored
train20k-01241,train20k-01241,authored
train20k-01242,train20k-01242,authored
train20k-01243,train20k-01243,authored
train20k-01244,train20k-01244,authored
train20k-01245,train20k-01245,authored
train20k-01246,train20k-01246,authored
train20k-01247,train20k-01247,authored
train20k-01248,train20k-01248,authored
train20k-01249,train20k-01249,authored
train20k-01250,train20k-01250,authored
train20k-01251,train20k-01251,authored
train20k-01252,train20k-01252,authored
train20k-01253,train20k-01253,authored
train20k-01254,train20k-01254,authored
train20k-01255,train20k-01255,authored
train20k-01256,train20k-01256,authored
train20k-01257,train20k-01257,authored
train20k-01258,train20k-01258,authored
train20k-01259,train20k-01259,authored
train20k-01260,train20k-01260,authored
train20k-01261,train20k-01261,authored
train20k-01262,train20k-01262,authored
train20k-01263,train20k-01263,authored
train20k-01264,train20k-01264,authored
train20k-01265,train20k-01265,authored
train20k-01266,train20k-01266,authored
train20k-01267,train20k-01267,authored
train20k-01268,train20k-01268,authored
train20k-01269,train20k-01269,authored
train20k-01270,train20k-01270,authored
train20k-01271,train20k-01271,authored
train20k-01272,train20k-01272,authored
train20k-01273,train20k-01273,authored
train20k-01274,train20k-01274,authored
train20k-01275,train20k-01275,authored
train20k-01276,train20k-01276,authored
train20k-01277,train20k-01277,authored
train20k-01278,train20k-01278,authored
train20k-01279,train20k-01279,authored
train20k-01280,train20k-01280,authored
train20k-01281,train20k-01281,authored
train20k-01282,train20k-01282,authored
train20k-01283,train20k-01283,authored
train20k-01284,train20k-01284,authored
train20k-01285,train20k-01285,authored
train20k-01286,train20k-01286,authored
train20k-01287,train20k-01287,authored
train20k-01288,train20k-01288,authored
train20k-01289,train20k-01289,authored
train20k-01290,train20k-01290,authored
train20k-01291,train20k-01291,authored
train20k-01292,train20k-01292,authored
train20k-01293,train20k-01293,authored
train20k-01294,train20k-01294,authored
train20k-01295,train20k-01295,authored
train20k-01296,train20k-01296,authored
train20k-01297,train20k-01297,authored
train20k-01298,train20k-01298,authored
train20k-01299,train20k-01299,authored
train20k-01300,train20k-01300,authored
train20k-01301,train20k-01301,authored
train20k-01302,train20k-01302,authored
train20k-01303,train20k-01303,authored
train20k-01304,train20k-01304,authored
train20k-01305,train20k-01305,authored
train20k-01306,train20k-01306,authored
train20k-01307,train20k-01307,authored
train20k-01308,train20k-01308,authored
train20k-01309,train20k-01309,authored
train20k-01310,train20k-01310,authored
train20k-01311,train20k-01311,authored
train20k-01312,train20k-01312,authored
train20k-01313,train20k-01313,authored
train20k-01314,train20k-01314,authored
train20k-01315,train20k-01315,authored
train20k-01316,train20k-01316,authored
train20k-01317,train20k-01317,authored
train20k-01318,train20k-01318,authored
train20k-01319,train20k-01319,authored
train20k-01320,train20k-01320,authored
train20k-01321,train20k-01321,authored
train20k-01322,train20k-01322,authored
train20k-01323,train20k-01323,authored
train20k-01324,train20k-01324,authored
train20k-01325,train20k-01325,authored
train20k-01326,train20k-01326,authored
train20k-01327,train20k-01327,authored
train20k-01328,train20k-01328,authored
train20k-01329,train20k-01329,authored
train20k-01330,train20k-01330,authored
train20k-01331,train20k-01331,authored
train20k-01332,train20k-01332,authored
train20k-01333,train20k-01333,authored
train20k-01334,train20k-01334,authored
train20k-01335,train20k-01335,authored
train20k-01336,train20k-01336,authored
train20k-01337,train20k-01337,authored
train20k-01338,train20k-01338,authored
train20k-01339,train20k-01339,authored
train20k-01340,train20k-01340,authored
train20k-01341,train20k-01341,authored
train20k-01342,train20k-01342,authored
train20k-01343,train20k-01343,authored
train20k-01344,train20k-01344,authored
train20k-01345,train20k-01345,authored
train20k-01346,train20k-01346,authored
train20k-01347,train20k-01347,authored
train20k-01348,train20k-01348,authored
train20k-01349,train20k-01349,authored
train20k-01350,train20k-01350,authored
train20k-01351,train20k-01351,authored
train20k-01352,train20k-01352,authored
train20k-01353,train20k-01353,authored
train20k-01354,train20k-01354,authored
train20k-01355,train20k-01355,authored
train20k-01356,train20k-01356,authored
train20k-01357,train20k-01357,authored
train20k-01358,train20k-01358,authored
train20k-01359,train20k-01359,authored
train20k-01360,train20k-01360,authored
train20k-01361,train20k-01361,authored
train20k-01362,train20k-01362,authored
train20k-01363,train20k-01363,authored
train20k-01364,train20k-01364,authored
train20k-01365,train20k-01365,authored
train20k-01366,train20k-01366,authored
train20k-01367,train20k-01367,authored
train20k-01368,train20k-01368,authored
train20k-01369,train20k-01369,authored
train20k-01370,train20k-01370,authored
train20k-01371,train20k-01371,authored
train20k-01372,train20k-01372,authored
train20k-01373,train20k-01373,authored
train20k-01374,train20k-01374,authored
train20k-01375,train20k-01375,authored
train20k-01376,train20k-01376,authored
train20k-01377,train20k-01377,authored
train20k-01378,train20k-01378,authored
train20k-01379,train20k-01379,authored
train20k-01380,train20k-01380,authored
train20k-01381,train20k-01381,authored
train20k-01382,train20k-01382,authored
train20k-01383,train20k-01383,authored
train20k-01384,train20k-01384,authored
train20k-01385,train20k-01385,authored
train20k-01386,train20k-01386,authored
train20k-01387,train20k-01387,authored
train20k-01388,train20k-01388,authored
train20k-01389,train20k-01389,authored
train20k-01390,train20k-01390,authored
train20k-01391,train20k-01391,authored
train20k-01392,train20k-01392,authored
train20k-01393,train20k-01393,authored
train20k-01394,train20k-01394,authored
train20k-01395,train20k-01395,authored
train20k-01396,train20k-01396,authored
train20k-01397,train20k-01397,authored
train20k-01398,train20k-01398,authored
train20k-01399,train20k-01399,authored
train20k-01400,train20k-01400,authored
train20k-01401,train20k-01401,authored
train20k-01402,train20k-01402,authored
train20k-01403,train20k-01403,authored
train20k-01404,train20k-01404,authored
train20k-01405,train20k-01405,authored
train20k-01406,train20k-01406,authored
train20k-01407,train20k-01407,authored
train20k-01408,train20k-01408,authored
train20k-01409,train20k-01409,authored
train20k-01410,train20k-01410,authored
train20k-01411,train20k-01411,authored
train20k-01412,train20k-01412,authored
train20k-01413,train20k-01413,authored
train20k-01414,train20k-01414,authored
train20k-01415,train20k-01415,authored
train20k-01416,train20k-01416,authored
train20k-01417,train20k-01417,authored
train20k-01418,train20k-01418,authored
train20k-01419,train20k-01419,authored
train20k-01420,train20k-01420,authored
train20k-01421,train20k-01421,authored
train20k-01422,train20k-01422,authored
train20k-01423,train20k-01423,authored
train20k-01424,train20k-01424,authored
train20k-01425,train20k-01425,authored
train20k-01426,train20k-01426,authored
train20k-01427,train20k-01427,authored
train20k-01428,train20k-01428,authored
train20k-01429,train20k-01429,authored
train20k-01430,train20k-01430,authored
train20k-01431,train20k-01431,authored
train20k-01432,train20k-01432,authored
train20k-01433,train20k-01433,authored
train20k-01434,train20k-01434,authored
train20k-01435,train20k-01435,authored
train20k-01436,train20k-01436,authored
train20k-01437,train20k-01437,authored
train20k-01438,train20k-01438,authored
train20k-01439,train20k-01439,authored
train20k-01440,train20k-01440,authored
train20k-01441,train20k-01441,authored
train20k-01442,train20k-01442,authored
train20k-01443,train20k-01443,authored
train20k-01444,train20k-01444,authored
train20k-01445,train20k-01445,authored
train20k-01446,train20k-01446,authored
train20k-01447,train20k-01447,authored
train20k-01448,train20k-01448,authored
train20k-01449,train20k-01449,authored
train20k-01450,train20k-01450,authored
train20k-01451,train20k-01451,authored
train20k-01452,train20k-01452,authored
train20k-01453,train20k-01453,authored
train20k-01454,train20k-01454,authored
train20k-01455,train20k-01455,authored
train20k-01456,train20k-01456,authored
train20k-01457,train20k-01457,authored
train20k-01458,train20k-01458,authored
train20k-01459,train20k-01459,authored
train20k-01460,train20k-01460,authored
train20k-01461,train20k-01461,authored
train20k-01462,train20k-01462,authored
train20k-01463,train20k-01463,authored
train20k-01464,train20k-01464,authored
train20k-01465,train20k-01465,authored
train20k-01466,train20k-01466,authored
train20k-01467,train20k-01467,authored
train20k-01468,train20k-01468,authored
train20k-01469,train20k-01469,authored
train20k-01470,train20k-01470,authored
train20k-01471,train20k-01471,authored
train20k-01472,train20k-01472,authored
train20k-01473,train20k-01473,authored
train20k-01474,train20k-01474,authored
train20k-01475,train20k-01475,authored
train20k-01476,train20k-01476,authored
train20k-01477,train20k-01477,authored
train20k-01478,train20k-01478,authored
train20k-01479,train20k-01479,authored
train20k-01480,train20k-01480,authored
train20k-01481,train20k-01481,authored
train20k-01482,train20k-01482,authored
train20k-01483,train20k-01483,authored
train20k-01484,train20k-01484,authored
train20k-01485,train20k-01485,authored
train20k-01486,train20k-01486,authored
train20k-01487,train20k-01487,authored
train20k-01488,train20k-01488,authored
train20k-01489,train20k-01489,authored
train20k-01490,train20k-01490,authored
train20k-01491,train20k-01491,authored
train20k-01492,train20k-01492,authored
train20k-01493,train20k-01493,authored
train20k-01494,train20k-01494,authored
train20k-01495,train20k-01495,authored
train20k-01496,train20k-01496,authored
train20k-01497,train20k-01497,authored
train20k-01498,train20k-01498,authored
train20k-01499,train20k-01499,authored
train20k-01500,train20k-01500,authored
train20k-01501,train20k-01501,authored
train20k-01502,train20k-01502,authored
train20k-01503,train20k-01503,authored
train20k-01504,train20k-01504,authored
train20k-01505,train20k-01505,authored
train20k-01506,train20k-01506,authored
train20k-01507,train20k-01507,authored
train20k-01508,train20k-01508,authored
train20k-01509,train20k-01509,authored
train20k-01510,train20k-01510,authored
train20k-01511,train20k-01511,authored
train20k-01512,train20k-01512,authored
train20k-01513,train20k-01513,authored
train20k-01514,train20k-01514,authored
train20k-01515,train20k-01515,authored
train20k-01516,train20k-01516,authored
train20k-01517,train20k-01517,authored
train20k-01518,train20k-01518,authored
train20k-01519,train20k-01519,authored
train20k-01520,train20k-01520,authored
train20k-01521,train20k-01521,authored
train20k-01522,train20k-01522,authored
train20k-01523,train20k-01523,authored
train20k-01524,train20k-01524,authored
train20k-01525,train20k-01525,authored
train20k-01526,train20k-01526,authored
train20k-01527,train20k-01527,authored
train20k-01528,train20k-01528,authored
train20k-01529,train20k-01529,authored
train20k-01530,train20k-01530,authored
train20k-01531,train20k-01531,authored
train20k-01532,train20k-01532,authored
train20k-01533,train20k-01533,authored
train20k-01534,train20k-01534,authored
train20k-01535,train20k-01535,authored
train20k-01536,train20k-01536,authored
train20k-01537,train20k-01537,authored
train20k-01538,train20k-01538,authored
train20k-01539,train20k-01539,authored
train20k-01540,train20k-01540,authored
train20k-01541,train20k-01541,authored
train20k-01542,train20k-01542,authored
train20k-01543,train20k-01543,authored
train20k-01544,train20k-01544,authored
train20k-01545,train20k-01545,authored
train20k-01546,train20k-01546,authored
train20k-01547,train20k-01547,authored
train20k-01548,train20k-01548,authored
train20k-01549,train20k-01549,authored
train20k-01550,train20k-01550,authored
train20k-01551,train20k-01551,authored
train20k-01552,train20k-01552,authored
train20k-01553,train20k-01553,authored
train20k-01554,train20k-01554,authored
train20k-01555,train20k-01555,authored
train20k-01556,train20k-01556,authored
train20k-01557,train20k-01557,authored
train20k-01558,train20k-01558,authored
train20k-01559,train20k-01559,authored
train20k-01560,train20k-01560,authored
train20k-01561,train20k-01561,authored
train20k-01562,train20k-01562,authored
train20k-01563,train20k-01563,authored
train20k-01564,train20k-01564,authored
train20k-01565,train20k-01565,authored
train20k-01566,train20k-01566,authored
train20k-01567,train20k-01567,authored
train20k-01568,train20k-01568,authored
train20k-01569,train20k-01569,authored
train20k-01570,train20k-01570,authored
train20k-01571,train20k-01571,authored
train20k-01572,train20k-01572,authored
train20k-01573,train20k-01573,authored
train20k-01574,train20k-01574,authored
train20k-01575,train20k-01575,authored
train20k-01576,train20k-01576,authored
train20k-01577,train20k-01577,authored
train20k-01578,train20k-01578,authored
train20k-01579,train20k-01579,authored
train20k-01580,train20k-01580,authored
train20k-01581,train20k-01581,authored
train20k-01582,train20k-01582,authored
train20k-01583,train20k-01583,authored
train20k-01584,train20k-01584,authored
train20k-01585,train20k-01585,authored
train20k-01586,train20k-01586,authored
train20k-01587,train20k-01587,authored
train20k-01588,train20k-01588,authored
train20k-01589,train20k-01589,authored
train20k-01590,train20k-01590,authored
train20k-01591,train20k-01591,authored
train20k-01592,train20k-01592,authored
train20k-01593,train20k-01593,authored
train20k-01594,train20k-01594,authored
train20k-01595,train20k-01595,authored
train20k-01596,train20k-01596,authored
train20k-01597,train20k-01597,authored
train20k-01598,train20k-01598,authored
train20k-01599,train20k-01599,authored
train20k-01600,train20k-01600,authored
train20k-01601,train20k-01601,authored
train20k-01602,train20k-01602,authored
train20k-01603,train20k-01603,authored
train20k-01604,train20k-01604,authored
train20k-01605,train20k-01605,authored
train20k-01606,train20k-01606,authored
train20k-01607,train20k-01607,authored
train20k-01608,train20k-01608,authored
train20k-01609,train20k-01609,authored
train20k-01610,train20k-01610,authored
train20k-01611,train20k-01611,authored
train20k-01612,train20k-01612,authored
train20k-01613,train20k-01613,authored
train20k-01614,train20k-01614,authored
train20k-01615,train20k-01615,authored
train20k-01616,train20k-01616,authored
train20k-01617,train20k-01617,authored
train20k-01618,train20k-01618,authored
train20k-01619,train20k-01619,authored
train20k-01620,train20k-01620,authored
train20k-01621,train20k-01621,authored
train20k-01622,train20k-01622,authored
train20k-01623,train20k-01623,authored
train20k-01624,train20k-01624,authored
train20k-01625,train20k-01625,authored
train20k-01626,train20k-01626,authored
train20k-01627,train20k-01627,authored
train20k-01628,train20k-01628,authored
train20k-01629,train20k-01629,authored
train20k-01630,train20k-01630,authored
train20k-01631,train20k-01631,authored
train20k-01632,train20k-01632,authored
train20k-01633,train20k-01633,authored
train20k-01634,train20k-01634,authored
train20k-01635,train20k-01635,authored
train20k-01636,train20k-01636,authored
train20k-01637,train20k-01637,authored
train20k-01638,train20k-01638,authored
train20k-01639,train20k-01639,authored
train20k-01640,train20k-01640,authored
train20k-01641,train20k-01641,authored
train20k-01642,train20k-01642,authored
train20k-01643,train20k-01643,authored
train20k-01644,train20k-01644,authored
train20k-01645,train20k-01645,authored
train20k-01646,train20k-01646,authored
train20k-01647,train20k-01647,authored
train20k-01648,train20k-01648,authored
train20k-01649,train20k-01649,authored
train20k-01650,train20k-01650,authored
train20k-01651,train20k-01651,authored
train20k-01652,train20k-01652,authored
train20k-01653,train20k-01653,authored
train20k-01654,train20k-01654,authored
train20k-01655,train20k-01655,authored
train20k-01656,train20k-01656,authored
train20k-01657,train20k-01657,authored
train20k-01658,train20k-01658,authored
train20k-01659,train20k-01659,authored
train20k-01660,train20k-01660,authored
train20k-01661,train20k-01661,authored
train20k-01662,train20k-01662,authored
train20k-01663,train20k-01663,authored
train20k-01664,train20k-01664,authored
train20k-01665,train20k-01665,authored
train20k-01666,train20k-01666,authored
train20k-01667,train20k-01667,authored
train20k-01668,train20k-01668,authored
train20k-01669,train20k-01669,authored
train20k-01670,train20k-01670,authored
train20k-01671,train20k-01671,authored
train20k-01672,train20k-01672,authored
train20k-01673,train20k-01673,authored
train20k-01674,train20k-01674,authored
train20k-01675,train20k-01675,authored
train20k-01676,train20k-01676,authored
train20k-01677,train20k-01677,authored
train20k-01678,train20k-01678,authored
train20k-01679,train20k-01679,authored
train20k-01680,train20k-01680,authored
train20k-01681,train20k-01681,authored
train20k-01682,train20k-01682,authored
train20k-01683,train20k-01683,authored
train20k-01684,train20k-01684,authored
train20k-01685,train20k-01685,authored
train20k-01686,train20k-01686,authored
train20k-01687,train20k-01687,authored
train20k-01688,train20k-01688,authored
train20k-01689,train20k-01689,authored
train20k-01690,train20k-01690,authored
train20k-01691,train20k-01691,authored
train20k-01692,train20k-01692,authored
train20k-01694,train20k-01693,authored
train20k-01695,train20k-01694,authored
train20k-01696,train20k-01695,authored
train20k-01697,train20k-01696,authored
train20k-01698,train20k-01697,authored
train20k-01699,train20k-01698,authored
train20k-01700,train20k-01699,authored
train20k-01701,train20k-01700,authored
train20k-01702,train20k-01701,authored
train20k-01703,train20k-01702,authored
train20k-01704,train20k-01703,authored
train20k-01705,train20k-01704,authored
train20k-01706,train20k-01705,authored
train20k-01707,train20k-01706,authored
train20k-01708,train20k-01707,authored
train20k-01709,train20k-01708,authored
train20k-01710,train20k-01709,authored
train20k-01711,train20k-01710,authored
train20k-01712,train20k-01711,authored
train20k-01713,train20k-01712,authored
train20k-01714,train20k-01713,authored
train20k-01715,train20k-01714,authored
train20k-01716,train20k-01715,authored
train20k-01717,train20k-01716,authored
train20k-01718,train20k-01717,authored
train20k-01719,train20k-01718,authored
train20k-01720,train20k-01719,authored
train20k-01721,train20k-01720,authored
train20k-01722,train20k-01721,authored
train20k-01723,train20k-01722,authored
train20k-01724,train20k-01723,authored
train20k-01725,train20k-01724,authored
train20k-01726,train20k-01725,authored
train20k-01727,train20k-01726,authored
train20k-01728,train20k-01727,authored
train20k-01729,train20k-01728,authored
train20k-01730,train20k-01729,authored
train20k-01731,train20k-01730,authored
train20k-01732,train20k-01731,authored
train20k-01733,train20k-01732,authored
train20k-01734,train20k-01733,authored
train20k-01735,train20k-01734,authored
train20k-01736,train20k-01735,authored
train20k-01737,train20k-01736,authored
train20k-01738,train20k-01737,authored
train20k-01739,train20k-01738,authored
train20k-01740,train20k-01739,authored
train20k-01741,train20k-01740,authored
train20k-01742,train20k-01741,authored
train20k-01744,train20k-01742,authored
train20k-01745,train20k-01743,authored
train20k-01746,train20k-01744,authored
train20k-01747,train20k-01745,authored
train20k-01748,train20k-01746,authored
train20k-01749,train20k-01747,authored
train20k-01750,train20k-01748,authored
train20k-01751,train20k-01749,authored
train20k-01752,train20k-01750,authored
train20k-01753,train20k-01751,authored
train20k-01754,train20k-01752,authored
train20k-01755,train20k-01753,authored
train20k-01756,train20k-01754,authored
train20k-01757,train20k-01755,authored
train20k-01758,train20k-01756,authored
train20k-01759,train20k-01757,authored
train20k-01760,train20k-01758,authored
train20k-01761,train20k-01759,authored
train20k-01762,train20k-01760,authored
train20k-01763,train20k-01761,authored
train20k-01764,train20k-01762,authored
train20k-01765,train20k-01763,authored
train20k-01766,train20k-01764,authored
train20k-01767,train20k-01765,authored
train20k-01768,train20k-01766,authored
train20k-01769,train20k-01767,authored
train20k-01770,train20k-01768,authored
train20k-01771,train20k-01769,authored
train20k-01772,train20k-01770,authored
train20k-01773,train20k-01771,authored
train20k-01774,train20k-01772,authored
train20k-01775,train20k-01773,authored
train20k-01776,train20k-01774,authored
train20k-01777,train20k-01775,authored
train20k-01778,train20k-01776,authored
train20k-01779,train20k-01777,authored
train20k-01780,train20k-01778,authored
train20k-01781,train20k-01779,authored
train20k-01782,train20k-01780,authored
train20k-01783,train20k-01781,authored
train20k-01784,train20k-01782,authored
train20k-01785,train20k-01783,authored
train20k-01786,train20k-01784,authored
train20k-01787,train20k-01785,authored
train20k-01788,train20k-01786,authored
train20k-01789,train20k-01787,authored
train20k-01790,train20k-01788,authored
train20k-01791,train20k-01789,authored
train20k-01792,train20k-01790,authored
train20k-01793,train20k-01791,authored
train20k-01794,train20k-01792,authored
train20k-01795,train20k-01793,authored
train20k-01796,train20k-01794,authored
train20k-01797,train20k-01795,authored
train20k-01798,train20k-01796,authored
train20k-01799,train20k-01797,authored
train20k-01800,train20k-01798,authored
train20k-01801,train20k-01799,authored
train20k-01802,train20k-01800,authored
train20k-01803,train20k-01801,authored
train20k-01804,train20k-01802,authored
train20k-01805,train20k-01803,authored
train20k-01806,train20k-01804,authored
train20k-01807,train20k-01805,authored
train20k-01808,train20k-01806,authored
train20k-01809,train20k-01807,authored
train20k-01810,train20k-01808,authored
train20k-01811,train20k-01809,authored
train20k-01812,train20k-01810,authored
train20k-01813,train20k-01811,authored
train20k-01814,train20k-01812,authored
train20k-01815,train20k-01813,authored
train20k-01816,train20k-01814,authored
train20k-01817,train20k-01815,authored
train20k-01818,train20k-01816,authored
train20k-01819,train20k-01817,authored
train20k-01820,train20k-01818,authored
train20k-01821,train20k-01819,authored
train20k-01822,train20k-01820,authored
train20k-01823,train20k-01821,authored
train20k-01824,train20k-01822,authored
train20k-01825,train20k-01823,authored
train20k-01826,train20k-01824,authored
train20k-01827,train20k-01825,authored
train20k-01828,train20k-01826,authored
train20k-01829,train20k-01827,authored
train20k-01830,train20k-01828,authored
train20k-01831,train20k-01829,authored
train20k-01832,train20k-01830,authored
train20k-01833,train20k-01831,authored
train20k-01834,train20k-01832,authored
train20k-01835,train20k-01833,authored
train20k-01836,train20k-01834,authored
train20k-01837,train20k-01835,authored
train20k-01838,train20k-01836,authored
train20k-01839,train20k-01837,authored
train20k-01840,train20k-01838,authored
train20k-01841,train20k-01839,authored
train20k-01842,train20k-01840,authored
train20k-01843,train20k-01841,authored
train20k-01844,train20k-01842,authored
train20k-01845,train20k-01843,authored
train20k-01846,train20k-01844,authored
train20k-01847,train20k-01845,authored
train20k-01848,train20k-01846,authored
train20k-01849,train20k-01847,authored
train20k-01850,train20k-01848,authored
train20k-01851,train20k-01849,authored
train20k-01852,train20k-01850,authored
train20k-01853,train20k-01851,authored
train20k-01854,train20k-01852,authored
train20k-01855,train20k-01853,authored
train20k-01856,train20k-01854,authored
train20k-01857,train20k-01855,authored
train20k-01858,train20k-01856,authored
train20k-01859,train20k-01857,authored
train20k-01860,train20k-01858,authored
train20k-01861,train20k-01859,authored
train20k-01862,train20k-01860,authored
train20k-01863,train20k-01861,authored
train20k-01864,train20k-01862,authored
train20k-01865,train20k-01863,authored
train20k-01866,train20k-01864,authored
train20k-01867,train20k-01865,authored
train20k-01868,train20k-01866,authored
train20k-01869,train20k-01867,authored
train20k-01870,train20k-01868,authored
train20k-01871,train20k-01869,authored
train20k-01872,train20k-01870,authored
train20k-01873,train20k-01871,authored
train20k-01874,train20k-01872,authored
train20k-01875,train20k-01873,authored
train20k-01876,train20k-01874,authored
train20k-01877,train20k-01875,authored
train20k-01878,train20k-01876,authored
train20k-01879,train20k-01877,authored
train20k-01880,train20k-01878,authored
train20k-01881,train20k-01879,authored
train20k-01882,train20k-01880,authored
train20k-01883,train20k-01881,authored
train20k-01884,train20k-01882,authored
train20k-01885,train20k-01883,authored
train20k-01886,train20k-01884,authored
train20k-01887,train20k-01885,authored
train20k-01888,train20k-01886,authored
train20k-01889,train20k-01887,authored
train20k-01890,train20k-01888,authored
train20k-01891,train20k-01889,authored
train20k-01892,train20k-01890,authored
train20k-01893,train20k-01891,authored
train20k-01894,train20k-01892,authored
train20k-01895,train20k-01893,authored
train20k-01896,train20k-01894,authored
train20k-01897,train20k-01895,authored
train20k-01898,train20k-01896,authored
train20k-01899,train20k-01897,authored
train20k-01900,train20k-01898,authored
train20k-01901,train20k-01899,authored
train20k-01902,train20k-01900,authored
train20k-01903,train20k-01901,authored
train20k-01904,train20k-01902,authored
train20k-01905,train20k-01903,authored
train20k-01906,train20k-01904,authored
train20k-01907,train20k-01905,authored
train20k-01908,train20k-01906,authored
train20k-01909,train20k-01907,authored
train20k-01910,train20k-01908,authored
train20k-01911,train20k-01909,authored
train20k-01912,train20k-01910,authored
train20k-01913,train20k-01911,authored
train20k-01914,train20k-01912,authored
train20k-01915,train20k-01913,authored
train20k-01916,train20k-01914,authored
train20k-01917,train20k-01915,authored
train20k-01918,train20k-01916,authored
train20k-01919,train20k-01917,authored
train20k-01920,train20k-01918,authored
train20k-01921,train20k-01919,authored
train20k-01922,train20k-01920,authored
train20k-01923,train20k-01921,authored
train20k-01924,train20k-01922,authored
train20k-01925,train20k-01923,authored
train20k-01926,train20k-01924,authored
train20k-01927,train20k-01925,authored
train20k-01928,train20k-01926,authored
train20k-01929,train20k-01927,authored
train20k-01930,train20k-01928,authored
train20k-01931,train20k-01929,authored
train20k-01932,train20k-01930,authored
train20k-01933,train20k-01931,authored
train20k-01934,train20k-01932,authored
train20k-01935,train20k-01933,authored
train20k-01936,train20k-01934,authored
train20k-01937,train20k-01935,authored
train20k-01938,train20k-01936,authored
train20k-01939,train20k-01937,authored
train20k-01940,train20k-01938,authored
train20k-01941,train20k-01939,authored
train20k-01942,train20k-01940,authored
train20k-01943,train20k-01941,authored
train20k-01944,train20k-01942,authored
train20k-01945,train20k-01943,authored
train20k-01946,train20k-01944,authored
train20k-01947,train20k-01945,authored
train20k-01948,train20k-01946,authored
train20k-01949,train20k-01947,authored
train20k-01950,train20k-01948,authored
train20k-01951,train20k-01949,authored
train20k-01952,train20k-01950,authored
train20k-01953,train20k-01951,authored
train20k-01954,train20k-01952,authored
train20k-01955,train20k-01953,authored
train20k-01956,train20k-01954,authored
train20k-01957,train20k-01955,authored
train20k-01958,train20k-01956,authored
train20k-01959,train20k-01957,authored
train20k-01960,train20k-01958,authored
train20k-01961,train20k-01959,authored
train20k-01962,train20k-01960,authored
train20k-01963,train20k-01961,authored
train20k-01964,train20k-01962,authored
train20k-01965,train20k-01963,authored
train20k-01966,train20k-01964,authored
train20k-01967,train20k-01965,authored
train20k-01968,train20k-01966,authored
train20k-01969,train20k-01967,authored
train20k-01970,train20k-01968,authored
train20k-01971,train20k-01969,authored
train20k-01972,train20k-01970,authored
train20k-01973,train20k-01971,authored
train20k-01974,train20k-01972,authored
train20k-01975,train20k-01973,authored
train20k-01976,train20k-01974,authored
train20k-01977,train20k-01975,authored
train20k-01978,train20k-01976,authored
train20k-01979,train20k-01977,authored
train20k-01980,train20k-01978,authored
train20k-01981,train20k-01979,authored
train20k-01982,train20k-01980,authored
train20k-01983,train20k-01981,authored
train20k-01984,train20k-01982,authored
train20k-01985,train20k-01983,authored
train20k-01986,train20k-01984,authored
train20k-01987,train20k-01985,authored
train20k-01988,train20k-01986,authored
train20k-01989,train20k-01987,authored
train20k-01990,train20k-01988,authored
train20k-01991,train20k-01989,authored
train20k-01992,train20k-01990,authored
train20k-01993,train20k-01991,authored
train20k-01994,train20k-01992,authored
train20k-01995,train20k-01993,authored
train20k-01996,train20k-01994,authored
train20k-01997,train20k-01995,authored
train20k-01998,train20k-01996,authored
train20k-01999,train20k-01997,authored
train20k-02000,train20k-01998,authored
train20k-02001,train20k-01999,authored
train20k-02002,train20k-02000,authored
train20k-02003,train20k-02001,authored
train20k-02004,train20k-02002,authored
train20k-02005,train20k-02003,authored
train20k-02006,train20k-02004,authored
train20k-02007,train20k-02005,authored
train20k-02008,train20k-02006,authored
train20k-02009,train20k-02007,authored
train20k-02010,train20k-02008,authored
train20k-02011,train20k-02009,authored
train20k-02012,train20k-02010,authored
train20k-02013,train20k-02011,authored
train20k-02014,train20k-02012,authored
train20k-02015,train20k-02013,authored
train20k-02016,train20k-02014,authored
train20k-02017,train20k-02015,authored
train20k-02018,train20k-02016,authored
train20k-02019,train20k-02017,authored
train20k-02020,train20k-02018,authored
train20k-02021,train20k-02019,authored
train20k-02022,train20k-02020,authored
train20k-02023,train20k-02021,authored
train20k-02024,train20k-02022,authored
train20k-02025,train20k-02023,authored
train20k-02026,train20k-02024,authored
train20k-02027,train20k-02025,authored
train20k-02028,train20k-02026,authored
train20k-02029,train20k-02027,authored
train20k-02030,train20k-02028,authored
train20k-02031,train20k-02029,authored
train20k-02032,train20k-02030,authored
train20k-02033,train20k-02031,authored
train20k-02034,train20k-02032,authored
train20k-02035,train20k-02033,authored
train20k-02036,train20k-02034,authored
train20k-02037,train20k-02035,authored
train20k-02038,train20k-02036,authored
train20k-02039,train20k-02037,authored
train20k-02040,train20k-02038,authored
train20k-02041,train20k-02039,authored
train20k-02042,train20k-02040,authored
train20k-02043,train20k-02041,authored
train20k-02044,train20k-02042,authored
train20k-02045,train20k-02043,authored
train20k-02046,train20k-02044,authored
train20k-02047,train20k-02045,authored
train20k-02048,train20k-02046,authored
train20k-02049,train20k-02047,authored
train20k-02050,train20k-02048,authored
train20k-02051,train20k-02049,authored
train20k-02052,train20k-02050,authored
train20k-02053,train20k-02051,authored
train20k-02054,train20k-02052,authored
train20k-02055,train20k-02053,authored
train20k-02056,train20k-02054,authored
train20k-02057,train20k-02055,authored
train20k-02058,train20k-02056,authored
train20k-02059,train20k-02057,authored
train20k-02060,train20k-02058,authored
train20k-02061,train20k-02059,authored
train20k-02062,train20k-02060,authored
train20k-02063,train20k-02061,authored
train20k-02064,train20k-02062,authored
train20k-02065,train20k-02063,authored
train20k-02066,train20k-02064,authored
train20k-02067,train20k-02065,authored
train20k-02068,train20k-02066,authored
train20k-02069,train20k-02067,authored
train20k-02070,train20k-02068,authored
train20k-02071,train20k-02069,authored
train20k-02072,train20k-02070,authored
train20k-02073,train20k-02071,authored
train20k-02074,train20k-02072,authored
train20k-02075,train20k-02073,authored
train20k-02076,train20k-02074,authored
train20k-02077,train20k-02075,authored
train20k-02078,train20k-02076,authored
train20k-02079,train20k-02077,authored
train20k-02080,train20k-02078,authored
train20k-02081,train20k-02079,authored
train20k-02082,train20k-02080,authored
train20k-02083,train20k-02081,authored
train20k-02084,train20k-02082,authored
train20k-02085,train20k-02083,authored
train20k-02086,train20k-02084,authored
train20k-02087,train20k-02085,authored
train20k-02088,train20k-02086,authored
train20k-02089,train20k-02087,authored
train20k-02090,train20k-02088,authored
train20k-02091,train20k-02089,authored
train20k-02092,train20k-02090,authored
train20k-02093,train20k-02091,authored
train20k-02094,train20k-02092,authored
train20k-02095,train20k-02093,authored
train20k-02096,train20k-02094,authored
train20k-02097,train20k-02095,authored
train20k-02098,train20k-02096,authored
train20k-02099,train20k-02097,authored
train20k-02100,train20k-02098,authored
train20k-02101,train20k-02099,authored
train20k-02102,train20k-02100,authored
train20k-02103,train20k-02101,authored
train20k-02104,train20k-02102,authored
train20k-02105,train20k-02103,authored
train20k-02106,train20k-02104,authored
train20k-02107,train20k-02105,authored
train20k-02108,train20k-02106,authored
train20k-02109,train20k-02107,authored
train20k-02110,train20k-02108,authored
train20k-02111,train20k-02109,authored
train20k-02112,train20k-02110,authored
train20k-02113,train20k-02111,authored
train20k-02114,train20k-02112,authored
train20k-02115,train20k-02113,authored
train20k-02116,train20k-02114,authored
train20k-02117,train20k-02115,authored
train20k-02118,train20k-02116,authored
train20k-02119,train20k-02117,authored
train20k-02120,train20k-02118,authored
train20k-02121,train20k-02119,authored
train20k-02122,train20k-02120,authored
train20k-02123,train20k-02121,authored
train20k-02124,train20k-02122,authored
train20k-02125,train20k-02123,authored
train20k-02126,train20k-02124,authored
train20k-02127,train20k-02125,authored
train20k-02128,train20k-02126,authored
train20k-02129,train20k-02127,authored
train20k-02130,train20k-02128,authored
train20k-02131,train20k-02129,authored
train20k-02132,train20k-02130,authored
train20k-02133,train20k-02131,authored
train20k-02134,train20k-02132,authored
train20k-02135,train20k-02133,authored
train20k-02136,train20k-02134,authored
train20k-02137,train20k-02135,authored
train20k-02138,train20k-02136,authored
train20k-02139,train20k-02137,authored
train20k-02140,train20k-02138,authored
train20k-02141,train20k-02139,authored
train20k-02142,train20k-02140,authored
train20k-02143,train20k-02141,authored
train20k-02144,train20k-02142,authored
train20k-02145,train20k-02143,authored
train20k-02146,train20k-02144,authored
train20k-02147,train20k-02145,authored
train20k-02148,train20k-02146,authored
train20k-02149,train20k-02147,authored
train20k-02150,train20k-02148,authored
train20k-02151,train20k-02149,authored
train20k-02152,train20k-02150,authored
train20k-02153,train20k-02151,authored
train20k-02154,train20k-02152,authored
train20k-02155,train20k-02153,authored
train20k-02156,train20k-02154,authored
train20k-02157,train20k-02155,authored
train20k-02158,train20k-02156,authored
train20k-02159,train20k-02157,authored
train20k-02160,train20k-02158,authored
train20k-02161,train20k-02159,authored
train20k-02162,train20k-02160,authored
train20k-02163,train20k-02161,authored
train20k-02164,train20k-02162,authored
train20k-02165,train20k-02163,authored
train20k-02166,train20k-02164,authored
train20k-02167,train20k-02165,authored
train20k-02168,train20k-02166,authored
train20k-02169,train20k-02167,authored
train20k-02170,train20k-02168,authored
train20k-02171,train20k-02169,authored
train20k-02172,train20k-02170,authored
train20k-02173,train20k-02171,authored
train20k-02174,train20k-02172,authored
train20k-02175,train20k-02173,authored
train20k-02176,train20k-02174,authored
train20k-02177,train20k-02175,authored
train20k-02178,train20k-02176,authored
train20k-02179,train20k-02177,authored
train20k-02180,train20k-02178,authored
train20k-02181,train20k-02179,authored
train20k-02182,train20k-02180,authored
train20k-02183,train20k-02181,authored
train20k-02184,train20k-02182,authored
train20k-02185,train20k-02183,authored
train20k-02186,train20k-02184,authored
train20k-02187,train20k-02185,authored
train20k-02188,train20k-02186,authored
train20k-02189,train20k-02187,authored
train20k-02190,train20k-02188,authored
train20k-02191,train20k-02189,authored
train20k-02192,train20k-02190,authored
train20k-02193,train20k-02191,authored
train20k-02194,train20k-02192,authored
train20k-02195,train20k-02193,authored
train20k-02196,train20k-02194,authored
train20k-02197,train20k-02195,authored
train20k-02198,train20k-02196,authored
train20k-02199,train20k-02197,authored
train20k-02200,train20k-02198,authored
train20k-02201,train20k-02199,authored
train20k-02202,train20k-02200,authored
train20k-02203,train20k-02201,authored
train20k-02204,train20k-02202,authored
train20k-02205,train20k-02203,authored
train20k-02206,train20k-02204,authored
train20k-02207,train20k-02205,authored
train20k-02208,train20k-02206,authored
train20k-02209,train20k-02207,authored
train20k-02210,train20k-02208,authored
train20k-02211,train20k-02209,authored
train20k-02212,train20k-02210,authored
train20k-02213,train20k-02211,authored
train20k-02214,train20k-02212,authored
train20k-02215,train20k-02213,authored
train20k-02216,train20k-02214,authored
train20k-02217,train20k-02215,authored
train20k-02218,train20k-02216,authored
train20k-02219,train20k-02217,authored
train20k-02220,train20k-02218,authored
train20k-02221,train20k-02219,authored
train20k-02222,train20k-02220,authored
train20k-02223,train20k-02221,authored
train20k-02224,train20k-02222,authored
train20k-02225,train20k-02223,authored
train20k-02226,train20k-02224,authored
train20k-02227,train20k-02225,authored
train20k-02228,train20k-02226,authored
train20k-02229,train20k-02227,authored
train20k-02230,train20k-02228,authored
train20k-02231,train20k-02229,authored
train20k-02232,train20k-02230,authored
train20k-02233,train20k-02231,authored
train20k-02234,train20k-02232,authored
train20k-02235,train20k-02233,authored
train20k-02236,train20k-02234,authored
train20k-02237,train20k-02235,authored
train20k-02238,train20k-02236,authored
train20k-02239,train20k-02237,authored
train20k-02240,train20k-02238,authored
train20k-02241,train20k-02239,authored
train20k-02242,train20k-02240,authored
train20k-02243,train20k-02241,authored
train20k-02244,train20k-02242,authored
train20k-02245,train20k-02243,authored
train20k-02246,train20k-02244,authored
train20k-02247,train20k-02245,authored
train20k-02248,train20k-02246,authored
train20k-02249,train20k-02247,authored
train20k-02250,train20k-02248,authored
train20k-02251,train20k-02249,authored
train20k-02252,train20k-02250,authored
train20k-02253,train20k-02251,authored
train20k-02254,train20k-02252,authored
train20k-02255,train20k-02253,authored
train20k-02256,train20k-02254,authored
train20k-02257,train20k-02255,authored
train20k-02258,train20k-02256,authored
train20k-02259,train20k-02257,authored
train20k-02261,train20k-02258,authored
train20k-02262,train20k-02259,authored
train20k-02263,train20k-02260,authored
train20k-02264,train20k-02261,authored
train20k-02265,train20k-02262,authored
train20k-02266,train20k-02263,authored
train20k-02267,train20k-02264,authored
train20k-02268,train20k-02265,authored
train20k-02269,train20k-02266,authored
train20k-02270,train20k-02267,authored
train20k-02271,train20k-02268,authored
train20k-02272,train20k-02269,authored
train20k-02273,train20k-02270,authored
train20k-02274,train20k-02271,authored
train20k-02275,train20k-02272,authored
train20k-02276,train20k-02273,authored
train20k-02277,train20k-02274,authored
train20k-02278,train20k-02275,authored
train20k-02279,train20k-02276,authored
train20k-02280,train20k-02277,authored
train20k-02281,train20k-02278,authored
train20k-02282,train20k-02279,authored
train20k-02283,train20k-02280,authored
train20k-02284,train20k-02281,authored
train20k-02285,train20k-02282,authored
train20k-02286,train20k-02283,authored
train20k-02287,train20k-02284,authored
train20k-02288,train20k-02285,authored
train20k-02289,train20k-02286,authored
train20k-02290,train20k-02287,authored
train20k-02291,train20k-02288,authored
train20k-02292,train20k-02289,authored
train20k-02293,train20k-02290,authored
train20k-02294,train20k-02291,authored
train20k-02295,train20k-02292,authored
train20k-02296,train20k-02293,authored
train20k-02297,train20k-02294,authored
train20k-02298,train20k-02295,authored
train20k-02299,train20k-02296,authored
train20k-02300,train20k-02297,authored
train20k-02301,train20k-02298,authored
train20k-02302,train20k-02299,authored
train20k-02303,train20k-02300,authored
train20k-02304,train20k-02301,authored
train20k-02305,train20k-02302,authored
train20k-02306,train20k-02303,authored
train20k-02307,train20k-02304,authored
train20k-02308,train20k-02305,authored
train20k-02309,train20k-02306,authored
train20k-02310,train20k-02307,authored
train20k-02311,train20k-02308,authored
train20k-02312,train20k-02309,authored
train20k-02313,train20k-02310,authored
train20k-02314,train20k-02311,authored
train20k-02315,train20k-02312,authored
train20k-02316,train20k-02313,authored
train20k-02317,train20k-02314,authored
train20k-02318,train20k-02315,authored
train20k-02319,train20k-02316,authored
train20k-02320,train20k-02317,authored
train20k-02321,train20k-02318,authored
train20k-02322,train20k-02319,authored
train20k-02323,train20k-02320,authored
train20k-02324,train20k-02321,authored
train20k-02325,train20k-02322,authored
train20k-02326,train20k-02323,authored
train20k-02327,train20k-02324,authored
train20k-02328,train20k-02325,authored
train20k-02329,train20k-02326,authored
train20k-02330,train20k-02327,authored
train20k-02331,train20k-02328,authored
train20k-02332,train20k-02329,authored
train20k-02333,train20k-02330,authored
train20k-02334,train20k-02331,authored
train20k-02335,train20k-02332,authored
train20k-02336,train20k-02333,authored
train20k-02338,train20k-02334,authored
train20k-02339,train20k-02335,authored
train20k-02340,train20k-02336,authored
train20k-02341,train20k-02337,authored
train20k-02342,train20k-02338,authored
train20k-02343,train20k-02339,authored
train20k-02344,train20k-02340,authored
train20k-02345,train20k-02341,authored
train20k-02346,train20k-02342,authored
train20k-02347,train20k-02343,authored
train20k-02348,train20k-02344,authored
train20k-02349,train20k-02345,authored
train20k-02350,train20k-02346,authored
train20k-02351,train20k-02347,authored
train20k-02352,train20k-02348,authored
train20k-02353,train20k-02349,authored
train20k-02354,train20k-02350,authored
train20k-02355,train20k-02351,authored
train20k-02356,train20k-02352,authored
train20k-02357,train20k-02353,authored
train20k-02358,train20k-02354,authored
train20k-02359,train20k-02355,authored
train20k-02360,train20k-02356,authored
train20k-02361,train20k-02357,authored
train20k-02362,train20k-02358,authored
train20k-02363,train20k-02359,authored
train20k-02364,train20k-02360,authored
train20k-02365,train20k-02361,authored
train20k-02366,train20k-02362,authored
train20k-02367,train20k-02363,authored
train20k-02368,train20k-02364,authored
train20k-02369,train20k-02365,authored
train20k-02370,train20k-02366,authored
train20k-02371,train20k-02367,authored
train20k-02372,train20k-02368,authored
train20k-02373,train20k-02369,authored
train20k-02374,train20k-02370,authored
train20k-02375,train20k-02371,authored
train20k-02376,train20k-02372,authored
train20k-02377,train20k-02373,authored
train20k-02378,train20k-02374,authored
train20k-02379,train20k-02375,authored
train20k-02380,train20k-02376,authored
train20k-02381,train20k-02377,authored
train20k-02382,train20k-02378,authored
train20k-02383,train20k-02379,authored
train20k-02384,train20k-02380,authored
train20k-02385,train20k-02381,authored
train20k-02386,train20k-02382,authored
train20k-02387,train20k-02383,authored
train20k-02388,train20k-02384,authored
train20k-02389,train20k-02385,authored
train20k-02390,train20k-02386,authored
train20k-02391,train20k-02387,authored
train20k-02392,train20k-02388,authored
train20k-02393,train20k-02389,authored
train20k-02394,train20k-02390,authored
train20k-02395,train20k-02391,authored
train20k-02396,train20k-02392,authored
train20k-02397,train20k-02393,authored
train20k-02398,train20k-02394,authored
train20k-02399,train20k-02395,authored
train20k-02400,train20k-02396,authored
train20k-02401,train20k-02397,authored
train20k-02402,train20k-02398,authored
train20k-02403,train20k-02399,authored
train20k-02404,train20k-02400,authored
train20k-02405,train20k-02401,authored
train20k-02406,train20k-02402,authored
train20k-02407,train20k-02403,authored
train20k-02408,train20k-02404,authored
train20k-02409,train20k-02405,authored
train20k-02410,train20k-02406,authored
train20k-02411,train20k-02407,authored
train20k-02412,train20k-02408,authored
train20k-02413,train20k-02409,authored
train20k-02414,train20k-02410,authored
train20k-02415,train20k-02411,authored
train20k-02416,train20k-02412,authored
train20k-02417,train20k-02413,authored
train20k-02418,train20k-02414,authored
train20k-02419,train20k-02415,authored
train20k-02420,train20k-02416,authored
train20k-02421,train20k-02417,authored
train20k-02422,train20k-02418,authored
train20k-02423,train20k-02419,authored
train20k-02424,train20k-02420,authored
train20k-02425,train20k-02421,authored
train20k-02426,train20k-02422,authored
train20k-02427,train20k-02423,authored
train20k-02428,train20k-02424,authored
train20k-02429,train20k-02425,authored
train20k-02430,train20k-02426,authored
train20k-02431,train20k-02427,authored
train20k-02432,train20k-02428,authored
train20k-02433,train20k-02429,authored
train20k-02434,train20k-02430,authored
train20k-02435,train20k-02431,authored
train20k-02436,train20k-02432,authored
train20k-02437,train20k-02433,authored
train20k-02438,train20k-02434,authored
train20k-02439,train20k-02435,authored
train20k-02440,train20k-02436,authored
train20k-02441,train20k-02437,authored
train20k-02442,train20k-02438,authored
train20k-02443,train20k-02439,authored
train20k-02444,train20k-02440,authored
train20k-02445,train20k-02441,authored
train20k-02446,train20k-02442,authored
train20k-02447,train20k-02443,authored
train20k-02448,train20k-02444,authored
train20k-02449,train20k-02445,authored
train20k-02450,train20k-02446,authored
train20k-02451,train20k-02447,authored
train20k-02452,train20k-02448,authored
train20k-02453,train20k-02449,authored
train20k-02454,train20k-02450,authored
train20k-02455,train20k-02451,authored
train20k-02456,train20k-02452,authored
train20k-02457,train20k-02453,authored
train20k-02458,train20k-02454,authored
train20k-02459,train20k-02455,authored
train20k-02460,train20k-02456,authored
train20k-02461,train20k-02457,authored
train20k-02462,train20k-02458,authored
train20k-02463,train20k-02459,authored
train20k-02464,train20k-02460,authored
train20k-02465,train20k-02461,authored
train20k-02466,train20k-02462,authored
train20k-02467,train20k-02463,authored
train20k-02468,train20k-02464,authored
train20k-02469,train20k-02465,authored
train20k-02470,train20k-02466,authored
train20k-02471,train20k-02467,authored
train20k-02472,train20k-02468,authored
train20k-02473,train20k-02469,authored
train20k-02474,train20k-02470,authored
train20k-02475,train20k-02471,authored
train20k-02476,train20k-02472,authored
train20k-02477,train20k-02473,authored
train20k-02478,train20k-02474,authored
train20k-02479,train20k-02475,authored
train20k-02480,train20k-02476,authored
train20k-02481,train20k-02477,authored
train20k-02482,train20k-02478,authored
train20k-02483,train20k-02479,authored
train20k-02484,train20k-02480,authored
train20k-02485,train20k-02481,authored
train20k-02486,train20k-02482,authored
train20k-02487,train20k-02483,authored
train20k-02488,train20k-02484,authored
train20k-02489,train20k-02485,authored
train20k-02490,train20k-02486,authored
train20k-02491,train20k-02487,authored
train20k-02492,train20k-02488,authored
train20k-02493,train20k-02489,authored
train20k-02494,train20k-02490,authored
train20k-02495,train20k-02491,authored
train20k-02496,train20k-02492,authored
train20k-02497,train20k-02493,authored
train20k-02498,train20k-02494,authored
train20k-02499,train20k-02495,authored
train20k-02500,train20k-02496,authored
train20k-02501,train20k-02497,authored
train20k-02502,train20k-02498,authored
train20k-02503,train20k-02499,authored
train20k-02504,train20k-02500,authored
train20k-02506,train20k-02501,unused_pool
train20k-02507,train20k-02502,unused_pool
train20k-02508,train20k-02503,unused_pool
train20k-02509,train20k-02504,unused_pool
train20k-02510,train20k-02505,unused_pool
train20k-02511,train20k-02506,unused_pool
train20k-02512,train20k-02507,unused_pool
train20k-02513,train20k-02508,unused_pool
train20k-02514,train20k-02509,unused_pool
train20k-02515,train20k-02510,unused_pool
train20k-02516,train20k-02511,unused_pool
train20k-02517,train20k-02512,unused_pool
train20k-02518,train20k-02513,unused_pool
train20k-02519,train20k-02514,unused_pool
train20k-02520,train20k-02515,unused_pool
train20k-02521,train20k-02516,unused_pool
train20k-02522,train20k-02517,unused_pool
train20k-02523,train20k-02518,unused_pool
train20k-02524,train20k-02519,unused_pool
train20k-02525,train20k-02520,unused_pool
train20k-02526,train20k-02521,unused_pool
train20k-02527,train20k-02522,unused_pool
train20k-02528,train20k-02523,unused_pool
train20k-02529,train20k-02524,unused_pool
train20k-02530,train20k-02525,unused_pool
train20k-02531,train20k-02526,unused_pool
train20k-02532,train20k-02527,unused_pool
train20k-02533,train20k-02528,unused_pool
train20k-02534,train20k-02529,unused_pool
train20k-02535,train20k-02530,unused_pool
train20k-02536,train20k-02531,unused_pool
train20k-02537,train20k-02532,unused_pool
train20k-02538,train20k-02533,unused_pool
train20k-02539,train20k-02534,unused_pool
train20k-02540,train20k-02535,unused_pool
train20k-02541,train20k-02536,unused_pool
train20k-02542,train20k-02537,unused_pool
train20k-02543,train20k-02538,unused_pool
train20k-02544,train20k-02539,unused_pool
train20k-02545,train20k-02540,unused_pool
train20k-02546,train20k-02541,unused_pool
train20k-02547,train20k-02542,unused_pool
train20k-02548,train20k-02543,unused_pool
train20k-02549,train20k-02544,unused_pool
train20k-02550,train20k-02545,unused_pool
train20k-02551,train20k-02546,unused_pool
train20k-02552,train20k-02547,unused_pool
train20k-02553,train20k-02548,unused_pool
train20k-02554,train20k-02549,unused_pool
train20k-02555,train20k-02550,unused_pool
train20k-02556,train20k-02551,unused_pool
train20k-02557,train20k-02552,unused_pool
train20k-02558,train20k-02553,unused_pool
train20k-02559,train20k-02554,unused_pool
train20k-02560,train20k-02555,unused_pool
train20k-02561,train20k-02556,unused_pool
train20k-02562,train20k-02557,unused_pool
train20k-02563,train20k-02558,unused_pool
train20k-02564,train20k-02559,unused_pool
train20k-02566,train20k-02560,unused_pool
train20k-02567,train20k-02561,unused_pool
train20k-02568,train20k-02562,unused_pool
train20k-02569,train20k-02563,unused_pool
train20k-02570,train20k-02564,unused_pool
train20k-02571,train20k-02565,unused_pool
train20k-02572,train20k-02566,unused_pool
train20k-02573,train20k-02567,unused_pool
train20k-02574,train20k-02568,unused_pool
train20k-02575,train20k-02569,unused_pool
train20k-02576,train20k-02570,unused_pool
train20k-02577,train20k-02571,unused_pool
train20k-02578,train20k-02572,unused_pool
train20k-02579,train20k-02573,unused_pool
train20k-02580,train20k-02574,unused_pool
train20k-02581,train20k-02575,unused_pool
train20k-02582,train20k-02576,unused_pool
train20k-02583,train20k-02577,unused_pool
train20k-02584,train20k-02578,unused_pool
train20k-02585,train20k-02579,unused_pool
train20k-02586,train20k-02580,unused_pool
train20k-02587,train20k-02581,unused_pool
train20k-02588,train20k-02582,unused_pool
train20k-02589,train20k-02583,unused_pool
train20k-02590,train20k-02584,unused_pool
train20k-02591,train20k-02585,unused_pool
train20k-02592,train20k-02586,unused_pool
train20k-02593,train20k-02587,unused_pool
train20k-02594,train20k-02588,unused_pool
train20k-02595,train20k-02589,unused_pool
train20k-02596,train20k-02590,unused_pool
train20k-02597,train20k-02591,unused_pool
train20k-02598,train20k-02592,unused_pool
train20k-02599,train20k-02593,unused_pool
train20k-02600,train20k-02594,unused_pool
train20k-02601,train20k-02595,unused_pool
train20k-02602,train20k-02596,unused_pool
train20k-02603,train20k-02597,unused_pool
train20k-02604,train20k-02598,unused_pool
train20k-02605,train20k-02599,unused_pool
train20k-02606,train20k-02600,unused_pool
train20k-02607,train20k-02601,unused_pool
train20k-02608,train20k-02602,unused_pool
train20k-02609,train20k-02603,unused_pool
train20k-02610,train20k-02604,unused_pool
train20k-02611,train20k-02605,unused_pool
train20k-02612,train20k-02606,unused_pool
train20k-02613,train20k-02607,unused_pool
train20k-02614,train20k-02608,unused_pool
train20k-02615,train20k-02609,unused_pool
train20k-02616,train20k-02610,unused_pool
train20k-02617,train20k-02611,unused_pool
train20k-02618,train20k-02612,unused_pool
train20k-02619,train20k-02613,unused_pool
train20k-02620,train20k-02614,unused_pool
train20k-02621,train20k-02615,unused_pool
train20k-02622,train20k-02616,unused_pool
train20k-02623,train20k-02617,unused_pool
train20k-02624,train20k-02618,unused_pool
train20k-02625,train20k-02619,unused_pool
train20k-02626,train20k-02620,unused_pool
train20k-02627,train20k-02621,unused_pool
train20k-02628,train20k-02622,unused_pool
train20k-02629,train20k-02623,unused_pool
train20k-02630,train20k-02624,unused_pool
train20k-02631,train20k-02625,unused_pool
train20k-02632,train20k-02626,unused_pool
train20k-02633,train20k-02627,unused_pool
train20k-02634,train20k-02628,unused_pool
train20k-02635,train20k-02629,unused_pool
train20k-02636,train20k-02630,unused_pool
train20k-02637,train20k-02631,unused_pool
train20k-02638,train20k-02632,unused_pool
train20k-02639,train20k-02633,unused_pool
train20k-02640,train20k-02634,unused_pool
train20k-02641,train20k-02635,unused_pool
train20k-02642,train20k-02636,unused_pool
train20k-02643,train20k-02637,unused_pool
train20k-02644,train20k-02638,unused_pool
train20k-02645,train20k-02639,unused_pool
train20k-02646,train20k-02640,unused_pool
train20k-02647,train20k-02641,unused_pool
train20k-02648,train20k-02642,unused_pool
train20k-02649,train20k-02643,unused_pool
train20k-02650,train20k-02644,unused_pool
train20k-02651,train20k-02645,unused_pool
train20k-02652,train20k-02646,unused_pool
train20k-02653,train20k-02647,unused_pool
train20k-02655,train20k-02648,unused_pool
train20k-02656,train20k-02649,unused_pool
train20k-02657,train20k-02650,unused_pool
train20k-02658,train20k-02651,unused_pool
train20k-02659,train20k-02652,unused_pool
train20k-02660,train20k-02653,unused_pool
train20k-02661,train20k-02654,unused_pool
train20k-02662,train20k-02655,unused_pool
train20k-02663,train20k-02656,unused_pool
train20k-02664,train20k-02657,unused_pool
train20k-02665,train20k-02658,unused_pool
train20k-02666,train20k-02659,unused_pool
train20k-02667,train20k-02660,unused_pool
train20k-02668,train20k-02661,unused_pool
train20k-02669,train20k-02662,unused_pool
train20k-02670,train20k-02663,unused_pool
train20k-02671,train20k-02664,unused_pool
train20k-02672,train20k-02665,unused_pool
train20k-02673,train20k-02666,unused_pool
train20k-02674,train20k-02667,unused_pool
train20k-02675,train20k-02668,unused_pool
train20k-02676,train20k-02669,unused_pool
train20k-02677,train20k-02670,unused_pool
train20k-02678,train20k-02671,unused_pool
train20k-02679,train20k-02672,unused_pool
train20k-02680,train20k-02673,unused_pool
train20k-02681,train20k-02674,unused_pool
train20k-02682,train20k-02675,unused_pool
train20k-02683,train20k-02676,unused_pool
train20k-02684,train20k-02677,unused_pool
train20k-02685,train20k-02678,unused_pool
train20k-02686,train20k-02679,unused_pool
train20k-02687,train20k-02680,unused_pool
train20k-02688,train20k-02681,unused_pool
train20k-02689,train20k-02682,unused_pool
train20k-02690,train20k-02683,unused_pool
train20k-02691,train20k-02684,unused_pool
train20k-02692,train20k-02685,unused_pool
train20k-02693,train20k-02686,unused_pool
train20k-02694,train20k-02687,unused_pool
train20k-02695,train20k-02688,unused_pool
train20k-02696,train20k-02689,unused_pool
train20k-02697,train20k-02690,unused_pool
train20k-02698,train20k-02691,unused_pool
train20k-02699,train20k-02692,unused_pool
train20k-02700,train20k-02693,unused_pool
train20k-02701,train20k-02694,unused_pool
train20k-02702,train20k-02695,unused_pool
train20k-02703,train20k-02696,unused_pool
train20k-02704,train20k-02697,unused_pool
train20k-02705,train20k-02698,unused_pool
train20k-02706,train20k-02699,unused_pool
train20k-02707,train20k-02700,unused_pool
train20k-02708,train20k-02701,unused_pool
train20k-02709,train20k-02702,unused_pool
train20k-02710,train20k-02703,unused_pool
train20k-02711,train20k-02704,unused_pool
train20k-02712,train20k-02705,unused_pool
train20k-02713,train20k-02706,unused_pool
train20k-02714,train20k-02707,unused_pool
train20k-02715,train20k-02708,unused_pool
train20k-02716,train20k-02709,unused_pool
train20k-02717,train20k-02710,unused_pool
train20k-02718,train20k-02711,unused_pool
train20k-02719,train20k-02712,unused_pool
train20k-02720,train20k-02713,unused_pool
train20k-02721,train20k-02714,unused_pool
train20k-02722,train20k-02715,unused_pool
train20k-02723,train20k-02716,unused_pool
train20k-02724,train20k-02717,unused_pool
train20k-02725,train20k-02718,unused_pool
train20k-02726,train20k-02719,unused_pool
train20k-02727,train20k-02720,unused_pool
train20k-02728,train20k-02721,unused_pool
train20k-02729,train20k-02722,unused_pool
train20k-02730,train20k-02723,unused_pool
train20k-02731,train20k-02724,unused_pool
train20k-02732,train20k-02725,unused_pool
train20k-02733,train20k-02726,unused_pool
train20k-02734,train20k-02727,unused_pool
train20k-02735,train20k-02728,unused_pool
train20k-02736,train20k-02729,unused_pool
train20k-02737,train20k-02730,unused_pool
train20k-02738,train20k-02731,unused_pool
train20k-02739,train20k-02732,unused_pool
train20k-02740,train20k-02733,unused_pool
train20k-02741,train20k-02734,unused_pool
train20k-02742,train20k-02735,unused_pool
train20k-02743,train20k-02736,unused_pool
train20k-02744,train20k-02737,unused_pool
train20k-02745,train20k-02738,unused_pool
train20k-02746,train20k-02739,unused_pool
train20k-02747,train20k-02740,unused_pool
train20k-02748,train20k-02741,unused_pool
train20k-02749,train20k-02742,unused_pool
train20k-02750,train20k-02743,unused_pool
train20k-02751,train20k-02744,unused_pool
train20k-02752,train20k-02745,unused_pool
train20k-02753,train20k-02746,unused_pool
train20k-02754,train20k-02747,unused_pool
train20k-02755,train20k-02748,unused_pool
train20k-02756,train20k-02749,unused_pool
train20k-02757,train20k-02750,unused_pool
train20k-02758,train20k-02751,unused_pool
train20k-02759,train20k-02752,unused_pool
train20k-02760,train20k-02753,unused_pool
train20k-02761,train20k-02754,unused_pool
train20k-02762,train20k-02755,unused_pool
train20k-02763,train20k-02756,unused_pool
train20k-02764,train20k-02757,unused_pool
train20k-02765,train20k-02758,unused_pool
train20k-02766,train20k-02759,unused_pool
train20k-02767,train20k-02760,unused_pool
train20k-02768,train20k-02761,unused_pool
train20k-02769,train20k-02762,unused_pool
train20k-02770,train20k-02763,unused_pool
train20k-02771,train20k-02764,unused_pool
train20k-02772,train20k-02765,unused_pool
train20k-02773,train20k-02766,unused_pool
train20k-02774,train20k-02767,unused_pool
train20k-02775,train20k-02768,unused_pool
train20k-02776,train20k-02769,unused_pool
train20k-02777,train20k-02770,unused_pool
train20k-02778,train20k-02771,unused_pool
train20k-02779,train20k-02772,unused_pool
train20k-02780,train20k-02773,unused_pool
train20k-02781,train20k-02774,unused_pool
train20k-02782,train20k-02775,unused_pool
train20k-02783,train20k-02776,unused_pool
train20k-02784,train20k-02777,unused_pool
train20k-02785,train20k-02778,unused_pool
train20k-02786,train20k-02779,unused_pool
train20k-02787,train20k-02780,unused_pool
train20k-02788,train20k-02781,unused_pool
train20k-02789,train20k-02782,unused_pool
train20k-02790,train20k-02783,unused_pool
train20k-02791,train20k-02784,unused_pool
train20k-02792,train20k-02785,unused_pool
train20k-02793,train20k-02786,unused_pool
train20k-02794,train20k-02787,unused_pool
train20k-02795,train20k-02788,unused_pool
train20k-02796,train20k-02789,unused_pool
train20k-02797,train20k-02790,unused_pool
train20k-02798,train20k-02791,unused_pool
train20k-02799,train20k-02792,unused_pool
train20k-02800,train20k-02793,unused_pool
train20k-02801,train20k-02794,unused_pool
train20k-02802,train20k-02795,unused_pool
train20k-02803,train20k-02796,unused_pool
train20k-02804,train20k-02797,unused_pool
train20k-02805,train20k-02798,unused_pool
train20k-02806,train20k-02799,unused_pool
train20k-02807,train20k-02800,unused_pool
train20k-02808,train20k-02801,unused_pool
train20k-02809,train20k-02802,unused_pool
train20k-02810,train20k-02803,unused_pool
train20k-02811,train20k-02804,unused_pool
train20k-02812,train20k-02805,unused_pool
train20k-02813,train20k-02806,unused_pool
train20k-02814,train20k-02807,unused_pool
train20k-02815,train20k-02808,unused_pool
train20k-02816,train20k-02809,unused_pool
train20k-02817,train20k-02810,unused_pool
train20k-02818,train20k-02811,unused_pool
train20k-02819,train20k-02812,unused_pool
train20k-02820,train20k-02813,unused_pool
train20k-02821,train20k-02814,unused_pool
train20k-02822,train20k-02815,unused_pool
train20k-02823,train20k-02816,unused_pool
train20k-02824,train20k-02817,unused_pool
train20k-02825,train20k-02818,unused_pool
train20k-02826,train20k-02819,unused_pool
train20k-02827,train20k-02820,unused_pool
train20k-02828,train20k-02821,unused_pool
train20k-02829,train20k-02822,unused_pool
train20k-02830,train20k-02823,unused_pool
train20k-02831,train20k-02824,unused_pool
train20k-02832,train20k-02825,unused_pool
train20k-02833,train20k-02826,unused_pool
train20k-02834,train20k-02827,unused_pool
train20k-02835,train20k-02828,unused_pool
train20k-02836,train20k-02829,unused_pool
train20k-02838,train20k-02830,unused_pool
train20k-02839,train20k-02831,unused_pool
train20k-02840,train20k-02832,unused_pool
train20k-02841,train20k-02833,unused_pool
train20k-02842,train20k-02834,unused_pool
train20k-02843,train20k-02835,unused_pool
train20k-02844,train20k-02836,unused_pool
train20k-02845,train20k-02837,unused_pool
train20k-02846,train20k-02838,unused_pool
train20k-02847,train20k-02839,unused_pool
train20k-02848,train20k-02840,unused_pool
train20k-02849,train20k-02841,unused_pool
train20k-02850,train20k-02842,unused_pool
train20k-02851,train20k-02843,unused_pool
train20k-02852,train20k-02844,unused_pool
train20k-02853,train20k-02845,unused_pool
train20k-02854,train20k-02846,unused_pool
train20k-02855,train20k-02847,unused_pool
train20k-02856,train20k-02848,unused_pool
train20k-02857,train20k-02849,unused_pool
train20k-02858,train20k-02850,unused_pool
train20k-02859,train20k-02851,unused_pool
train20k-02860,train20k-02852,unused_pool
train20k-02861,train20k-02853,unused_pool
train20k-02862,train20k-02854,unused_pool
train20k-02863,train20k-02855,unused_pool
train20k-02864,train20k-02856,unused_pool
train20k-02865,train20k-02857,unused_pool
train20k-02866,train20k-02858,unused_pool
train20k-02867,train20k-02859,unused_pool
train20k-02868,train20k-02860,unused_pool
train20k-02869,train20k-02861,unused_pool
train20k-02870,train20k-02862,unused_pool
train20k-02871,train20k-02863,unused_pool
train20k-02872,train20k-02864,unused_pool
train20k-02873,train20k-02865,unused_pool
train20k-02874,train20k-02866,unused_pool
train20k-02875,train20k-02867,unused_pool
train20k-02876,train20k-02868,unused_pool
train20k-02877,train20k-02869,unused_pool
train20k-02878,train20k-02870,unused_pool
train20k-02879,train20k-02871,unused_pool
train20k-02880,train20k-02872,unused_pool
train20k-02881,train20k-02873,unused_pool
train20k-02882,train20k-02874,unused_pool
train20k-02883,train20k-02875,unused_pool
train20k-02884,train20k-02876,unused_pool
train20k-02885,train20k-02877,unused_pool
train20k-02886,train20k-02878,unused_pool
train20k-02887,train20k-02879,unused_pool
train20k-02888,train20k-02880,unused_pool
train20k-02889,train20k-02881,unused_pool
train20k-02890,train20k-02882,unused_pool
train20k-02891,train20k-02883,unused_pool
train20k-02892,train20k-02884,unused_pool
train20k-02893,train20k-02885,unused_pool
train20k-02894,train20k-02886,unused_pool
train20k-02895,train20k-02887,unused_pool
train20k-02896,train20k-02888,unused_pool
train20k-02897,train20k-02889,unused_pool
train20k-02898,train20k-02890,unused_pool
train20k-02899,train20k-02891,unused_pool
train20k-02900,train20k-02892,unused_pool
train20k-02901,train20k-02893,unused_pool
train20k-02902,train20k-02894,unused_pool
train20k-02903,train20k-02895,unused_pool
train20k-02904,train20k-02896,unused_pool
train20k-02905,train20k-02897,unused_pool
train20k-02906,train20k-02898,unused_pool
train20k-02907,train20k-02899,unused_pool
train20k-02908,train20k-02900,unused_pool
train20k-02909,train20k-02901,unused_pool
train20k-02910,train20k-02902,unused_pool
train20k-02911,train20k-02903,unused_pool
train20k-02912,train20k-02904,unused_pool
train20k-02913,train20k-02905,unused_pool
train20k-02914,train20k-02906,unused_pool
train20k-02915,train20k-02907,unused_pool
train20k-02916,train20k-02908,unused_pool
train20k-02917,train20k-02909,unused_pool
train20k-02918,train20k-02910,unused_pool
train20k-02919,train20k-02911,unused_pool
train20k-02920,train20k-02912,unused_pool
train20k-02921,train20k-02913,unused_pool
train20k-02922,train20k-02914,unused_pool
train20k-02923,train20k-02915,unused_pool
train20k-02924,train20k-02916,unused_pool
train20k-02925,train20k-02917,unused_pool
train20k-02926,train20k-02918,unused_pool
train20k-02927,train20k-02919,unused_pool
train20k-02928,train20k-02920,unused_pool
train20k-02929,train20k-02921,unused_pool
train20k-02930,train20k-02922,unused_pool
train20k-02931,train20k-02923,unused_pool
train20k-02932,train20k-02924,unused_pool
train20k-02933,train20k-02925,unused_pool
train20k-02934,train20k-02926,unused_pool
train20k-02935,train20k-02927,unused_pool
train20k-02936,train20k-02928,unused_pool
train20k-02937,train20k-02929,unused_pool
train20k-02938,train20k-02930,unused_pool
train20k-02939,train20k-02931,unused_pool
train20k-02940,train20k-02932,unused_pool
train20k-02941,train20k-02933,unused_pool
train20k-02942,train20k-02934,unused_pool
train20k-02943,train20k-02935,unused_pool
train20k-02944,train20k-02936,unused_pool
train20k-02945,train20k-02937,unused_pool
train20k-02946,train20k-02938,unused_pool
train20k-02947,train20k-02939,unused_pool
train20k-02948,train20k-02940,unused_pool
train20k-02949,train20k-02941,unused_pool
train20k-02950,train20k-02942,unused_pool
train20k-02951,train20k-02943,unused_pool
train20k-02952,train20k-02944,unused_pool
train20k-02953,train20k-02945,unused_pool
train20k-02954,train20k-02946,unused_pool
train20k-02955,train20k-02947,unused_pool
train20k-02956,train20k-02948,unused_pool
train20k-02957,train20k-02949,unused_pool
train20k-02958,train20k-02950,unused_pool
train20k-02959,train20k-02951,unused_pool
train20k-02960,train20k-02952,unused_pool
train20k-02961,train20k-02953,unused_pool
train20k-02962,train20k-02954,unused_pool
train20k-02963,train20k-02955,unused_pool
train20k-02964,train20k-02956,unused_pool
train20k-02965,train20k-02957,unused_pool
train20k-02966,train20k-02958,unused_pool
train20k-02967,train20k-02959,unused_pool
train20k-02968,train20k-02960,unused_pool
train20k-02969,train20k-02961,unused_pool
train20k-02970,train20k-02962,unused_pool
train20k-02971,train20k-02963,unused_pool
train20k-02972,train20k-02964,unused_pool
train20k-02973,train20k-02965,unused_pool
train20k-02974,train20k-02966,unused_pool
train20k-02975,train20k-02967,unused_pool
train20k-02976,train20k-02968,unused_pool
train20k-02977,train20k-02969,unused_pool
train20k-02978,train20k-02970,unused_pool
train20k-02979,train20k-02971,unused_pool
train20k-02980,train20k-02972,unused_pool
train20k-02981,train20k-02973,unused_pool
train20k-02982,train20k-02974,unused_pool
train20k-02983,train20k-02975,unused_pool
train20k-02984,train20k-02976,unused_pool
train20k-02985,train20k-02977,unused_pool
train20k-02987,train20k-02978,unused_pool
train20k-02988,train20k-02979,unused_pool
train20k-02989,train20k-02980,unused_pool
train20k-02990,train20k-02981,unused_pool
train20k-02991,train20k-02982,unused_pool
train20k-02992,train20k-02983,unused_pool
train20k-02993,train20k-02984,unused_pool
train20k-02994,train20k-02985,unused_pool
train20k-02995,train20k-02986,unused_pool
train20k-02996,train20k-02987,unused_pool
train20k-02997,train20k-02988,unused_pool
train20k-02998,train20k-02989,unused_pool
train20k-02999,train20k-02990,unused_pool
train20k-03000,train20k-02991,unused_pool
train20k-03001,train20k-02992,unused_pool
train20k-03002,train20k-02993,unused_pool
train20k-03003,train20k-02994,unused_pool
train20k-03004,train20k-02995,unused_pool
train20k-03005,train20k-02996,unused_pool
train20k-03006,train20k-02997,unused_pool
train20k-03007,train20k-02998,unused_pool
train20k-03008,train20k-02999,unused_pool
train20k-03009,train20k-03000,unused_pool
train20k-03010,train20k-03001,unused_pool
train20k-03011,train20k-03002,unused_pool
train20k-03012,train20k-03003,unused_pool
train20k-03013,train20k-03004,unused_pool
train20k-03014,train20k-03005,unused_pool
train20k-03015,train20k-03006,unused_pool
train20k-03016,train20k-03007,unused_pool
train20k-03017,train20k-03008,unused_pool
train20k-03018,train20k-03009,unused_pool
train20k-03019,train20k-03010,unused_pool
train20k-03020,train20k-03011,unused_pool
train20k-03021,train20k-03012,unused_pool
train20k-03022,train20k-03013,unused_pool
train20k-03023,train20k-03014,unused_pool
train20k-03024,train20k-03015,unused_pool
train20k-03025,train20k-03016,unused_pool
train20k-03026,train20k-03017,unused_pool
train20k-03027,train20k-03018,unused_pool
train20k-03028,train20k-03019,unused_pool
train20k-03029,train20k-03020,unused_pool
train20k-03030,train20k-03021,unused_pool
train20k-03031,train20k-03022,unused_pool
train20k-03032,train20k-03023,unused_pool
train20k-03033,train20k-03024,unused_pool
train20k-03034,train20k-03025,unused_pool
train20k-03035,train20k-03026,unused_pool
train20k-03036,train20k-03027,unused_pool
train20k-03037,train20k-03028,unused_pool
train20k-03038,train20k-03029,unused_pool
train20k-03039,train20k-03030,unused_pool
train20k-03040,train20k-03031,unused_pool
train20k-03041,train20k-03032,unused_pool
train20k-03042,train20k-03033,unused_pool
train20k-03043,train20k-03034,unused_pool
train20k-03044,train20k-03035,unused_pool
train20k-03045,train20k-03036,unused_pool
train20k-03046,train20k-03037,unused_pool
train20k-03047,train20k-03038,unused_pool
train20k-03048,train20k-03039,unused_pool
train20k-03049,train20k-03040,unused_pool
train20k-03050,train20k-03041,unused_pool
train20k-03051,train20k-03042,unused_pool
train20k-03052,train20k-03043,unused_pool
train20k-03053,train20k-03044,unused_pool
train20k-03054,train20k-03045,unused_pool
train20k-03055,train20k-03046,unused_pool
train20k-03056,train20k-03047,unused_pool
train20k-03057,train20k-03048,unused_pool
train20k-03058,train20k-03049,unused_pool
train20k-03059,train20k-03050,unused_pool
train20k-03060,train20k-03051,unused_pool
train20k-03061,train20k-03052,unused_pool
train20k-03062,train20k-03053,unused_pool
train20k-03063,train20k-03054,unused_pool
train20k-03064,train20k-03055,unused_pool
train20k-03065,train20k-03056,unused_pool
train20k-03066,train20k-03057,unused_pool
train20k-03067,train20k-03058,unused_pool
train20k-03068,train20k-03059,unused_pool
train20k-03069,train20k-03060,unused_pool
train20k-03070,train20k-03061,unused_pool
train20k-03071,train20k-03062,unused_pool
train20k-03072,train20k-03063,unused_pool
train20k-03073,train20k-03064,unused_pool
train20k-03074,train20k-03065,unused_pool
train20k-03075,train20k-03066,unused_pool
train20k-03076,train20k-03067,unused_pool
train20k-03077,train20k-03068,unused_pool
train20k-03078,train20k-03069,unused_pool
train20k-03079,train20k-03070,unused_pool
train20k-03080,train20k-03071,unused_pool
train20k-03081,train20k-03072,unused_pool
train20k-03082,train20k-03073,unused_pool
train20k-03083,train20k-03074,unused_pool
train20k-03084,train20k-03075,unused_pool
train20k-03085,train20k-03076,unused_pool
train20k-03086,train20k-03077,unused_pool
train20k-03087,train20k-03078,unused_pool
train20k-03088,train20k-03079,unused_pool
train20k-03089,train20k-03080,unused_pool
train20k-03090,train20k-03081,unused_pool
train20k-03091,train20k-03082,unused_pool
train20k-03092,train20k-03083,unused_pool
train20k-03093,train20k-03084,unused_pool
train20k-03094,train20k-03085,unused_pool
train20k-03095,train20k-03086,unused_pool
train20k-03096,train20k-03087,unused_pool
train20k-03097,train20k-03088,unused_pool
train20k-03098,train20k-03089,unused_pool
train20k-03099,train20k-03090,unused_pool
train20k-03101,train20k-03091,unused_pool
train20k-03102,train20k-03092,unused_pool
train20k-03103,train20k-03093,unused_pool
train20k-03104,train20k-03094,unused_pool
train20k-03105,train20k-03095,unused_pool
train20k-03106,train20k-03096,unused_pool
train20k-03107,train20k-03097,unused_pool
train20k-03108,train20k-03098,unused_pool
train20k-03109,train20k-03099,unused_pool
train20k-03110,train20k-03100,unused_pool
train20k-03111,train20k-03101,unused_pool
train20k-03112,train20k-03102,unused_pool
train20k-03113,train20k-03103,unused_pool
train20k-03114,train20k-03104,unused_pool
train20k-03115,train20k-03105,unused_pool
train20k-03116,train20k-03106,unused_pool
train20k-03117,train20k-03107,unused_pool
train20k-03118,train20k-03108,unused_pool
train20k-03119,train20k-03109,unused_pool
train20k-03120,train20k-03110,unused_pool
train20k-03121,train20k-03111,unused_pool
train20k-03122,train20k-03112,unused_pool
train20k-03123,train20k-03113,unused_pool
train20k-03124,train20k-03114,unused_pool
train20k-03125,train20k-03115,unused_pool
train20k-03126,train20k-03116,unused_pool
train20k-03127,train20k-03117,unused_pool
train20k-03128,train20k-03118,unused_pool
train20k-03129,train20k-03119,unused_pool
train20k-03130,train20k-03120,unused_pool
train20k-03131,train20k-03121,unused_pool
train20k-03132,train20k-03122,unused_pool
train20k-03133,train20k-03123,unused_pool
train20k-03134,train20k-03124,unused_pool
train20k-03135,train20k-03125,unused_pool
train20k-03136,train20k-03126,unused_pool
train20k-03137,train20k-03127,unused_pool
train20k-03138,train20k-03128,unused_pool
train20k-03139,train20k-03129,unused_pool
train20k-03140,train20k-03130,unused_pool
train20k-03141,train20k-03131,unused_pool
train20k-03142,train20k-03132,unused_pool
train20k-03143,train20k-03133,unused_pool
train20k-03144,train20k-03134,unused_pool
train20k-03145,train20k-03135,unused_pool
train20k-03146,train20k-03136,unused_pool
train20k-03147,train20k-03137,unused_pool
train20k-03148,train20k-03138,unused_pool
train20k-03149,train20k-03139,unused_pool
train20k-03150,train20k-03140,unused_pool
train20k-03151,train20k-03141,unused_pool
train20k-03152,train20k-03142,unused_pool
train20k-03153,train20k-03143,unused_pool
train20k-03154,train20k-03144,unused_pool
train20k-03155,train20k-03145,unused_pool
train20k-03156,train20k-03146,unused_pool
train20k-03157,train20k-03147,unused_pool
train20k-03158,train20k-03148,unused_pool
train20k-03159,train20k-03149,unused_pool
train20k-03160,train20k-03150,unused_pool
train20k-03161,train20k-03151,unused_pool
train20k-03162,train20k-03152,unused_pool
train20k-03163,train20k-03153,unused_pool
train20k-03164,train20k-03154,unused_pool
train20k-03165,train20k-03155,unused_pool
train20k-03166,train20k-03156,unused_pool
train20k-03167,train20k-03157,unused_pool
train20k-03168,train20k-03158,unused_pool
train20k-03169,train20k-03159,unused_pool
train20k-03170,train20k-03160,unused_pool
train20k-03171,train20k-03161,unused_pool
train20k-03172,train20k-03162,unused_pool
train20k-03173,train20k-03163,unused_pool
train20k-03174,train20k-03164,unused_pool
train20k-03175,train20k-03165,unused_pool
train20k-03176,train20k-03166,unused_pool
train20k-03177,train20k-03167,unused_pool
train20k-03178,train20k-03168,unused_pool
train20k-03179,train20k-03169,unused_pool
train20k-03180,train20k-03170,unused_pool
train20k-03181,train20k-03171,unused_pool
train20k-03182,train20k-03172,unused_pool
train20k-03183,train20k-03173,unused_pool
train20k-03184,train20k-03174,unused_pool
train20k-03185,train20k-03175,unused_pool
train20k-03186,train20k-03176,unused_pool
train20k-03187,train20k-03177,unused_pool
train20k-03188,train20k-03178,unused_pool
train20k-03189,train20k-03179,unused_pool
train20k-03190,train20k-03180,unused_pool
train20k-03191,train20k-03181,unused_pool
train20k-03192,train20k-03182,unused_pool
train20k-03193,train20k-03183,unused_pool
train20k-03194,train20k-03184,unused_pool
train20k-03195,train20k-03185,unused_pool
train20k-03196,train20k-03186,unused_pool
train20k-03197,train20k-03187,unused_pool
train20k-03198,train20k-03188,unused_pool
train20k-03199,train20k-03189,unused_pool
train20k-03200,train20k-03190,unused_pool
train20k-03201,train20k-03191,unused_pool
train20k-03202,train20k-03192,unused_pool
train20k-03203,train20k-03193,unused_pool
train20k-03204,train20k-03194,unused_pool
train20k-03205,train20k-03195,unused_pool
train20k-03206,train20k-03196,unused_pool
train20k-03207,train20k-03197,unused_pool
train20k-03208,train20k-03198,unused_pool
train20k-03209,train20k-03199,unused_pool
train20k-03210,train20k-03200,unused_pool
train20k-03211,train20k-03201,unused_pool
train20k-03212,train20k-03202,unused_pool
train20k-03213,train20k-03203,unused_pool
train20k-03214,train20k-03204,unused_pool
train20k-03215,train20k-03205,unused_pool
train20k-03216,train20k-03206,unused_pool
train20k-03217,train20k-03207,unused_pool
train20k-03218,train20k-03208,unused_pool
train20k-03219,train20k-03209,unused_pool
train20k-03220,train20k-03210,unused_pool
train20k-03221,train20k-03211,unused_pool
train20k-03222,train20k-03212,unused_pool
train20k-03223,train20k-03213,unused_pool
train20k-03224,train20k-03214,unused_pool
train20k-03225,train20k-03215,unused_pool
train20k-03226,train20k-03216,unused_pool
train20k-03227,train20k-03217,unused_pool
train20k-03228,train20k-03218,unused_pool
train20k-03229,train20k-03219,unused_pool
train20k-03230,train20k-03220,unused_pool
train20k-03231,train20k-03221,unused_pool
train20k-03232,train20k-03222,unused_pool
train20k-03233,train20k-03223,unused_pool
train20k-03234,train20k-03224,unused_pool
train20k-03235,train20k-03225,unused_pool
train20k-03236,train20k-03226,unused_pool
train20k-03237,train20k-03227,unused_pool
train20k-03239,train20k-03228,unused_pool
train20k-03240,train20k-03229,unused_pool
train20k-03241,train20k-03230,unused_pool
train20k-03242,train20k-03231,unused_pool
train20k-03243,train20k-03232,unused_pool
train20k-03244,train20k-03233,unused_pool
train20k-03245,train20k-03234,unused_pool
train20k-03246,train20k-03235,unused_pool
train20k-03247,train20k-03236,unused_pool
train20k-03248,train20k-03237,unused_pool
train20k-03249,train20k-03238,unused_pool
train20k-03250,train20k-03239,unused_pool
train20k-03251,train20k-03240,unused_pool
train20k-03252,train20k-03241,unused_pool
train20k-03253,train20k-03242,unused_pool
train20k-03254,train20k-03243,unused_pool
train20k-03255,train20k-03244,unused_pool
train20k-03256,train20k-03245,unused_pool
train20k-03257,train20k-03246,unused_pool
train20k-03258,train20k-03247,unused_pool
train20k-03259,train20k-03248,unused_pool
train20k-03260,train20k-03249,unused_pool
train20k-03261,train20k-03250,unused_pool
train20k-03262,train20k-03251,unused_pool
train20k-03263,train20k-03252,unused_pool
train20k-03264,train20k-03253,unused_pool
train20k-03265,train20k-03254,unused_pool
train20k-03266,train20k-03255,unused_pool
train20k-03267,train20k-03256,unused_pool
train20k-03268,train20k-03257,unused_pool
train20k-03269,train20k-03258,unused_pool
train20k-03270,train20k-03259,unused_pool
train20k-03271,train20k-03260,unused_pool
train20k-03272,train20k-03261,unused_pool
train20k-03273,train20k-03262,unused_pool
train20k-03274,train20k-03263,unused_pool
train20k-03275,train20k-03264,unused_pool
train20k-03276,train20k-03265,unused_pool
train20k-03277,train20k-03266,unused_pool
train20k-03278,train20k-03267,unused_pool
train20k-03279,train20k-03268,unused_pool
train20k-03280,train20k-03269,unused_pool
train20k-03281,train20k-03270,unused_pool
train20k-03282,train20k-03271,unused_pool
train20k-03283,train20k-03272,unused_pool
train20k-03284,train20k-03273,unused_pool
train20k-03285,train20k-03274,unused_pool
train20k-03286,train20k-03275,unused_pool
train20k-03287,train20k-03276,unused_pool
train20k-03288,train20k-03277,unused_pool
train20k-03289,train20k-03278,unused_pool
train20k-03290,train20k-03279,unused_pool
train20k-03291,train20k-03280,unused_pool
train20k-03292,train20k-03281,unused_pool
train20k-03293,train20k-03282,unused_pool
train20k-03294,train20k-03283,unused_pool
train20k-03295,train20k-03284,unused_pool
train20k-03296,train20k-03285,unused_pool
train20k-03297,train20k-03286,unused_pool
train20k-03298,train20k-03287,unused_pool
train20k-03299,train20k-03288,unused_pool
train20k-03300,train20k-03289,unused_pool
train20k-03301,train20k-03290,unused_pool
train20k-03302,train20k-03291,unused_pool
train20k-03303,train20k-03292,unused_pool
train20k-03304,train20k-03293,unused_pool
train20k-03305,train20k-03294,unused_pool
train20k-03306,train20k-03295,unused_pool
train20k-03307,train20k-03296,unused_pool
train20k-03308,train20k-03297,unused_pool
train20k-03309,train20k-03298,unused_pool
train20k-03310,train20k-03299,unused_pool
train20k-03311,train20k-03300,unused_pool
train20k-03312,train20k-03301,unused_pool
train20k-03313,train20k-03302,unused_pool
train20k-03314,train20k-03303,unused_pool
train20k-03315,train20k-03304,unused_pool
train20k-03316,train20k-03305,unused_pool
train20k-03317,train20k-03306,unused_pool
train20k-03318,train20k-03307,unused_pool
train20k-03319,train20k-03308,unused_pool
train20k-03320,train20k-03309,unused_pool
train20k-03321,train20k-03310,unused_pool
train20k-03322,train20k-03311,unused_pool
train20k-03323,train20k-03312,unused_pool
train20k-03324,train20k-03313,unused_pool
train20k-03325,train20k-03314,unused_pool
train20k-03326,train20k-03315,unused_pool
train20k-03327,train20k-03316,unused_pool
train20k-03328,train20k-03317,unused_pool
train20k-03329,train20k-03318,unused_pool
train20k-03330,train20k-03319,unused_pool
train20k-03331,train20k-03320,unused_pool
train20k-03332,train20k-03321,unused_pool
train20k-03333,train20k-03322,unused_pool
train20k-03334,train20k-03323,unused_pool
train20k-03335,train20k-03324,unused_pool
train20k-03336,train20k-03325,unused_pool
train20k-03337,train20k-03326,unused_pool
train20k-03338,train20k-03327,unused_pool
train20k-03339,train20k-03328,unused_pool
train20k-03340,train20k-03329,unused_pool
train20k-03341,train20k-03330,unused_pool
train20k-03342,train20k-03331,unused_pool
train20k-03343,train20k-03332,unused_pool
train20k-03344,train20k-03333,unused_pool
train20k-03345,train20k-03334,unused_pool
train20k-03346,train20k-03335,unused_pool
train20k-03347,train20k-03336,unused_pool
train20k-03348,train20k-03337,unused_pool
train20k-03349,train20k-03338,unused_pool
train20k-03350,train20k-03339,unused_pool
train20k-03351,train20k-03340,unused_pool
train20k-03352,train20k-03341,unused_pool
train20k-03353,train20k-03342,unused_pool
train20k-03354,train20k-03343,unused_pool
train20k-03355,train20k-03344,unused_pool
train20k-03356,train20k-03345,unused_pool
train20k-03357,train20k-03346,unused_pool
train20k-03358,train20k-03347,unused_pool
train20k-03359,train20k-03348,unused_pool
train20k-03360,train20k-03349,unused_pool
train20k-03361,train20k-03350,unused_pool
train20k-03362,train20k-03351,unused_pool
train20k-03363,train20k-03352,unused_pool
train20k-03364,train20k-03353,unused_pool
train20k-03365,train20k-03354,unused_pool
train20k-03366,train20k-03355,unused_pool
train20k-03367,train20k-03356,unused_pool
train20k-03368,train20k-03357,unused_pool
train20k-03369,train20k-03358,unused_pool
train20k-03370,train20k-03359,unused_pool
train20k-03371,train20k-03360,unused_pool
train20k-03372,train20k-03361,unused_pool
train20k-03373,train20k-03362,unused_pool
train20k-03374,train20k-03363,unused_pool
train20k-03376,train20k-03364,unused_pool
train20k-03377,train20k-03365,unused_pool
train20k-03378,train20k-03366,unused_pool
train20k-03379,train20k-03367,unused_pool
train20k-03380,train20k-03368,unused_pool
train20k-03381,train20k-03369,unused_pool
train20k-03382,train20k-03370,unused_pool
train20k-03383,train20k-03371,unused_pool
train20k-03384,train20k-03372,unused_pool
train20k-03385,train20k-03373,unused_pool
train20k-03386,train20k-03374,unused_pool
train20k-03387,train20k-03375,unused_pool
train20k-03388,train20k-03376,unused_pool
train20k-03389,train20k-03377,unused_pool
train20k-03390,train20k-03378,unused_pool
train20k-03391,train20k-03379,unused_pool
train20k-03392,train20k-03380,unused_pool
train20k-03393,train20k-03381,unused_pool
train20k-03394,train20k-03382,unused_pool
train20k-03395,train20k-03383,unused_pool
train20k-03396,train20k-03384,unused_pool
train20k-03397,train20k-03385,unused_pool
train20k-03398,train20k-03386,unused_pool
train20k-03399,train20k-03387,unused_pool
train20k-03400,train20k-03388,unused_pool
train20k-03401,train20k-03389,unused_pool
train20k-03402,train20k-03390,unused_pool
train20k-03403,train20k-03391,unused_pool
train20k-03404,train20k-03392,unused_pool
train20k-03405,train20k-03393,unused_pool
train20k-03406,train20k-03394,unused_pool
train20k-03407,train20k-03395,unused_pool
train20k-03408,train20k-03396,unused_pool
train20k-03409,train20k-03397,unused_pool
train20k-03410,train20k-03398,unused_pool
train20k-03411,train20k-03399,unused_pool
train20k-03412,train20k-03400,unused_pool
train20k-03413,train20k-03401,unused_pool
train20k-03414,train20k-03402,unused_pool
train20k-03415,train20k-03403,unused_pool
train20k-03416,train20k-03404,unused_pool
train20k-03417,train20k-03405,unused_pool
train20k-03418,train20k-03406,unused_pool
train20k-03419,train20k-03407,unused_pool
train20k-03420,train20k-03408,unused_pool
train20k-03421,train20k-03409,unused_pool
train20k-03422,train20k-03410,unused_pool
train20k-03423,train20k-03411,unused_pool
train20k-03424,train20k-03412,unused_pool
train20k-03425,train20k-03413,unused_pool
train20k-03426,train20k-03414,unused_pool
train20k-03427,train20k-03415,unused_pool
train20k-03428,train20k-03416,unused_pool
train20k-03429,train20k-03417,unused_pool
train20k-03430,train20k-03418,unused_pool
train20k-03431,train20k-03419,unused_pool
train20k-03432,train20k-03420,unused_pool
train20k-03433,train20k-03421,unused_pool
train20k-03434,train20k-03422,unused_pool
train20k-03435,train20k-03423,unused_pool
train20k-03436,train20k-03424,unused_pool
train20k-03437,train20k-03425,unused_pool
train20k-03438,train20k-03426,unused_pool
train20k-03439,train20k-03427,unused_pool
train20k-03440,train20k-03428,unused_pool
train20k-03441,train20k-03429,unused_pool
train20k-03442,train20k-03430,unused_pool
train20k-03443,train20k-03431,unused_pool
train20k-03444,train20k-03432,unused_pool
train20k-03445,train20k-03433,unused_pool
train20k-03446,train20k-03434,unused_pool
train20k-03447,train20k-03435,unused_pool
train20k-03448,train20k-03436,unused_pool
train20k-03449,train20k-03437,unused_pool
train20k-03450,train20k-03438,unused_pool
train20k-03451,train20k-03439,unused_pool
train20k-03452,train20k-03440,unused_pool
train20k-03453,train20k-03441,unused_pool
train20k-03454,train20k-03442,unused_pool
train20k-03455,train20k-03443,unused_pool
train20k-03456,train20k-03444,unused_pool
train20k-03457,train20k-03445,unused_pool
train20k-03458,train20k-03446,unused_pool
train20k-03459,train20k-03447,unused_pool
train20k-03460,train20k-03448,unused_pool
train20k-03461,train20k-03449,unused_pool
train20k-03462,train20k-03450,unused_pool
train20k-03463,train20k-03451,unused_pool
train20k-03464,train20k-03452,unused_pool
train20k-03465,train20k-03453,unused_pool
train20k-03466,train20k-03454,unused_pool
train20k-03467,train20k-03455,unused_pool
train20k-03468,train20k-03456,unused_pool
train20k-03469,train20k-03457,unused_pool
train20k-03470,train20k-03458,unused_pool
train20k-03471,train20k-03459,unused_pool
train20k-03472,train20k-03460,unused_pool
train20k-03473,train20k-03461,unused_pool
train20k-03474,train20k-03462,unused_pool
train20k-03475,train20k-03463,unused_pool
train20k-03476,train20k-03464,unused_pool
train20k-03477,train20k-03465,unused_pool
train20k-03478,train20k-03466,unused_pool
train20k-03479,train20k-03467,unused_pool
train20k-03480,train20k-03468,unused_pool
train20k-03481,train20k-03469,unused_pool
train20k-03482,train20k-03470,unused_pool
train20k-03483,train20k-03471,unused_pool
train20k-03484,train20k-03472,unused_pool
train20k-03485,train20k-03473,unused_pool
train20k-03486,train20k-03474,unused_pool
train20k-03487,train20k-03475,unused_pool
train20k-03488,train20k-03476,unused_pool
train20k-03489,train20k-03477,unused_pool
train20k-03490,train20k-03478,unused_pool
train20k-03491,train20k-03479,unused_pool
train20k-03492,train20k-03480,unused_pool
train20k-03493,train20k-03481,unused_pool
train20k-03494,train20k-03482,unused_pool
train20k-03495,train20k-03483,unused_pool
train20k-03496,train20k-03484,unused_pool
train20k-03497,train20k-03485,unused_pool
train20k-03498,train20k-03486,unused_pool
train20k-03499,train20k-03487,unused_pool
train20k-03500,train20k-03488,unused_pool
train20k-03501,train20k-03489,unused_pool
train20k-03502,train20k-03490,unused_pool
train20k-03503,train20k-03491,unused_pool
train20k-03504,train20k-03492,unused_pool
train20k-03505,train20k-03493,unused_pool
train20k-03506,train20k-03494,unused_pool
train20k-03507,train20k-03495,unused_pool
train20k-03508,train20k-03496,unused_pool
train20k-03509,train20k-03497,unused_pool
train20k-03510,train20k-03498,unused_pool
train20k-03511,train20k-03499,unused_pool
train20k-03512,train20k-03500,unused_pool
train20k-03513,train20k-03501,unused_pool
train20k-03514,train20k-03502,unused_pool
train20k-03515,train20k-03503,unused_pool
train20k-03516,train20k-03504,unused_pool
train20k-03517,train20k-03505,unused_pool
train20k-03518,train20k-03506,unused_pool
train20k-03519,train20k-03507,unused_pool
train20k-03520,train20k-03508,unused_pool
train20k-03521,train20k-03509,unused_pool
train20k-03522,train20k-03510,unused_pool
train20k-03523,train20k-03511,unused_pool
train20k-03524,train20k-03512,unused_pool
train20k-03525,train20k-03513,unused_pool
train20k-03526,train20k-03514,unused_pool
train20k-03527,train20k-03515,unused_pool
train20k-03528,train20k-03516,unused_pool
train20k-03529,train20k-03517,unused_pool
train20k-03530,train20k-03518,unused_pool
train20k-03531,train20k-03519,unused_pool
train20k-03532,train20k-03520,unused_pool
train20k-03533,train20k-03521,unused_pool
train20k-03534,train20k-03522,unused_pool
train20k-03535,train20k-03523,unused_pool
train20k-03536,train20k-03524,unused_pool
train20k-03537,train20k-03525,unused_pool
train20k-03538,train20k-03526,unused_pool
train20k-03539,train20k-03527,unused_pool
train20k-03540,train20k-03528,unused_pool
train20k-03541,train20k-03529,unused_pool
train20k-03542,train20k-03530,unused_pool
train20k-03543,train20k-03531,unused_pool
train20k-03544,train20k-03532,unused_pool
train20k-03545,train20k-03533,unused_pool
train20k-03546,train20k-03534,unused_pool
train20k-03547,train20k-03535,unused_pool
train20k-03548,train20k-03536,unused_pool
train20k-03549,train20k-03537,unused_pool
train20k-03550,train20k-03538,unused_pool
train20k-03551,train20k-03539,unused_pool
train20k-03552,train20k-03540,unused_pool
train20k-03553,train20k-03541,unused_pool
train20k-03554,train20k-03542,unused_pool
train20k-03555,train20k-03543,unused_pool
train20k-03556,train20k-03544,unused_pool
train20k-03557,train20k-03545,unused_pool
train20k-03558,train20k-03546,unused_pool
train20k-03559,train20k-03547,unused_pool
train20k-03560,train20k-03548,unused_pool
train20k-03561,train20k-03549,unused_pool
train20k-03562,train20k-03550,unused_pool
train20k-03563,train20k-03551,unused_pool
train20k-03564,train20k-03552,unused_pool
train20k-03565,train20k-03553,unused_pool
train20k-03566,train20k-03554,unused_pool
train20k-03567,train20k-03555,unused_pool
train20k-03568,train20k-03556,unused_pool
train20k-03569,train20k-03557,unused_pool
train20k-03570,train20k-03558,unused_pool
train20k-03571,train20k-03559,unused_pool
train20k-03572,train20k-03560,unused_pool
train20k-03573,train20k-03561,unused_pool
train20k-03574,train20k-03562,unused_pool
train20k-03575,train20k-03563,unused_pool
train20k-03576,train20k-03564,unused_pool
train20k-03577,train20k-03565,unused_pool
train20k-03578,train20k-03566,unused_pool
train20k-03579,train20k-03567,unused_pool
train20k-03580,train20k-03568,unused_pool
train20k-03581,train20k-03569,unused_pool
train20k-03582,train20k-03570,unused_pool
train20k-03583,train20k-03571,unused_pool
train20k-03584,train20k-03572,unused_pool
train20k-03585,train20k-03573,unused_pool
train20k-03586,train20k-03574,unused_pool
train20k-03587,train20k-03575,unused_pool
train20k-03588,train20k-03576,unused_pool
train20k-03589,train20k-03577,unused_pool
train20k-03590,train20k-03578,unused_pool
train20k-03591,train20k-03579,unused_pool
train20k-03592,train20k-03580,unused_pool
train20k-03593,train20k-03581,unused_pool
train20k-03594,train20k-03582,unused_pool
train20k-03595,train20k-03583,unused_pool
train20k-03596,train20k-03584,unused_pool
train20k-03597,train20k-03585,unused_pool
train20k-03598,train20k-03586,unused_pool
train20k-03599,train20k-03587,unused_pool
train20k-03600,train20k-03588,unused_pool
train20k-03601,train20k-03589,unused_pool
train20k-03602,train20k-03590,unused_pool
train20k-03603,train20k-03591,unused_pool
train20k-03604,train20k-03592,unused_pool
train20k-03605,train20k-03593,unused_pool
train20k-03606,train20k-03594,unused_pool
train20k-03607,train20k-03595,unused_pool
train20k-03608,train20k-03596,unused_pool
train20k-03609,train20k-03597,unused_pool
train20k-03610,train20k-03598,unused_pool
train20k-03611,train20k-03599,unused_pool
train20k-03612,train20k-03600,unused_pool
train20k-03613,train20k-03601,unused_pool
train20k-03614,train20k-03602,unused_pool
train20k-03615,train20k-03603,unused_pool
train20k-03616,train20k-03604,unused_pool
train20k-03617,train20k-03605,unused_pool
train20k-03618,train20k-03606,unused_pool
train20k-03619,train20k-03607,unused_pool
train20k-03620,train20k-03608,unused_pool
train20k-03621,train20k-03609,unused_pool
train20k-03622,train20k-03610,unused_pool
train20k-03623,train20k-03611,unused_pool
train20k-03624,train20k-03612,unused_pool
train20k-03625,train20k-03613,unused_pool
train20k-03626,train20k-03614,unused_pool
train20k-03627,train20k-03615,unused_pool
train20k-03628,train20k-03616,unused_pool
train20k-03629,train20k-03617,unused_pool
train20k-03630,train20k-03618,unused_pool
train20k-03631,train20k-03619,unused_pool
train20k-03632,train20k-03620,unused_pool
train20k-03633,train20k-03621,unused_pool
train20k-03634,train20k-03622,unused_pool
train20k-03635,train20k-03623,unused_pool
train20k-03636,train20k-03624,unused_pool
train20k-03637,train20k-03625,unused_pool
train20k-03638,train20k-03626,unused_pool
train20k-03639,train20k-03627,unused_pool
train20k-03640,train20k-03628,unused_pool
train20k-03641,train20k-03629,unused_pool
train20k-03642,train20k-03630,unused_pool
train20k-03643,train20k-03631,unused_pool
train20k-03644,train20k-03632,unused_pool
train20k-03645,train20k-03633,unused_pool
train20k-03646,train20k-03634,unused_pool
train20k-03647,train20k-03635,unused_pool
train20k-03648,train20k-03636,unused_pool
train20k-03649,train20k-03637,unused_pool
train20k-03650,train20k-03638,unused_pool
train20k-03651,train20k-03639,unused_pool
train20k-03652,train20k-03640,unused_pool
train20k-03653,train20k-03641,unused_pool
train20k-03654,train20k-03642,unused_pool
train20k-03655,train20k-03643,unused_pool
train20k-03656,train20k-03644,unused_pool
train20k-03657,train20k-03645,unused_pool
train20k-03658,train20k-03646,unused_pool
train20k-03659,train20k-03647,unused_pool
train20k-03660,train20k-03648,unused_pool
train20k-03661,train20k-03649,unused_pool
train20k-03662,train20k-03650,unused_pool
train20k-03663,train20k-03651,unused_pool
train20k-03664,train20k-03652,unused_pool
train20k-03665,train20k-03653,unused_pool
train20k-03666,train20k-03654,unused_pool
train20k-03667,train20k-03655,unused_pool
train20k-03668,train20k-03656,unused_pool
train20k-03669,train20k-03657,unused_pool
train20k-03670,train20k-03658,unused_pool
train20k-03671,train20k-03659,unused_pool
train20k-03672,train20k-03660,unused_pool
train20k-03673,train20k-03661,unused_pool
train20k-03674,train20k-03662,unused_pool
train20k-03675,train20k-03663,unused_pool
train20k-03676,train20k-03664,unused_pool
train20k-03677,train20k-03665,unused_pool
train20k-03678,train20k-03666,unused_pool
train20k-03679,train20k-03667,unused_pool
train20k-03680,train20k-03668,unused_pool
train20k-03681,train20k-03669,unused_pool
train20k-03682,train20k-03670,unused_pool
train20k-03683,train20k-03671,unused_pool
train20k-03684,train20k-03672,unused_pool
train20k-03685,train20k-03673,unused_pool
train20k-03686,train20k-03674,unused_pool
train20k-03687,train20k-03675,unused_pool
train20k-03688,train20k-03676,unused_pool
train20k-03689,train20k-03677,unused_pool
train20k-03690,train20k-03678,unused_pool
train20k-03691,train20k-03679,unused_pool
train20k-03692,train20k-03680,unused_pool
train20k-03693,train20k-03681,unused_pool
train20k-03694,train20k-03682,unused_pool
train20k-03695,train20k-03683,unused_pool
train20k-03696,train20k-03684,unused_pool
train20k-03697,train20k-03685,unused_pool
train20k-03698,train20k-03686,unused_pool
train20k-03699,train20k-03687,unused_pool
train20k-03700,train20k-03688,unused_pool
train20k-03701,train20k-03689,unused_pool
train20k-03702,train20k-03690,unused_pool
train20k-03703,train20k-03691,unused_pool
train20k-03704,train20k-03692,unused_pool
train20k-03705,train20k-03693,unused_pool
train20k-03706,train20k-03694,unused_pool
train20k-03707,train20k-03695,unused_pool
train20k-03708,train20k-03696,unused_pool
train20k-03709,train20k-03697,unused_pool
train20k-03710,train20k-03698,unused_pool
train20k-03711,train20k-03699,unused_pool
train20k-03712,train20k-03700,unused_pool
train20k-03713,train20k-03701,unused_pool
train20k-03714,train20k-03702,unused_pool
train20k-03715,train20k-03703,unused_pool
train20k-03716,train20k-03704,unused_pool
train20k-03717,train20k-03705,unused_pool
train20k-03718,train20k-03706,unused_pool
train20k-03719,train20k-03707,unused_pool
train20k-03720,train20k-03708,unused_pool
train20k-03721,train20k-03709,unused_pool
train20k-03722,train20k-03710,unused_pool
train20k-03723,train20k-03711,unused_pool
train20k-03724,train20k-03712,unused_pool
train20k-03725,train20k-03713,unused_pool
train20k-03726,train20k-03714,unused_pool
train20k-03727,train20k-03715,unused_pool
train20k-03728,train20k-03716,unused_pool
train20k-03729,train20k-03717,unused_pool
train20k-03730,train20k-03718,unused_pool
train20k-03731,train20k-03719,unused_pool
train20k-03732,train20k-03720,unused_pool
train20k-03733,train20k-03721,unused_pool
train20k-03734,train20k-03722,unused_pool
train20k-03735,train20k-03723,unused_pool
train20k-03736,train20k-03724,unused_pool
train20k-03737,train20k-03725,unused_pool
train20k-03738,train20k-03726,unused_pool
train20k-03739,train20k-03727,unused_pool
train20k-03740,train20k-03728,unused_pool
train20k-03741,train20k-03729,unused_pool
train20k-03742,train20k-03730,unused_pool
train20k-03743,train20k-03731,unused_pool
train20k-03744,train20k-03732,unused_pool
train20k-03745,train20k-03733,unused_pool
train20k-03746,train20k-03734,unused_pool
train20k-03747,train20k-03735,unused_pool
train20k-03748,train20k-03736,unused_pool
train20k-03749,train20k-03737,unused_pool
train20k-03750,train20k-03738,unused_pool
train20k-03751,train20k-03739,unused_pool
train20k-03752,train20k-03740,unused_pool
train20k-03753,train20k-03741,unused_pool
train20k-03754,train20k-03742,unused_pool
train20k-03755,train20k-03743,unused_pool
train20k-03756,train20k-03744,unused_pool
train20k-03757,train20k-03745,unused_pool
train20k-03758,train20k-03746,unused_pool
train20k-03759,train20k-03747,unused_pool
train20k-03760,train20k-03748,unused_pool
train20k-03761,train20k-03749,unused_pool
train20k-03762,train20k-03750,unused_pool
train20k-03763,train20k-03751,unused_pool
train20k-03764,train20k-03752,unused_pool
train20k-03765,train20k-03753,unused_pool
train20k-03766,train20k-03754,unused_pool
train20k-03767,train20k-03755,unused_pool
train20k-03768,train20k-03756,unused_pool
train20k-03769,train20k-03757,unused_pool
train20k-03770,train20k-03758,unused_pool
train20k-03771,train20k-03759,unused_pool
train20k-03772,train20k-03760,unused_pool
train20k-03773,train20k-03761,unused_pool
train20k-03774,train20k-03762,unused_pool
train20k-03775,train20k-03763,unused_pool
train20k-03776,train20k-03764,unused_pool
train20k-03777,train20k-03765,unused_pool
train20k-03778,train20k-03766,unused_pool
train20k-03779,train20k-03767,unused_pool
train20k-03780,train20k-03768,unused_pool
train20k-03781,train20k-03769,unused_pool
train20k-03782,train20k-03770,unused_pool
train20k-03783,train20k-03771,unused_pool
train20k-03784,train20k-03772,unused_pool
train20k-03785,train20k-03773,unused_pool
train20k-03786,train20k-03774,unused_pool
train20k-03787,train20k-03775,unused_pool
train20k-03788,train20k-03776,unused_pool
train20k-03789,train20k-03777,unused_pool
train20k-03790,train20k-03778,unused_pool
train20k-03791,train20k-03779,unused_pool
train20k-03792,train20k-03780,unused_pool
train20k-03793,train20k-03781,unused_pool
train20k-03794,train20k-03782,unused_pool
train20k-03795,train20k-03783,unused_pool
train20k-03797,train20k-03784,unused_pool
train20k-03798,train20k-03785,unused_pool
train20k-03799,train20k-03786,unused_pool
train20k-03800,train20k-03787,unused_pool
train20k-03801,train20k-03788,unused_pool
train20k-03802,train20k-03789,unused_pool
train20k-03803,train20k-03790,unused_pool
train20k-03804,train20k-03791,unused_pool
train20k-03805,train20k-03792,unused_pool
train20k-03806,train20k-03793,unused_pool
train20k-03807,train20k-03794,unused_pool
train20k-03808,train20k-03795,unused_pool
train20k-03809,train20k-03796,unused_pool
train20k-03810,train20k-03797,unused_pool
train20k-03811,train20k-03798,unused_pool
train20k-03812,train20k-03799,unused_pool
train20k-03813,train20k-03800,unused_pool
train20k-03814,train20k-03801,unused_pool
train20k-03815,train20k-03802,unused_pool
train20k-03816,train20k-03803,unused_pool
train20k-03817,train20k-03804,unused_pool
train20k-03818,train20k-03805,unused_pool
train20k-03819,train20k-03806,unused_pool
train20k-03820,train20k-03807,unused_pool
train20k-03821,train20k-03808,unused_pool
train20k-03822,train20k-03809,unused_pool
train20k-03823,train20k-03810,unused_pool
train20k-03824,train20k-03811,unused_pool
train20k-03825,train20k-03812,unused_pool
train20k-03826,train20k-03813,unused_pool
train20k-03827,train20k-03814,unused_pool
train20k-03828,train20k-03815,unused_pool
train20k-03829,train20k-03816,unused_pool
train20k-03830,train20k-03817,unused_pool
train20k-03831,train20k-03818,unused_pool
train20k-03832,train20k-03819,unused_pool
train20k-03833,train20k-03820,unused_pool
train20k-03834,train20k-03821,unused_pool
train20k-03835,train20k-03822,unused_pool
train20k-03836,train20k-03823,unused_pool
train20k-03837,train20k-03824,unused_pool
train20k-03838,train20k-03825,unused_pool
train20k-03839,train20k-03826,unused_pool
train20k-03840,train20k-03827,unused_pool
train20k-03841,train20k-03828,unused_pool
train20k-03842,train20k-03829,unused_pool
train20k-03843,train20k-03830,unused_pool
train20k-03844,train20k-03831,unused_pool
train20k-03845,train20k-03832,unused_pool
train20k-03846,train20k-03833,unused_pool
train20k-03847,train20k-03834,unused_pool
train20k-03848,train20k-03835,unused_pool
train20k-03849,train20k-03836,unused_pool
train20k-03850,train20k-03837,unused_pool
train20k-03851,train20k-03838,unused_pool
train20k-03852,train20k-03839,unused_pool
train20k-03853,train20k-03840,unused_pool
train20k-03854,train20k-03841,unused_pool
train20k-03855,train20k-03842,unused_pool
train20k-03856,train20k-03843,unused_pool
train20k-03857,train20k-03844,unused_pool
train20k-03858,train20k-03845,unused_pool
train20k-03859,train20k-03846,unused_pool
train20k-03860,train20k-03847,unused_pool
train20k-03861,train20k-03848,unused_pool
train20k-03862,train20k-03849,unused_pool
train20k-03863,train20k-03850,unused_pool
train20k-03864,train20k-03851,unused_pool
train20k-03865,train20k-03852,unused_pool
train20k-03866,train20k-03853,unused_pool
train20k-03867,train20k-03854,unused_pool
train20k-03868,train20k-03855,unused_pool
train20k-03869,train20k-03856,unused_pool
train20k-03870,train20k-03857,unused_pool
train20k-03871,train20k-03858,unused_pool
train20k-03872,train20k-03859,unused_pool
train20k-03873,train20k-03860,unused_pool
train20k-03874,train20k-03861,unused_pool
train20k-03875,train20k-03862,unused_pool
train20k-03876,train20k-03863,unused_pool
train20k-03877,train20k-03864,unused_pool
train20k-03878,train20k-03865,unused_pool
train20k-03879,train20k-03866,unused_pool
train20k-03880,train20k-03867,unused_pool
train20k-03881,train20k-03868,unused_pool
train20k-03882,train20k-03869,unused_pool
train20k-03883,train20k-03870,unused_pool
train20k-03884,train20k-03871,unused_pool
train20k-03885,train20k-03872,unused_pool
train20k-03886,train20k-03873,unused_pool
train20k-03887,train20k-03874,unused_pool
train20k-03888,train20k-03875,unused_pool
train20k-03889,train20k-03876,unused_pool
train20k-03890,train20k-03877,unused_pool
train20k-03891,train20k-03878,unused_pool
train20k-03892,train20k-03879,unused_pool
train20k-03893,train20k-03880,unused_pool
train20k-03894,train20k-03881,unused_pool
train20k-03895,train20k-03882,unused_pool
train20k-03896,train20k-03883,unused_pool
train20k-03897,train20k-03884,unused_pool
train20k-03898,train20k-03885,unused_pool
train20k-03899,train20k-03886,unused_pool
train20k-03900,train20k-03887,unused_pool
train20k-03901,train20k-03888,unused_pool
train20k-03902,train20k-03889,unused_pool
train20k-03903,train20k-03890,unused_pool
train20k-03904,train20k-03891,unused_pool
train20k-03905,train20k-03892,unused_pool
train20k-03906,train20k-03893,unused_pool
train20k-03907,train20k-03894,unused_pool
train20k-03908,train20k-03895,unused_pool
train20k-03909,train20k-03896,unused_pool
train20k-03910,train20k-03897,unused_pool
train20k-03911,train20k-03898,unused_pool
train20k-03912,train20k-03899,unused_pool
train20k-03913,train20k-03900,unused_pool
train20k-03914,train20k-03901,unused_pool
train20k-03915,train20k-03902,unused_pool
train20k-03916,train20k-03903,unused_pool
train20k-03917,train20k-03904,unused_pool
train20k-03918,train20k-03905,unused_pool
train20k-03919,train20k-03906,unused_pool
train20k-03920,train20k-03907,unused_pool
train20k-03921,train20k-03908,unused_pool
train20k-03922,train20k-03909,unused_pool
train20k-03923,train20k-03910,unused_pool
train20k-03924,train20k-03911,unused_pool
train20k-03925,train20k-03912,unused_pool
train20k-03926,train20k-03913,unused_pool
train20k-03927,train20k-03914,unused_pool
train20k-03928,train20k-03915,unused_pool
train20k-03929,train20k-03916,unused_pool
train20k-03930,train20k-03917,unused_pool
train20k-03931,train20k-03918,unused_pool
train20k-03932,train20k-03919,unused_pool
train20k-03933,train20k-03920,unused_pool
train20k-03934,train20k-03921,unused_pool
train20k-03935,train20k-03922,unused_pool
train20k-03936,train20k-03923,unused_pool
train20k-03937,train20k-03924,unused_pool
train20k-03938,train20k-03925,unused_pool
train20k-03939,train20k-03926,unused_pool
train20k-03940,train20k-03927,unused_pool
train20k-03941,train20k-03928,unused_pool
train20k-03942,train20k-03929,unused_pool
train20k-03943,train20k-03930,unused_pool
train20k-03944,train20k-03931,unused_pool
train20k-03945,train20k-03932,unused_pool
train20k-03946,train20k-03933,unused_pool
train20k-03947,train20k-03934,unused_pool
train20k-03948,train20k-03935,unused_pool
train20k-03949,train20k-03936,unused_pool
train20k-03950,train20k-03937,unused_pool
train20k-03951,train20k-03938,unused_pool
train20k-03952,train20k-03939,unused_pool
train20k-03953,train20k-03940,unused_pool
train20k-03954,train20k-03941,unused_pool
train20k-03955,train20k-03942,unused_pool
train20k-03956,train20k-03943,unused_pool
train20k-03957,train20k-03944,unused_pool
train20k-03958,train20k-03945,unused_pool
train20k-03959,train20k-03946,unused_pool
train20k-03960,train20k-03947,unused_pool
train20k-03961,train20k-03948,unused_pool
train20k-03962,train20k-03949,unused_pool
train20k-03963,train20k-03950,unused_pool
train20k-03964,train20k-03951,unused_pool
train20k-03965,train20k-03952,unused_pool
train20k-03966,train20k-03953,unused_pool
train20k-03967,train20k-03954,unused_pool
train20k-03968,train20k-03955,unused_pool
train20k-03969,train20k-03956,unused_pool
train20k-03970,train20k-03957,unused_pool
train20k-03971,train20k-03958,unused_pool
train20k-03972,train20k-03959,unused_pool
train20k-03973,train20k-03960,unused_pool
train20k-03974,train20k-03961,unused_pool
train20k-03975,train20k-03962,unused_pool
train20k-03976,train20k-03963,unused_pool
train20k-03977,train20k-03964,unused_pool
train20k-03978,train20k-03965,unused_pool
train20k-03979,train20k-03966,unused_pool
train20k-03980,train20k-03967,unused_pool
train20k-03981,train20k-03968,unused_pool
train20k-03982,train20k-03969,unused_pool
train20k-03983,train20k-03970,unused_pool
train20k-03984,train20k-03971,unused_pool
train20k-03985,train20k-03972,unused_pool
train20k-03986,train20k-03973,unused_pool
train20k-03987,train20k-03974,unused_pool
train20k-03988,train20k-03975,unused_pool
train20k-03989,train20k-03976,unused_pool
train20k-03990,train20k-03977,unused_pool
train20k-03991,train20k-03978,unused_pool
train20k-03992,train20k-03979,unused_pool
train20k-03993,train20k-03980,unused_pool
train20k-03994,train20k-03981,unused_pool
train20k-03995,train20k-03982,unused_pool
train20k-03996,train20k-03983,unused_pool
train20k-03997,train20k-03984,unused_pool
train20k-03998,train20k-03985,unused_pool
train20k-03999,train20k-03986,unused_pool
train20k-04000,train20k-03987,unused_pool
train20k-04001,train20k-03988,unused_pool
train20k-04002,train20k-03989,unused_pool
train20k-04003,train20k-03990,unused_pool
train20k-04004,train20k-03991,unused_pool
train20k-04005,train20k-03992,unused_pool
train20k-04006,train20k-03993,unused_pool
train20k-04007,train20k-03994,unused_pool
train20k-04008,train20k-03995,unused_pool
train20k-04009,train20k-03996,unused_pool
train20k-04010,train20k-03997,unused_pool
train20k-04011,train20k-03998,unused_pool
train20k-04012,train20k-03999,unused_pool
train20k-04013,train20k-04000,unused_pool
train20k-04014,train20k-04001,unused_pool
train20k-04015,train20k-04002,unused_pool
train20k-04016,train20k-04003,unused_pool
train20k-04017,train20k-04004,unused_pool
train20k-04018,train20k-04005,unused_pool
train20k-04019,train20k-04006,unused_pool
train20k-04020,train20k-04007,unused_pool
train20k-04021,train20k-04008,unused_pool
train20k-04022,train20k-04009,unused_pool
train20k-04023,train20k-04010,unused_pool
train20k-04024,train20k-04011,unused_pool
train20k-04025,train20k-04012,unused_pool
train20k-04026,train20k-04013,unused_pool
train20k-04027,train20k-04014,unused_pool
train20k-04028,train20k-04015,unused_pool
train20k-04029,train20k-04016,unused_pool
train20k-04030,train20k-04017,unused_pool
train20k-04031,train20k-04018,unused_pool
train20k-04032,train20k-04019,unused_pool
train20k-04033,train20k-04020,unused_pool
train20k-04034,train20k-04021,unused_pool
train20k-04035,train20k-04022,unused_pool
train20k-04036,train20k-04023,unused_pool
train20k-04037,train20k-04024,unused_pool
train20k-04038,train20k-04025,unused_pool
train20k-04039,train20k-04026,unused_pool
train20k-04040,train20k-04027,unused_pool
train20k-04041,train20k-04028,unused_pool
train20k-04042,train20k-04029,unused_pool
train20k-04043,train20k-04030,unused_pool
train20k-04044,train20k-04031,unused_pool
train20k-04045,train20k-04032,unused_pool
train20k-04046,train20k-04033,unused_pool
train20k-04047,train20k-04034,unused_pool
train20k-04048,train20k-04035,unused_pool
train20k-04049,train20k-04036,unused_pool
train20k-04050,train20k-04037,unused_pool
train20k-04051,train20k-04038,unused_pool
train20k-04052,train20k-04039,unused_pool
train20k-04053,train20k-04040,unused_pool
train20k-04054,train20k-04041,unused_pool
train20k-04055,train20k-04042,unused_pool
train20k-04056,train20k-04043,unused_pool
train20k-04057,train20k-04044,unused_pool
train20k-04058,train20k-04045,unused_pool
train20k-04059,train20k-04046,unused_pool
train20k-04060,train20k-04047,unused_pool
train20k-04061,train20k-04048,unused_pool
train20k-04062,train20k-04049,unused_pool
train20k-04063,train20k-04050,unused_pool
train20k-04064,train20k-04051,unused_pool
train20k-04065,train20k-04052,unused_pool
train20k-04066,train20k-04053,unused_pool
train20k-04067,train20k-04054,unused_pool
train20k-04068,train20k-04055,unused_pool
train20k-04069,train20k-04056,unused_pool
train20k-04070,train20k-04057,unused_pool
train20k-04071,train20k-04058,unused_pool
train20k-04072,train20k-04059,unused_pool
train20k-04073,train20k-04060,unused_pool
train20k-04074,train20k-04061,unused_pool
train20k-04075,train20k-04062,unused_pool
train20k-04076,train20k-04063,unused_pool
train20k-04077,train20k-04064,unused_pool
train20k-04078,train20k-04065,unused_pool
train20k-04079,train20k-04066,unused_pool
train20k-04080,train20k-04067,unused_pool
train20k-04081,train20k-04068,unused_pool
train20k-04082,train20k-04069,unused_pool
train20k-04083,train20k-04070,unused_pool
train20k-04084,train20k-04071,unused_pool
train20k-04085,train20k-04072,unused_pool
train20k-04086,train20k-04073,unused_pool
train20k-04087,train20k-04074,unused_pool
train20k-04088,train20k-04075,unused_pool
train20k-04089,train20k-04076,unused_pool
train20k-04090,train20k-04077,unused_pool
train20k-04091,train20k-04078,unused_pool
train20k-04092,train20k-04079,unused_pool
train20k-04093,train20k-04080,unused_pool
train20k-04094,train20k-04081,unused_pool
train20k-04095,train20k-04082,unused_pool
train20k-04096,train20k-04083,unused_pool
train20k-04097,train20k-04084,unused_pool
train20k-04098,train20k-04085,unused_pool
train20k-04099,train20k-04086,unused_pool
train20k-04100,train20k-04087,unused_pool
train20k-04101,train20k-04088,unused_pool
train20k-04102,train20k-04089,unused_pool
train20k-04103,train20k-04090,unused_pool
train20k-04104,train20k-04091,unused_pool
train20k-04105,train20k-04092,unused_pool
train20k-04106,train20k-04093,unused_pool
train20k-04107,train20k-04094,unused_pool
train20k-04108,train20k-04095,unused_pool
train20k-04109,train20k-04096,unused_pool
train20k-04110,train20k-04097,unused_pool
train20k-04111,train20k-04098,unused_pool
train20k-04112,train20k-04099,unused_pool
train20k-04113,train20k-04100,unused_pool
train20k-04114,train20k-04101,unused_pool
train20k-04115,train20k-04102,unused_pool
train20k-04116,train20k-04103,unused_pool
train20k-04117,train20k-04104,unused_pool
train20k-04118,train20k-04105,unused_pool
train20k-04119,train20k-04106,unused_pool
train20k-04120,train20k-04107,unused_pool
train20k-04121,train20k-04108,unused_pool
train20k-04122,train20k-04109,unused_pool
train20k-04123,train20k-04110,unused_pool
train20k-04124,train20k-04111,unused_pool
train20k-04125,train20k-04112,unused_pool
train20k-04126,train20k-04113,unused_pool
train20k-04127,train20k-04114,unused_pool
train20k-04128,train20k-04115,unused_pool
train20k-04129,train20k-04116,unused_pool
train20k-04130,train20k-04117,unused_pool
train20k-04131,train20k-04118,unused_pool
train20k-04132,train20k-04119,unused_pool
train20k-04133,train20k-04120,unused_pool
train20k-04134,train20k-04121,unused_pool
train20k-04135,train20k-04122,unused_pool
train20k-04136,train20k-04123,unused_pool
train20k-04137,train20k-04124,unused_pool
train20k-04138,train20k-04125,unused_pool
train20k-04139,train20k-04126,unused_pool
train20k-04140,train20k-04127,unused_pool
train20k-04141,train20k-04128,unused_pool
train20k-04142,train20k-04129,unused_pool
train20k-04143,train20k-04130,unused_pool
train20k-04144,train20k-04131,unused_pool
train20k-04145,train20k-04132,unused_pool
train20k-04146,train20k-04133,unused_pool
train20k-04147,train20k-04134,unused_pool
train20k-04148,train20k-04135,unused_pool
train20k-04149,train20k-04136,unused_pool
train20k-04150,train20k-04137,unused_pool
train20k-04151,train20k-04138,unused_pool
train20k-04152,train20k-04139,unused_pool
train20k-04153,train20k-04140,unused_pool
train20k-04154,train20k-04141,unused_pool
train20k-04155,train20k-04142,unused_pool
train20k-04156,train20k-04143,unused_pool
train20k-04157,train20k-04144,unused_pool
train20k-04158,train20k-04145,unused_pool
train20k-04159,train20k-04146,unused_pool
train20k-04160,train20k-04147,unused_pool
train20k-04161,train20k-04148,unused_pool
train20k-04162,train20k-04149,unused_pool
train20k-04163,train20k-04150,unused_pool
train20k-04164,train20k-04151,unused_pool
train20k-04165,train20k-04152,unused_pool
train20k-04166,train20k-04153,unused_pool
train20k-04168,train20k-04154,unused_pool
train20k-04169,train20k-04155,unused_pool
train20k-04170,train20k-04156,unused_pool
train20k-04171,train20k-04157,unused_pool
train20k-04172,train20k-04158,unused_pool
train20k-04173,train20k-04159,unused_pool
train20k-04174,train20k-04160,unused_pool
train20k-04175,train20k-04161,unused_pool
train20k-04176,train20k-04162,unused_pool
train20k-04177,train20k-04163,unused_pool
train20k-04178,train20k-04164,unused_pool
train20k-04179,train20k-04165,unused_pool
train20k-04180,train20k-04166,unused_pool
train20k-04181,train20k-04167,unused_pool
train20k-04182,train20k-04168,unused_pool
train20k-04183,train20k-04169,unused_pool
train20k-04184,train20k-04170,unused_pool
train20k-04185,train20k-04171,unused_pool
train20k-04186,train20k-04172,unused_pool
train20k-04187,train20k-04173,unused_pool
train20k-04188,train20k-04174,unused_pool
train20k-04189,train20k-04175,unused_pool
train20k-04190,train20k-04176,unused_pool
train20k-04191,train20k-04177,unused_pool
train20k-04192,train20k-04178,unused_pool
train20k-04193,train20k-04179,unused_pool
train20k-04194,train20k-04180,unused_pool
train20k-04195,train20k-04181,unused_pool
train20k-04196,train20k-04182,unused_pool
train20k-04197,train20k-04183,unused_pool
train20k-04198,train20k-04184,unused_pool
train20k-04199,train20k-04185,unused_pool
train20k-04200,train20k-04186,unused_pool
train20k-04201,train20k-04187,unused_pool
train20k-04202,train20k-04188,unused_pool
train20k-04203,train20k-04189,unused_pool
train20k-04204,train20k-04190,unused_pool
train20k-04205,train20k-04191,unused_pool
train20k-04206,train20k-04192,unused_pool
train20k-04207,train20k-04193,unused_pool
train20k-04208,train20k-04194,unused_pool
train20k-04209,train20k-04195,unused_pool
train20k-04210,train20k-04196,unused_pool
train20k-04211,train20k-04197,unused_pool
train20k-04212,train20k-04198,unused_pool
train20k-04213,train20k-04199,unused_pool
train20k-04214,train20k-04200,unused_pool
train20k-04215,train20k-04201,unused_pool
train20k-04216,train20k-04202,unused_pool
train20k-04217,train20k-04203,unused_pool
train20k-04218,train20k-04204,unused_pool
train20k-04219,train20k-04205,unused_pool
train20k-04220,train20k-04206,unused_pool
train20k-04221,train20k-04207,unused_pool
train20k-04222,train20k-04208,unused_pool
train20k-04223,train20k-04209,unused_pool
train20k-04224,train20k-04210,unused_pool
train20k-04225,train20k-04211,unused_pool
train20k-04226,train20k-04212,unused_pool
train20k-04227,train20k-04213,unused_pool
train20k-04228,train20k-04214,unused_pool
train20k-04229,train20k-04215,unused_pool
train20k-04230,train20k-04216,unused_pool
train20k-04231,train20k-04217,unused_pool
train20k-04232,train20k-04218,unused_pool
train20k-04233,train20k-04219,unused_pool
train20k-04234,train20k-04220,unused_pool
train20k-04235,train20k-04221,unused_pool
train20k-04236,train20k-04222,unused_pool
train20k-04237,train20k-04223,unused_pool
train20k-04238,train20k-04224,unused_pool
train20k-04239,train20k-04225,unused_pool
train20k-04240,train20k-04226,unused_pool
train20k-04241,train20k-04227,unused_pool
train20k-04242,train20k-04228,unused_pool
train20k-04243,train20k-04229,unused_pool
train20k-04244,train20k-04230,unused_pool
train20k-04245,train20k-04231,unused_pool
train20k-04246,train20k-04232,unused_pool
train20k-04247,train20k-04233,unused_pool
train20k-04248,train20k-04234,unused_pool
train20k-04249,train20k-04235,unused_pool
train20k-04250,train20k-04236,unused_pool
train20k-04251,train20k-04237,unused_pool
train20k-04252,train20k-04238,unused_pool
train20k-04253,train20k-04239,unused_pool
train20k-04254,train20k-04240,unused_pool
train20k-04255,train20k-04241,unused_pool
train20k-04256,train20k-04242,unused_pool
train20k-04257,train20k-04243,unused_pool
train20k-04258,train20k-04244,unused_pool
train20k-04259,train20k-04245,unused_pool
train20k-04260,train20k-04246,unused_pool
train20k-04261,train20k-04247,unused_pool
train20k-04262,train20k-04248,unused_pool
train20k-04263,train20k-04249,unused_pool
train20k-04264,train20k-04250,unused_pool
train20k-04265,train20k-04251,unused_pool
train20k-04266,train20k-04252,unused_pool
train20k-04267,train20k-04253,unused_pool
train20k-04268,train20k-04254,unused_pool
train20k-04269,train20k-04255,unused_pool
train20k-04270,train20k-04256,unused_pool
train20k-04271,train20k-04257,unused_pool
train20k-04272,train20k-04258,unused_pool
train20k-04273,train20k-04259,unused_pool
train20k-04274,train20k-04260,unused_pool
train20k-04275,train20k-04261,unused_pool
train20k-04276,train20k-04262,unused_pool
train20k-04277,train20k-04263,unused_pool
train20k-04278,train20k-04264,unused_pool
train20k-04279,train20k-04265,unused_pool
train20k-04280,train20k-04266,unused_pool
train20k-04281,train20k-04267,unused_pool
train20k-04282,train20k-04268,unused_pool
train20k-04283,train20k-04269,unused_pool
train20k-04284,train20k-04270,unused_pool
train20k-04285,train20k-04271,unused_pool
train20k-04286,train20k-04272,unused_pool
train20k-04287,train20k-04273,unused_pool
train20k-04288,train20k-04274,unused_pool
train20k-04289,train20k-04275,unused_pool
train20k-04290,train20k-04276,unused_pool
train20k-04291,train20k-04277,unused_pool
train20k-04292,train20k-04278,unused_pool
train20k-04293,train20k-04279,unused_pool
train20k-04294,train20k-04280,unused_pool
train20k-04295,train20k-04281,unused_pool
train20k-04296,train20k-04282,unused_pool
train20k-04297,train20k-04283,unused_pool
train20k-04298,train20k-04284,unused_pool
train20k-04299,train20k-04285,unused_pool
train20k-04300,train20k-04286,unused_pool
train20k-04301,train20k-04287,unused_pool
train20k-04302,train20k-04288,unused_pool
train20k-04303,train20k-04289,unused_pool
train20k-04304,train20k-04290,unused_pool
train20k-04305,train20k-04291,unused_pool
train20k-04306,train20k-04292,unused_pool
train20k-04307,train20k-04293,unused_pool
train20k-04308,train20k-04294,unused_pool
train20k-04309,train20k-04295,unused_pool
train20k-04310,train20k-04296,unused_pool
train20k-04311,train20k-04297,unused_pool
train20k-04312,train20k-04298,unused_pool
train20k-04313,train20k-04299,unused_pool
train20k-04314,train20k-04300,unused_pool
train20k-04315,train20k-04301,unused_pool
train20k-04316,train20k-04302,unused_pool
train20k-04317,train20k-04303,unused_pool
train20k-04318,train20k-04304,unused_pool
train20k-04319,train20k-04305,unused_pool
train20k-04320,train20k-04306,unused_pool
train20k-04321,train20k-04307,unused_pool
train20k-04322,train20k-04308,unused_pool
train20k-04323,train20k-04309,unused_pool
train20k-04324,train20k-04310,unused_pool
train20k-04325,train20k-04311,unused_pool
train20k-04326,train20k-04312,unused_pool
train20k-04327,train20k-04313,unused_pool
train20k-04328,train20k-04314,unused_pool
train20k-04329,train20k-04315,unused_pool
train20k-04330,train20k-04316,unused_pool
train20k-04331,train20k-04317,unused_pool
train20k-04332,train20k-04318,unused_pool
train20k-04333,train20k-04319,unused_pool
train20k-04334,train20k-04320,unused_pool
train20k-04335,train20k-04321,unused_pool
train20k-04336,train20k-04322,unused_pool
train20k-04337,train20k-04323,unused_pool
train20k-04338,train20k-04324,unused_pool
train20k-04339,train20k-04325,unused_pool
train20k-04340,train20k-04326,unused_pool
train20k-04341,train20k-04327,unused_pool
train20k-04342,train20k-04328,unused_pool
train20k-04343,train20k-04329,unused_pool
train20k-04344,train20k-04330,unused_pool
train20k-04345,train20k-04331,unused_pool
train20k-04346,train20k-04332,unused_pool
train20k-04347,train20k-04333,unused_pool
train20k-04348,train20k-04334,unused_pool
train20k-04349,train20k-04335,unused_pool
train20k-04350,train20k-04336,unused_pool
train20k-04351,train20k-04337,unused_pool
train20k-04352,train20k-04338,unused_pool
train20k-04353,train20k-04339,unused_pool
train20k-04354,train20k-04340,unused_pool
train20k-04355,train20k-04341,unused_pool
train20k-04356,train20k-04342,unused_pool
train20k-04357,train20k-04343,unused_pool
train20k-04358,train20k-04344,unused_pool
train20k-04359,train20k-04345,unused_pool
train20k-04360,train20k-04346,unused_pool
train20k-04361,train20k-04347,unused_pool
train20k-04362,train20k-04348,unused_pool
train20k-04363,train20k-04349,unused_pool
train20k-04364,train20k-04350,unused_pool
train20k-04365,train20k-04351,unused_pool
train20k-04366,train20k-04352,unused_pool
train20k-04367,train20k-04353,unused_pool
train20k-04368,train20k-04354,unused_pool
train20k-04369,train20k-04355,unused_pool
train20k-04370,train20k-04356,unused_pool
train20k-04371,train20k-04357,unused_pool
train20k-04372,train20k-04358,unused_pool
train20k-04373,train20k-04359,unused_pool
train20k-04374,train20k-04360,unused_pool
train20k-04375,train20k-04361,unused_pool
train20k-04376,train20k-04362,unused_pool
train20k-04377,train20k-04363,unused_pool
train20k-04378,train20k-04364,unused_pool
train20k-04379,train20k-04365,unused_pool
train20k-04380,train20k-04366,unused_pool
train20k-04381,train20k-04367,unused_pool
train20k-04382,train20k-04368,unused_pool
train20k-04383,train20k-04369,unused_pool
train20k-04384,train20k-04370,unused_pool
train20k-04385,train20k-04371,unused_pool
train20k-04386,train20k-04372,unused_pool
train20k-04387,train20k-04373,unused_pool
train20k-04388,train20k-04374,unused_pool
train20k-04389,train20k-04375,unused_pool
train20k-04390,train20k-04376,unused_pool
train20k-04391,train20k-04377,unused_pool
train20k-04392,train20k-04378,unused_pool
train20k-04393,train20k-04379,unused_pool
train20k-04394,train20k-04380,unused_pool
train20k-04395,train20k-04381,unused_pool
train20k-04396,train20k-04382,unused_pool
train20k-04397,train20k-04383,unused_pool
train20k-04398,train20k-04384,unused_pool
train20k-04399,train20k-04385,unused_pool
train20k-04400,train20k-04386,unused_pool
train20k-04401,train20k-04387,unused_pool
train20k-04402,train20k-04388,unused_pool
train20k-04403,train20k-04389,unused_pool
train20k-04404,train20k-04390,unused_pool
train20k-04405,train20k-04391,unused_pool
train20k-04406,train20k-04392,unused_pool
train20k-04407,train20k-04393,unused_pool
train20k-04408,train20k-04394,unused_pool
train20k-04409,train20k-04395,unused_pool
train20k-04410,train20k-04396,unused_pool
train20k-04411,train20k-04397,unused_pool
train20k-04412,train20k-04398,unused_pool
train20k-04413,train20k-04399,unused_pool
train20k-04414,train20k-04400,unused_pool
train20k-04415,train20k-04401,unused_pool
train20k-04416,train20k-04402,unused_pool
train20k-04417,train20k-04403,unused_pool
train20k-04418,train20k-04404,unused_pool
train20k-04419,train20k-04405,unused_pool
train20k-04420,train20k-04406,unused_pool
train20k-04421,train20k-04407,unused_pool
train20k-04422,train20k-04408,unused_pool
train20k-04423,train20k-04409,unused_pool
train20k-04424,train20k-04410,unused_pool
train20k-04425,train20k-04411,unused_pool
train20k-04426,train20k-04412,unused_pool
train20k-04427,train20k-04413,unused_pool
train20k-04428,train20k-04414,unused_pool
train20k-04429,train20k-04415,unused_pool
train20k-04430,train20k-04416,unused_pool
train20k-04431,train20k-04417,unused_pool
train20k-04432,train20k-04418,unused_pool
train20k-04433,train20k-04419,unused_pool
train20k-04434,train20k-04420,unused_pool
train20k-04435,train20k-04421,unused_pool
train20k-04436,train20k-04422,unused_pool
train20k-04437,train20k-04423,unused_pool
train20k-04438,train20k-04424,unused_pool
train20k-04439,train20k-04425,unused_pool
train20k-04440,train20k-04426,unused_pool
train20k-04441,train20k-04427,unused_pool
train20k-04442,train20k-04428,unused_pool
train20k-04443,train20k-04429,unused_pool
train20k-04444,train20k-04430,unused_pool
train20k-04445,train20k-04431,unused_pool
train20k-04446,train20k-04432,unused_pool
train20k-04447,train20k-04433,unused_pool
train20k-04448,train20k-04434,unused_pool
train20k-04449,train20k-04435,unused_pool
train20k-04450,train20k-04436,unused_pool
train20k-04451,train20k-04437,unused_pool
train20k-04452,train20k-04438,unused_pool
train20k-04453,train20k-04439,unused_pool
train20k-04454,train20k-04440,unused_pool
train20k-04455,train20k-04441,unused_pool
train20k-04456,train20k-04442,unused_pool
train20k-04457,train20k-04443,unused_pool
train20k-04458,train20k-04444,unused_pool
train20k-04459,train20k-04445,unused_pool
train20k-04460,train20k-04446,unused_pool
train20k-04461,train20k-04447,unused_pool
train20k-04462,train20k-04448,unused_pool
train20k-04463,train20k-04449,unused_pool
train20k-04464,train20k-04450,unused_pool
train20k-04465,train20k-04451,unused_pool
train20k-04466,train20k-04452,unused_pool
train20k-04467,train20k-04453,unused_pool
train20k-04468,train20k-04454,unused_pool
train20k-04469,train20k-04455,unused_pool
train20k-04470,train20k-04456,unused_pool
train20k-04471,train20k-04457,unused_pool
train20k-04472,train20k-04458,unused_pool
train20k-04473,train20k-04459,unused_pool
train20k-04474,train20k-04460,unused_pool
train20k-04475,train20k-04461,unused_pool
train20k-04476,train20k-04462,unused_pool
train20k-04477,train20k-04463,unused_pool
train20k-04478,train20k-04464,unused_pool
train20k-04479,train20k-04465,unused_pool
train20k-04480,train20k-04466,unused_pool
train20k-04481,train20k-04467,unused_pool
train20k-04482,train20k-04468,unused_pool
train20k-04483,train20k-04469,unused_pool
train20k-04484,train20k-04470,unused_pool
train20k-04485,train20k-04471,unused_pool
train20k-04486,train20k-04472,unused_pool
train20k-04487,train20k-04473,unused_pool
train20k-04488,train20k-04474,unused_pool
train20k-04489,train20k-04475,unused_pool
train20k-04490,train20k-04476,unused_pool
train20k-04491,train20k-04477,unused_pool
train20k-04492,train20k-04478,unused_pool
train20k-04493,train20k-04479,unused_pool
train20k-04494,train20k-04480,unused_pool
train20k-04495,train20k-04481,unused_pool
train20k-04496,train20k-04482,unused_pool
train20k-04497,train20k-04483,unused_pool
train20k-04498,train20k-04484,unused_pool
train20k-04499,train20k-04485,unused_pool
train20k-04500,train20k-04486,unused_pool
train20k-04501,train20k-04487,unused_pool
train20k-04502,train20k-04488,unused_pool
train20k-04503,train20k-04489,unused_pool
train20k-04504,train20k-04490,unused_pool
train20k-04505,train20k-04491,unused_pool
train20k-04506,train20k-04492,unused_pool
train20k-04507,train20k-04493,unused_pool
train20k-04508,train20k-04494,unused_pool
train20k-04509,train20k-04495,unused_pool
train20k-04510,train20k-04496,unused_pool
train20k-04511,train20k-04497,unused_pool
train20k-04512,train20k-04498,unused_pool
train20k-04513,train20k-04499,unused_pool
train20k-04515,train20k-04500,unused_pool
train20k-04516,train20k-04501,unused_pool
train20k-04517,train20k-04502,unused_pool
train20k-04518,train20k-04503,unused_pool
train20k-04519,train20k-04504,unused_pool
train20k-04520,train20k-04505,unused_pool
train20k-04521,train20k-04506,unused_pool
train20k-04522,train20k-04507,unused_pool
train20k-04523,train20k-04508,unused_pool
train20k-04524,train20k-04509,unused_pool
train20k-04525,train20k-04510,unused_pool
train20k-04526,train20k-04511,unused_pool
train20k-04527,train20k-04512,unused_pool
train20k-04528,train20k-04513,unused_pool
train20k-04529,train20k-04514,unused_pool
train20k-04530,train20k-04515,unused_pool
train20k-04531,train20k-04516,unused_pool
train20k-04532,train20k-04517,unused_pool
train20k-04533,train20k-04518,unused_pool
train20k-04534,train20k-04519,unused_pool
train20k-04535,train20k-04520,unused_pool
train20k-04536,train20k-04521,unused_pool
train20k-04537,train20k-04522,unused_pool
train20k-04538,train20k-04523,unused_pool
train20k-04539,train20k-04524,unused_pool
train20k-04540,train20k-04525,unused_pool
train20k-04541,train20k-04526,unused_pool
train20k-04542,train20k-04527,unused_pool
train20k-04543,train20k-04528,unused_pool
train20k-04544,train20k-04529,unused_pool
train20k-04545,train20k-04530,unused_pool
train20k-04546,train20k-04531,unused_pool
train20k-04547,train20k-04532,unused_pool
train20k-04548,train20k-04533,unused_pool
train20k-04549,train20k-04534,unused_pool
train20k-04550,train20k-04535,unused_pool
train20k-04551,train20k-04536,unused_pool
train20k-04552,train20k-04537,unused_pool
train20k-04553,train20k-04538,unused_pool
train20k-04554,train20k-04539,unused_pool
train20k-04555,train20k-04540,unused_pool
train20k-04556,train20k-04541,unused_pool
train20k-04557,train20k-04542,unused_pool
train20k-04558,train20k-04543,unused_pool
train20k-04559,train20k-04544,unused_pool
train20k-04560,train20k-04545,unused_pool
train20k-04561,train20k-04546,unused_pool
train20k-04562,train20k-04547,unused_pool
train20k-04563,train20k-04548,unused_pool
train20k-04564,train20k-04549,unused_pool
train20k-04565,train20k-04550,unused_pool
train20k-04566,train20k-04551,unused_pool
train20k-04567,train20k-04552,unused_pool
train20k-04568,train20k-04553,unused_pool
train20k-04569,train20k-04554,unused_pool
train20k-04570,train20k-04555,unused_pool
train20k-04571,train20k-04556,unused_pool
train20k-04572,train20k-04557,unused_pool
train20k-04573,train20k-04558,unused_pool
train20k-04574,train20k-04559,unused_pool
train20k-04575,train20k-04560,unused_pool
train20k-04576,train20k-04561,unused_pool
train20k-04577,train20k-04562,unused_pool
train20k-04578,train20k-04563,unused_pool
train20k-04579,train20k-04564,unused_pool
train20k-04580,train20k-04565,unused_pool
train20k-04581,train20k-04566,unused_pool
train20k-04582,train20k-04567,unused_pool
train20k-04583,train20k-04568,unused_pool
train20k-04584,train20k-04569,unused_pool
train20k-04585,train20k-04570,unused_pool
train20k-04586,train20k-04571,unused_pool
train20k-04587,train20k-04572,unused_pool
train20k-04588,train20k-04573,unused_pool
train20k-04589,train20k-04574,unused_pool
train20k-04590,train20k-04575,unused_pool
train20k-04591,train20k-04576,unused_pool
train20k-04592,train20k-04577,unused_pool
train20k-04593,train20k-04578,unused_pool
train20k-04594,train20k-04579,unused_pool
train20k-04595,train20k-04580,unused_pool
train20k-04596,train20k-04581,unused_pool
train20k-04597,train20k-04582,unused_pool
train20k-04598,train20k-04583,unused_pool
train20k-04599,train20k-04584,unused_pool
train20k-04600,train20k-04585,unused_pool
train20k-04601,train20k-04586,unused_pool
train20k-04602,train20k-04587,unused_pool
train20k-04603,train20k-04588,unused_pool
train20k-04604,train20k-04589,unused_pool
train20k-04605,train20k-04590,unused_pool
train20k-04606,train20k-04591,unused_pool
train20k-04607,train20k-04592,unused_pool
train20k-04608,train20k-04593,unused_pool
train20k-04609,train20k-04594,unused_pool
train20k-04610,train20k-04595,unused_pool
train20k-04611,train20k-04596,unused_pool
train20k-04612,train20k-04597,unused_pool
train20k-04613,train20k-04598,unused_pool
train20k-04614,train20k-04599,unused_pool
train20k-04615,train20k-04600,unused_pool
train20k-04616,train20k-04601,unused_pool
train20k-04617,train20k-04602,unused_pool
train20k-04618,train20k-04603,unused_pool
train20k-04619,train20k-04604,unused_pool
train20k-04620,train20k-04605,unused_pool
train20k-04621,train20k-04606,unused_pool
train20k-04622,train20k-04607,unused_pool
train20k-04623,train20k-04608,unused_pool
train20k-04624,train20k-04609,unused_pool
train20k-04625,train20k-04610,unused_pool
train20k-04626,train20k-04611,unused_pool
train20k-04627,train20k-04612,unused_pool
train20k-04628,train20k-04613,unused_pool
train20k-04629,train20k-04614,unused_pool
train20k-04630,train20k-04615,unused_pool
train20k-04631,train20k-04616,unused_pool
train20k-04632,train20k-04617,unused_pool
train20k-04633,train20k-04618,unused_pool
train20k-04634,train20k-04619,unused_pool
train20k-04635,train20k-04620,unused_pool
train20k-04636,train20k-04621,unused_pool
train20k-04637,train20k-04622,unused_pool
train20k-04638,train20k-04623,unused_pool
train20k-04639,train20k-04624,unused_pool
train20k-04640,train20k-04625,unused_pool
train20k-04641,train20k-04626,unused_pool
train20k-04642,train20k-04627,unused_pool
train20k-04643,train20k-04628,unused_pool
train20k-04644,train20k-04629,unused_pool
train20k-04645,train20k-04630,unused_pool
train20k-04646,train20k-04631,unused_pool
train20k-04647,train20k-04632,unused_pool
train20k-04648,train20k-04633,unused_pool
train20k-04649,train20k-04634,unused_pool
train20k-04650,train20k-04635,unused_pool
train20k-04651,train20k-04636,unused_pool
train20k-04652,train20k-04637,unused_pool
train20k-04653,train20k-04638,unused_pool
train20k-04654,train20k-04639,unused_pool
train20k-04655,train20k-04640,unused_pool
train20k-04656,train20k-04641,unused_pool
train20k-04657,train20k-04642,unused_pool
train20k-04658,train20k-04643,unused_pool
train20k-04659,train20k-04644,unused_pool
train20k-04660,train20k-04645,unused_pool
train20k-04661,train20k-04646,unused_pool
train20k-04662,train20k-04647,unused_pool
train20k-04663,train20k-04648,unused_pool
train20k-04664,train20k-04649,unused_pool
train20k-04665,train20k-04650,unused_pool
train20k-04666,train20k-04651,unused_pool
train20k-04667,train20k-04652,unused_pool
train20k-04668,train20k-04653,unused_pool
train20k-04669,train20k-04654,unused_pool
train20k-04670,train20k-04655,unused_pool
train20k-04671,train20k-04656,unused_pool
train20k-04672,train20k-04657,unused_pool
train20k-04673,train20k-04658,unused_pool
train20k-04674,train20k-04659,unused_pool
train20k-04675,train20k-04660,unused_pool
train20k-04676,train20k-04661,unused_pool
train20k-04677,train20k-04662,unused_pool
train20k-04678,train20k-04663,unused_pool
train20k-04679,train20k-04664,unused_pool
train20k-04680,train20k-04665,unused_pool
train20k-04681,train20k-04666,unused_pool
train20k-04682,train20k-04667,unused_pool
train20k-04683,train20k-04668,unused_pool
train20k-04684,train20k-04669,unused_pool
train20k-04685,train20k-04670,unused_pool
train20k-04686,train20k-04671,unused_pool
train20k-04687,train20k-04672,unused_pool
train20k-04688,train20k-04673,unused_pool
train20k-04689,train20k-04674,unused_pool
train20k-04690,train20k-04675,unused_pool
train20k-04691,train20k-04676,unused_pool
train20k-04692,train20k-04677,unused_pool
train20k-04693,train20k-04678,unused_pool
train20k-04694,train20k-04679,unused_pool
train20k-04695,train20k-04680,unused_pool
train20k-04696,train20k-04681,unused_pool
train20k-04697,train20k-04682,unused_pool
train20k-04698,train20k-04683,unused_pool
train20k-04699,train20k-04684,unused_pool
train20k-04700,train20k-04685,unused_pool
train20k-04701,train20k-04686,unused_pool
train20k-04702,train20k-04687,unused_pool
train20k-04703,train20k-04688,unused_pool
train20k-04704,train20k-04689,unused_pool
train20k-04705,train20k-04690,unused_pool
train20k-04706,train20k-04691,unused_pool
train20k-04707,train20k-04692,unused_pool
train20k-04708,train20k-04693,unused_pool
train20k-04709,train20k-04694,unused_pool
train20k-04710,train20k-04695,unused_pool
train20k-04711,train20k-04696,unused_pool
train20k-04712,train20k-04697,unused_pool
train20k-04713,train20k-04698,unused_pool
train20k-04715,train20k-04699,unused_pool
train20k-04716,train20k-04700,unused_pool
train20k-04717,train20k-04701,unused_pool
train20k-04718,train20k-04702,unused_pool
train20k-04719,train20k-04703,unused_pool
train20k-04720,train20k-04704,unused_pool
train20k-04721,train20k-04705,unused_pool
train20k-04722,train20k-04706,unused_pool
train20k-04723,train20k-04707,unused_pool
train20k-04724,train20k-04708,unused_pool
train20k-04725,train20k-04709,unused_pool
train20k-04726,train20k-04710,unused_pool
train20k-04727,train20k-04711,unused_pool
train20k-04728,train20k-04712,unused_pool
train20k-04729,train20k-04713,unused_pool
train20k-04730,train20k-04714,unused_pool
train20k-04731,train20k-04715,unused_pool
train20k-04732,train20k-04716,unused_pool
train20k-04733,train20k-04717,unused_pool
train20k-04734,train20k-04718,unused_pool
train20k-04735,train20k-04719,unused_pool
train20k-04736,train20k-04720,unused_pool
train20k-04737,train20k-04721,unused_pool
train20k-04738,train20k-04722,unused_pool
train20k-04739,train20k-04723,unused_pool
train20k-04740,train20k-04724,unused_pool
train20k-04741,train20k-04725,unused_pool
train20k-04742,train20k-04726,unused_pool
train20k-04743,train20k-04727,unused_pool
train20k-04744,train20k-04728,unused_pool
train20k-04745,train20k-04729,unused_pool
train20k-04746,train20k-04730,unused_pool
train20k-04747,train20k-04731,unused_pool
train20k-04748,train20k-04732,unused_pool
train20k-04749,train20k-04733,unused_pool
train20k-04750,train20k-04734,unused_pool
train20k-04751,train20k-04735,unused_pool
train20k-04752,train20k-04736,unused_pool
train20k-04753,train20k-04737,unused_pool
train20k-04754,train20k-04738,unused_pool
train20k-04755,train20k-04739,unused_pool
train20k-04756,train20k-04740,unused_pool
train20k-04757,train20k-04741,unused_pool
train20k-04758,train20k-04742,unused_pool
train20k-04759,train20k-04743,unused_pool
train20k-04760,train20k-04744,unused_pool
train20k-04761,train20k-04745,unused_pool
train20k-04762,train20k-04746,unused_pool
train20k-04763,train20k-04747,unused_pool
train20k-04764,train20k-04748,unused_pool
train20k-04765,train20k-04749,unused_pool
train20k-04766,train20k-04750,unused_pool
train20k-04767,train20k-04751,unused_pool
train20k-04768,train20k-04752,unused_pool
train20k-04769,train20k-04753,unused_pool
train20k-04770,train20k-04754,unused_pool
train20k-04771,train20k-04755,unused_pool
train20k-04772,train20k-04756,unused_pool
train20k-04773,train20k-04757,unused_pool
train20k-04774,train20k-04758,unused_pool
train20k-04775,train20k-04759,unused_pool
train20k-04776,train20k-04760,unused_pool
train20k-04777,train20k-04761,unused_pool
train20k-04778,train20k-04762,unused_pool
train20k-04779,train20k-04763,unused_pool
train20k-04780,train20k-04764,unused_pool
train20k-04781,train20k-04765,unused_pool
train20k-04782,train20k-04766,unused_pool
train20k-04783,train20k-04767,unused_pool
train20k-04784,train20k-04768,unused_pool
train20k-04785,train20k-04769,unused_pool
train20k-04786,train20k-04770,unused_pool
train20k-04787,train20k-04771,unused_pool
train20k-04788,train20k-04772,unused_pool
train20k-04789,train20k-04773,unused_pool
train20k-04790,train20k-04774,unused_pool
train20k-04791,train20k-04775,unused_pool
train20k-04792,train20k-04776,unused_pool
train20k-04793,train20k-04777,unused_pool
train20k-04794,train20k-04778,unused_pool
train20k-04795,train20k-04779,unused_pool
train20k-04796,train20k-04780,unused_pool
train20k-04797,train20k-04781,unused_pool
train20k-04798,train20k-04782,unused_pool
train20k-04799,train20k-04783,unused_pool
train20k-04800,train20k-04784,unused_pool
train20k-04801,train20k-04785,unused_pool
train20k-04802,train20k-04786,unused_pool
train20k-04803,train20k-04787,unused_pool
train20k-04804,train20k-04788,unused_pool
train20k-04805,train20k-04789,unused_pool
train20k-04806,train20k-04790,unused_pool
train20k-04807,train20k-04791,unused_pool
train20k-04808,train20k-04792,unused_pool
train20k-04809,train20k-04793,unused_pool
train20k-04810,train20k-04794,unused_pool
train20k-04811,train20k-04795,unused_pool
train20k-04812,train20k-04796,unused_pool
train20k-04813,train20k-04797,unused_pool
train20k-04814,train20k-04798,unused_pool
train20k-04815,train20k-04799,unused_pool
train20k-04816,train20k-04800,unused_pool
train20k-04817,train20k-04801,unused_pool
train20k-04818,train20k-04802,unused_pool
train20k-04819,train20k-04803,unused_pool
train20k-04820,train20k-04804,unused_pool
train20k-04821,train20k-04805,unused_pool
train20k-04822,train20k-04806,unused_pool
train20k-04823,train20k-04807,unused_pool
train20k-04824,train20k-04808,unused_pool
train20k-04825,train20k-04809,unused_pool
train20k-04826,train20k-04810,unused_pool
train20k-04827,train20k-04811,unused_pool
train20k-04828,train20k-04812,unused_pool
train20k-04829,train20k-04813,unused_pool
train20k-04830,train20k-04814,unused_pool
train20k-04831,train20k-04815,unused_pool
train20k-04832,train20k-04816,unused_pool
train20k-04833,train20k-04817,unused_pool
train20k-04834,train20k-04818,unused_pool
train20k-04835,train20k-04819,unused_pool
train20k-04836,train20k-04820,unused_pool
train20k-04837,train20k-04821,unused_pool
train20k-04838,train20k-04822,unused_pool
train20k-04839,train20k-04823,unused_pool
train20k-04840,train20k-04824,unused_pool
train20k-04841,train20k-04825,unused_pool
train20k-04842,train20k-04826,unused_pool
train20k-04843,train20k-04827,unused_pool
train20k-04844,train20k-04828,unused_pool
train20k-04845,train20k-04829,unused_pool
train20k-04846,train20k-04830,unused_pool
train20k-04847,train20k-04831,unused_pool
train20k-04848,train20k-04832,unused_pool
train20k-04849,train20k-04833,unused_pool
train20k-04850,train20k-04834,unused_pool
train20k-04851,train20k-04835,unused_pool
train20k-04852,train20k-04836,unused_pool
train20k-04853,train20k-04837,unused_pool
train20k-04854,train20k-04838,unused_pool
train20k-04855,train20k-04839,unused_pool
train20k-04856,train20k-04840,unused_pool
train20k-04857,train20k-04841,unused_pool
train20k-04858,train20k-04842,unused_pool
train20k-04859,train20k-04843,unused_pool
train20k-04860,train20k-04844,unused_pool
train20k-04861,train20k-04845,unused_pool
train20k-04862,train20k-04846,unused_pool
train20k-04863,train20k-04847,unused_pool
train20k-04864,train20k-04848,unused_pool
train20k-04865,train20k-04849,unused_pool
train20k-04866,train20k-04850,unused_pool
train20k-04867,train20k-04851,unused_pool
train20k-04868,train20k-04852,unused_pool
train20k-04869,train20k-04853,unused_pool
train20k-04870,train20k-04854,unused_pool
train20k-04871,train20k-04855,unused_pool
train20k-04872,train20k-04856,unused_pool
train20k-04873,train20k-04857,unused_pool
train20k-04874,train20k-04858,unused_pool
train20k-04875,train20k-04859,unused_pool
train20k-04876,train20k-04860,unused_pool
train20k-04877,train20k-04861,unused_pool
train20k-04878,train20k-04862,unused_pool
train20k-04879,train20k-04863,unused_pool
train20k-04880,train20k-04864,unused_pool
train20k-04881,train20k-04865,unused_pool
train20k-04882,train20k-04866,unused_pool
train20k-04883,train20k-04867,unused_pool
train20k-04884,train20k-04868,unused_pool
train20k-04885,train20k-04869,unused_pool
train20k-04886,train20k-04870,unused_pool
train20k-04887,train20k-04871,unused_pool
train20k-04888,train20k-04872,unused_pool
train20k-04889,train20k-04873,unused_pool
train20k-04890,train20k-04874,unused_pool
train20k-04891,train20k-04875,unused_pool
train20k-04892,train20k-04876,unused_pool
train20k-04893,train20k-04877,unused_pool
train20k-04894,train20k-04878,unused_pool
train20k-04895,train20k-04879,unused_pool
train20k-04896,train20k-04880,unused_pool
train20k-04897,train20k-04881,unused_pool
train20k-04898,train20k-04882,unused_pool
train20k-04899,train20k-04883,unused_pool
train20k-04900,train20k-04884,unused_pool
train20k-04901,train20k-04885,unused_pool
train20k-04902,train20k-04886,unused_pool
train20k-04903,train20k-04887,unused_pool
train20k-04904,train20k-04888,unused_pool
train20k-04905,train20k-04889,unused_pool
train20k-04906,train20k-04890,unused_pool
train20k-04907,train20k-04891,unused_pool
train20k-04908,train20k-04892,unused_pool
train20k-04909,train20k-04893,unused_pool
train20k-04910,train20k-04894,unused_pool
train20k-04911,train20k-04895,unused_pool
train20k-04912,train20k-04896,unused_pool
train20k-04913,train20k-04897,unused_pool
train20k-04914,train20k-04898,unused_pool
train20k-04915,train20k-04899,unused_pool
train20k-04916,train20k-04900,unused_pool
train20k-04917,train20k-04901,unused_pool
train20k-04918,train20k-04902,unused_pool
train20k-04919,train20k-04903,unused_pool
train20k-04920,train20k-04904,unused_pool
train20k-04921,train20k-04905,unused_pool
train20k-04922,train20k-04906,unused_pool
train20k-04923,train20k-04907,unused_pool
train20k-04924,train20k-04908,unused_pool
train20k-04925,train20k-04909,unused_pool
train20k-04926,train20k-04910,unused_pool
train20k-04927,train20k-04911,unused_pool
train20k-04928,train20k-04912,unused_pool
train20k-04929,train20k-04913,unused_pool
train20k-04930,train20k-04914,unused_pool
train20k-04931,train20k-04915,unused_pool
train20k-04932,train20k-04916,unused_pool
train20k-04933,train20k-04917,unused_pool
train20k-04934,train20k-04918,unused_pool
train20k-04935,train20k-04919,unused_pool
train20k-04936,train20k-04920,unused_pool
train20k-04937,train20k-04921,unused_pool
train20k-04938,train20k-04922,unused_pool
train20k-04939,train20k-04923,unused_pool
train20k-04940,train20k-04924,unused_pool
train20k-04941,train20k-04925,unused_pool
train20k-04942,train20k-04926,unused_pool
train20k-04943,train20k-04927,unused_pool
train20k-04944,train20k-04928,unused_pool
train20k-04945,train20k-04929,unused_pool
train20k-04946,train20k-04930,unused_pool
train20k-04948,train20k-04931,unused_pool
train20k-04949,train20k-04932,unused_pool
train20k-04950,train20k-04933,unused_pool
train20k-04951,train20k-04934,unused_pool
train20k-04952,train20k-04935,unused_pool
train20k-04953,train20k-04936,unused_pool
train20k-04954,train20k-04937,unused_pool
train20k-04955,train20k-04938,unused_pool
train20k-04956,train20k-04939,unused_pool
train20k-04957,train20k-04940,unused_pool
train20k-04958,train20k-04941,unused_pool
train20k-04959,train20k-04942,unused_pool
train20k-04960,train20k-04943,unused_pool
train20k-04961,train20k-04944,unused_pool
train20k-04962,train20k-04945,unused_pool
train20k-04963,train20k-04946,unused_pool
train20k-04964,train20k-04947,unused_pool
train20k-04965,train20k-04948,unused_pool
train20k-04966,train20k-04949,unused_pool
train20k-04967,train20k-04950,unused_pool
train20k-04968,train20k-04951,unused_pool
train20k-04969,train20k-04952,unused_pool
train20k-04970,train20k-04953,unused_pool
train20k-04971,train20k-04954,unused_pool
train20k-04972,train20k-04955,unused_pool
train20k-04973,train20k-04956,unused_pool
train20k-04974,train20k-04957,unused_pool
train20k-04975,train20k-04958,unused_pool
train20k-04976,train20k-04959,unused_pool
train20k-04977,train20k-04960,unused_pool
train20k-04978,train20k-04961,unused_pool
train20k-04979,train20k-04962,unused_pool
train20k-04980,train20k-04963,unused_pool
train20k-04981,train20k-04964,unused_pool
train20k-04982,train20k-04965,unused_pool
train20k-04983,train20k-04966,unused_pool
train20k-04984,train20k-04967,unused_pool
train20k-04985,train20k-04968,unused_pool
train20k-04986,train20k-04969,unused_pool
train20k-04987,train20k-04970,unused_pool
train20k-04988,train20k-04971,unused_pool
train20k-04989,train20k-04972,unused_pool
train20k-04990,train20k-04973,unused_pool
train20k-04991,train20k-04974,unused_pool
train20k-04992,train20k-04975,unused_pool
train20k-04993,train20k-04976,unused_pool
train20k-04994,train20k-04977,unused_pool
train20k-04995,train20k-04978,unused_pool
train20k-04996,train20k-04979,unused_pool
train20k-04997,train20k-04980,unused_pool
train20k-04998,train20k-04981,unused_pool
train20k-04999,train20k-04982,unused_pool
train20k-05000,train20k-04983,unused_pool
train20k-05001,train20k-04984,unused_pool
train20k-05002,train20k-04985,unused_pool
train20k-05003,train20k-04986,unused_pool
train20k-05004,train20k-04987,unused_pool
train20k-05005,train20k-04988,unused_pool
train20k-05006,train20k-04989,unused_pool
train20k-05007,train20k-04990,unused_pool
train20k-05008,train20k-04991,unused_pool
train20k-05009,train20k-04992,unused_pool
train20k-05010,train20k-04993,unused_pool
train20k-05011,train20k-04994,unused_pool
train20k-05012,train20k-04995,unused_pool
train20k-05013,train20k-04996,unused_pool
train20k-05014,train20k-04997,unused_pool
train20k-05015,train20k-04998,unused_pool
train20k-05016,train20k-04999,unused_pool
train20k-05017,train20k-05000,unused_pool
train20k-05018,train20k-05001,unused_pool
train20k-05019,train20k-05002,unused_pool
train20k-05020,train20k-05003,unused_pool
train20k-05021,train20k-05004,unused_pool
train20k-05022,train20k-05005,unused_pool
train20k-05023,train20k-05006,unused_pool
train20k-05024,train20k-05007,unused_pool
train20k-05025,train20k-05008,unused_pool
train20k-05026,train20k-05009,unused_pool
train20k-05027,train20k-05010,unused_pool
train20k-05028,train20k-05011,unused_pool
train20k-05029,train20k-05012,unused_pool
train20k-05031,train20k-05013,unused_pool
train20k-05032,train20k-05014,unused_pool
train20k-05033,train20k-05015,unused_pool
train20k-05034,train20k-05016,unused_pool
train20k-05035,train20k-05017,unused_pool
train20k-05036,train20k-05018,unused_pool
train20k-05037,train20k-05019,unused_pool
train20k-05038,train20k-05020,unused_pool
train20k-05039,train20k-05021,unused_pool
train20k-05040,train20k-05022,unused_pool
train20k-05041,train20k-05023,unused_pool
train20k-05042,train20k-05024,unused_pool
train20k-05043,train20k-05025,unused_pool
train20k-05044,train20k-05026,unused_pool
train20k-05045,train20k-05027,unused_pool
train20k-05046,train20k-05028,unused_pool
train20k-05047,train20k-05029,unused_pool
train20k-05048,train20k-05030,unused_pool
train20k-05049,train20k-05031,unused_pool
train20k-05050,train20k-05032,unused_pool
train20k-05051,train20k-05033,unused_pool
train20k-05052,train20k-05034,unused_pool
train20k-05053,train20k-05035,unused_pool
train20k-05054,train20k-05036,unused_pool
train20k-05055,train20k-05037,unused_pool
train20k-05056,train20k-05038,unused_pool
train20k-05057,train20k-05039,unused_pool
train20k-05058,train20k-05040,unused_pool
train20k-05059,train20k-05041,unused_pool
train20k-05060,train20k-05042,unused_pool
train20k-05061,train20k-05043,unused_pool
train20k-05062,train20k-05044,unused_pool
train20k-05063,train20k-05045,unused_pool
train20k-05064,train20k-05046,unused_pool
train20k-05065,train20k-05047,unused_pool
train20k-05066,train20k-05048,unused_pool
train20k-05067,train20k-05049,unused_pool
train20k-05068,train20k-05050,unused_pool
train20k-05069,train20k-05051,unused_pool
train20k-05070,train20k-05052,unused_pool
train20k-05071,train20k-05053,unused_pool
train20k-05072,train20k-05054,unused_pool
train20k-05073,train20k-05055,unused_pool
train20k-05074,train20k-05056,unused_pool
train20k-05075,train20k-05057,unused_pool
train20k-05076,train20k-05058,unused_pool
train20k-05077,train20k-05059,unused_pool
train20k-05078,train20k-05060,unused_pool
train20k-05079,train20k-05061,unused_pool
train20k-05080,train20k-05062,unused_pool
train20k-05081,train20k-05063,unused_pool
train20k-05082,train20k-05064,unused_pool
train20k-05083,train20k-05065,unused_pool
train20k-05084,train20k-05066,unused_pool
train20k-05085,train20k-05067,unused_pool
train20k-05086,train20k-05068,unused_pool
train20k-05087,train20k-05069,unused_pool
train20k-05088,train20k-05070,unused_pool
train20k-05089,train20k-05071,unused_pool
train20k-05090,train20k-05072,unused_pool
train20k-05091,train20k-05073,unused_pool
train20k-05092,train20k-05074,unused_pool
train20k-05093,train20k-05075,unused_pool
train20k-05094,train20k-05076,unused_pool
train20k-05095,train20k-05077,unused_pool
train20k-05096,train20k-05078,unused_pool
train20k-05097,train20k-05079,unused_pool
train20k-05098,train20k-05080,unused_pool
train20k-05099,train20k-05081,unused_pool
train20k-05100,train20k-05082,unused_pool
train20k-05101,train20k-05083,unused_pool
train20k-05102,train20k-05084,unused_pool
train20k-05103,train20k-05085,unused_pool
train20k-05104,train20k-05086,unused_pool
train20k-05105,train20k-05087,unused_pool
train20k-05106,train20k-05088,unused_pool
train20k-05107,train20k-05089,unused_pool
train20k-05108,train20k-05090,unused_pool
train20k-05109,train20k-05091,unused_pool
train20k-05110,train20k-05092,unused_pool
train20k-05111,train20k-05093,unused_pool
train20k-05112,train20k-05094,unused_pool
train20k-05113,train20k-05095,unused_pool
train20k-05114,train20k-05096,unused_pool
train20k-05115,train20k-05097,unused_pool
train20k-05116,train20k-05098,unused_pool
train20k-05117,train20k-05099,unused_pool
train20k-05118,train20k-05100,unused_pool
train20k-05119,train20k-05101,unused_pool
train20k-05120,train20k-05102,unused_pool
train20k-05121,train20k-05103,unused_pool
train20k-05122,train20k-05104,unused_pool
train20k-05123,train20k-05105,unused_pool
train20k-05124,train20k-05106,unused_pool
train20k-05125,train20k-05107,unused_pool
train20k-05126,train20k-05108,unused_pool
train20k-05127,train20k-05109,unused_pool
train20k-05128,train20k-05110,unused_pool
train20k-05129,train20k-05111,unused_pool
train20k-05130,train20k-05112,unused_pool
train20k-05131,train20k-05113,unused_pool
train20k-05132,train20k-05114,unused_pool
train20k-05133,train20k-05115,unused_pool
train20k-05134,train20k-05116,unused_pool
train20k-05135,train20k-05117,unused_pool
train20k-05136,train20k-05118,unused_pool
train20k-05137,train20k-05119,unused_pool
train20k-05138,train20k-05120,unused_pool
train20k-05139,train20k-05121,unused_pool
train20k-05140,train20k-05122,unused_pool
train20k-05141,train20k-05123,unused_pool
train20k-05142,train20k-05124,unused_pool
train20k-05143,train20k-05125,unused_pool
train20k-05144,train20k-05126,unused_pool
train20k-05145,train20k-05127,unused_pool
train20k-05146,train20k-05128,unused_pool
train20k-05147,train20k-05129,unused_pool
train20k-05148,train20k-05130,unused_pool
train20k-05149,train20k-05131,unused_pool
train20k-05150,train20k-05132,unused_pool
train20k-05151,train20k-05133,unused_pool
train20k-05152,train20k-05134,unused_pool
train20k-05153,train20k-05135,unused_pool
train20k-05154,train20k-05136,unused_pool
train20k-05155,train20k-05137,unused_pool
train20k-05156,train20k-05138,unused_pool
train20k-05157,train20k-05139,unused_pool
train20k-05158,train20k-05140,unused_pool
train20k-05159,train20k-05141,unused_pool
train20k-05160,train20k-05142,unused_pool
train20k-05161,train20k-05143,unused_pool
train20k-05162,train20k-05144,unused_pool
train20k-05163,train20k-05145,unused_pool
train20k-05164,train20k-05146,unused_pool
train20k-05165,train20k-05147,unused_pool
train20k-05166,train20k-05148,unused_pool
train20k-05167,train20k-05149,unused_pool
train20k-05168,train20k-05150,unused_pool
train20k-05169,train20k-05151,unused_pool
train20k-05170,train20k-05152,unused_pool
train20k-05171,train20k-05153,unused_pool
train20k-05172,train20k-05154,unused_pool
train20k-05173,train20k-05155,unused_pool
train20k-05174,train20k-05156,unused_pool
train20k-05175,train20k-05157,unused_pool
train20k-05176,train20k-05158,unused_pool
train20k-05177,train20k-05159,unused_pool
train20k-05178,train20k-05160,unused_pool
train20k-05179,train20k-05161,unused_pool
train20k-05180,train20k-05162,unused_pool
train20k-05181,train20k-05163,unused_pool
train20k-05182,train20k-05164,unused_pool
train20k-05183,train20k-05165,unused_pool
train20k-05184,train20k-05166,unused_pool
train20k-05185,train20k-05167,unused_pool
train20k-05186,train20k-05168,unused_pool
train20k-05187,train20k-05169,unused_pool
train20k-05188,train20k-05170,unused_pool
train20k-05189,train20k-05171,unused_pool
train20k-05190,train20k-05172,unused_pool
train20k-05191,train20k-05173,unused_pool
train20k-05192,train20k-05174,unused_pool
train20k-05193,train20k-05175,unused_pool
train20k-05194,train20k-05176,unused_pool
train20k-05195,train20k-05177,unused_pool
train20k-05196,train20k-05178,unused_pool
train20k-05197,train20k-05179,unused_pool
train20k-05198,train20k-05180,unused_pool
train20k-05199,train20k-05181,unused_pool
train20k-05200,train20k-05182,unused_pool
train20k-05201,train20k-05183,unused_pool
train20k-05202,train20k-05184,unused_pool
train20k-05203,train20k-05185,unused_pool
train20k-05204,train20k-05186,unused_pool
train20k-05205,train20k-05187,unused_pool
train20k-05206,train20k-05188,unused_pool
train20k-05207,train20k-05189,unused_pool
train20k-05208,train20k-05190,unused_pool
train20k-05209,train20k-05191,unused_pool
train20k-05210,train20k-05192,unused_pool
train20k-05211,train20k-05193,unused_pool
train20k-05212,train20k-05194,unused_pool
train20k-05213,train20k-05195,unused_pool
train20k-05214,train20k-05196,unused_pool
train20k-05215,train20k-05197,unused_pool
train20k-05216,train20k-05198,unused_pool
train20k-05217,train20k-05199,unused_pool
train20k-05218,train20k-05200,unused_pool
train20k-05219,train20k-05201,unused_pool
train20k-05220,train20k-05202,unused_pool
train20k-05221,train20k-05203,unused_pool
train20k-05222,train20k-05204,unused_pool
train20k-05223,train20k-05205,unused_pool
train20k-05224,train20k-05206,unused_pool
train20k-05225,train20k-05207,unused_pool
train20k-05226,train20k-05208,unused_pool
train20k-05227,train20k-05209,unused_pool
train20k-05228,train20k-05210,unused_pool
train20k-05229,train20k-05211,unused_pool
train20k-05230,train20k-05212,unused_pool
train20k-05231,train20k-05213,unused_pool
train20k-05232,train20k-05214,unused_pool
train20k-05233,train20k-05215,unused_pool
train20k-05234,train20k-05216,unused_pool
train20k-05235,train20k-05217,unused_pool
train20k-05236,train20k-05218,unused_pool
train20k-05237,train20k-05219,unused_pool
train20k-05238,train20k-05220,unused_pool
train20k-05239,train20k-05221,unused_pool
train20k-05240,train20k-05222,unused_pool
train20k-05241,train20k-05223,unused_pool
train20k-05242,train20k-05224,unused_pool
train20k-05243,train20k-05225,unused_pool
train20k-05244,train20k-05226,unused_pool
train20k-05245,train20k-05227,unused_pool
train20k-05246,train20k-05228,unused_pool
train20k-05247,train20k-05229,unused_pool
train20k-05248,train20k-05230,unused_pool
train20k-05249,train20k-05231,unused_pool
train20k-05250,train20k-05232,unused_pool
train20k-05251,train20k-05233,unused_pool
train20k-05252,train20k-05234,unused_pool
train20k-05253,train20k-05235,unused_pool
train20k-05254,train20k-05236,unused_pool
train20k-05255,train20k-05237,unused_pool
train20k-05256,train20k-05238,unused_pool
train20k-05257,train20k-05239,unused_pool
train20k-05258,train20k-05240,unused_pool
train20k-05259,train20k-05241,unused_pool
train20k-05260,train20k-05242,unused_pool
train20k-05261,train20k-05243,unused_pool
train20k-05262,train20k-05244,unused_pool
train20k-05263,train20k-05245,unused_pool
train20k-05264,train20k-05246,unused_pool
train20k-05265,train20k-05247,unused_pool
train20k-05266,train20k-05248,unused_pool
train20k-05267,train20k-05249,unused_pool
train20k-05268,train20k-05250,unused_pool
train20k-05269,train20k-05251,unused_pool
train20k-05270,train20k-05252,unused_pool
train20k-05271,train20k-05253,unused_pool
train20k-05272,train20k-05254,unused_pool
train20k-05273,train20k-05255,unused_pool
train20k-05274,train20k-05256,unused_pool
train20k-05275,train20k-05257,unused_pool
train20k-05276,train20k-05258,unused_pool
train20k-05277,train20k-05259,unused_pool
train20k-05278,train20k-05260,unused_pool
train20k-05279,train20k-05261,unused_pool
train20k-05280,train20k-05262,unused_pool
train20k-05281,train20k-05263,unused_pool
train20k-05282,train20k-05264,unused_pool
train20k-05283,train20k-05265,unused_pool
train20k-05284,train20k-05266,unused_pool
train20k-05285,train20k-05267,unused_pool
train20k-05286,train20k-05268,unused_pool
train20k-05287,train20k-05269,unused_pool
train20k-05288,train20k-05270,unused_pool
train20k-05289,train20k-05271,unused_pool
train20k-05290,train20k-05272,unused_pool
train20k-05291,train20k-05273,unused_pool
train20k-05292,train20k-05274,unused_pool
train20k-05293,train20k-05275,unused_pool
train20k-05294,train20k-05276,unused_pool
train20k-05295,train20k-05277,unused_pool
train20k-05296,train20k-05278,unused_pool
train20k-05297,train20k-05279,unused_pool
train20k-05298,train20k-05280,unused_pool
train20k-05299,train20k-05281,unused_pool
train20k-05300,train20k-05282,unused_pool
train20k-05301,train20k-05283,unused_pool
train20k-05302,train20k-05284,unused_pool
train20k-05303,train20k-05285,unused_pool
train20k-05304,train20k-05286,unused_pool
train20k-05305,train20k-05287,unused_pool
train20k-05306,train20k-05288,unused_pool
train20k-05307,train20k-05289,unused_pool
train20k-05308,train20k-05290,unused_pool
train20k-05309,train20k-05291,unused_pool
train20k-05310,train20k-05292,unused_pool
train20k-05311,train20k-05293,unused_pool
train20k-05312,train20k-05294,unused_pool
train20k-05313,train20k-05295,unused_pool
train20k-05314,train20k-05296,unused_pool
train20k-05315,train20k-05297,unused_pool
train20k-05316,train20k-05298,unused_pool
train20k-05317,train20k-05299,unused_pool
train20k-05318,train20k-05300,unused_pool
train20k-05319,train20k-05301,unused_pool
train20k-05320,train20k-05302,unused_pool
train20k-05321,train20k-05303,unused_pool
train20k-05322,train20k-05304,unused_pool
train20k-05323,train20k-05305,unused_pool
train20k-05324,train20k-05306,unused_pool
train20k-05325,train20k-05307,unused_pool
train20k-05326,train20k-05308,unused_pool
train20k-05327,train20k-05309,unused_pool
train20k-05328,train20k-05310,unused_pool
train20k-05329,train20k-05311,unused_pool
train20k-05330,train20k-05312,unused_pool
train20k-05331,train20k-05313,unused_pool
train20k-05332,train20k-05314,unused_pool
train20k-05333,train20k-05315,unused_pool
train20k-05334,train20k-05316,unused_pool
train20k-05335,train20k-05317,unused_pool
train20k-05336,train20k-05318,unused_pool
train20k-05337,train20k-05319,unused_pool
train20k-05338,train20k-05320,unused_pool
train20k-05339,train20k-05321,unused_pool
train20k-05340,train20k-05322,unused_pool
train20k-05341,train20k-05323,unused_pool
train20k-05342,train20k-05324,unused_pool
train20k-05343,train20k-05325,unused_pool
train20k-05344,train20k-05326,unused_pool
train20k-05345,train20k-05327,unused_pool
train20k-05346,train20k-05328,unused_pool
train20k-05347,train20k-05329,unused_pool
train20k-05348,train20k-05330,unused_pool
train20k-05349,train20k-05331,unused_pool
train20k-05350,train20k-05332,unused_pool
train20k-05351,train20k-05333,unused_pool
train20k-05352,train20k-05334,unused_pool
train20k-05353,train20k-05335,unused_pool
train20k-05354,train20k-05336,unused_pool
train20k-05355,train20k-05337,unused_pool
train20k-05356,train20k-05338,unused_pool
train20k-05357,train20k-05339,unused_pool
train20k-05358,train20k-05340,unused_pool
train20k-05359,train20k-05341,unused_pool
train20k-05360,train20k-05342,unused_pool
train20k-05361,train20k-05343,unused_pool
train20k-05362,train20k-05344,unused_pool
train20k-05363,train20k-05345,unused_pool
train20k-05364,train20k-05346,unused_pool
train20k-05365,train20k-05347,unused_pool
train20k-05366,train20k-05348,unused_pool
train20k-05367,train20k-05349,unused_pool
train20k-05368,train20k-05350,unused_pool
train20k-05369,train20k-05351,unused_pool
train20k-05370,train20k-05352,unused_pool
train20k-05371,train20k-05353,unused_pool
train20k-05372,train20k-05354,unused_pool
train20k-05373,train20k-05355,unused_pool
train20k-05374,train20k-05356,unused_pool
train20k-05375,train20k-05357,unused_pool
train20k-05376,train20k-05358,unused_pool
train20k-05377,train20k-05359,unused_pool
train20k-05378,train20k-05360,unused_pool
train20k-05379,train20k-05361,unused_pool
train20k-05380,train20k-05362,unused_pool
train20k-05381,train20k-05363,unused_pool
train20k-05382,train20k-05364,unused_pool
train20k-05383,train20k-05365,unused_pool
train20k-05384,train20k-05366,unused_pool
train20k-05385,train20k-05367,unused_pool
train20k-05386,train20k-05368,unused_pool
train20k-05387,train20k-05369,unused_pool
train20k-05388,train20k-05370,unused_pool
train20k-05389,train20k-05371,unused_pool
train20k-05390,train20k-05372,unused_pool
train20k-05391,train20k-05373,unused_pool
train20k-05392,train20k-05374,unused_pool
train20k-05393,train20k-05375,unused_pool
train20k-05394,train20k-05376,unused_pool
train20k-05395,train20k-05377,unused_pool
train20k-05396,train20k-05378,unused_pool
train20k-05397,train20k-05379,unused_pool
train20k-05398,train20k-05380,unused_pool
train20k-05399,train20k-05381,unused_pool
train20k-05400,train20k-05382,unused_pool
train20k-05401,train20k-05383,unused_pool
train20k-05402,train20k-05384,unused_pool
train20k-05403,train20k-05385,unused_pool
train20k-05404,train20k-05386,unused_pool
train20k-05405,train20k-05387,unused_pool
train20k-05406,train20k-05388,unused_pool
train20k-05407,train20k-05389,unused_pool
train20k-05408,train20k-05390,unused_pool
train20k-05409,train20k-05391,unused_pool
train20k-05410,train20k-05392,unused_pool
train20k-05411,train20k-05393,unused_pool
train20k-05412,train20k-05394,unused_pool
train20k-05413,train20k-05395,unused_pool
train20k-05414,train20k-05396,unused_pool
train20k-05415,train20k-05397,unused_pool
train20k-05416,train20k-05398,unused_pool
train20k-05417,train20k-05399,unused_pool
train20k-05418,train20k-05400,unused_pool
train20k-05419,train20k-05401,unused_pool
train20k-05420,train20k-05402,unused_pool
train20k-05421,train20k-05403,unused_pool
train20k-05422,train20k-05404,unused_pool
train20k-05423,train20k-05405,unused_pool
train20k-05424,train20k-05406,unused_pool
train20k-05425,train20k-05407,unused_pool
train20k-05426,train20k-05408,unused_pool
train20k-05427,train20k-05409,unused_pool
train20k-05428,train20k-05410,unused_pool
train20k-05429,train20k-05411,unused_pool
train20k-05430,train20k-05412,unused_pool
train20k-05431,train20k-05413,unused_pool
train20k-05432,train20k-05414,unused_pool
train20k-05434,train20k-05415,unused_pool
train20k-05435,train20k-05416,unused_pool
train20k-05436,train20k-05417,unused_pool
train20k-05437,train20k-05418,unused_pool
train20k-05438,train20k-05419,unused_pool
train20k-05439,train20k-05420,unused_pool
train20k-05440,train20k-05421,unused_pool
train20k-05441,train20k-05422,unused_pool
train20k-05442,train20k-05423,unused_pool
train20k-05443,train20k-05424,unused_pool
train20k-05444,train20k-05425,unused_pool
train20k-05445,train20k-05426,unused_pool
train20k-05446,train20k-05427,unused_pool
train20k-05447,train20k-05428,unused_pool
train20k-05448,train20k-05429,unused_pool
train20k-05449,train20k-05430,unused_pool
train20k-05450,train20k-05431,unused_pool
train20k-05451,train20k-05432,unused_pool
train20k-05452,train20k-05433,unused_pool
train20k-05453,train20k-05434,unused_pool
train20k-05454,train20k-05435,unused_pool
train20k-05455,train20k-05436,unused_pool
train20k-05456,train20k-05437,unused_pool
train20k-05457,train20k-05438,unused_pool
train20k-05458,train20k-05439,unused_pool
train20k-05459,train20k-05440,unused_pool
train20k-05460,train20k-05441,unused_pool
train20k-05461,train20k-05442,unused_pool
train20k-05462,train20k-05443,unused_pool
train20k-05463,train20k-05444,unused_pool
train20k-05464,train20k-05445,unused_pool
train20k-05465,train20k-05446,unused_pool
train20k-05466,train20k-05447,unused_pool
train20k-05467,train20k-05448,unused_pool
train20k-05468,train20k-05449,unused_pool
train20k-05469,train20k-05450,unused_pool
train20k-05470,train20k-05451,unused_pool
train20k-05471,train20k-05452,unused_pool
train20k-05472,train20k-05453,unused_pool
train20k-05473,train20k-05454,unused_pool
train20k-05474,train20k-05455,unused_pool
train20k-05475,train20k-05456,unused_pool
train20k-05476,train20k-05457,unused_pool
train20k-05477,train20k-05458,unused_pool
train20k-05478,train20k-05459,unused_pool
train20k-05479,train20k-05460,unused_pool
train20k-05480,train20k-05461,unused_pool
train20k-05481,train20k-05462,unused_pool
train20k-05482,train20k-05463,unused_pool
train20k-05483,train20k-05464,unused_pool
train20k-05484,train20k-05465,unused_pool
train20k-05485,train20k-05466,unused_pool
train20k-05486,train20k-05467,unused_pool
train20k-05487,train20k-05468,unused_pool
train20k-05488,train20k-05469,unused_pool
train20k-05489,train20k-05470,unused_pool
train20k-05490,train20k-05471,unused_pool
train20k-05491,train20k-05472,unused_pool
train20k-05492,train20k-05473,unused_pool
train20k-05493,train20k-05474,unused_pool
train20k-05494,train20k-05475,unused_pool
train20k-05495,train20k-05476,unused_pool
train20k-05496,train20k-05477,unused_pool
train20k-05497,train20k-05478,unused_pool
train20k-05498,train20k-05479,unused_pool
train20k-05499,train20k-05480,unused_pool
train20k-05500,train20k-05481,unused_pool
train20k-05501,train20k-05482,unused_pool
train20k-05502,train20k-05483,unused_pool
train20k-05503,train20k-05484,unused_pool
train20k-05504,train20k-05485,unused_pool
train20k-05505,train20k-05486,unused_pool
train20k-05506,train20k-05487,unused_pool
train20k-05507,train20k-05488,unused_pool
train20k-05508,train20k-05489,unused_pool
train20k-05509,train20k-05490,unused_pool
train20k-05510,train20k-05491,unused_pool
train20k-05511,train20k-05492,unused_pool
train20k-05512,train20k-05493,unused_pool
train20k-05513,train20k-05494,unused_pool
train20k-05514,train20k-05495,unused_pool
train20k-05515,train20k-05496,unused_pool
train20k-05516,train20k-05497,unused_pool
train20k-05517,train20k-05498,unused_pool
train20k-05518,train20k-05499,unused_pool
train20k-05519,train20k-05500,unused_pool
train20k-05520,train20k-05501,unused_pool
train20k-05521,train20k-05502,unused_pool
train20k-05522,train20k-05503,unused_pool
train20k-05523,train20k-05504,unused_pool
train20k-05524,train20k-05505,unused_pool
train20k-05525,train20k-05506,unused_pool
train20k-05526,train20k-05507,unused_pool
train20k-05527,train20k-05508,unused_pool
train20k-05528,train20k-05509,unused_pool
train20k-05529,train20k-05510,unused_pool
train20k-05530,train20k-05511,unused_pool
train20k-05531,train20k-05512,unused_pool
train20k-05532,train20k-05513,unused_pool
train20k-05533,train20k-05514,unused_pool
train20k-05534,train20k-05515,unused_pool
train20k-05535,train20k-05516,unused_pool
train20k-05536,train20k-05517,unused_pool
train20k-05537,train20k-05518,unused_pool
train20k-05538,train20k-05519,unused_pool
train20k-05539,train20k-05520,unused_pool
train20k-05540,train20k-05521,unused_pool
train20k-05541,train20k-05522,unused_pool
train20k-05542,train20k-05523,unused_pool
train20k-05543,train20k-05524,unused_pool
train20k-05544,train20k-05525,unused_pool
train20k-05545,train20k-05526,unused_pool
train20k-05546,train20k-05527,unused_pool
train20k-05547,train20k-05528,unused_pool
train20k-05548,train20k-05529,unused_pool
train20k-05549,train20k-05530,unused_pool
train20k-05550,train20k-05531,unused_pool
train20k-05551,train20k-05532,unused_pool
train20k-05552,train20k-05533,unused_pool
train20k-05553,train20k-05534,unused_pool
train20k-05554,train20k-05535,unused_pool
train20k-05555,train20k-05536,unused_pool
train20k-05557,train20k-05537,unused_pool
train20k-05558,train20k-05538,unused_pool
train20k-05559,train20k-05539,unused_pool
train20k-05560,train20k-05540,unused_pool
train20k-05561,train20k-05541,unused_pool
train20k-05562,train20k-05542,unused_pool
train20k-05563,train20k-05543,unused_pool
train20k-05564,train20k-05544,unused_pool
train20k-05565,train20k-05545,unused_pool
train20k-05566,train20k-05546,unused_pool
train20k-05567,train20k-05547,unused_pool
train20k-05568,train20k-05548,unused_pool
train20k-05569,train20k-05549,unused_pool
train20k-05570,train20k-05550,unused_pool
train20k-05571,train20k-05551,unused_pool
train20k-05572,train20k-05552,unused_pool
train20k-05573,train20k-05553,unused_pool
train20k-05574,train20k-05554,unused_pool
train20k-05575,train20k-05555,unused_pool
train20k-05576,train20k-05556,unused_pool
train20k-05577,train20k-05557,unused_pool
train20k-05578,train20k-05558,unused_pool
train20k-05579,train20k-05559,unused_pool
train20k-05580,train20k-05560,unused_pool
train20k-05581,train20k-05561,unused_pool
train20k-05582,train20k-05562,unused_pool
train20k-05583,train20k-05563,unused_pool
train20k-05584,train20k-05564,unused_pool
train20k-05585,train20k-05565,unused_pool
train20k-05586,train20k-05566,unused_pool
train20k-05587,train20k-05567,unused_pool
train20k-05588,train20k-05568,unused_pool
train20k-05589,train20k-05569,unused_pool
train20k-05590,train20k-05570,unused_pool
train20k-05591,train20k-05571,unused_pool
train20k-05592,train20k-05572,unused_pool
train20k-05593,train20k-05573,unused_pool
train20k-05594,train20k-05574,unused_pool
train20k-05595,train20k-05575,unused_pool
train20k-05596,train20k-05576,unused_pool
train20k-05597,train20k-05577,unused_pool
train20k-05598,train20k-05578,unused_pool
train20k-05599,train20k-05579,unused_pool
train20k-05600,train20k-05580,unused_pool
train20k-05601,train20k-05581,unused_pool
train20k-05602,train20k-05582,unused_pool
train20k-05603,train20k-05583,unused_pool
train20k-05604,train20k-05584,unused_pool
train20k-05605,train20k-05585,unused_pool
train20k-05606,train20k-05586,unused_pool
train20k-05607,train20k-05587,unused_pool
train20k-05608,train20k-05588,unused_pool
train20k-05609,train20k-05589,unused_pool
train20k-05610,train20k-05590,unused_pool
train20k-05611,train20k-05591,unused_pool
train20k-05612,train20k-05592,unused_pool
train20k-05613,train20k-05593,unused_pool
train20k-05614,train20k-05594,unused_pool
train20k-05615,train20k-05595,unused_pool
train20k-05616,train20k-05596,unused_pool
train20k-05617,train20k-05597,unused_pool
train20k-05618,train20k-05598,unused_pool
train20k-05619,train20k-05599,unused_pool
train20k-05620,train20k-05600,unused_pool
train20k-05621,train20k-05601,unused_pool
train20k-05622,train20k-05602,unused_pool
train20k-05623,train20k-05603,unused_pool
train20k-05624,train20k-05604,unused_pool
train20k-05625,train20k-05605,unused_pool
train20k-05626,train20k-05606,unused_pool
train20k-05627,train20k-05607,unused_pool
train20k-05628,train20k-05608,unused_pool
train20k-05629,train20k-05609,unused_pool
train20k-05630,train20k-05610,unused_pool
train20k-05631,train20k-05611,unused_pool
train20k-05632,train20k-05612,unused_pool
train20k-05633,train20k-05613,unused_pool
train20k-05634,train20k-05614,unused_pool
train20k-05635,train20k-05615,unused_pool
train20k-05636,train20k-05616,unused_pool
train20k-05637,train20k-05617,unused_pool
train20k-05638,train20k-05618,unused_pool
train20k-05639,train20k-05619,unused_pool
train20k-05640,train20k-05620,unused_pool
train20k-05641,train20k-05621,unused_pool
train20k-05642,train20k-05622,unused_pool
train20k-05643,train20k-05623,unused_pool
train20k-05644,train20k-05624,unused_pool
train20k-05645,train20k-05625,unused_pool
train20k-05646,train20k-05626,unused_pool
train20k-05647,train20k-05627,unused_pool
train20k-05648,train20k-05628,unused_pool
train20k-05649,train20k-05629,unused_pool
train20k-05650,train20k-05630,unused_pool
train20k-05651,train20k-05631,unused_pool
train20k-05652,train20k-05632,unused_pool
train20k-05653,train20k-05633,unused_pool
train20k-05654,train20k-05634,unused_pool
train20k-05655,train20k-05635,unused_pool
train20k-05656,train20k-05636,unused_pool
train20k-05657,train20k-05637,unused_pool
train20k-05658,train20k-05638,unused_pool
train20k-05659,train20k-05639,unused_pool
train20k-05660,train20k-05640,unused_pool
train20k-05661,train20k-05641,unused_pool
train20k-05662,train20k-05642,unused_pool
train20k-05663,train20k-05643,unused_pool
train20k-05664,train20k-05644,unused_pool
train20k-05665,train20k-05645,unused_pool
train20k-05666,train20k-05646,unused_pool
train20k-05667,train20k-05647,unused_pool
train20k-05668,train20k-05648,unused_pool
train20k-05669,train20k-05649,unused_pool
train20k-05670,train20k-05650,unused_pool
train20k-05671,train20k-05651,unused_pool
train20k-05672,train20k-05652,unused_pool
train20k-05673,train20k-05653,unused_pool
train20k-05674,train20k-05654,unused_pool
train20k-05675,train20k-05655,unused_pool
train20k-05676,train20k-05656,unused_pool
train20k-05677,train20k-05657,unused_pool
train20k-05678,train20k-05658,unused_pool
train20k-05679,train20k-05659,unused_pool
train20k-05680,train20k-05660,unused_pool
train20k-05681,train20k-05661,unused_pool
train20k-05682,train20k-05662,unused_pool
train20k-05683,train20k-05663,unused_pool
train20k-05684,train20k-05664,unused_pool
train20k-05685,train20k-05665,unused_pool
train20k-05686,train20k-05666,unused_pool
train20k-05687,train20k-05667,unused_pool
train20k-05688,train20k-05668,unused_pool
train20k-05689,train20k-05669,unused_pool
train20k-05690,train20k-05670,unused_pool
train20k-05691,train20k-05671,unused_pool
train20k-05692,train20k-05672,unused_pool
train20k-05693,train20k-05673,unused_pool
train20k-05694,train20k-05674,unused_pool
train20k-05695,train20k-05675,unused_pool
train20k-05696,train20k-05676,unused_pool
train20k-05697,train20k-05677,unused_pool
train20k-05698,train20k-05678,unused_pool
train20k-05699,train20k-05679,unused_pool
train20k-05700,train20k-05680,unused_pool
train20k-05701,train20k-05681,unused_pool
train20k-05702,train20k-05682,unused_pool
train20k-05703,train20k-05683,unused_pool
train20k-05704,train20k-05684,unused_pool
train20k-05705,train20k-05685,unused_pool
train20k-05706,train20k-05686,unused_pool
train20k-05707,train20k-05687,unused_pool
train20k-05708,train20k-05688,unused_pool
train20k-05709,train20k-05689,unused_pool
train20k-05710,train20k-05690,unused_pool
train20k-05711,train20k-05691,unused_pool
train20k-05712,train20k-05692,unused_pool
train20k-05713,train20k-05693,unused_pool
train20k-05714,train20k-05694,unused_pool
train20k-05715,train20k-05695,unused_pool
train20k-05716,train20k-05696,unused_pool
train20k-05717,train20k-05697,unused_pool
train20k-05718,train20k-05698,unused_pool
train20k-05719,train20k-05699,unused_pool
train20k-05720,train20k-05700,unused_pool
train20k-05721,train20k-05701,unused_pool
train20k-05722,train20k-05702,unused_pool
train20k-05723,train20k-05703,unused_pool
train20k-05724,train20k-05704,unused_pool
train20k-05725,train20k-05705,unused_pool
train20k-05726,train20k-05706,unused_pool
train20k-05727,train20k-05707,unused_pool
train20k-05728,train20k-05708,unused_pool
train20k-05729,train20k-05709,unused_pool
train20k-05730,train20k-05710,unused_pool
train20k-05731,train20k-05711,unused_pool
train20k-05732,train20k-05712,unused_pool
train20k-05733,train20k-05713,unused_pool
train20k-05734,train20k-05714,unused_pool
train20k-05735,train20k-05715,unused_pool
train20k-05736,train20k-05716,unused_pool
train20k-05737,train20k-05717,unused_pool
train20k-05738,train20k-05718,unused_pool
train20k-05739,train20k-05719,unused_pool
train20k-05740,train20k-05720,unused_pool
train20k-05741,train20k-05721,unused_pool
train20k-05742,train20k-05722,unused_pool
train20k-05743,train20k-05723,unused_pool
train20k-05744,train20k-05724,unused_pool
train20k-05745,train20k-05725,unused_pool
train20k-05746,train20k-05726,unused_pool
train20k-05747,train20k-05727,unused_pool
train20k-05748,train20k-05728,unused_pool
train20k-05749,train20k-05729,unused_pool
train20k-05750,train20k-05730,unused_pool
train20k-05751,train20k-05731,unused_pool
train20k-05752,train20k-05732,unused_pool
train20k-05753,train20k-05733,unused_pool
train20k-05754,train20k-05734,unused_pool
train20k-05755,train20k-05735,unused_pool
train20k-05756,train20k-05736,unused_pool
train20k-05757,train20k-05737,unused_pool
train20k-05758,train20k-05738,unused_pool
train20k-05759,train20k-05739,unused_pool
train20k-05760,train20k-05740,unused_pool
train20k-05761,train20k-05741,unused_pool
train20k-05762,train20k-05742,unused_pool
train20k-05763,train20k-05743,unused_pool
train20k-05764,train20k-05744,unused_pool
train20k-05765,train20k-05745,unused_pool
train20k-05766,train20k-05746,unused_pool
train20k-05767,train20k-05747,unused_pool
train20k-05768,train20k-05748,unused_pool
train20k-05769,train20k-05749,unused_pool
train20k-05770,train20k-05750,unused_pool
train20k-05771,train20k-05751,unused_pool
train20k-05772,train20k-05752,unused_pool
train20k-05773,train20k-05753,unused_pool
train20k-05774,train20k-05754,unused_pool
train20k-05775,train20k-05755,unused_pool
train20k-05776,train20k-05756,unused_pool
train20k-05777,train20k-05757,unused_pool
train20k-05778,train20k-05758,unused_pool
train20k-05779,train20k-05759,unused_pool
train20k-05780,train20k-05760,unused_pool
train20k-05781,train20k-05761,unused_pool
train20k-05782,train20k-05762,unused_pool
train20k-05783,train20k-05763,unused_pool
train20k-05784,train20k-05764,unused_pool
train20k-05785,train20k-05765,unused_pool
train20k-05786,train20k-05766,unused_pool
train20k-05787,train20k-05767,unused_pool
train20k-05788,train20k-05768,unused_pool
train20k-05789,train20k-05769,unused_pool
train20k-05790,train20k-05770,unused_pool
train20k-05791,train20k-05771,unused_pool
train20k-05792,train20k-05772,unused_pool
train20k-05793,train20k-05773,unused_pool
train20k-05794,train20k-05774,unused_pool
train20k-05795,train20k-05775,unused_pool
train20k-05796,train20k-05776,unused_pool
train20k-05797,train20k-05777,unused_pool
train20k-05798,train20k-05778,unused_pool
train20k-05799,train20k-05779,unused_pool
train20k-05800,train20k-05780,unused_pool
train20k-05801,train20k-05781,unused_pool
train20k-05802,train20k-05782,unused_pool
train20k-05803,train20k-05783,unused_pool
train20k-05804,train20k-05784,unused_pool
train20k-05805,train20k-05785,unused_pool
train20k-05806,train20k-05786,unused_pool
train20k-05807,train20k-05787,unused_pool
train20k-05808,train20k-05788,unused_pool
train20k-05809,train20k-05789,unused_pool
train20k-05810,train20k-05790,unused_pool
train20k-05811,train20k-05791,unused_pool
train20k-05812,train20k-05792,unused_pool
train20k-05813,train20k-05793,unused_pool
train20k-05814,train20k-05794,unused_pool
train20k-05815,train20k-05795,unused_pool
train20k-05816,train20k-05796,unused_pool
train20k-05817,train20k-05797,unused_pool
train20k-05818,train20k-05798,unused_pool
train20k-05819,train20k-05799,unused_pool
train20k-05820,train20k-05800,unused_pool
train20k-05821,train20k-05801,unused_pool
train20k-05822,train20k-05802,unused_pool
train20k-05823,train20k-05803,unused_pool
train20k-05824,train20k-05804,unused_pool
train20k-05825,train20k-05805,unused_pool
train20k-05826,train20k-05806,unused_pool
train20k-05827,train20k-05807,unused_pool
train20k-05828,train20k-05808,unused_pool
train20k-05829,train20k-05809,unused_pool
train20k-05830,train20k-05810,unused_pool
train20k-05831,train20k-05811,unused_pool
train20k-05832,train20k-05812,unused_pool
train20k-05833,train20k-05813,unused_pool
train20k-05834,train20k-05814,unused_pool
train20k-05835,train20k-05815,unused_pool
train20k-05836,train20k-05816,unused_pool
train20k-05837,train20k-05817,unused_pool
train20k-05838,train20k-05818,unused_pool
train20k-05839,train20k-05819,unused_pool
train20k-05840,train20k-05820,unused_pool
train20k-05841,train20k-05821,unused_pool
train20k-05842,train20k-05822,unused_pool
train20k-05843,train20k-05823,unused_pool
train20k-05844,train20k-05824,unused_pool
train20k-05845,train20k-05825,unused_pool
train20k-05846,train20k-05826,unused_pool
train20k-05847,train20k-05827,unused_pool
train20k-05848,train20k-05828,unused_pool
train20k-05849,train20k-05829,unused_pool
train20k-05850,train20k-05830,unused_pool
train20k-05851,train20k-05831,unused_pool
train20k-05852,train20k-05832,unused_pool
train20k-05853,train20k-05833,unused_pool
train20k-05854,train20k-05834,unused_pool
train20k-05855,train20k-05835,unused_pool
train20k-05856,train20k-05836,unused_pool
train20k-05857,train20k-05837,unused_pool
train20k-05858,train20k-05838,unused_pool
train20k-05859,train20k-05839,unused_pool
train20k-05860,train20k-05840,unused_pool
train20k-05861,train20k-05841,unused_pool
train20k-05862,train20k-05842,unused_pool
train20k-05863,train20k-05843,unused_pool
train20k-05864,train20k-05844,unused_pool
train20k-05865,train20k-05845,unused_pool
train20k-05866,train20k-05846,unused_pool
train20k-05867,train20k-05847,unused_pool
train20k-05868,train20k-05848,unused_pool
train20k-05869,train20k-05849,unused_pool
train20k-05870,train20k-05850,unused_pool
train20k-05871,train20k-05851,unused_pool
train20k-05872,train20k-05852,unused_pool
train20k-05873,train20k-05853,unused_pool
train20k-05874,train20k-05854,unused_pool
train20k-05875,train20k-05855,unused_pool
train20k-05876,train20k-05856,unused_pool
train20k-05877,train20k-05857,unused_pool
train20k-05878,train20k-05858,unused_pool
train20k-05879,train20k-05859,unused_pool
train20k-05880,train20k-05860,unused_pool
train20k-05881,train20k-05861,unused_pool
train20k-05882,train20k-05862,unused_pool
train20k-05883,train20k-05863,unused_pool
train20k-05884,train20k-05864,unused_pool
train20k-05885,train20k-05865,unused_pool
train20k-05886,train20k-05866,unused_pool
train20k-05887,train20k-05867,unused_pool
train20k-05888,train20k-05868,unused_pool
train20k-05889,train20k-05869,unused_pool
train20k-05890,train20k-05870,unused_pool
train20k-05891,train20k-05871,unused_pool
train20k-05892,train20k-05872,unused_pool
train20k-05893,train20k-05873,unused_pool
train20k-05894,train20k-05874,unused_pool
train20k-05895,train20k-05875,unused_pool
train20k-05896,train20k-05876,unused_pool
train20k-05897,train20k-05877,unused_pool
train20k-05898,train20k-05878,unused_pool
train20k-05899,train20k-05879,unused_pool
train20k-05900,train20k-05880,unused_pool
train20k-05901,train20k-05881,unused_pool
train20k-05902,train20k-05882,unused_pool
train20k-05903,train20k-05883,unused_pool
train20k-05904,train20k-05884,unused_pool
train20k-05905,train20k-05885,unused_pool
train20k-05906,train20k-05886,unused_pool
train20k-05907,train20k-05887,unused_pool
train20k-05908,train20k-05888,unused_pool
train20k-05909,train20k-05889,unused_pool
train20k-05910,train20k-05890,unused_pool
train20k-05911,train20k-05891,unused_pool
train20k-05912,train20k-05892,unused_pool
train20k-05913,train20k-05893,unused_pool
train20k-05914,train20k-05894,unused_pool
train20k-05915,train20k-05895,unused_pool
train20k-05916,train20k-05896,unused_pool
train20k-05917,train20k-05897,unused_pool
train20k-05918,train20k-05898,unused_pool
train20k-05919,train20k-05899,unused_pool
train20k-05920,train20k-05900,unused_pool
train20k-05921,train20k-05901,unused_pool
train20k-05922,train20k-05902,unused_pool
train20k-05923,train20k-05903,unused_pool
train20k-05924,train20k-05904,unused_pool
train20k-05925,train20k-05905,unused_pool
train20k-05926,train20k-05906,unused_pool
train20k-05927,train20k-05907,unused_pool
train20k-05928,train20k-05908,unused_pool
train20k-05929,train20k-05909,unused_pool
train20k-05930,train20k-05910,unused_pool
train20k-05931,train20k-05911,unused_pool
train20k-05932,train20k-05912,unused_pool
train20k-05933,train20k-05913,unused_pool
train20k-05934,train20k-05914,unused_pool
train20k-05935,train20k-05915,unused_pool
train20k-05936,train20k-05916,unused_pool
train20k-05937,train20k-05917,unused_pool
train20k-05938,train20k-05918,unused_pool
train20k-05939,train20k-05919,unused_pool
train20k-05940,train20k-05920,unused_pool
train20k-05941,train20k-05921,unused_pool
train20k-05942,train20k-05922,unused_pool
train20k-05943,train20k-05923,unused_pool
train20k-05944,train20k-05924,unused_pool
train20k-05945,train20k-05925,unused_pool
train20k-05946,train20k-05926,unused_pool
train20k-05947,train20k-05927,unused_pool
train20k-05948,train20k-05928,unused_pool
train20k-05949,train20k-05929,unused_pool
train20k-05950,train20k-05930,unused_pool
train20k-05951,train20k-05931,unused_pool
train20k-05952,train20k-05932,unused_pool
train20k-05953,train20k-05933,unused_pool
train20k-05954,train20k-05934,unused_pool
train20k-05955,train20k-05935,unused_pool
train20k-05956,train20k-05936,unused_pool
train20k-05957,train20k-05937,unused_pool
train20k-05958,train20k-05938,unused_pool
train20k-05959,train20k-05939,unused_pool
train20k-05960,train20k-05940,unused_pool
train20k-05961,train20k-05941,unused_pool
train20k-05962,train20k-05942,unused_pool
train20k-05963,train20k-05943,unused_pool
train20k-05964,train20k-05944,unused_pool
train20k-05965,train20k-05945,unused_pool
train20k-05966,train20k-05946,unused_pool
train20k-05967,train20k-05947,unused_pool
train20k-05968,train20k-05948,unused_pool
train20k-05969,train20k-05949,unused_pool
train20k-05970,train20k-05950,unused_pool
train20k-05971,train20k-05951,unused_pool
train20k-05972,train20k-05952,unused_pool
train20k-05973,train20k-05953,unused_pool
train20k-05974,train20k-05954,unused_pool
train20k-05975,train20k-05955,unused_pool
train20k-05976,train20k-05956,unused_pool
train20k-05977,train20k-05957,unused_pool
train20k-05978,train20k-05958,unused_pool
train20k-05979,train20k-05959,unused_pool
train20k-05980,train20k-05960,unused_pool
train20k-05981,train20k-05961,unused_pool
train20k-05982,train20k-05962,unused_pool
train20k-05983,train20k-05963,unused_pool
train20k-05984,train20k-05964,unused_pool
train20k-05985,train20k-05965,unused_pool
train20k-05986,train20k-05966,unused_pool
train20k-05987,train20k-05967,unused_pool
train20k-05988,train20k-05968,unused_pool
train20k-05989,train20k-05969,unused_pool
train20k-05990,train20k-05970,unused_pool
train20k-05991,train20k-05971,unused_pool
train20k-05992,train20k-05972,unused_pool
train20k-05993,train20k-05973,unused_pool
train20k-05994,train20k-05974,unused_pool
train20k-05995,train20k-05975,unused_pool
train20k-05996,train20k-05976,unused_pool
train20k-05997,train20k-05977,unused_pool
train20k-05998,train20k-05978,unused_pool
train20k-05999,train20k-05979,unused_pool
train20k-06000,train20k-05980,unused_pool
train20k-06001,train20k-05981,unused_pool
train20k-06002,train20k-05982,unused_pool
train20k-06003,train20k-05983,unused_pool
train20k-06004,train20k-05984,unused_pool
train20k-06005,train20k-05985,unused_pool
train20k-06006,train20k-05986,unused_pool
train20k-06007,train20k-05987,unused_pool
train20k-06008,train20k-05988,unused_pool
train20k-06009,train20k-05989,unused_pool
train20k-06010,train20k-05990,unused_pool
train20k-06011,train20k-05991,unused_pool
train20k-06013,train20k-05992,unused_pool
train20k-06014,train20k-05993,unused_pool
train20k-06015,train20k-05994,unused_pool
train20k-06016,train20k-05995,unused_pool
train20k-06017,train20k-05996,unused_pool
train20k-06018,train20k-05997,unused_pool
train20k-06019,train20k-05998,unused_pool
train20k-06020,train20k-05999,unused_pool
train20k-06021,train20k-06000,unused_pool
train20k-06022,train20k-06001,unused_pool
train20k-06023,train20k-06002,unused_pool
train20k-06024,train20k-06003,unused_pool
train20k-06025,train20k-06004,unused_pool
train20k-06026,train20k-06005,unused_pool
train20k-06027,train20k-06006,unused_pool
train20k-06028,train20k-06007,unused_pool
train20k-06029,train20k-06008,unused_pool
train20k-06030,train20k-06009,unused_pool
train20k-06031,train20k-06010,unused_pool
train20k-06032,train20k-06011,unused_pool
train20k-06033,train20k-06012,unused_pool
train20k-06034,train20k-06013,unused_pool
train20k-06035,train20k-06014,unused_pool
train20k-06036,train20k-06015,unused_pool
train20k-06037,train20k-06016,unused_pool
train20k-06038,train20k-06017,unused_pool
train20k-06039,train20k-06018,unused_pool
train20k-06040,train20k-06019,unused_pool
train20k-06041,train20k-06020,unused_pool
train20k-06042,train20k-06021,unused_pool
train20k-06043,train20k-06022,unused_pool
train20k-06044,train20k-06023,unused_pool
train20k-06045,train20k-06024,unused_pool
train20k-06046,train20k-06025,unused_pool
train20k-06047,train20k-06026,unused_pool
train20k-06048,train20k-06027,unused_pool
train20k-06049,train20k-06028,unused_pool
train20k-06050,train20k-06029,unused_pool
train20k-06051,train20k-06030,unused_pool
train20k-06052,train20k-06031,unused_pool
train20k-06053,train20k-06032,unused_pool
train20k-06054,train20k-06033,unused_pool
train20k-06055,train20k-06034,unused_pool
train20k-06056,train20k-06035,unused_pool
train20k-06057,train20k-06036,unused_pool
train20k-06058,train20k-06037,unused_pool
train20k-06059,train20k-06038,unused_pool
train20k-06060,train20k-06039,unused_pool
train20k-06061,train20k-06040,unused_pool
train20k-06062,train20k-06041,unused_pool
train20k-06063,train20k-06042,unused_pool
train20k-06064,train20k-06043,unused_pool
train20k-06065,train20k-06044,unused_pool
train20k-06066,train20k-06045,unused_pool
train20k-06067,train20k-06046,unused_pool
train20k-06068,train20k-06047,unused_pool
train20k-06069,train20k-06048,unused_pool
train20k-06070,train20k-06049,unused_pool
train20k-06071,train20k-06050,unused_pool
train20k-06072,train20k-06051,unused_pool
train20k-06073,train20k-06052,unused_pool
train20k-06074,train20k-06053,unused_pool
train20k-06075,train20k-06054,unused_pool
train20k-06076,train20k-06055,unused_pool
train20k-06077,train20k-06056,unused_pool
train20k-06078,train20k-06057,unused_pool
train20k-06079,train20k-06058,unused_pool
train20k-06080,train20k-06059,unused_pool
train20k-06081,train20k-06060,unused_pool
train20k-06082,train20k-06061,unused_pool
train20k-06083,train20k-06062,unused_pool
train20k-06084,train20k-06063,unused_pool
train20k-06085,train20k-06064,unused_pool
train20k-06086,train20k-06065,unused_pool
train20k-06087,train20k-06066,unused_pool
train20k-06088,train20k-06067,unused_pool
train20k-06089,train20k-06068,unused_pool
train20k-06090,train20k-06069,unused_pool
train20k-06091,train20k-06070,unused_pool
train20k-06092,train20k-06071,unused_pool
train20k-06093,train20k-06072,unused_pool
train20k-06094,train20k-06073,unused_pool
train20k-06095,train20k-06074,unused_pool
train20k-06096,train20k-06075,unused_pool
train20k-06097,train20k-06076,unused_pool
train20k-06098,train20k-06077,unused_pool
train20k-06099,train20k-06078,unused_pool
train20k-06100,train20k-06079,unused_pool
train20k-06101,train20k-06080,unused_pool
train20k-06102,train20k-06081,unused_pool
train20k-06103,train20k-06082,unused_pool
train20k-06104,train20k-06083,unused_pool
train20k-06105,train20k-06084,unused_pool
train20k-06106,train20k-06085,unused_pool
train20k-06107,train20k-06086,unused_pool
train20k-06108,train20k-06087,unused_pool
train20k-06109,train20k-06088,unused_pool
train20k-06110,train20k-06089,unused_pool
train20k-06111,train20k-06090,unused_pool
train20k-06112,train20k-06091,unused_pool
train20k-06113,train20k-06092,unused_pool
train20k-06114,train20k-06093,unused_pool
train20k-06115,train20k-06094,unused_pool
train20k-06116,train20k-06095,unused_pool
train20k-06117,train20k-06096,unused_pool
train20k-06118,train20k-06097,unused_pool
train20k-06119,train20k-06098,unused_pool
train20k-06120,train20k-06099,unused_pool
train20k-06121,train20k-06100,unused_pool
train20k-06122,train20k-06101,unused_pool
train20k-06123,train20k-06102,unused_pool
train20k-06124,train20k-06103,unused_pool
train20k-06125,train20k-06104,unused_pool
train20k-06126,train20k-06105,unused_pool
train20k-06127,train20k-06106,unused_pool
train20k-06128,train20k-06107,unused_pool
train20k-06129,train20k-06108,unused_pool
train20k-06130,train20k-06109,unused_pool
train20k-06131,train20k-06110,unused_pool
train20k-06132,train20k-06111,unused_pool
train20k-06133,train20k-06112,unused_pool
train20k-06134,train20k-06113,unused_pool
train20k-06135,train20k-06114,unused_pool
train20k-06136,train20k-06115,unused_pool
train20k-06137,train20k-06116,unused_pool
train20k-06138,train20k-06117,unused_pool
train20k-06139,train20k-06118,unused_pool
train20k-06140,train20k-06119,unused_pool
train20k-06141,train20k-06120,unused_pool
train20k-06142,train20k-06121,unused_pool
train20k-06143,train20k-06122,unused_pool
train20k-06144,train20k-06123,unused_pool
train20k-06145,train20k-06124,unused_pool
train20k-06146,train20k-06125,unused_pool
train20k-06147,train20k-06126,unused_pool
train20k-06148,train20k-06127,unused_pool
train20k-06149,train20k-06128,unused_pool
train20k-06150,train20k-06129,unused_pool
train20k-06151,train20k-06130,unused_pool
train20k-06152,train20k-06131,unused_pool
train20k-06153,train20k-06132,unused_pool
train20k-06154,train20k-06133,unused_pool
train20k-06155,train20k-06134,unused_pool
train20k-06156,train20k-06135,unused_pool
train20k-06157,train20k-06136,unused_pool
train20k-06158,train20k-06137,unused_pool
train20k-06159,train20k-06138,unused_pool
train20k-06160,train20k-06139,unused_pool
train20k-06161,train20k-06140,unused_pool
train20k-06162,train20k-06141,unused_pool
train20k-06163,train20k-06142,unused_pool
train20k-06164,train20k-06143,unused_pool
train20k-06165,train20k-06144,unused_pool
train20k-06166,train20k-06145,unused_pool
train20k-06167,train20k-06146,unused_pool
train20k-06168,train20k-06147,unused_pool
train20k-06169,train20k-06148,unused_pool
train20k-06170,train20k-06149,unused_pool
train20k-06171,train20k-06150,unused_pool
train20k-06172,train20k-06151,unused_pool
train20k-06173,train20k-06152,unused_pool
train20k-06174,train20k-06153,unused_pool
train20k-06175,train20k-06154,unused_pool
train20k-06176,train20k-06155,unused_pool
train20k-06177,train20k-06156,unused_pool
train20k-06178,train20k-06157,unused_pool
train20k-06179,train20k-06158,unused_pool
train20k-06180,train20k-06159,unused_pool
train20k-06181,train20k-06160,unused_pool
train20k-06182,train20k-06161,unused_pool
train20k-06183,train20k-06162,unused_pool
train20k-06184,train20k-06163,unused_pool
train20k-06185,train20k-06164,unused_pool
train20k-06186,train20k-06165,unused_pool
train20k-06187,train20k-06166,unused_pool
train20k-06188,train20k-06167,unused_pool
train20k-06189,train20k-06168,unused_pool
train20k-06190,train20k-06169,unused_pool
train20k-06191,train20k-06170,unused_pool
train20k-06192,train20k-06171,unused_pool
train20k-06193,train20k-06172,unused_pool
train20k-06194,train20k-06173,unused_pool
train20k-06195,train20k-06174,unused_pool
train20k-06196,train20k-06175,unused_pool
train20k-06197,train20k-06176,unused_pool
train20k-06198,train20k-06177,unused_pool
train20k-06199,train20k-06178,unused_pool
train20k-06200,train20k-06179,unused_pool
train20k-06201,train20k-06180,unused_pool
train20k-06202,train20k-06181,unused_pool
train20k-06203,train20k-06182,unused_pool
train20k-06204,train20k-06183,unused_pool
train20k-06205,train20k-06184,unused_pool
train20k-06206,train20k-06185,unused_pool
train20k-06207,train20k-06186,unused_pool
train20k-06208,train20k-06187,unused_pool
train20k-06209,train20k-06188,unused_pool
train20k-06210,train20k-06189,unused_pool
train20k-06211,train20k-06190,unused_pool
train20k-06212,train20k-06191,unused_pool
train20k-06213,train20k-06192,unused_pool
train20k-06214,train20k-06193,unused_pool
train20k-06215,train20k-06194,unused_pool
train20k-06216,train20k-06195,unused_pool
train20k-06217,train20k-06196,unused_pool
train20k-06218,train20k-06197,unused_pool
train20k-06219,train20k-06198,unused_pool
train20k-06220,train20k-06199,unused_pool
train20k-06221,train20k-06200,unused_pool
train20k-06222,train20k-06201,unused_pool
train20k-06223,train20k-06202,unused_pool
train20k-06224,train20k-06203,unused_pool
train20k-06225,train20k-06204,unused_pool
train20k-06226,train20k-06205,unused_pool
train20k-06227,train20k-06206,unused_pool
train20k-06228,train20k-06207,unused_pool
train20k-06229,train20k-06208,unused_pool
train20k-06230,train20k-06209,unused_pool
train20k-06231,train20k-06210,unused_pool
train20k-06232,train20k-06211,unused_pool
train20k-06233,train20k-06212,unused_pool
train20k-06234,train20k-06213,unused_pool
train20k-06235,train20k-06214,unused_pool
train20k-06236,train20k-06215,unused_pool
train20k-06237,train20k-06216,unused_pool
train20k-06238,train20k-06217,unused_pool
train20k-06239,train20k-06218,unused_pool
train20k-06240,train20k-06219,unused_pool
train20k-06241,train20k-06220,unused_pool
train20k-06242,train20k-06221,unused_pool
train20k-06243,train20k-06222,unused_pool
train20k-06244,train20k-06223,unused_pool
train20k-06245,train20k-06224,unused_pool
train20k-06246,train20k-06225,unused_pool
train20k-06247,train20k-06226,unused_pool
train20k-06248,train20k-06227,unused_pool
train20k-06249,train20k-06228,unused_pool
train20k-06250,train20k-06229,unused_pool
train20k-06251,train20k-06230,unused_pool
train20k-06252,train20k-06231,unused_pool
train20k-06253,train20k-06232,unused_pool
train20k-06254,train20k-06233,unused_pool
train20k-06255,train20k-06234,unused_pool
train20k-06256,train20k-06235,unused_pool
train20k-06257,train20k-06236,unused_pool
train20k-06258,train20k-06237,unused_pool
train20k-06259,train20k-06238,unused_pool
train20k-06261,train20k-06239,unused_pool
train20k-06262,train20k-06240,unused_pool
train20k-06263,train20k-06241,unused_pool
train20k-06264,train20k-06242,unused_pool
train20k-06265,train20k-06243,unused_pool
train20k-06266,train20k-06244,unused_pool
train20k-06267,train20k-06245,unused_pool
train20k-06268,train20k-06246,unused_pool
train20k-06269,train20k-06247,unused_pool
train20k-06270,train20k-06248,unused_pool
train20k-06271,train20k-06249,unused_pool
train20k-06272,train20k-06250,unused_pool
train20k-06273,train20k-06251,unused_pool
train20k-06274,train20k-06252,unused_pool
train20k-06275,train20k-06253,unused_pool
train20k-06276,train20k-06254,unused_pool
train20k-06277,train20k-06255,unused_pool
train20k-06278,train20k-06256,unused_pool
train20k-06279,train20k-06257,unused_pool
train20k-06280,train20k-06258,unused_pool
train20k-06281,train20k-06259,unused_pool
train20k-06282,train20k-06260,unused_pool
train20k-06283,train20k-06261,unused_pool
train20k-06284,train20k-06262,unused_pool
train20k-06285,train20k-06263,unused_pool
train20k-06286,train20k-06264,unused_pool
train20k-06287,train20k-06265,unused_pool
train20k-06288,train20k-06266,unused_pool
train20k-06289,train20k-06267,unused_pool
train20k-06290,train20k-06268,unused_pool
train20k-06291,train20k-06269,unused_pool
train20k-06292,train20k-06270,unused_pool
train20k-06293,train20k-06271,unused_pool
train20k-06294,train20k-06272,unused_pool
train20k-06295,train20k-06273,unused_pool
train20k-06296,train20k-06274,unused_pool
train20k-06297,train20k-06275,unused_pool
train20k-06298,train20k-06276,unused_pool
train20k-06299,train20k-06277,unused_pool
train20k-06300,train20k-06278,unused_pool
train20k-06301,train20k-06279,unused_pool
train20k-06302,train20k-06280,unused_pool
train20k-06303,train20k-06281,unused_pool
train20k-06304,train20k-06282,unused_pool
train20k-06305,train20k-06283,unused_pool
train20k-06306,train20k-06284,unused_pool
train20k-06307,train20k-06285,unused_pool
train20k-06308,train20k-06286,unused_pool
train20k-06309,train20k-06287,unused_pool
train20k-06310,train20k-06288,unused_pool
train20k-06311,train20k-06289,unused_pool
train20k-06312,train20k-06290,unused_pool
train20k-06313,train20k-06291,unused_pool
train20k-06314,train20k-06292,unused_pool
train20k-06315,train20k-06293,unused_pool
train20k-06316,train20k-06294,unused_pool
train20k-06317,train20k-06295,unused_pool
train20k-06318,train20k-06296,unused_pool
train20k-06319,train20k-06297,unused_pool
train20k-06320,train20k-06298,unused_pool
train20k-06321,train20k-06299,unused_pool
train20k-06322,train20k-06300,unused_pool
train20k-06323,train20k-06301,unused_pool
train20k-06324,train20k-06302,unused_pool
train20k-06325,train20k-06303,unused_pool
train20k-06326,train20k-06304,unused_pool
train20k-06327,train20k-06305,unused_pool
train20k-06328,train20k-06306,unused_pool
train20k-06329,train20k-06307,unused_pool
train20k-06330,train20k-06308,unused_pool
train20k-06331,train20k-06309,unused_pool
train20k-06332,train20k-06310,unused_pool
train20k-06333,train20k-06311,unused_pool
train20k-06334,train20k-06312,unused_pool
train20k-06335,train20k-06313,unused_pool
train20k-06336,train20k-06314,unused_pool
train20k-06337,train20k-06315,unused_pool
train20k-06338,train20k-06316,unused_pool
train20k-06339,train20k-06317,unused_pool
train20k-06340,train20k-06318,unused_pool
train20k-06341,train20k-06319,unused_pool
train20k-06342,train20k-06320,unused_pool
train20k-06343,train20k-06321,unused_pool
train20k-06344,train20k-06322,unused_pool
train20k-06345,train20k-06323,unused_pool
train20k-06346,train20k-06324,unused_pool
train20k-06347,train20k-06325,unused_pool
train20k-06348,train20k-06326,unused_pool
train20k-06349,train20k-06327,unused_pool
train20k-06350,train20k-06328,unused_pool
train20k-06351,train20k-06329,unused_pool
train20k-06352,train20k-06330,unused_pool
train20k-06353,train20k-06331,unused_pool
train20k-06354,train20k-06332,unused_pool
train20k-06355,train20k-06333,unused_pool
train20k-06356,train20k-06334,unused_pool
train20k-06357,train20k-06335,unused_pool
train20k-06358,train20k-06336,unused_pool
train20k-06359,train20k-06337,unused_pool
train20k-06360,train20k-06338,unused_pool
train20k-06361,train20k-06339,unused_pool
train20k-06362,train20k-06340,unused_pool
train20k-06363,train20k-06341,unused_pool
train20k-06364,train20k-06342,unused_pool
train20k-06365,train20k-06343,unused_pool
train20k-06366,train20k-06344,unused_pool
train20k-06367,train20k-06345,unused_pool
train20k-06368,train20k-06346,unused_pool
train20k-06369,train20k-06347,unused_pool
train20k-06370,train20k-06348,unused_pool
train20k-06371,train20k-06349,unused_pool
train20k-06372,train20k-06350,unused_pool
train20k-06373,train20k-06351,unused_pool
train20k-06374,train20k-06352,unused_pool
train20k-06375,train20k-06353,unused_pool
train20k-06376,train20k-06354,unused_pool
train20k-06377,train20k-06355,unused_pool
train20k-06378,train20k-06356,unused_pool
train20k-06379,train20k-06357,unused_pool
train20k-06380,train20k-06358,unused_pool
train20k-06381,train20k-06359,unused_pool
train20k-06382,train20k-06360,unused_pool
train20k-06383,train20k-06361,unused_pool
train20k-06384,train20k-06362,unused_pool
train20k-06385,train20k-06363,unused_pool
train20k-06386,train20k-06364,unused_pool
train20k-06387,train20k-06365,unused_pool
train20k-06388,train20k-06366,unused_pool
train20k-06389,train20k-06367,unused_pool
train20k-06390,train20k-06368,unused_pool
train20k-06391,train20k-06369,unused_pool
train20k-06392,train20k-06370,unused_pool
train20k-06393,train20k-06371,unused_pool
train20k-06394,train20k-06372,unused_pool
train20k-06395,train20k-06373,unused_pool
train20k-06396,train20k-06374,unused_pool
train20k-06397,train20k-06375,unused_pool
train20k-06398,train20k-06376,unused_pool
train20k-06399,train20k-06377,unused_pool
train20k-06400,train20k-06378,unused_pool
train20k-06401,train20k-06379,unused_pool
train20k-06402,train20k-06380,unused_pool
train20k-06403,train20k-06381,unused_pool
train20k-06404,train20k-06382,unused_pool
train20k-06405,train20k-06383,unused_pool
train20k-06406,train20k-06384,unused_pool
train20k-06407,train20k-06385,unused_pool
train20k-06408,train20k-06386,unused_pool
train20k-06409,train20k-06387,unused_pool
train20k-06410,train20k-06388,unused_pool
train20k-06411,train20k-06389,unused_pool
train20k-06412,train20k-06390,unused_pool
train20k-06413,train20k-06391,unused_pool
train20k-06414,train20k-06392,unused_pool
train20k-06415,train20k-06393,unused_pool
train20k-06416,train20k-06394,unused_pool
train20k-06417,train20k-06395,unused_pool
train20k-06418,train20k-06396,unused_pool
train20k-06419,train20k-06397,unused_pool
train20k-06420,train20k-06398,unused_pool
train20k-06421,train20k-06399,unused_pool
train20k-06422,train20k-06400,unused_pool
train20k-06423,train20k-06401,unused_pool
train20k-06424,train20k-06402,unused_pool
train20k-06425,train20k-06403,unused_pool
train20k-06426,train20k-06404,unused_pool
train20k-06427,train20k-06405,unused_pool
train20k-06429,train20k-06406,unused_pool
train20k-06430,train20k-06407,unused_pool
train20k-06431,train20k-06408,unused_pool
train20k-06432,train20k-06409,unused_pool
train20k-06433,train20k-06410,unused_pool
train20k-06434,train20k-06411,unused_pool
train20k-06435,train20k-06412,unused_pool
train20k-06436,train20k-06413,unused_pool
train20k-06437,train20k-06414,unused_pool
train20k-06438,train20k-06415,unused_pool
train20k-06439,train20k-06416,unused_pool
train20k-06440,train20k-06417,unused_pool
train20k-06441,train20k-06418,unused_pool
train20k-06442,train20k-06419,unused_pool
train20k-06443,train20k-06420,unused_pool
train20k-06444,train20k-06421,unused_pool
train20k-06445,train20k-06422,unused_pool
train20k-06446,train20k-06423,unused_pool
train20k-06447,train20k-06424,unused_pool
train20k-06448,train20k-06425,unused_pool
train20k-06449,train20k-06426,unused_pool
train20k-06450,train20k-06427,unused_pool
train20k-06451,train20k-06428,unused_pool
train20k-06452,train20k-06429,unused_pool
train20k-06453,train20k-06430,unused_pool
train20k-06454,train20k-06431,unused_pool
train20k-06455,train20k-06432,unused_pool
train20k-06456,train20k-06433,unused_pool
train20k-06457,train20k-06434,unused_pool
train20k-06458,train20k-06435,unused_pool
train20k-06459,train20k-06436,unused_pool
train20k-06460,train20k-06437,unused_pool
train20k-06461,train20k-06438,unused_pool
train20k-06462,train20k-06439,unused_pool
train20k-06463,train20k-06440,unused_pool
train20k-06464,train20k-06441,unused_pool
train20k-06465,train20k-06442,unused_pool
train20k-06466,train20k-06443,unused_pool
train20k-06467,train20k-06444,unused_pool
train20k-06468,train20k-06445,unused_pool
train20k-06469,train20k-06446,unused_pool
train20k-06470,train20k-06447,unused_pool
train20k-06471,train20k-06448,unused_pool
train20k-06472,train20k-06449,unused_pool
train20k-06473,train20k-06450,unused_pool
train20k-06474,train20k-06451,unused_pool
train20k-06475,train20k-06452,unused_pool
train20k-06476,train20k-06453,unused_pool
train20k-06477,train20k-06454,unused_pool
train20k-06478,train20k-06455,unused_pool
train20k-06479,train20k-06456,unused_pool
train20k-06480,train20k-06457,unused_pool
train20k-06481,train20k-06458,unused_pool
train20k-06482,train20k-06459,unused_pool
train20k-06483,train20k-06460,unused_pool
train20k-06484,train20k-06461,unused_pool
train20k-06485,train20k-06462,unused_pool
train20k-06486,train20k-06463,unused_pool
train20k-06487,train20k-06464,unused_pool
train20k-06488,train20k-06465,unused_pool
train20k-06489,train20k-06466,unused_pool
train20k-06490,train20k-06467,unused_pool
train20k-06491,train20k-06468,unused_pool
train20k-06492,train20k-06469,unused_pool
train20k-06493,train20k-06470,unused_pool
train20k-06494,train20k-06471,unused_pool
train20k-06495,train20k-06472,unused_pool
train20k-06496,train20k-06473,unused_pool
train20k-06497,train20k-06474,unused_pool
train20k-06498,train20k-06475,unused_pool
train20k-06499,train20k-06476,unused_pool
train20k-06500,train20k-06477,unused_pool
train20k-06501,train20k-06478,unused_pool
train20k-06502,train20k-06479,unused_pool
train20k-06503,train20k-06480,unused_pool
train20k-06504,train20k-06481,unused_pool
train20k-06505,train20k-06482,unused_pool
train20k-06506,train20k-06483,unused_pool
train20k-06507,train20k-06484,unused_pool
train20k-06508,train20k-06485,unused_pool
train20k-06509,train20k-06486,unused_pool
train20k-06510,train20k-06487,unused_pool
train20k-06511,train20k-06488,unused_pool
train20k-06512,train20k-06489,unused_pool
train20k-06513,train20k-06490,unused_pool
train20k-06514,train20k-06491,unused_pool
train20k-06515,train20k-06492,unused_pool
train20k-06516,train20k-06493,unused_pool
train20k-06517,train20k-06494,unused_pool
train20k-06518,train20k-06495,unused_pool
train20k-06519,train20k-06496,unused_pool
train20k-06520,train20k-06497,unused_pool
train20k-06521,train20k-06498,unused_pool
train20k-06522,train20k-06499,unused_pool
train20k-06523,train20k-06500,unused_pool
train20k-06524,train20k-06501,unused_pool
train20k-06525,train20k-06502,unused_pool
train20k-06526,train20k-06503,unused_pool
train20k-06527,train20k-06504,unused_pool
train20k-06528,train20k-06505,unused_pool
train20k-06529,train20k-06506,unused_pool
train20k-06530,train20k-06507,unused_pool
train20k-06531,train20k-06508,unused_pool
train20k-06532,train20k-06509,unused_pool
train20k-06533,train20k-06510,unused_pool
train20k-06534,train20k-06511,unused_pool
train20k-06535,train20k-06512,unused_pool
train20k-06536,train20k-06513,unused_pool
train20k-06537,train20k-06514,unused_pool
train20k-06538,train20k-06515,unused_pool
train20k-06539,train20k-06516,unused_pool
train20k-06540,train20k-06517,unused_pool
train20k-06541,train20k-06518,unused_pool
train20k-06542,train20k-06519,unused_pool
train20k-06543,train20k-06520,unused_pool
train20k-06544,train20k-06521,unused_pool
train20k-06545,train20k-06522,unused_pool
train20k-06546,train20k-06523,unused_pool
train20k-06547,train20k-06524,unused_pool
train20k-06548,train20k-06525,unused_pool
train20k-06549,train20k-06526,unused_pool
train20k-06550,train20k-06527,unused_pool
train20k-06551,train20k-06528,unused_pool
train20k-06552,train20k-06529,unused_pool
train20k-06553,train20k-06530,unused_pool
train20k-06554,train20k-06531,unused_pool
train20k-06555,train20k-06532,unused_pool
train20k-06556,train20k-06533,unused_pool
train20k-06557,train20k-06534,unused_pool
train20k-06558,train20k-06535,unused_pool
train20k-06559,train20k-06536,unused_pool
train20k-06560,train20k-06537,unused_pool
train20k-06561,train20k-06538,unused_pool
train20k-06562,train20k-06539,unused_pool
train20k-06563,train20k-06540,unused_pool
train20k-06564,train20k-06541,unused_pool
train20k-06565,train20k-06542,unused_pool
train20k-06566,train20k-06543,unused_pool
train20k-06567,train20k-06544,unused_pool
train20k-06568,train20k-06545,unused_pool
train20k-06569,train20k-06546,unused_pool
train20k-06570,train20k-06547,unused_pool
train20k-06571,train20k-06548,unused_pool
train20k-06572,train20k-06549,unused_pool
train20k-06573,train20k-06550,unused_pool
train20k-06574,train20k-06551,unused_pool
train20k-06575,train20k-06552,unused_pool
train20k-06576,train20k-06553,unused_pool
train20k-06577,train20k-06554,unused_pool
train20k-06578,train20k-06555,unused_pool
train20k-06579,train20k-06556,unused_pool
train20k-06580,train20k-06557,unused_pool
train20k-06581,train20k-06558,unused_pool
train20k-06582,train20k-06559,unused_pool
train20k-06583,train20k-06560,unused_pool
train20k-06584,train20k-06561,unused_pool
train20k-06585,train20k-06562,unused_pool
train20k-06586,train20k-06563,unused_pool
train20k-06587,train20k-06564,unused_pool
train20k-06588,train20k-06565,unused_pool
train20k-06589,train20k-06566,unused_pool
train20k-06590,train20k-06567,unused_pool
train20k-06591,train20k-06568,unused_pool
train20k-06592,train20k-06569,unused_pool
train20k-06593,train20k-06570,unused_pool
train20k-06594,train20k-06571,unused_pool
train20k-06595,train20k-06572,unused_pool
train20k-06596,train20k-06573,unused_pool
train20k-06597,train20k-06574,unused_pool
train20k-06598,train20k-06575,unused_pool
train20k-06599,train20k-06576,unused_pool
train20k-06600,train20k-06577,unused_pool
train20k-06601,train20k-06578,unused_pool
train20k-06602,train20k-06579,unused_pool
train20k-06603,train20k-06580,unused_pool
train20k-06604,train20k-06581,unused_pool
train20k-06605,train20k-06582,unused_pool
train20k-06606,train20k-06583,unused_pool
train20k-06607,train20k-06584,unused_pool
train20k-06608,train20k-06585,unused_pool
train20k-06609,train20k-06586,unused_pool
train20k-06610,train20k-06587,unused_pool
train20k-06611,train20k-06588,unused_pool
train20k-06612,train20k-06589,unused_pool
train20k-06613,train20k-06590,unused_pool
train20k-06614,train20k-06591,unused_pool
train20k-06615,train20k-06592,unused_pool
train20k-06616,train20k-06593,unused_pool
train20k-06617,train20k-06594,unused_pool
train20k-06618,train20k-06595,unused_pool
train20k-06619,train20k-06596,unused_pool
train20k-06620,train20k-06597,unused_pool
train20k-06621,train20k-06598,unused_pool
train20k-06622,train20k-06599,unused_pool
train20k-06623,train20k-06600,unused_pool
train20k-06624,train20k-06601,unused_pool
train20k-06625,train20k-06602,unused_pool
train20k-06626,train20k-06603,unused_pool
train20k-06627,train20k-06604,unused_pool
train20k-06628,train20k-06605,unused_pool
train20k-06629,train20k-06606,unused_pool
train20k-06630,train20k-06607,unused_pool
train20k-06631,train20k-06608,unused_pool
train20k-06632,train20k-06609,unused_pool
train20k-06633,train20k-06610,unused_pool
train20k-06634,train20k-06611,unused_pool
train20k-06635,train20k-06612,unused_pool
train20k-06636,train20k-06613,unused_pool
train20k-06637,train20k-06614,unused_pool
train20k-06638,train20k-06615,unused_pool
train20k-06639,train20k-06616,unused_pool
train20k-06640,train20k-06617,unused_pool
train20k-06641,train20k-06618,unused_pool
train20k-06642,train20k-06619,unused_pool
train20k-06643,train20k-06620,unused_pool
train20k-06644,train20k-06621,unused_pool
train20k-06645,train20k-06622,unused_pool
train20k-06646,train20k-06623,unused_pool
train20k-06647,train20k-06624,unused_pool
train20k-06648,train20k-06625,unused_pool
train20k-06649,train20k-06626,unused_pool
train20k-06650,train20k-06627,unused_pool
train20k-06651,train20k-06628,unused_pool
train20k-06652,train20k-06629,unused_pool
train20k-06653,train20k-06630,unused_pool
train20k-06654,train20k-06631,unused_pool
train20k-06655,train20k-06632,unused_pool
train20k-06656,train20k-06633,unused_pool
train20k-06657,train20k-06634,unused_pool
train20k-06658,train20k-06635,unused_pool
train20k-06659,train20k-06636,unused_pool
train20k-06660,train20k-06637,unused_pool
train20k-06661,train20k-06638,unused_pool
train20k-06662,train20k-06639,unused_pool
train20k-06663,train20k-06640,unused_pool
train20k-06664,train20k-06641,unused_pool
train20k-06665,train20k-06642,unused_pool
train20k-06666,train20k-06643,unused_pool
train20k-06667,train20k-06644,unused_pool
train20k-06668,train20k-06645,unused_pool
train20k-06669,train20k-06646,unused_pool
train20k-06670,train20k-06647,unused_pool
train20k-06671,train20k-06648,unused_pool
train20k-06672,train20k-06649,unused_pool
train20k-06673,train20k-06650,unused_pool
train20k-06674,train20k-06651,unused_pool
train20k-06675,train20k-06652,unused_pool
train20k-06676,train20k-06653,unused_pool
train20k-06677,train20k-06654,unused_pool
train20k-06678,train20k-06655,unused_pool
train20k-06679,train20k-06656,unused_pool
train20k-06680,train20k-06657,unused_pool
train20k-06681,train20k-06658,unused_pool
train20k-06682,train20k-06659,unused_pool
train20k-06683,train20k-06660,unused_pool
train20k-06684,train20k-06661,unused_pool
train20k-06685,train20k-06662,unused_pool
train20k-06686,train20k-06663,unused_pool
train20k-06687,train20k-06664,unused_pool
train20k-06688,train20k-06665,unused_pool
train20k-06689,train20k-06666,unused_pool
train20k-06690,train20k-06667,unused_pool
train20k-06691,train20k-06668,unused_pool
train20k-06692,train20k-06669,unused_pool
train20k-06693,train20k-06670,unused_pool
train20k-06694,train20k-06671,unused_pool
train20k-06695,train20k-06672,unused_pool
train20k-06696,train20k-06673,unused_pool
train20k-06697,train20k-06674,unused_pool
train20k-06698,train20k-06675,unused_pool
train20k-06699,train20k-06676,unused_pool
train20k-06700,train20k-06677,unused_pool
train20k-06701,train20k-06678,unused_pool
train20k-06702,train20k-06679,unused_pool
train20k-06703,train20k-06680,unused_pool
train20k-06704,train20k-06681,unused_pool
train20k-06705,train20k-06682,unused_pool
train20k-06706,train20k-06683,unused_pool
train20k-06707,train20k-06684,unused_pool
train20k-06708,train20k-06685,unused_pool
train20k-06709,train20k-06686,unused_pool
train20k-06710,train20k-06687,unused_pool
train20k-06711,train20k-06688,unused_pool
train20k-06712,train20k-06689,unused_pool
train20k-06713,train20k-06690,unused_pool
train20k-06714,train20k-06691,unused_pool
train20k-06715,train20k-06692,unused_pool
train20k-06716,train20k-06693,unused_pool
train20k-06717,train20k-06694,unused_pool
train20k-06718,train20k-06695,unused_pool
train20k-06719,train20k-06696,unused_pool
train20k-06720,train20k-06697,unused_pool
train20k-06721,train20k-06698,unused_pool
train20k-06722,train20k-06699,unused_pool
train20k-06723,train20k-06700,unused_pool
train20k-06724,train20k-06701,unused_pool
train20k-06725,train20k-06702,unused_pool
train20k-06727,train20k-06703,unused_pool
train20k-06728,train20k-06704,unused_pool
train20k-06729,train20k-06705,unused_pool
train20k-06730,train20k-06706,unused_pool
train20k-06731,train20k-06707,unused_pool
train20k-06732,train20k-06708,unused_pool
train20k-06733,train20k-06709,unused_pool
train20k-06734,train20k-06710,unused_pool
train20k-06735,train20k-06711,unused_pool
train20k-06736,train20k-06712,unused_pool
train20k-06737,train20k-06713,unused_pool
train20k-06738,train20k-06714,unused_pool
train20k-06739,train20k-06715,unused_pool
train20k-06740,train20k-06716,unused_pool
train20k-06741,train20k-06717,unused_pool
train20k-06742,train20k-06718,unused_pool
train20k-06743,train20k-06719,unused_pool
train20k-06744,train20k-06720,unused_pool
train20k-06745,train20k-06721,unused_pool
train20k-06746,train20k-06722,unused_pool
train20k-06747,train20k-06723,unused_pool
train20k-06748,train20k-06724,unused_pool
train20k-06749,train20k-06725,unused_pool
train20k-06750,train20k-06726,unused_pool
train20k-06751,train20k-06727,unused_pool
train20k-06752,train20k-06728,unused_pool
train20k-06753,train20k-06729,unused_pool
train20k-06754,train20k-06730,unused_pool
train20k-06755,train20k-06731,unused_pool
train20k-06756,train20k-06732,unused_pool
train20k-06757,train20k-06733,unused_pool
train20k-06758,train20k-06734,unused_pool
train20k-06759,train20k-06735,unused_pool
train20k-06760,train20k-06736,unused_pool
train20k-06761,train20k-06737,unused_pool
train20k-06762,train20k-06738,unused_pool
train20k-06763,train20k-06739,unused_pool
train20k-06764,train20k-06740,unused_pool
train20k-06765,train20k-06741,unused_pool
train20k-06766,train20k-06742,unused_pool
train20k-06767,train20k-06743,unused_pool
train20k-06768,train20k-06744,unused_pool
train20k-06769,train20k-06745,unused_pool
train20k-06770,train20k-06746,unused_pool
train20k-06771,train20k-06747,unused_pool
train20k-06772,train20k-06748,unused_pool
train20k-06773,train20k-06749,unused_pool
train20k-06774,train20k-06750,unused_pool
train20k-06775,train20k-06751,unused_pool
train20k-06776,train20k-06752,unused_pool
train20k-06777,train20k-06753,unused_pool
train20k-06778,train20k-06754,unused_pool
train20k-06779,train20k-06755,unused_pool
train20k-06780,train20k-06756,unused_pool
train20k-06781,train20k-06757,unused_pool
train20k-06782,train20k-06758,unused_pool
train20k-06783,train20k-06759,unused_pool
train20k-06784,train20k-06760,unused_pool
train20k-06785,train20k-06761,unused_pool
train20k-06786,train20k-06762,unused_pool
train20k-06787,train20k-06763,unused_pool
train20k-06788,train20k-06764,unused_pool
train20k-06789,train20k-06765,unused_pool
train20k-06790,train20k-06766,unused_pool
train20k-06791,train20k-06767,unused_pool
train20k-06792,train20k-06768,unused_pool
train20k-06793,train20k-06769,unused_pool
train20k-06794,train20k-06770,unused_pool
train20k-06795,train20k-06771,unused_pool
train20k-06796,train20k-06772,unused_pool
train20k-06797,train20k-06773,unused_pool
train20k-06798,train20k-06774,unused_pool
train20k-06799,train20k-06775,unused_pool
train20k-06800,train20k-06776,unused_pool
train20k-06801,train20k-06777,unused_pool
train20k-06802,train20k-06778,unused_pool
train20k-06803,train20k-06779,unused_pool
train20k-06804,train20k-06780,unused_pool
train20k-06805,train20k-06781,unused_pool
train20k-06806,train20k-06782,unused_pool
train20k-06807,train20k-06783,unused_pool
train20k-06808,train20k-06784,unused_pool
train20k-06809,train20k-06785,unused_pool
train20k-06810,train20k-06786,unused_pool
train20k-06811,train20k-06787,unused_pool
train20k-06812,train20k-06788,unused_pool
train20k-06813,train20k-06789,unused_pool
train20k-06814,train20k-06790,unused_pool
train20k-06815,train20k-06791,unused_pool
train20k-06816,train20k-06792,unused_pool
train20k-06817,train20k-06793,unused_pool
train20k-06818,train20k-06794,unused_pool
train20k-06819,train20k-06795,unused_pool
train20k-06820,train20k-06796,unused_pool
train20k-06821,train20k-06797,unused_pool
train20k-06822,train20k-06798,unused_pool
train20k-06823,train20k-06799,unused_pool
train20k-06824,train20k-06800,unused_pool
train20k-06825,train20k-06801,unused_pool
train20k-06826,train20k-06802,unused_pool
train20k-06827,train20k-06803,unused_pool
train20k-06828,train20k-06804,unused_pool
train20k-06829,train20k-06805,unused_pool
train20k-06830,train20k-06806,unused_pool
train20k-06831,train20k-06807,unused_pool
train20k-06832,train20k-06808,unused_pool
train20k-06833,train20k-06809,unused_pool
train20k-06834,train20k-06810,unused_pool
train20k-06835,train20k-06811,unused_pool
train20k-06836,train20k-06812,unused_pool
train20k-06837,train20k-06813,unused_pool
train20k-06838,train20k-06814,unused_pool
train20k-06839,train20k-06815,unused_pool
train20k-06840,train20k-06816,unused_pool
train20k-06841,train20k-06817,unused_pool
train20k-06842,train20k-06818,unused_pool
train20k-06843,train20k-06819,unused_pool
train20k-06844,train20k-06820,unused_pool
train20k-06845,train20k-06821,unused_pool
train20k-06846,train20k-06822,unused_pool
train20k-06847,train20k-06823,unused_pool
train20k-06848,train20k-06824,unused_pool
train20k-06849,train20k-06825,unused_pool
train20k-06850,train20k-06826,unused_pool
train20k-06851,train20k-06827,unused_pool
train20k-06852,train20k-06828,unused_pool
train20k-06853,train20k-06829,unused_pool
train20k-06854,train20k-06830,unused_pool
train20k-06855,train20k-06831,unused_pool
train20k-06856,train20k-06832,unused_pool
train20k-06857,train20k-06833,unused_pool
train20k-06858,train20k-06834,unused_pool
train20k-06859,train20k-06835,unused_pool
train20k-06860,train20k-06836,unused_pool
train20k-06861,train20k-06837,unused_pool
train20k-06862,train20k-06838,unused_pool
train20k-06863,train20k-06839,unused_pool
train20k-06864,train20k-06840,unused_pool
train20k-06865,train20k-06841,unused_pool
train20k-06866,train20k-06842,unused_pool
train20k-06867,train20k-06843,unused_pool
train20k-06868,train20k-06844,unused_pool
train20k-06869,train20k-06845,unused_pool
train20k-06870,train20k-06846,unused_pool
train20k-06871,train20k-06847,unused_pool
train20k-06872,train20k-06848,unused_pool
train20k-06873,train20k-06849,unused_pool
train20k-06874,train20k-06850,unused_pool
train20k-06875,train20k-06851,unused_pool
train20k-06876,train20k-06852,unused_pool
train20k-06877,train20k-06853,unused_pool
train20k-06878,train20k-06854,unused_pool
train20k-06879,train20k-06855,unused_pool
train20k-06880,train20k-06856,unused_pool
train20k-06881,train20k-06857,unused_pool
train20k-06882,train20k-06858,unused_pool
train20k-06883,train20k-06859,unused_pool
train20k-06884,train20k-06860,unused_pool
train20k-06885,train20k-06861,unused_pool
train20k-06886,train20k-06862,unused_pool
train20k-06887,train20k-06863,unused_pool
train20k-06888,train20k-06864,unused_pool
train20k-06889,train20k-06865,unused_pool
train20k-06890,train20k-06866,unused_pool
train20k-06891,train20k-06867,unused_pool
train20k-06892,train20k-06868,unused_pool
train20k-06893,train20k-06869,unused_pool
train20k-06894,train20k-06870,unused_pool
train20k-06895,train20k-06871,unused_pool
train20k-06896,train20k-06872,unused_pool
train20k-06897,train20k-06873,unused_pool
train20k-06898,train20k-06874,unused_pool
train20k-06899,train20k-06875,unused_pool
train20k-06900,train20k-06876,unused_pool
train20k-06901,train20k-06877,unused_pool
train20k-06902,train20k-06878,unused_pool
train20k-06903,train20k-06879,unused_pool
train20k-06904,train20k-06880,unused_pool
train20k-06905,train20k-06881,unused_pool
train20k-06906,train20k-06882,unused_pool
train20k-06907,train20k-06883,unused_pool
train20k-06908,train20k-06884,unused_pool
train20k-06909,train20k-06885,unused_pool
train20k-06910,train20k-06886,unused_pool
train20k-06911,train20k-06887,unused_pool
train20k-06912,train20k-06888,unused_pool
train20k-06913,train20k-06889,unused_pool
train20k-06914,train20k-06890,unused_pool
train20k-06915,train20k-06891,unused_pool
train20k-06916,train20k-06892,unused_pool
train20k-06917,train20k-06893,unused_pool
train20k-06918,train20k-06894,unused_pool
train20k-06919,train20k-06895,unused_pool
train20k-06920,train20k-06896,unused_pool
train20k-06921,train20k-06897,unused_pool
train20k-06922,train20k-06898,unused_pool
train20k-06923,train20k-06899,unused_pool
train20k-06924,train20k-06900,unused_pool
train20k-06925,train20k-06901,unused_pool
train20k-06926,train20k-06902,unused_pool
train20k-06927,train20k-06903,unused_pool
train20k-06928,train20k-06904,unused_pool
train20k-06929,train20k-06905,unused_pool
train20k-06930,train20k-06906,unused_pool
train20k-06931,train20k-06907,unused_pool
train20k-06932,train20k-06908,unused_pool
train20k-06933,train20k-06909,unused_pool
train20k-06934,train20k-06910,unused_pool
train20k-06935,train20k-06911,unused_pool
train20k-06936,train20k-06912,unused_pool
train20k-06937,train20k-06913,unused_pool
train20k-06938,train20k-06914,unused_pool
train20k-06939,train20k-06915,unused_pool
train20k-06940,train20k-06916,unused_pool
train20k-06941,train20k-06917,unused_pool
train20k-06942,train20k-06918,unused_pool
train20k-06943,train20k-06919,unused_pool
train20k-06944,train20k-06920,unused_pool
train20k-06945,train20k-06921,unused_pool
train20k-06946,train20k-06922,unused_pool
train20k-06947,train20k-06923,unused_pool
train20k-06948,train20k-06924,unused_pool
train20k-06949,train20k-06925,unused_pool
train20k-06950,train20k-06926,unused_pool
train20k-06951,train20k-06927,unused_pool
train20k-06952,train20k-06928,unused_pool
train20k-06953,train20k-06929,unused_pool
train20k-06954,train20k-06930,unused_pool
train20k-06955,train20k-06931,unused_pool
train20k-06956,train20k-06932,unused_pool
train20k-06957,train20k-06933,unused_pool
train20k-06958,train20k-06934,unused_pool
train20k-06959,train20k-06935,unused_pool
train20k-06960,train20k-06936,unused_pool
train20k-06961,train20k-06937,unused_pool
train20k-06962,train20k-06938,unused_pool
train20k-06963,train20k-06939,unused_pool
train20k-06964,train20k-06940,unused_pool
train20k-06965,train20k-06941,unused_pool
train20k-06966,train20k-06942,unused_pool
train20k-06967,train20k-06943,unused_pool
train20k-06968,train20k-06944,unused_pool
train20k-06969,train20k-06945,unused_pool
train20k-06970,train20k-06946,unused_pool
train20k-06971,train20k-06947,unused_pool
train20k-06972,train20k-06948,unused_pool
train20k-06973,train20k-06949,unused_pool
train20k-06974,train20k-06950,unused_pool
train20k-06975,train20k-06951,unused_pool
train20k-06976,train20k-06952,unused_pool
train20k-06977,train20k-06953,unused_pool
train20k-06978,train20k-06954,unused_pool
train20k-06979,train20k-06955,unused_pool
train20k-06980,train20k-06956,unused_pool
train20k-06981,train20k-06957,unused_pool
train20k-06982,train20k-06958,unused_pool
train20k-06983,train20k-06959,unused_pool
train20k-06984,train20k-06960,unused_pool
train20k-06985,train20k-06961,unused_pool
train20k-06986,train20k-06962,unused_pool
train20k-06987,train20k-06963,unused_pool
train20k-06988,train20k-06964,unused_pool
train20k-06989,train20k-06965,unused_pool
train20k-06990,train20k-06966,unused_pool
train20k-06991,train20k-06967,unused_pool
train20k-06992,train20k-06968,unused_pool
train20k-06993,train20k-06969,unused_pool
train20k-06994,train20k-06970,unused_pool
train20k-06995,train20k-06971,unused_pool
train20k-06996,train20k-06972,unused_pool
train20k-06997,train20k-06973,unused_pool
train20k-06998,train20k-06974,unused_pool
train20k-06999,train20k-06975,unused_pool
train20k-07000,train20k-06976,unused_pool
train20k-07001,train20k-06977,unused_pool
train20k-07002,train20k-06978,unused_pool
train20k-07003,train20k-06979,unused_pool
train20k-07004,train20k-06980,unused_pool
train20k-07005,train20k-06981,unused_pool
train20k-07006,train20k-06982,unused_pool
train20k-07007,train20k-06983,unused_pool
train20k-07008,train20k-06984,unused_pool
train20k-07009,train20k-06985,unused_pool
train20k-07010,train20k-06986,unused_pool
train20k-07011,train20k-06987,unused_pool
train20k-07012,train20k-06988,unused_pool
train20k-07013,train20k-06989,unused_pool
train20k-07014,train20k-06990,unused_pool
train20k-07015,train20k-06991,unused_pool
train20k-07016,train20k-06992,unused_pool
train20k-07017,train20k-06993,unused_pool
train20k-07018,train20k-06994,unused_pool
train20k-07019,train20k-06995,unused_pool
train20k-07020,train20k-06996,unused_pool
train20k-07021,train20k-06997,unused_pool
train20k-07022,train20k-06998,unused_pool
train20k-07023,train20k-06999,unused_pool
train20k-07024,train20k-07000,unused_pool
train20k-07025,train20k-07001,unused_pool
train20k-07026,train20k-07002,unused_pool
train20k-07027,train20k-07003,unused_pool
train20k-07028,train20k-07004,unused_pool
train20k-07030,train20k-07005,unused_pool
train20k-07031,train20k-07006,unused_pool
train20k-07032,train20k-07007,unused_pool
train20k-07033,train20k-07008,unused_pool
train20k-07034,train20k-07009,unused_pool
train20k-07035,train20k-07010,unused_pool
train20k-07036,train20k-07011,unused_pool
train20k-07037,train20k-07012,unused_pool
train20k-07038,train20k-07013,unused_pool
train20k-07039,train20k-07014,unused_pool
train20k-07040,train20k-07015,unused_pool
train20k-07041,train20k-07016,unused_pool
train20k-07042,train20k-07017,unused_pool
train20k-07043,train20k-07018,unused_pool
train20k-07044,train20k-07019,unused_pool
train20k-07045,train20k-07020,unused_pool
train20k-07046,train20k-07021,unused_pool
train20k-07047,train20k-07022,unused_pool
train20k-07048,train20k-07023,unused_pool
train20k-07049,train20k-07024,unused_pool
train20k-07050,train20k-07025,unused_pool
train20k-07051,train20k-07026,unused_pool
train20k-07052,train20k-07027,unused_pool
train20k-07053,train20k-07028,unused_pool
train20k-07054,train20k-07029,unused_pool
train20k-07055,train20k-07030,unused_pool
train20k-07056,train20k-07031,unused_pool
train20k-07057,train20k-07032,unused_pool
train20k-07058,train20k-07033,unused_pool
train20k-07059,train20k-07034,unused_pool
train20k-07060,train20k-07035,unused_pool
train20k-07061,train20k-07036,unused_pool
train20k-07062,train20k-07037,unused_pool
train20k-07063,train20k-07038,unused_pool
train20k-07064,train20k-07039,unused_pool
train20k-07065,train20k-07040,unused_pool
train20k-07066,train20k-07041,unused_pool
train20k-07067,train20k-07042,unused_pool
train20k-07068,train20k-07043,unused_pool
train20k-07069,train20k-07044,unused_pool
train20k-07070,train20k-07045,unused_pool
train20k-07071,train20k-07046,unused_pool
train20k-07072,train20k-07047,unused_pool
train20k-07073,train20k-07048,unused_pool
train20k-07074,train20k-07049,unused_pool
train20k-07075,train20k-07050,unused_pool
train20k-07076,train20k-07051,unused_pool
train20k-07077,train20k-07052,unused_pool
train20k-07078,train20k-07053,unused_pool
train20k-07079,train20k-07054,unused_pool
train20k-07080,train20k-07055,unused_pool
train20k-07081,train20k-07056,unused_pool
train20k-07082,train20k-07057,unused_pool
train20k-07083,train20k-07058,unused_pool
train20k-07084,train20k-07059,unused_pool
train20k-07085,train20k-07060,unused_pool
train20k-07086,train20k-07061,unused_pool
train20k-07087,train20k-07062,unused_pool
train20k-07088,train20k-07063,unused_pool
train20k-07089,train20k-07064,unused_pool
train20k-07090,train20k-07065,unused_pool
train20k-07091,train20k-07066,unused_pool
train20k-07092,train20k-07067,unused_pool
train20k-07093,train20k-07068,unused_pool
train20k-07094,train20k-07069,unused_pool
train20k-07095,train20k-07070,unused_pool
train20k-07096,train20k-07071,unused_pool
train20k-07097,train20k-07072,unused_pool
train20k-07098,train20k-07073,unused_pool
train20k-07099,train20k-07074,unused_pool
train20k-07100,train20k-07075,unused_pool
train20k-07101,train20k-07076,unused_pool
train20k-07102,train20k-07077,unused_pool
train20k-07103,train20k-07078,unused_pool
train20k-07104,train20k-07079,unused_pool
train20k-07105,train20k-07080,unused_pool
train20k-07106,train20k-07081,unused_pool
train20k-07107,train20k-07082,unused_pool
train20k-07108,train20k-07083,unused_pool
train20k-07109,train20k-07084,unused_pool
train20k-07110,train20k-07085,unused_pool
train20k-07111,train20k-07086,unused_pool
train20k-07112,train20k-07087,unused_pool
train20k-07113,train20k-07088,unused_pool
train20k-07114,train20k-07089,unused_pool
train20k-07115,train20k-07090,unused_pool
train20k-07116,train20k-07091,unused_pool
train20k-07117,train20k-07092,unused_pool
train20k-07118,train20k-07093,unused_pool
train20k-07119,train20k-07094,unused_pool
train20k-07120,train20k-07095,unused_pool
train20k-07121,train20k-07096,unused_pool
train20k-07122,train20k-07097,unused_pool
train20k-07123,train20k-07098,unused_pool
train20k-07124,train20k-07099,unused_pool
train20k-07125,train20k-07100,unused_pool
train20k-07126,train20k-07101,unused_pool
train20k-07127,train20k-07102,unused_pool
train20k-07128,train20k-07103,unused_pool
train20k-07129,train20k-07104,unused_pool
train20k-07130,train20k-07105,unused_pool
train20k-07131,train20k-07106,unused_pool
train20k-07132,train20k-07107,unused_pool
train20k-07133,train20k-07108,unused_pool
train20k-07134,train20k-07109,unused_pool
train20k-07135,train20k-07110,unused_pool
train20k-07136,train20k-07111,unused_pool
train20k-07137,train20k-07112,unused_pool
train20k-07138,train20k-07113,unused_pool
train20k-07139,train20k-07114,unused_pool
train20k-07140,train20k-07115,unused_pool
train20k-07141,train20k-07116,unused_pool
train20k-07142,train20k-07117,unused_pool
train20k-07143,train20k-07118,unused_pool
train20k-07144,train20k-07119,unused_pool
train20k-07145,train20k-07120,unused_pool
train20k-07146,train20k-07121,unused_pool
train20k-07147,train20k-07122,unused_pool
train20k-07148,train20k-07123,unused_pool
train20k-07149,train20k-07124,unused_pool
train20k-07150,train20k-07125,unused_pool
train20k-07151,train20k-07126,unused_pool
train20k-07152,train20k-07127,unused_pool
train20k-07153,train20k-07128,unused_pool
train20k-07154,train20k-07129,unused_pool
train20k-07155,train20k-07130,unused_pool
train20k-07156,train20k-07131,unused_pool
train20k-07157,train20k-07132,unused_pool
train20k-07158,train20k-07133,unused_pool
train20k-07159,train20k-07134,unused_pool
train20k-07160,train20k-07135,unused_pool
train20k-07161,train20k-07136,unused_pool
train20k-07162,train20k-07137,unused_pool
train20k-07163,train20k-07138,unused_pool
train20k-07164,train20k-07139,unused_pool
train20k-07165,train20k-07140,unused_pool
train20k-07166,train20k-07141,unused_pool
train20k-07167,train20k-07142,unused_pool
train20k-07168,train20k-07143,unused_pool
train20k-07169,train20k-07144,unused_pool
train20k-07170,train20k-07145,unused_pool
train20k-07171,train20k-07146,unused_pool
train20k-07172,train20k-07147,unused_pool
train20k-07173,train20k-07148,unused_pool
train20k-07174,train20k-07149,unused_pool
train20k-07175,train20k-07150,unused_pool
train20k-07176,train20k-07151,unused_pool
train20k-07177,train20k-07152,unused_pool
train20k-07178,train20k-07153,unused_pool
train20k-07179,train20k-07154,unused_pool
train20k-07180,train20k-07155,unused_pool
train20k-07181,train20k-07156,unused_pool
train20k-07182,train20k-07157,unused_pool
train20k-07183,train20k-07158,unused_pool
train20k-07184,train20k-07159,unused_pool
train20k-07185,train20k-07160,unused_pool
train20k-07186,train20k-07161,unused_pool
train20k-07187,train20k-07162,unused_pool
train20k-07188,train20k-07163,unused_pool
train20k-07189,train20k-07164,unused_pool
train20k-07190,train20k-07165,unused_pool
train20k-07191,train20k-07166,unused_pool
train20k-07192,train20k-07167,unused_pool
train20k-07193,train20k-07168,unused_pool
train20k-07194,train20k-07169,unused_pool
train20k-07195,train20k-07170,unused_pool
train20k-07196,train20k-07171,unused_pool
train20k-07197,train20k-07172,unused_pool
train20k-07198,train20k-07173,unused_pool
train20k-07199,train20k-07174,unused_pool
train20k-07200,train20k-07175,unused_pool
train20k-07201,train20k-07176,unused_pool
train20k-07202,train20k-07177,unused_pool
train20k-07203,train20k-07178,unused_pool
train20k-07204,train20k-07179,unused_pool
train20k-07205,train20k-07180,unused_pool
train20k-07206,train20k-07181,unused_pool
train20k-07207,train20k-07182,unused_pool
train20k-07208,train20k-07183,unused_pool
train20k-07209,train20k-07184,unused_pool
train20k-07210,train20k-07185,unused_pool
train20k-07211,train20k-07186,unused_pool
train20k-07212,train20k-07187,unused_pool
train20k-07213,train20k-07188,unused_pool
train20k-07214,train20k-07189,unused_pool
train20k-07215,train20k-07190,unused_pool
train20k-07216,train20k-07191,unused_pool
train20k-07217,train20k-07192,unused_pool
train20k-07218,train20k-07193,unused_pool
train20k-07219,train20k-07194,unused_pool
train20k-07220,train20k-07195,unused_pool
train20k-07221,train20k-07196,unused_pool
train20k-07222,train20k-07197,unused_pool
train20k-07223,train20k-07198,unused_pool
train20k-07224,train20k-07199,unused_pool
train20k-07226,train20k-07200,unused_pool
train20k-07227,train20k-07201,unused_pool
train20k-07228,train20k-07202,unused_pool
train20k-07229,train20k-07203,unused_pool
train20k-07230,train20k-07204,unused_pool
train20k-07231,train20k-07205,unused_pool
train20k-07232,train20k-07206,unused_pool
train20k-07233,train20k-07207,unused_pool
train20k-07234,train20k-07208,unused_pool
train20k-07235,train20k-07209,unused_pool
train20k-07236,train20k-07210,unused_pool
train20k-07237,train20k-07211,unused_pool
train20k-07238,train20k-07212,unused_pool
train20k-07239,train20k-07213,unused_pool
train20k-07240,train20k-07214,unused_pool
train20k-07241,train20k-07215,unused_pool
train20k-07242,train20k-07216,unused_pool
train20k-07243,train20k-07217,unused_pool
train20k-07244,train20k-07218,unused_pool
train20k-07245,train20k-07219,unused_pool
train20k-07246,train20k-07220,unused_pool
train20k-07247,train20k-07221,unused_pool
train20k-07248,train20k-07222,unused_pool
train20k-07249,train20k-07223,unused_pool
train20k-07250,train20k-07224,unused_pool
train20k-07251,train20k-07225,unused_pool
train20k-07252,train20k-07226,unused_pool
train20k-07253,train20k-07227,unused_pool
train20k-07254,train20k-07228,unused_pool
train20k-07256,train20k-07229,unused_pool
train20k-07257,train20k-07230,unused_pool
train20k-07258,train20k-07231,unused_pool
train20k-07259,train20k-07232,unused_pool
train20k-07260,train20k-07233,unused_pool
train20k-07261,train20k-07234,unused_pool
train20k-07262,train20k-07235,unused_pool
train20k-07263,train20k-07236,unused_pool
train20k-07264,train20k-07237,unused_pool
train20k-07265,train20k-07238,unused_pool
train20k-07266,train20k-07239,unused_pool
train20k-07267,train20k-07240,unused_pool
train20k-07268,train20k-07241,unused_pool
train20k-07269,train20k-07242,unused_pool
train20k-07270,train20k-07243,unused_pool
train20k-07271,train20k-07244,unused_pool
train20k-07272,train20k-07245,unused_pool
train20k-07273,train20k-07246,unused_pool
train20k-07274,train20k-07247,unused_pool
train20k-07275,train20k-07248,unused_pool
train20k-07276,train20k-07249,unused_pool
train20k-07277,train20k-07250,unused_pool
train20k-07278,train20k-07251,unused_pool
train20k-07279,train20k-07252,unused_pool
train20k-07280,train20k-07253,unused_pool
train20k-07281,train20k-07254,unused_pool
train20k-07282,train20k-07255,unused_pool
train20k-07283,train20k-07256,unused_pool
train20k-07284,train20k-07257,unused_pool
train20k-07285,train20k-07258,unused_pool
train20k-07286,train20k-07259,unused_pool
train20k-07287,train20k-07260,unused_pool
train20k-07288,train20k-07261,unused_pool
train20k-07289,train20k-07262,unused_pool
train20k-07290,train20k-07263,unused_pool
train20k-07291,train20k-07264,unused_pool
train20k-07292,train20k-07265,unused_pool
train20k-07293,train20k-07266,unused_pool
train20k-07294,train20k-07267,unused_pool
train20k-07295,train20k-07268,unused_pool
train20k-07296,train20k-07269,unused_pool
train20k-07297,train20k-07270,unused_pool
train20k-07298,train20k-07271,unused_pool
train20k-07299,train20k-07272,unused_pool
train20k-07300,train20k-07273,unused_pool
train20k-07301,train20k-07274,unused_pool
train20k-07302,train20k-07275,unused_pool
train20k-07303,train20k-07276,unused_pool
train20k-07304,train20k-07277,unused_pool
train20k-07305,train20k-07278,unused_pool
train20k-07306,train20k-07279,unused_pool
train20k-07307,train20k-07280,unused_pool
train20k-07308,train20k-07281,unused_pool
train20k-07309,train20k-07282,unused_pool
train20k-07310,train20k-07283,unused_pool
train20k-07311,train20k-07284,unused_pool
train20k-07312,train20k-07285,unused_pool
train20k-07313,train20k-07286,unused_pool
train20k-07314,train20k-07287,unused_pool
train20k-07315,train20k-07288,unused_pool
train20k-07316,train20k-07289,unused_pool
train20k-07317,train20k-07290,unused_pool
train20k-07318,train20k-07291,unused_pool
train20k-07319,train20k-07292,unused_pool
train20k-07320,train20k-07293,unused_pool
train20k-07321,train20k-07294,unused_pool
train20k-07322,train20k-07295,unused_pool
train20k-07323,train20k-07296,unused_pool
train20k-07324,train20k-07297,unused_pool
train20k-07325,train20k-07298,unused_pool
train20k-07326,train20k-07299,unused_pool
train20k-07327,train20k-07300,unused_pool
train20k-07328,train20k-07301,unused_pool
train20k-07329,train20k-07302,unused_pool
train20k-07330,train20k-07303,unused_pool
train20k-07331,train20k-07304,unused_pool
train20k-07332,train20k-07305,unused_pool
train20k-07333,train20k-07306,unused_pool
train20k-07334,train20k-07307,unused_pool
train20k-07335,train20k-07308,unused_pool
train20k-07336,train20k-07309,unused_pool
train20k-07337,train20k-07310,unused_pool
train20k-07338,train20k-07311,unused_pool
train20k-07339,train20k-07312,unused_pool
train20k-07340,train20k-07313,unused_pool
train20k-07341,train20k-07314,unused_pool
train20k-07342,train20k-07315,unused_pool
train20k-07343,train20k-07316,unused_pool
train20k-07344,train20k-07317,unused_pool
train20k-07345,train20k-07318,unused_pool
train20k-07346,train20k-07319,unused_pool
train20k-07347,train20k-07320,unused_pool
train20k-07348,train20k-07321,unused_pool
train20k-07349,train20k-07322,unused_pool
train20k-07350,train20k-07323,unused_pool
train20k-07351,train20k-07324,unused_pool
train20k-07352,train20k-07325,unused_pool
train20k-07353,train20k-07326,unused_pool
train20k-07354,train20k-07327,unused_pool
train20k-07355,train20k-07328,unused_pool
train20k-07356,train20k-07329,unused_pool
train20k-07357,train20k-07330,unused_pool
train20k-07358,train20k-07331,unused_pool
train20k-07359,train20k-07332,unused_pool
train20k-07360,train20k-07333,unused_pool
train20k-07361,train20k-07334,unused_pool
train20k-07362,train20k-07335,unused_pool
train20k-07363,train20k-07336,unused_pool
train20k-07364,train20k-07337,unused_pool
train20k-07365,train20k-07338,unused_pool
train20k-07366,train20k-07339,unused_pool
train20k-07367,train20k-07340,unused_pool
train20k-07368,train20k-07341,unused_pool
train20k-07369,train20k-07342,unused_pool
train20k-07370,train20k-07343,unused_pool
train20k-07371,train20k-07344,unused_pool
train20k-07372,train20k-07345,unused_pool
train20k-07373,train20k-07346,unused_pool
train20k-07374,train20k-07347,unused_pool
train20k-07375,train20k-07348,unused_pool
train20k-07376,train20k-07349,unused_pool
train20k-07377,train20k-07350,unused_pool
train20k-07378,train20k-07351,unused_pool
train20k-07379,train20k-07352,unused_pool
train20k-07380,train20k-07353,unused_pool
train20k-07381,train20k-07354,unused_pool
train20k-07382,train20k-07355,unused_pool
train20k-07383,train20k-07356,unused_pool
train20k-07384,train20k-07357,unused_pool
train20k-07385,train20k-07358,unused_pool
train20k-07386,train20k-07359,unused_pool
train20k-07387,train20k-07360,unused_pool
train20k-07388,train20k-07361,unused_pool
train20k-07389,train20k-07362,unused_pool
train20k-07390,train20k-07363,unused_pool
train20k-07391,train20k-07364,unused_pool
train20k-07392,train20k-07365,unused_pool
train20k-07393,train20k-07366,unused_pool
train20k-07394,train20k-07367,unused_pool
train20k-07395,train20k-07368,unused_pool
train20k-07396,train20k-07369,unused_pool
train20k-07397,train20k-07370,unused_pool
train20k-07398,train20k-07371,unused_pool
train20k-07399,train20k-07372,unused_pool
train20k-07400,train20k-07373,unused_pool
train20k-07401,train20k-07374,unused_pool
train20k-07402,train20k-07375,unused_pool
train20k-07403,train20k-07376,unused_pool
train20k-07404,train20k-07377,unused_pool
train20k-07405,train20k-07378,unused_pool
train20k-07406,train20k-07379,unused_pool
train20k-07407,train20k-07380,unused_pool
train20k-07408,train20k-07381,unused_pool
train20k-07409,train20k-07382,unused_pool
train20k-07410,train20k-07383,unused_pool
train20k-07411,train20k-07384,unused_pool
train20k-07412,train20k-07385,unused_pool
train20k-07413,train20k-07386,unused_pool
train20k-07414,train20k-07387,unused_pool
train20k-07415,train20k-07388,unused_pool
train20k-07416,train20k-07389,unused_pool
train20k-07417,train20k-07390,unused_pool
train20k-07418,train20k-07391,unused_pool
train20k-07419,train20k-07392,unused_pool
train20k-07420,train20k-07393,unused_pool
train20k-07421,train20k-07394,unused_pool
train20k-07422,train20k-07395,unused_pool
train20k-07423,train20k-07396,unused_pool
train20k-07424,train20k-07397,unused_pool
train20k-07425,train20k-07398,unused_pool
train20k-07426,train20k-07399,unused_pool
train20k-07427,train20k-07400,unused_pool
train20k-07428,train20k-07401,unused_pool
train20k-07429,train20k-07402,unused_pool
train20k-07430,train20k-07403,unused_pool
train20k-07431,train20k-07404,unused_pool
train20k-07432,train20k-07405,unused_pool
train20k-07433,train20k-07406,unused_pool
train20k-07434,train20k-07407,unused_pool
train20k-07435,train20k-07408,unused_pool
train20k-07436,train20k-07409,unused_pool
train20k-07437,train20k-07410,unused_pool
train20k-07438,train20k-07411,unused_pool
train20k-07439,train20k-07412,unused_pool
train20k-07440,train20k-07413,unused_pool
train20k-07441,train20k-07414,unused_pool
train20k-07442,train20k-07415,unused_pool
train20k-07443,train20k-07416,unused_pool
train20k-07444,train20k-07417,unused_pool
train20k-07446,train20k-07418,unused_pool
train20k-07447,train20k-07419,unused_pool
train20k-07448,train20k-07420,unused_pool
train20k-07449,train20k-07421,unused_pool
train20k-07450,train20k-07422,unused_pool
train20k-07451,train20k-07423,unused_pool
train20k-07452,train20k-07424,unused_pool
train20k-07453,train20k-07425,unused_pool
train20k-07454,train20k-07426,unused_pool
train20k-07455,train20k-07427,unused_pool
train20k-07456,train20k-07428,unused_pool
train20k-07457,train20k-07429,unused_pool
train20k-07458,train20k-07430,unused_pool
train20k-07459,train20k-07431,unused_pool
train20k-07460,train20k-07432,unused_pool
train20k-07461,train20k-07433,unused_pool
train20k-07462,train20k-07434,unused_pool
train20k-07463,train20k-07435,unused_pool
train20k-07464,train20k-07436,unused_pool
train20k-07465,train20k-07437,unused_pool
train20k-07466,train20k-07438,unused_pool
train20k-07467,train20k-07439,unused_pool
train20k-07468,train20k-07440,unused_pool
train20k-07469,train20k-07441,unused_pool
train20k-07470,train20k-07442,unused_pool
train20k-07471,train20k-07443,unused_pool
train20k-07472,train20k-07444,unused_pool
train20k-07473,train20k-07445,unused_pool
train20k-07474,train20k-07446,unused_pool
train20k-07475,train20k-07447,unused_pool
train20k-07476,train20k-07448,unused_pool
train20k-07477,train20k-07449,unused_pool
train20k-07478,train20k-07450,unused_pool
train20k-07479,train20k-07451,unused_pool
train20k-07480,train20k-07452,unused_pool
train20k-07481,train20k-07453,unused_pool
train20k-07482,train20k-07454,unused_pool
train20k-07483,train20k-07455,unused_pool
train20k-07484,train20k-07456,unused_pool
train20k-07485,train20k-07457,unused_pool
train20k-07486,train20k-07458,unused_pool
train20k-07487,train20k-07459,unused_pool
train20k-07488,train20k-07460,unused_pool
train20k-07489,train20k-07461,unused_pool
train20k-07490,train20k-07462,unused_pool
train20k-07491,train20k-07463,unused_pool
train20k-07492,train20k-07464,unused_pool
train20k-07493,train20k-07465,unused_pool
train20k-07494,train20k-07466,unused_pool
train20k-07495,train20k-07467,unused_pool
train20k-07496,train20k-07468,unused_pool
train20k-07497,train20k-07469,unused_pool
train20k-07498,train20k-07470,unused_pool
train20k-07499,train20k-07471,unused_pool
train20k-07500,train20k-07472,unused_pool
train20k-07501,train20k-07473,unused_pool
train20k-07502,train20k-07474,unused_pool
train20k-07503,train20k-07475,unused_pool
train20k-07504,train20k-07476,unused_pool
train20k-07505,train20k-07477,unused_pool
train20k-07506,train20k-07478,unused_pool
train20k-07507,train20k-07479,unused_pool
train20k-07508,train20k-07480,unused_pool
train20k-07509,train20k-07481,unused_pool
train20k-07510,train20k-07482,unused_pool
train20k-07511,train20k-07483,unused_pool
train20k-07512,train20k-07484,unused_pool
train20k-07513,train20k-07485,unused_pool
train20k-07514,train20k-07486,unused_pool
train20k-07515,train20k-07487,unused_pool
train20k-07516,train20k-07488,unused_pool
train20k-07517,train20k-07489,unused_pool
train20k-07518,train20k-07490,unused_pool
train20k-07519,train20k-07491,unused_pool
train20k-07520,train20k-07492,unused_pool
train20k-07521,train20k-07493,unused_pool
train20k-07522,train20k-07494,unused_pool
train20k-07523,train20k-07495,unused_pool
train20k-07524,train20k-07496,unused_pool
train20k-07525,train20k-07497,unused_pool
train20k-07526,train20k-07498,unused_pool
train20k-07527,train20k-07499,unused_pool
train20k-07528,train20k-07500,unused_pool
train20k-07529,train20k-07501,unused_pool
train20k-07530,train20k-07502,unused_pool
train20k-07531,train20k-07503,unused_pool
train20k-07532,train20k-07504,unused_pool
train20k-07533,train20k-07505,unused_pool
train20k-07534,train20k-07506,unused_pool
train20k-07535,train20k-07507,unused_pool
train20k-07536,train20k-07508,unused_pool
train20k-07537,train20k-07509,unused_pool
train20k-07538,train20k-07510,unused_pool
train20k-07539,train20k-07511,unused_pool
train20k-07540,train20k-07512,unused_pool
train20k-07541,train20k-07513,unused_pool
train20k-07542,train20k-07514,unused_pool
train20k-07543,train20k-07515,unused_pool
train20k-07544,train20k-07516,unused_pool
train20k-07545,train20k-07517,unused_pool
train20k-07546,train20k-07518,unused_pool
train20k-07547,train20k-07519,unused_pool
train20k-07548,train20k-07520,unused_pool
train20k-07549,train20k-07521,unused_pool
train20k-07550,train20k-07522,unused_pool
train20k-07551,train20k-07523,unused_pool
train20k-07552,train20k-07524,unused_pool
train20k-07553,train20k-07525,unused_pool
train20k-07554,train20k-07526,unused_pool
train20k-07555,train20k-07527,unused_pool
train20k-07556,train20k-07528,unused_pool
train20k-07557,train20k-07529,unused_pool
train20k-07558,train20k-07530,unused_pool
train20k-07559,train20k-07531,unused_pool
train20k-07560,train20k-07532,unused_pool
train20k-07561,train20k-07533,unused_pool
train20k-07562,train20k-07534,unused_pool
train20k-07563,train20k-07535,unused_pool
train20k-07564,train20k-07536,unused_pool
train20k-07565,train20k-07537,unused_pool
train20k-07566,train20k-07538,unused_pool
train20k-07567,train20k-07539,unused_pool
train20k-07568,train20k-07540,unused_pool
train20k-07569,train20k-07541,unused_pool
train20k-07570,train20k-07542,unused_pool
train20k-07571,train20k-07543,unused_pool
train20k-07572,train20k-07544,unused_pool
train20k-07573,train20k-07545,unused_pool
train20k-07574,train20k-07546,unused_pool
train20k-07575,train20k-07547,unused_pool
train20k-07576,train20k-07548,unused_pool
train20k-07577,train20k-07549,unused_pool
train20k-07578,train20k-07550,unused_pool
train20k-07579,train20k-07551,unused_pool
train20k-07580,train20k-07552,unused_pool
train20k-07581,train20k-07553,unused_pool
train20k-07582,train20k-07554,unused_pool
train20k-07583,train20k-07555,unused_pool
train20k-07584,train20k-07556,unused_pool
train20k-07585,train20k-07557,unused_pool
train20k-07586,train20k-07558,unused_pool
train20k-07587,train20k-07559,unused_pool
train20k-07588,train20k-07560,unused_pool
train20k-07589,train20k-07561,unused_pool
train20k-07590,train20k-07562,unused_pool
train20k-07591,train20k-07563,unused_pool
train20k-07592,train20k-07564,unused_pool
train20k-07593,train20k-07565,unused_pool
train20k-07594,train20k-07566,unused_pool
train20k-07595,train20k-07567,unused_pool
train20k-07596,train20k-07568,unused_pool
train20k-07597,train20k-07569,unused_pool
train20k-07598,train20k-07570,unused_pool
train20k-07599,train20k-07571,unused_pool
train20k-07600,train20k-07572,unused_pool
train20k-07601,train20k-07573,unused_pool
train20k-07602,train20k-07574,unused_pool
train20k-07603,train20k-07575,unused_pool
train20k-07604,train20k-07576,unused_pool
train20k-07605,train20k-07577,unused_pool
train20k-07606,train20k-07578,unused_pool
train20k-07607,train20k-07579,unused_pool
train20k-07608,train20k-07580,unused_pool
train20k-07609,train20k-07581,unused_pool
train20k-07610,train20k-07582,unused_pool
train20k-07611,train20k-07583,unused_pool
train20k-07612,train20k-07584,unused_pool
train20k-07613,train20k-07585,unused_pool
train20k-07614,train20k-07586,unused_pool
train20k-07615,train20k-07587,unused_pool
train20k-07616,train20k-07588,unused_pool
train20k-07617,train20k-07589,unused_pool
train20k-07618,train20k-07590,unused_pool
train20k-07619,train20k-07591,unused_pool
train20k-07620,train20k-07592,unused_pool
train20k-07621,train20k-07593,unused_pool
train20k-07622,train20k-07594,unused_pool
train20k-07623,train20k-07595,unused_pool
train20k-07624,train20k-07596,unused_pool
train20k-07625,train20k-07597,unused_pool
train20k-07626,train20k-07598,unused_pool
train20k-07627,train20k-07599,unused_pool
train20k-07628,train20k-07600,unused_pool
train20k-07629,train20k-07601,unused_pool
train20k-07630,train20k-07602,unused_pool
train20k-07631,train20k-07603,unused_pool
train20k-07632,train20k-07604,unused_pool
train20k-07633,train20k-07605,unused_pool
train20k-07634,train20k-07606,unused_pool
train20k-07635,train20k-07607,unused_pool
train20k-07636,train20k-07608,unused_pool
train20k-07637,train20k-07609,unused_pool
train20k-07638,train20k-07610,unused_pool
train20k-07639,train20k-07611,unused_pool
train20k-07640,train20k-07612,unused_pool
train20k-07641,train20k-07613,unused_pool
train20k-07642,train20k-07614,unused_pool
train20k-07643,train20k-07615,unused_pool
train20k-07644,train20k-07616,unused_pool
train20k-07645,train20k-07617,unused_pool
train20k-07646,train20k-07618,unused_pool
train20k-07647,train20k-07619,unused_pool
train20k-07648,train20k-07620,unused_pool
train20k-07649,train20k-07621,unused_pool
train20k-07650,train20k-07622,unused_pool
train20k-07651,train20k-07623,unused_pool
train20k-07652,train20k-07624,unused_pool
train20k-07653,train20k-07625,unused_pool
train20k-07654,train20k-07626,unused_pool
train20k-07655,train20k-07627,unused_pool
train20k-07656,train20k-07628,unused_pool
train20k-07657,train20k-07629,unused_pool
train20k-07658,train20k-07630,unused_pool
train20k-07659,train20k-07631,unused_pool
train20k-07660,train20k-07632,unused_pool
train20k-07661,train20k-07633,unused_pool
train20k-07662,train20k-07634,unused_pool
train20k-07663,train20k-07635,unused_pool
train20k-07664,train20k-07636,unused_pool
train20k-07665,train20k-07637,unused_pool
train20k-07666,train20k-07638,unused_pool
train20k-07667,train20k-07639,unused_pool
train20k-07668,train20k-07640,unused_pool
train20k-07669,train20k-07641,unused_pool
train20k-07670,train20k-07642,unused_pool
train20k-07671,train20k-07643,unused_pool
train20k-07672,train20k-07644,unused_pool
train20k-07673,train20k-07645,unused_pool
train20k-07674,train20k-07646,unused_pool
train20k-07675,train20k-07647,unused_pool
train20k-07676,train20k-07648,unused_pool
train20k-07677,train20k-07649,unused_pool
train20k-07678,train20k-07650,unused_pool
train20k-07679,train20k-07651,unused_pool
train20k-07680,train20k-07652,unused_pool
train20k-07681,train20k-07653,unused_pool
train20k-07682,train20k-07654,unused_pool
train20k-07683,train20k-07655,unused_pool
train20k-07684,train20k-07656,unused_pool
train20k-07685,train20k-07657,unused_pool
train20k-07686,train20k-07658,unused_pool
train20k-07687,train20k-07659,unused_pool
train20k-07688,train20k-07660,unused_pool
train20k-07689,train20k-07661,unused_pool
train20k-07690,train20k-07662,unused_pool
train20k-07691,train20k-07663,unused_pool
train20k-07692,train20k-07664,unused_pool
train20k-07693,train20k-07665,unused_pool
train20k-07694,train20k-07666,unused_pool
train20k-07695,train20k-07667,unused_pool
train20k-07696,train20k-07668,unused_pool
train20k-07697,train20k-07669,unused_pool
train20k-07698,train20k-07670,unused_pool
train20k-07699,train20k-07671,unused_pool
train20k-07700,train20k-07672,unused_pool
train20k-07701,train20k-07673,unused_pool
train20k-07702,train20k-07674,unused_pool
train20k-07703,train20k-07675,unused_pool
train20k-07704,train20k-07676,unused_pool
train20k-07705,train20k-07677,unused_pool
train20k-07706,train20k-07678,unused_pool
train20k-07707,train20k-07679,unused_pool
train20k-07708,train20k-07680,unused_pool
train20k-07709,train20k-07681,unused_pool
train20k-07710,train20k-07682,unused_pool
train20k-07711,train20k-07683,unused_pool
train20k-07712,train20k-07684,unused_pool
train20k-07713,train20k-07685,unused_pool
train20k-07714,train20k-07686,unused_pool
train20k-07715,train20k-07687,unused_pool
train20k-07716,train20k-07688,unused_pool
train20k-07717,train20k-07689,unused_pool
train20k-07718,train20k-07690,unused_pool
train20k-07719,train20k-07691,unused_pool
train20k-07720,train20k-07692,unused_pool
train20k-07721,train20k-07693,unused_pool
train20k-07722,train20k-07694,unused_pool
train20k-07723,train20k-07695,unused_pool
train20k-07724,train20k-07696,unused_pool
train20k-07725,train20k-07697,unused_pool
train20k-07726,train20k-07698,unused_pool
train20k-07727,train20k-07699,unused_pool
train20k-07728,train20k-07700,unused_pool
train20k-07729,train20k-07701,unused_pool
train20k-07730,train20k-07702,unused_pool
train20k-07731,train20k-07703,unused_pool
train20k-07732,train20k-07704,unused_pool
train20k-07733,train20k-07705,unused_pool
train20k-07734,train20k-07706,unused_pool
train20k-07735,train20k-07707,unused_pool
train20k-07736,train20k-07708,unused_pool
train20k-07737,train20k-07709,unused_pool
train20k-07738,train20k-07710,unused_pool
train20k-07739,train20k-07711,unused_pool
train20k-07740,train20k-07712,unused_pool
train20k-07741,train20k-07713,unused_pool
train20k-07742,train20k-07714,unused_pool
train20k-07743,train20k-07715,unused_pool
train20k-07744,train20k-07716,unused_pool
train20k-07745,train20k-07717,unused_pool
train20k-07746,train20k-07718,unused_pool
train20k-07747,train20k-07719,unused_pool
train20k-07748,train20k-07720,unused_pool
train20k-07749,train20k-07721,unused_pool
train20k-07750,train20k-07722,unused_pool
train20k-07751,train20k-07723,unused_pool
train20k-07752,train20k-07724,unused_pool
train20k-07753,train20k-07725,unused_pool
train20k-07754,train20k-07726,unused_pool
train20k-07755,train20k-07727,unused_pool
train20k-07756,train20k-07728,unused_pool
train20k-07757,train20k-07729,unused_pool
train20k-07758,train20k-07730,unused_pool
train20k-07759,train20k-07731,unused_pool
train20k-07760,train20k-07732,unused_pool
train20k-07761,train20k-07733,unused_pool
train20k-07762,train20k-07734,unused_pool
train20k-07763,train20k-07735,unused_pool
train20k-07764,train20k-07736,unused_pool
train20k-07765,train20k-07737,unused_pool
train20k-07766,train20k-07738,unused_pool
train20k-07767,train20k-07739,unused_pool
train20k-07768,train20k-07740,unused_pool
train20k-07769,train20k-07741,unused_pool
train20k-07770,train20k-07742,unused_pool
train20k-07771,train20k-07743,unused_pool
train20k-07773,train20k-07744,unused_pool
train20k-07774,train20k-07745,unused_pool
train20k-07775,train20k-07746,unused_pool
train20k-07776,train20k-07747,unused_pool
train20k-07777,train20k-07748,unused_pool
train20k-07778,train20k-07749,unused_pool
train20k-07779,train20k-07750,unused_pool
train20k-07780,train20k-07751,unused_pool
train20k-07781,train20k-07752,unused_pool
train20k-07782,train20k-07753,unused_pool
train20k-07783,train20k-07754,unused_pool
train20k-07784,train20k-07755,unused_pool
train20k-07785,train20k-07756,unused_pool
train20k-07786,train20k-07757,unused_pool
train20k-07787,train20k-07758,unused_pool
train20k-07788,train20k-07759,unused_pool
train20k-07789,train20k-07760,unused_pool
train20k-07790,train20k-07761,unused_pool
train20k-07791,train20k-07762,unused_pool
train20k-07792,train20k-07763,unused_pool
train20k-07793,train20k-07764,unused_pool
train20k-07794,train20k-07765,unused_pool
train20k-07795,train20k-07766,unused_pool
train20k-07796,train20k-07767,unused_pool
train20k-07797,train20k-07768,unused_pool
train20k-07798,train20k-07769,unused_pool
train20k-07799,train20k-07770,unused_pool
train20k-07800,train20k-07771,unused_pool
train20k-07801,train20k-07772,unused_pool
train20k-07802,train20k-07773,unused_pool
train20k-07803,train20k-07774,unused_pool
train20k-07804,train20k-07775,unused_pool
train20k-07805,train20k-07776,unused_pool
train20k-07806,train20k-07777,unused_pool
train20k-07807,train20k-07778,unused_pool
train20k-07808,train20k-07779,unused_pool
train20k-07809,train20k-07780,unused_pool
train20k-07810,train20k-07781,unused_pool
train20k-07811,train20k-07782,unused_pool
train20k-07812,train20k-07783,unused_pool
train20k-07813,train20k-07784,unused_pool
train20k-07814,train20k-07785,unused_pool
train20k-07815,train20k-07786,unused_pool
train20k-07816,train20k-07787,unused_pool
train20k-07817,train20k-07788,unused_pool
train20k-07818,train20k-07789,unused_pool
train20k-07819,train20k-07790,unused_pool
train20k-07820,train20k-07791,unused_pool
train20k-07821,train20k-07792,unused_pool
train20k-07822,train20k-07793,unused_pool
train20k-07823,train20k-07794,unused_pool
train20k-07824,train20k-07795,unused_pool
train20k-07825,train20k-07796,unused_pool
train20k-07826,train20k-07797,unused_pool
train20k-07827,train20k-07798,unused_pool
train20k-07828,train20k-07799,unused_pool
train20k-07829,train20k-07800,unused_pool
train20k-07830,train20k-07801,unused_pool
train20k-07831,train20k-07802,unused_pool
train20k-07832,train20k-07803,unused_pool
train20k-07833,train20k-07804,unused_pool
train20k-07834,train20k-07805,unused_pool
train20k-07835,train20k-07806,unused_pool
train20k-07836,train20k-07807,unused_pool
train20k-07837,train20k-07808,unused_pool
train20k-07838,train20k-07809,unused_pool
train20k-07839,train20k-07810,unused_pool
train20k-07840,train20k-07811,unused_pool
train20k-07841,train20k-07812,unused_pool
train20k-07842,train20k-07813,unused_pool
train20k-07843,train20k-07814,unused_pool
train20k-07844,train20k-07815,unused_pool
train20k-07845,train20k-07816,unused_pool
train20k-07846,train20k-07817,unused_pool
train20k-07847,train20k-07818,unused_pool
train20k-07848,train20k-07819,unused_pool
train20k-07849,train20k-07820,unused_pool
train20k-07850,train20k-07821,unused_pool
train20k-07851,train20k-07822,unused_pool
train20k-07852,train20k-07823,unused_pool
train20k-07853,train20k-07824,unused_pool
train20k-07854,train20k-07825,unused_pool
train20k-07855,train20k-07826,unused_pool
train20k-07856,train20k-07827,unused_pool
train20k-07857,train20k-07828,unused_pool
train20k-07858,train20k-07829,unused_pool
train20k-07859,train20k-07830,unused_pool
train20k-07860,train20k-07831,unused_pool
train20k-07861,train20k-07832,unused_pool
train20k-07862,train20k-07833,unused_pool
train20k-07863,train20k-07834,unused_pool
train20k-07864,train20k-07835,unused_pool
train20k-07865,train20k-07836,unused_pool
train20k-07866,train20k-07837,unused_pool
train20k-07867,train20k-07838,unused_pool
train20k-07868,train20k-07839,unused_pool
train20k-07869,train20k-07840,unused_pool
train20k-07870,train20k-07841,unused_pool
train20k-07871,train20k-07842,unused_pool
train20k-07872,train20k-07843,unused_pool
train20k-07873,train20k-07844,unused_pool
train20k-07875,train20k-07845,unused_pool
train20k-07876,train20k-07846,unused_pool
train20k-07877,train20k-07847,unused_pool
train20k-07878,train20k-07848,unused_pool
train20k-07879,train20k-07849,unused_pool
train20k-07880,train20k-07850,unused_pool
train20k-07881,train20k-07851,unused_pool
train20k-07882,train20k-07852,unused_pool
train20k-07883,train20k-07853,unused_pool
train20k-07884,train20k-07854,unused_pool
train20k-07885,train20k-07855,unused_pool
train20k-07886,train20k-07856,unused_pool
train20k-07887,train20k-07857,unused_pool
train20k-07888,train20k-07858,unused_pool
train20k-07889,train20k-07859,unused_pool
train20k-07890,train20k-07860,unused_pool
train20k-07891,train20k-07861,unused_pool
train20k-07892,train20k-07862,unused_pool
train20k-07893,train20k-07863,unused_pool
train20k-07894,train20k-07864,unused_pool
train20k-07895,train20k-07865,unused_pool
train20k-07896,train20k-07866,unused_pool
train20k-07897,train20k-07867,unused_pool
train20k-07898,train20k-07868,unused_pool
train20k-07899,train20k-07869,unused_pool
train20k-07900,train20k-07870,unused_pool
train20k-07901,train20k-07871,unused_pool
train20k-07902,train20k-07872,unused_pool
train20k-07903,train20k-07873,unused_pool
train20k-07904,train20k-07874,unused_pool
train20k-07905,train20k-07875,unused_pool
train20k-07906,train20k-07876,unused_pool
train20k-07907,train20k-07877,unused_pool
train20k-07908,train20k-07878,unused_pool
train20k-07909,train20k-07879,unused_pool
train20k-07910,train20k-07880,unused_pool
train20k-07911,train20k-07881,unused_pool
train20k-07912,train20k-07882,unused_pool
train20k-07913,train20k-07883,unused_pool
train20k-07914,train20k-07884,unused_pool
train20k-07915,train20k-07885,unused_pool
train20k-07916,train20k-07886,unused_pool
train20k-07917,train20k-07887,unused_pool
train20k-07918,train20k-07888,unused_pool
train20k-07919,train20k-07889,unused_pool
train20k-07920,train20k-07890,unused_pool
train20k-07921,train20k-07891,unused_pool
train20k-07922,train20k-07892,unused_pool
train20k-07923,train20k-07893,unused_pool
train20k-07924,train20k-07894,unused_pool
train20k-07925,train20k-07895,unused_pool
train20k-07926,train20k-07896,unused_pool
train20k-07927,train20k-07897,unused_pool
train20k-07928,train20k-07898,unused_pool
train20k-07929,train20k-07899,unused_pool
train20k-07930,train20k-07900,unused_pool
train20k-07931,train20k-07901,unused_pool
train20k-07932,train20k-07902,unused_pool
train20k-07933,train20k-07903,unused_pool
train20k-07934,train20k-07904,unused_pool
train20k-07935,train20k-07905,unused_pool
train20k-07936,train20k-07906,unused_pool
train20k-07937,train20k-07907,unused_pool
train20k-07938,train20k-07908,unused_pool
train20k-07939,train20k-07909,unused_pool
train20k-07940,train20k-07910,unused_pool
train20k-07941,train20k-07911,unused_pool
train20k-07942,train20k-07912,unused_pool
train20k-07943,train20k-07913,unused_pool
train20k-07944,train20k-07914,unused_pool
train20k-07945,train20k-07915,unused_pool
train20k-07946,train20k-07916,unused_pool
train20k-07947,train20k-07917,unused_pool
train20k-07948,train20k-07918,unused_pool
train20k-07949,train20k-07919,unused_pool
train20k-07950,train20k-07920,unused_pool
train20k-07951,train20k-07921,unused_pool
train20k-07952,train20k-07922,unused_pool
train20k-07953,train20k-07923,unused_pool
train20k-07954,train20k-07924,unused_pool
train20k-07955,train20k-07925,unused_pool
train20k-07956,train20k-07926,unused_pool
train20k-07957,train20k-07927,unused_pool
train20k-07958,train20k-07928,unused_pool
train20k-07959,train20k-07929,unused_pool
train20k-07960,train20k-07930,unused_pool
train20k-07961,train20k-07931,unused_pool
train20k-07962,train20k-07932,unused_pool
train20k-07963,train20k-07933,unused_pool
train20k-07964,train20k-07934,unused_pool
train20k-07965,train20k-07935,unused_pool
train20k-07966,train20k-07936,unused_pool
train20k-07967,train20k-07937,unused_pool
train20k-07968,train20k-07938,unused_pool
train20k-07969,train20k-07939,unused_pool
train20k-07970,train20k-07940,unused_pool
train20k-07971,train20k-07941,unused_pool
train20k-07972,train20k-07942,unused_pool
train20k-07973,train20k-07943,unused_pool
train20k-07974,train20k-07944,unused_pool
train20k-07975,train20k-07945,unused_pool
train20k-07976,train20k-07946,unused_pool
train20k-07977,train20k-07947,unused_pool
train20k-07978,train20k-07948,unused_pool
train20k-07979,train20k-07949,unused_pool
train20k-07980,train20k-07950,unused_pool
train20k-07981,train20k-07951,unused_pool
train20k-07982,train20k-07952,unused_pool
train20k-07983,train20k-07953,unused_pool
train20k-07984,train20k-07954,unused_pool
train20k-07985,train20k-07955,unused_pool
train20k-07986,train20k-07956,unused_pool
train20k-07987,train20k-07957,unused_pool
train20k-07988,train20k-07958,unused_pool
train20k-07989,train20k-07959,unused_pool
train20k-07990,train20k-07960,unused_pool
train20k-07991,train20k-07961,unused_pool
train20k-07992,train20k-07962,unused_pool
train20k-07993,train20k-07963,unused_pool
train20k-07994,train20k-07964,unused_pool
train20k-07995,train20k-07965,unused_pool
train20k-07996,train20k-07966,unused_pool
train20k-07997,train20k-07967,unused_pool
train20k-07998,train20k-07968,unused_pool
train20k-07999,train20k-07969,unused_pool
train20k-08000,train20k-07970,unused_pool
train20k-08001,train20k-07971,unused_pool
train20k-08002,train20k-07972,unused_pool
train20k-08003,train20k-07973,unused_pool
train20k-08004,train20k-07974,unused_pool
train20k-08005,train20k-07975,unused_pool
train20k-08006,train20k-07976,unused_pool
train20k-08007,train20k-07977,unused_pool
train20k-08008,train20k-07978,unused_pool
train20k-08009,train20k-07979,unused_pool
train20k-08010,train20k-07980,unused_pool
train20k-08011,train20k-07981,unused_pool
train20k-08012,train20k-07982,unused_pool
train20k-08013,train20k-07983,unused_pool
train20k-08014,train20k-07984,unused_pool
train20k-08015,train20k-07985,unused_pool
train20k-08016,train20k-07986,unused_pool
train20k-08017,train20k-07987,unused_pool
train20k-08018,train20k-07988,unused_pool
train20k-08019,train20k-07989,unused_pool
train20k-08020,train20k-07990,unused_pool
train20k-08021,train20k-07991,unused_pool
train20k-08022,train20k-07992,unused_pool
train20k-08023,train20k-07993,unused_pool
train20k-08024,train20k-07994,unused_pool
train20k-08025,train20k-07995,unused_pool
train20k-08026,train20k-07996,unused_pool
train20k-08027,train20k-07997,unused_pool
train20k-08028,train20k-07998,unused_pool
train20k-08029,train20k-07999,unused_pool
train20k-08030,train20k-08000,unused_pool
train20k-08031,train20k-08001,unused_pool
train20k-08032,train20k-08002,unused_pool
train20k-08033,train20k-08003,unused_pool
train20k-08034,train20k-08004,unused_pool
train20k-08035,train20k-08005,unused_pool
train20k-08036,train20k-08006,unused_pool
train20k-08037,train20k-08007,unused_pool
train20k-08038,train20k-08008,unused_pool
train20k-08039,train20k-08009,unused_pool
train20k-08040,train20k-08010,unused_pool
train20k-08041,train20k-08011,unused_pool
train20k-08042,train20k-08012,unused_pool
train20k-08043,train20k-08013,unused_pool
train20k-08044,train20k-08014,unused_pool
train20k-08045,train20k-08015,unused_pool
train20k-08046,train20k-08016,unused_pool
train20k-08047,train20k-08017,unused_pool
train20k-08048,train20k-08018,unused_pool
train20k-08049,train20k-08019,unused_pool
train20k-08050,train20k-08020,unused_pool
train20k-08051,train20k-08021,unused_pool
train20k-08052,train20k-08022,unused_pool
train20k-08053,train20k-08023,unused_pool
train20k-08054,train20k-08024,unused_pool
train20k-08055,train20k-08025,unused_pool
train20k-08056,train20k-08026,unused_pool
train20k-08057,train20k-08027,unused_pool
train20k-08058,train20k-08028,unused_pool
train20k-08059,train20k-08029,unused_pool
train20k-08060,train20k-08030,unused_pool
train20k-08061,train20k-08031,unused_pool
train20k-08062,train20k-08032,unused_pool
train20k-08063,train20k-08033,unused_pool
train20k-08064,train20k-08034,unused_pool
train20k-08065,train20k-08035,unused_pool
train20k-08066,train20k-08036,unused_pool
train20k-08067,train20k-08037,unused_pool
train20k-08068,train20k-08038,unused_pool
train20k-08069,train20k-08039,unused_pool
train20k-08070,train20k-08040,unused_pool
train20k-08071,train20k-08041,unused_pool
train20k-08072,train20k-08042,unused_pool
train20k-08073,train20k-08043,unused_pool
train20k-08074,train20k-08044,unused_pool
train20k-08075,train20k-08045,unused_pool
train20k-08076,train20k-08046,unused_pool
train20k-08077,train20k-08047,unused_pool
train20k-08078,train20k-08048,unused_pool
train20k-08079,train20k-08049,unused_pool
train20k-08080,train20k-08050,unused_pool
train20k-08081,train20k-08051,unused_pool
train20k-08082,train20k-08052,unused_pool
train20k-08083,train20k-08053,unused_pool
train20k-08084,train20k-08054,unused_pool
train20k-08085,train20k-08055,unused_pool
train20k-08086,train20k-08056,unused_pool
train20k-08087,train20k-08057,unused_pool
train20k-08088,train20k-08058,unused_pool
train20k-08089,train20k-08059,unused_pool
train20k-08090,train20k-08060,unused_pool
train20k-08091,train20k-08061,unused_pool
train20k-08092,train20k-08062,unused_pool
train20k-08093,train20k-08063,unused_pool
train20k-08094,train20k-08064,unused_pool
train20k-08095,train20k-08065,unused_pool
train20k-08096,train20k-08066,unused_pool
train20k-08097,train20k-08067,unused_pool
train20k-08098,train20k-08068,unused_pool
train20k-08099,train20k-08069,unused_pool
train20k-08100,train20k-08070,unused_pool
train20k-08101,train20k-08071,unused_pool
train20k-08102,train20k-08072,unused_pool
train20k-08103,train20k-08073,unused_pool
train20k-08104,train20k-08074,unused_pool
train20k-08105,train20k-08075,unused_pool
train20k-08106,train20k-08076,unused_pool
train20k-08107,train20k-08077,unused_pool
train20k-08108,train20k-08078,unused_pool
train20k-08109,train20k-08079,unused_pool
train20k-08110,train20k-08080,unused_pool
train20k-08111,train20k-08081,unused_pool
train20k-08112,train20k-08082,unused_pool
train20k-08113,train20k-08083,unused_pool
train20k-08114,train20k-08084,unused_pool
train20k-08115,train20k-08085,unused_pool
train20k-08116,train20k-08086,unused_pool
train20k-08117,train20k-08087,unused_pool
train20k-08118,train20k-08088,unused_pool
train20k-08119,train20k-08089,unused_pool
train20k-08120,train20k-08090,unused_pool
train20k-08121,train20k-08091,unused_pool
train20k-08122,train20k-08092,unused_pool
train20k-08123,train20k-08093,unused_pool
train20k-08124,train20k-08094,unused_pool
train20k-08125,train20k-08095,unused_pool
train20k-08126,train20k-08096,unused_pool
train20k-08127,train20k-08097,unused_pool
train20k-08128,train20k-08098,unused_pool
train20k-08129,train20k-08099,unused_pool
train20k-08130,train20k-08100,unused_pool
train20k-08131,train20k-08101,unused_pool
train20k-08132,train20k-08102,unused_pool
train20k-08133,train20k-08103,unused_pool
train20k-08134,train20k-08104,unused_pool
train20k-08135,train20k-08105,unused_pool
train20k-08136,train20k-08106,unused_pool
train20k-08137,train20k-08107,unused_pool
train20k-08138,train20k-08108,unused_pool
train20k-08139,train20k-08109,unused_pool
train20k-08140,train20k-08110,unused_pool
train20k-08141,train20k-08111,unused_pool
train20k-08142,train20k-08112,unused_pool
train20k-08143,train20k-08113,unused_pool
train20k-08144,train20k-08114,unused_pool
train20k-08145,train20k-08115,unused_pool
train20k-08146,train20k-08116,unused_pool
train20k-08147,train20k-08117,unused_pool
train20k-08148,train20k-08118,unused_pool
train20k-08150,train20k-08119,unused_pool
train20k-08151,train20k-08120,unused_pool
train20k-08152,train20k-08121,unused_pool
train20k-08153,train20k-08122,unused_pool
train20k-08154,train20k-08123,unused_pool
train20k-08155,train20k-08124,unused_pool
train20k-08156,train20k-08125,unused_pool
train20k-08157,train20k-08126,unused_pool
train20k-08158,train20k-08127,unused_pool
train20k-08159,train20k-08128,unused_pool
train20k-08160,train20k-08129,unused_pool
train20k-08161,train20k-08130,unused_pool
train20k-08162,train20k-08131,unused_pool
train20k-08163,train20k-08132,unused_pool
train20k-08164,train20k-08133,unused_pool
train20k-08165,train20k-08134,unused_pool
train20k-08166,train20k-08135,unused_pool
train20k-08167,train20k-08136,unused_pool
train20k-08168,train20k-08137,unused_pool
train20k-08169,train20k-08138,unused_pool
train20k-08170,train20k-08139,unused_pool
train20k-08171,train20k-08140,unused_pool
train20k-08172,train20k-08141,unused_pool
train20k-08173,train20k-08142,unused_pool
train20k-08174,train20k-08143,unused_pool
train20k-08175,train20k-08144,unused_pool
train20k-08176,train20k-08145,unused_pool
train20k-08177,train20k-08146,unused_pool
train20k-08178,train20k-08147,unused_pool
train20k-08179,train20k-08148,unused_pool
train20k-08180,train20k-08149,unused_pool
train20k-08181,train20k-08150,unused_pool
train20k-08182,train20k-08151,unused_pool
train20k-08183,train20k-08152,unused_pool
train20k-08184,train20k-08153,unused_pool
train20k-08185,train20k-08154,unused_pool
train20k-08186,train20k-08155,unused_pool
train20k-08187,train20k-08156,unused_pool
train20k-08188,train20k-08157,unused_pool
train20k-08189,train20k-08158,unused_pool
train20k-08190,train20k-08159,unused_pool
train20k-08191,train20k-08160,unused_pool
train20k-08192,train20k-08161,unused_pool
train20k-08193,train20k-08162,unused_pool
train20k-08194,train20k-08163,unused_pool
train20k-08195,train20k-08164,unused_pool
train20k-08196,train20k-08165,unused_pool
train20k-08197,train20k-08166,unused_pool
train20k-08198,train20k-08167,unused_pool
train20k-08199,train20k-08168,unused_pool
train20k-08200,train20k-08169,unused_pool
train20k-08201,train20k-08170,unused_pool
train20k-08202,train20k-08171,unused_pool
train20k-08203,train20k-08172,unused_pool
train20k-08204,train20k-08173,unused_pool
train20k-08205,train20k-08174,unused_pool
train20k-08206,train20k-08175,unused_pool
train20k-08207,train20k-08176,unused_pool
train20k-08208,train20k-08177,unused_pool
train20k-08209,train20k-08178,unused_pool
train20k-08210,train20k-08179,unused_pool
train20k-08211,train20k-08180,unused_pool
train20k-08212,train20k-08181,unused_pool
train20k-08213,train20k-08182,unused_pool
train20k-08214,train20k-08183,unused_pool
train20k-08215,train20k-08184,unused_pool
train20k-08216,train20k-08185,unused_pool
train20k-08217,train20k-08186,unused_pool
train20k-08218,train20k-08187,unused_pool
train20k-08219,train20k-08188,unused_pool
train20k-08220,train20k-08189,unused_pool
train20k-08221,train20k-08190,unused_pool
train20k-08222,train20k-08191,unused_pool
train20k-08223,train20k-08192,unused_pool
train20k-08224,train20k-08193,unused_pool
train20k-08225,train20k-08194,unused_pool
train20k-08226,train20k-08195,unused_pool
train20k-08227,train20k-08196,unused_pool
train20k-08228,train20k-08197,unused_pool
train20k-08229,train20k-08198,unused_pool
train20k-08230,train20k-08199,unused_pool
train20k-08231,train20k-08200,unused_pool
train20k-08232,train20k-08201,unused_pool
train20k-08233,train20k-08202,unused_pool
train20k-08234,train20k-08203,unused_pool
train20k-08235,train20k-08204,unused_pool
train20k-08236,train20k-08205,unused_pool
train20k-08237,train20k-08206,unused_pool
train20k-08238,train20k-08207,unused_pool
train20k-08239,train20k-08208,unused_pool
train20k-08240,train20k-08209,unused_pool
train20k-08241,train20k-08210,unused_pool
train20k-08242,train20k-08211,unused_pool
train20k-08243,train20k-08212,unused_pool
train20k-08244,train20k-08213,unused_pool
train20k-08245,train20k-08214,unused_pool
train20k-08246,train20k-08215,unused_pool
train20k-08247,train20k-08216,unused_pool
train20k-08248,train20k-08217,unused_pool
train20k-08249,train20k-08218,unused_pool
train20k-08250,train20k-08219,unused_pool
train20k-08251,train20k-08220,unused_pool
train20k-08252,train20k-08221,unused_pool
train20k-08253,train20k-08222,unused_pool
train20k-08254,train20k-08223,unused_pool
train20k-08255,train20k-08224,unused_pool
train20k-08256,train20k-08225,unused_pool
train20k-08257,train20k-08226,unused_pool
train20k-08258,train20k-08227,unused_pool
train20k-08259,train20k-08228,unused_pool
train20k-08260,train20k-08229,unused_pool
train20k-08261,train20k-08230,unused_pool
train20k-08262,train20k-08231,unused_pool
train20k-08263,train20k-08232,unused_pool
train20k-08264,train20k-08233,unused_pool
train20k-08265,train20k-08234,unused_pool
train20k-08266,train20k-08235,unused_pool
train20k-08267,train20k-08236,unused_pool
train20k-08268,train20k-08237,unused_pool
train20k-08269,train20k-08238,unused_pool
train20k-08270,train20k-08239,unused_pool
train20k-08271,train20k-08240,unused_pool
train20k-08272,train20k-08241,unused_pool
train20k-08273,train20k-08242,unused_pool
train20k-08274,train20k-08243,unused_pool
train20k-08275,train20k-08244,unused_pool
train20k-08276,train20k-08245,unused_pool
train20k-08277,train20k-08246,unused_pool
train20k-08278,train20k-08247,unused_pool
train20k-08279,train20k-08248,unused_pool
train20k-08280,train20k-08249,unused_pool
train20k-08281,train20k-08250,unused_pool
train20k-08282,train20k-08251,unused_pool
train20k-08283,train20k-08252,unused_pool
train20k-08284,train20k-08253,unused_pool
train20k-08285,train20k-08254,unused_pool
train20k-08286,train20k-08255,unused_pool
train20k-08287,train20k-08256,unused_pool
train20k-08288,train20k-08257,unused_pool
train20k-08289,train20k-08258,unused_pool
train20k-08290,train20k-08259,unused_pool
train20k-08291,train20k-08260,unused_pool
train20k-08292,train20k-08261,unused_pool
train20k-08293,train20k-08262,unused_pool
train20k-08294,train20k-08263,unused_pool
train20k-08295,train20k-08264,unused_pool
train20k-08296,train20k-08265,unused_pool
train20k-08297,train20k-08266,unused_pool
train20k-08298,train20k-08267,unused_pool
train20k-08299,train20k-08268,unused_pool
train20k-08300,train20k-08269,unused_pool
train20k-08301,train20k-08270,unused_pool
train20k-08302,train20k-08271,unused_pool
train20k-08303,train20k-08272,unused_pool
train20k-08304,train20k-08273,unused_pool
train20k-08305,train20k-08274,unused_pool
train20k-08306,train20k-08275,unused_pool
train20k-08307,train20k-08276,unused_pool
train20k-08308,train20k-08277,unused_pool
train20k-08310,train20k-08278,unused_pool
train20k-08311,train20k-08279,unused_pool
train20k-08312,train20k-08280,unused_pool
train20k-08313,train20k-08281,unused_pool
train20k-08314,train20k-08282,unused_pool
train20k-08315,train20k-08283,unused_pool
train20k-08316,train20k-08284,unused_pool
train20k-08317,train20k-08285,unused_pool
train20k-08318,train20k-08286,unused_pool
train20k-08319,train20k-08287,unused_pool
train20k-08320,train20k-08288,unused_pool
train20k-08321,train20k-08289,unused_pool
train20k-08322,train20k-08290,unused_pool
train20k-08323,train20k-08291,unused_pool
train20k-08324,train20k-08292,unused_pool
train20k-08325,train20k-08293,unused_pool
train20k-08326,train20k-08294,unused_pool
train20k-08327,train20k-08295,unused_pool
train20k-08328,train20k-08296,unused_pool
train20k-08329,train20k-08297,unused_pool
train20k-08330,train20k-08298,unused_pool
train20k-08331,train20k-08299,unused_pool
train20k-08332,train20k-08300,unused_pool
train20k-08333,train20k-08301,unused_pool
train20k-08334,train20k-08302,unused_pool
train20k-08335,train20k-08303,unused_pool
train20k-08336,train20k-08304,unused_pool
train20k-08337,train20k-08305,unused_pool
train20k-08338,train20k-08306,unused_pool
train20k-08339,train20k-08307,unused_pool
train20k-08340,train20k-08308,unused_pool
train20k-08341,train20k-08309,unused_pool
train20k-08342,train20k-08310,unused_pool
train20k-08343,train20k-08311,unused_pool
train20k-08344,train20k-08312,unused_pool
train20k-08345,train20k-08313,unused_pool
train20k-08346,train20k-08314,unused_pool
train20k-08347,train20k-08315,unused_pool
train20k-08348,train20k-08316,unused_pool
train20k-08349,train20k-08317,unused_pool
train20k-08350,train20k-08318,unused_pool
train20k-08351,train20k-08319,unused_pool
train20k-08352,train20k-08320,unused_pool
train20k-08353,train20k-08321,unused_pool
train20k-08354,train20k-08322,unused_pool
train20k-08355,train20k-08323,unused_pool
train20k-08356,train20k-08324,unused_pool
train20k-08357,train20k-08325,unused_pool
train20k-08358,train20k-08326,unused_pool
train20k-08359,train20k-08327,unused_pool
train20k-08360,train20k-08328,unused_pool
train20k-08361,train20k-08329,unused_pool
train20k-08362,train20k-08330,unused_pool
train20k-08363,train20k-08331,unused_pool
train20k-08364,train20k-08332,unused_pool
train20k-08365,train20k-08333,unused_pool
train20k-08366,train20k-08334,unused_pool
train20k-08367,train20k-08335,unused_pool
train20k-08368,train20k-08336,unused_pool
train20k-08369,train20k-08337,unused_pool
train20k-08370,train20k-08338,unused_pool
train20k-08371,train20k-08339,unused_pool
train20k-08372,train20k-08340,unused_pool
train20k-08373,train20k-08341,unused_pool
train20k-08374,train20k-08342,unused_pool
train20k-08375,train20k-08343,unused_pool
train20k-08376,train20k-08344,unused_pool
train20k-08377,train20k-08345,unused_pool
train20k-08378,train20k-08346,unused_pool
train20k-08379,train20k-08347,unused_pool
train20k-08380,train20k-08348,unused_pool
train20k-08381,train20k-08349,unused_pool
train20k-08382,train20k-08350,unused_pool
train20k-08383,train20k-08351,unused_pool
train20k-08384,train20k-08352,unused_pool
train20k-08385,train20k-08353,unused_pool
train20k-08386,train20k-08354,unused_pool
train20k-08387,train20k-08355,unused_pool
train20k-08388,train20k-08356,unused_pool
train20k-08389,train20k-08357,unused_pool
train20k-08390,train20k-08358,unused_pool
train20k-08391,train20k-08359,unused_pool
train20k-08392,train20k-08360,unused_pool
train20k-08393,train20k-08361,unused_pool
train20k-08394,train20k-08362,unused_pool
train20k-08395,train20k-08363,unused_pool
train20k-08396,train20k-08364,unused_pool
train20k-08397,train20k-08365,unused_pool
train20k-08398,train20k-08366,unused_pool
train20k-08399,train20k-08367,unused_pool
train20k-08400,train20k-08368,unused_pool
train20k-08401,train20k-08369,unused_pool
train20k-08402,train20k-08370,unused_pool
train20k-08403,train20k-08371,unused_pool
train20k-08404,train20k-08372,unused_pool
train20k-08405,train20k-08373,unused_pool
train20k-08406,train20k-08374,unused_pool
train20k-08407,train20k-08375,unused_pool
train20k-08408,train20k-08376,unused_pool
train20k-08409,train20k-08377,unused_pool
train20k-08410,train20k-08378,unused_pool
train20k-08411,train20k-08379,unused_pool
train20k-08412,train20k-08380,unused_pool
train20k-08413,train20k-08381,unused_pool
train20k-08414,train20k-08382,unused_pool
train20k-08415,train20k-08383,unused_pool
train20k-08416,train20k-08384,unused_pool
train20k-08417,train20k-08385,unused_pool
train20k-08418,train20k-08386,unused_pool
train20k-08419,train20k-08387,unused_pool
train20k-08420,train20k-08388,unused_pool
train20k-08421,train20k-08389,unused_pool
train20k-08422,train20k-08390,unused_pool
train20k-08423,train20k-08391,unused_pool
train20k-08424,train20k-08392,unused_pool
train20k-08425,train20k-08393,unused_pool
train20k-08426,train20k-08394,unused_pool
train20k-08427,train20k-08395,unused_pool
train20k-08428,train20k-08396,unused_pool
train20k-08429,train20k-08397,unused_pool
train20k-08430,train20k-08398,unused_pool
train20k-08431,train20k-08399,unused_pool
train20k-08432,train20k-08400,unused_pool
train20k-08433,train20k-08401,unused_pool
train20k-08434,train20k-08402,unused_pool
train20k-08435,train20k-08403,unused_pool
train20k-08436,train20k-08404,unused_pool
train20k-08437,train20k-08405,unused_pool
train20k-08438,train20k-08406,unused_pool
train20k-08439,train20k-08407,unused_pool
train20k-08440,train20k-08408,unused_pool
train20k-08441,train20k-08409,unused_pool
train20k-08442,train20k-08410,unused_pool
train20k-08443,train20k-08411,unused_pool
train20k-08444,train20k-08412,unused_pool
train20k-08445,train20k-08413,unused_pool
train20k-08446,train20k-08414,unused_pool
train20k-08447,train20k-08415,unused_pool
train20k-08448,train20k-08416,unused_pool
train20k-08449,train20k-08417,unused_pool
train20k-08450,train20k-08418,unused_pool
train20k-08451,train20k-08419,unused_pool
train20k-08452,train20k-08420,unused_pool
train20k-08453,train20k-08421,unused_pool
train20k-08454,train20k-08422,unused_pool
train20k-08455,train20k-08423,unused_pool
train20k-08456,train20k-08424,unused_pool
train20k-08457,train20k-08425,unused_pool
train20k-08458,train20k-08426,unused_pool
train20k-08459,train20k-08427,unused_pool
train20k-08460,train20k-08428,unused_pool
train20k-08461,train20k-08429,unused_pool
train20k-08462,train20k-08430,unused_pool
train20k-08463,train20k-08431,unused_pool
train20k-08464,train20k-08432,unused_pool
train20k-08465,train20k-08433,unused_pool
train20k-08466,train20k-08434,unused_pool
train20k-08467,train20k-08435,unused_pool
train20k-08468,train20k-08436,unused_pool
train20k-08469,train20k-08437,unused_pool
train20k-08470,train20k-08438,unused_pool
train20k-08471,train20k-08439,unused_pool
train20k-08472,train20k-08440,unused_pool
train20k-08473,train20k-08441,unused_pool
train20k-08474,train20k-08442,unused_pool
train20k-08475,train20k-08443,unused_pool
train20k-08476,train20k-08444,unused_pool
train20k-08477,train20k-08445,unused_pool
train20k-08478,train20k-08446,unused_pool
train20k-08479,train20k-08447,unused_pool
train20k-08480,train20k-08448,unused_pool
train20k-08481,train20k-08449,unused_pool
train20k-08482,train20k-08450,unused_pool
train20k-08483,train20k-08451,unused_pool
train20k-08484,train20k-08452,unused_pool
train20k-08485,train20k-08453,unused_pool
train20k-08486,train20k-08454,unused_pool
train20k-08487,train20k-08455,unused_pool
train20k-08488,train20k-08456,unused_pool
train20k-08489,train20k-08457,unused_pool
train20k-08490,train20k-08458,unused_pool
train20k-08491,train20k-08459,unused_pool
train20k-08492,train20k-08460,unused_pool
train20k-08493,train20k-08461,unused_pool
train20k-08494,train20k-08462,unused_pool
train20k-08495,train20k-08463,unused_pool
train20k-08496,train20k-08464,unused_pool
train20k-08497,train20k-08465,unused_pool
train20k-08498,train20k-08466,unused_pool
train20k-08499,train20k-08467,unused_pool
train20k-08500,train20k-08468,unused_pool
train20k-08501,train20k-08469,unused_pool
train20k-08502,train20k-08470,unused_pool
train20k-08503,train20k-08471,unused_pool
train20k-08504,train20k-08472,unused_pool
train20k-08505,train20k-08473,unused_pool
train20k-08506,train20k-08474,unused_pool
train20k-08507,train20k-08475,unused_pool
train20k-08508,train20k-08476,unused_pool
train20k-08509,train20k-08477,unused_pool
train20k-08510,train20k-08478,unused_pool
train20k-08511,train20k-08479,unused_pool
train20k-08512,train20k-08480,unused_pool
train20k-08513,train20k-08481,unused_pool
train20k-08514,train20k-08482,unused_pool
train20k-08515,train20k-08483,unused_pool
train20k-08516,train20k-08484,unused_pool
train20k-08517,train20k-08485,unused_pool
train20k-08518,train20k-08486,unused_pool
train20k-08519,train20k-08487,unused_pool
train20k-08520,train20k-08488,unused_pool
train20k-08521,train20k-08489,unused_pool
train20k-08522,train20k-08490,unused_pool
train20k-08523,train20k-08491,unused_pool
train20k-08524,train20k-08492,unused_pool
train20k-08525,train20k-08493,unused_pool
train20k-08526,train20k-08494,unused_pool
train20k-08527,train20k-08495,unused_pool
train20k-08528,train20k-08496,unused_pool
train20k-08529,train20k-08497,unused_pool
train20k-08530,train20k-08498,unused_pool
train20k-08531,train20k-08499,unused_pool
train20k-08532,train20k-08500,unused_pool
train20k-08533,train20k-08501,unused_pool
train20k-08534,train20k-08502,unused_pool
train20k-08535,train20k-08503,unused_pool
train20k-08536,train20k-08504,unused_pool
train20k-08537,train20k-08505,unused_pool
train20k-08538,train20k-08506,unused_pool
train20k-08539,train20k-08507,unused_pool
train20k-08540,train20k-08508,unused_pool
train20k-08541,train20k-08509,unused_pool
train20k-08542,train20k-08510,unused_pool
train20k-08543,train20k-08511,unused_pool
train20k-08544,train20k-08512,unused_pool
train20k-08545,train20k-08513,unused_pool
train20k-08546,train20k-08514,unused_pool
train20k-08547,train20k-08515,unused_pool
train20k-08548,train20k-08516,unused_pool
train20k-08549,train20k-08517,unused_pool
train20k-08550,train20k-08518,unused_pool
train20k-08551,train20k-08519,unused_pool
train20k-08552,train20k-08520,unused_pool
train20k-08553,train20k-08521,unused_pool
train20k-08554,train20k-08522,unused_pool
train20k-08555,train20k-08523,unused_pool
train20k-08556,train20k-08524,unused_pool
train20k-08557,train20k-08525,unused_pool
train20k-08558,train20k-08526,unused_pool
train20k-08559,train20k-08527,unused_pool
train20k-08560,train20k-08528,unused_pool
train20k-08561,train20k-08529,unused_pool
train20k-08562,train20k-08530,unused_pool
train20k-08563,train20k-08531,unused_pool
train20k-08564,train20k-08532,unused_pool
train20k-08565,train20k-08533,unused_pool
train20k-08566,train20k-08534,unused_pool
train20k-08567,train20k-08535,unused_pool
train20k-08568,train20k-08536,unused_pool
train20k-08569,train20k-08537,unused_pool
train20k-08570,train20k-08538,unused_pool
train20k-08571,train20k-08539,unused_pool
train20k-08572,train20k-08540,unused_pool
train20k-08573,train20k-08541,unused_pool
train20k-08574,train20k-08542,unused_pool
train20k-08575,train20k-08543,unused_pool
train20k-08576,train20k-08544,unused_pool
train20k-08577,train20k-08545,unused_pool
train20k-08578,train20k-08546,unused_pool
train20k-08579,train20k-08547,unused_pool
train20k-08580,train20k-08548,unused_pool
train20k-08581,train20k-08549,unused_pool
train20k-08582,train20k-08550,unused_pool
train20k-08583,train20k-08551,unused_pool
train20k-08584,train20k-08552,unused_pool
train20k-08585,train20k-08553,unused_pool
train20k-08586,train20k-08554,unused_pool
train20k-08587,train20k-08555,unused_pool
train20k-08588,train20k-08556,unused_pool
train20k-08589,train20k-08557,unused_pool
train20k-08590,train20k-08558,unused_pool
train20k-08591,train20k-08559,unused_pool
train20k-08592,train20k-08560,unused_pool
train20k-08593,train20k-08561,unused_pool
train20k-08594,train20k-08562,unused_pool
train20k-08595,train20k-08563,unused_pool
train20k-08596,train20k-08564,unused_pool
train20k-08597,train20k-08565,unused_pool
train20k-08598,train20k-08566,unused_pool
train20k-08599,train20k-08567,unused_pool
train20k-08600,train20k-08568,unused_pool
train20k-08601,train20k-08569,unused_pool
train20k-08602,train20k-08570,unused_pool
train20k-08603,train20k-08571,unused_pool
train20k-08604,train20k-08572,unused_pool
train20k-08605,train20k-08573,unused_pool
train20k-08606,train20k-08574,unused_pool
train20k-08607,train20k-08575,unused_pool
train20k-08608,train20k-08576,unused_pool
train20k-08609,train20k-08577,unused_pool
train20k-08610,train20k-08578,unused_pool
train20k-08611,train20k-08579,unused_pool
train20k-08612,train20k-08580,unused_pool
train20k-08613,train20k-08581,unused_pool
train20k-08614,train20k-08582,unused_pool
train20k-08615,train20k-08583,unused_pool
train20k-08616,train20k-08584,unused_pool
train20k-08617,train20k-08585,unused_pool
train20k-08618,train20k-08586,unused_pool
train20k-08619,train20k-08587,unused_pool
train20k-08620,train20k-08588,unused_pool
train20k-08621,train20k-08589,unused_pool
train20k-08622,train20k-08590,unused_pool
train20k-08623,train20k-08591,unused_pool
train20k-08624,train20k-08592,unused_pool
train20k-08625,train20k-08593,unused_pool
train20k-08626,train20k-08594,unused_pool
train20k-08627,train20k-08595,unused_pool
train20k-08628,train20k-08596,unused_pool
train20k-08629,train20k-08597,unused_pool
train20k-08630,train20k-08598,unused_pool
train20k-08631,train20k-08599,unused_pool
train20k-08632,train20k-08600,unused_pool
train20k-08633,train20k-08601,unused_pool
train20k-08634,train20k-08602,unused_pool
train20k-08635,train20k-08603,unused_pool
train20k-08636,train20k-08604,unused_pool
train20k-08637,train20k-08605,unused_pool
train20k-08638,train20k-08606,unused_pool
train20k-08639,train20k-08607,unused_pool
train20k-08640,train20k-08608,unused_pool
train20k-08641,train20k-08609,unused_pool
train20k-08642,train20k-08610,unused_pool
train20k-08643,train20k-08611,unused_pool
train20k-08644,train20k-08612,unused_pool
train20k-08645,train20k-08613,unused_pool
train20k-08646,train20k-08614,unused_pool
train20k-08647,train20k-08615,unused_pool
train20k-08648,train20k-08616,unused_pool
train20k-08649,train20k-08617,unused_pool
train20k-08650,train20k-08618,unused_pool
train20k-08651,train20k-08619,unused_pool
train20k-08652,train20k-08620,unused_pool
train20k-08653,train20k-08621,unused_pool
train20k-08654,train20k-08622,unused_pool
train20k-08655,train20k-08623,unused_pool
train20k-08656,train20k-08624,unused_pool
train20k-08657,train20k-08625,unused_pool
train20k-08658,train20k-08626,unused_pool
train20k-08659,train20k-08627,unused_pool
train20k-08660,train20k-08628,unused_pool
train20k-08661,train20k-08629,unused_pool
train20k-08662,train20k-08630,unused_pool
train20k-08663,train20k-08631,unused_pool
train20k-08664,train20k-08632,unused_pool
train20k-08665,train20k-08633,unused_pool
train20k-08666,train20k-08634,unused_pool
train20k-08667,train20k-08635,unused_pool
train20k-08668,train20k-08636,unused_pool
train20k-08669,train20k-08637,unused_pool
train20k-08670,train20k-08638,unused_pool
train20k-08671,train20k-08639,unused_pool
train20k-08672,train20k-08640,unused_pool
train20k-08673,train20k-08641,unused_pool
train20k-08674,train20k-08642,unused_pool
train20k-08675,train20k-08643,unused_pool
train20k-08676,train20k-08644,unused_pool
train20k-08677,train20k-08645,unused_pool
train20k-08678,train20k-08646,unused_pool
train20k-08679,train20k-08647,unused_pool
train20k-08680,train20k-08648,unused_pool
train20k-08681,train20k-08649,unused_pool
train20k-08682,train20k-08650,unused_pool
train20k-08683,train20k-08651,unused_pool
train20k-08684,train20k-08652,unused_pool
train20k-08685,train20k-08653,unused_pool
train20k-08686,train20k-08654,unused_pool
train20k-08687,train20k-08655,unused_pool
train20k-08688,train20k-08656,unused_pool
train20k-08689,train20k-08657,unused_pool
train20k-08690,train20k-08658,unused_pool
train20k-08691,train20k-08659,unused_pool
train20k-08692,train20k-08660,unused_pool
train20k-08693,train20k-08661,unused_pool
train20k-08694,train20k-08662,unused_pool
train20k-08695,train20k-08663,unused_pool
train20k-08696,train20k-08664,unused_pool
train20k-08697,train20k-08665,unused_pool
train20k-08698,train20k-08666,unused_pool
train20k-08699,train20k-08667,unused_pool
train20k-08700,train20k-08668,unused_pool
train20k-08701,train20k-08669,unused_pool
train20k-08702,train20k-08670,unused_pool
train20k-08703,train20k-08671,unused_pool
train20k-08704,train20k-08672,unused_pool
train20k-08705,train20k-08673,unused_pool
train20k-08706,train20k-08674,unused_pool
train20k-08707,train20k-08675,unused_pool
train20k-08708,train20k-08676,unused_pool
train20k-08710,train20k-08677,unused_pool
train20k-08711,train20k-08678,unused_pool
train20k-08712,train20k-08679,unused_pool
train20k-08713,train20k-08680,unused_pool
train20k-08714,train20k-08681,unused_pool
train20k-08715,train20k-08682,unused_pool
train20k-08716,train20k-08683,unused_pool
train20k-08717,train20k-08684,unused_pool
train20k-08718,train20k-08685,unused_pool
train20k-08719,train20k-08686,unused_pool
train20k-08720,train20k-08687,unused_pool
train20k-08721,train20k-08688,unused_pool
train20k-08722,train20k-08689,unused_pool
train20k-08723,train20k-08690,unused_pool
train20k-08724,train20k-08691,unused_pool
train20k-08725,train20k-08692,unused_pool
train20k-08726,train20k-08693,unused_pool
train20k-08727,train20k-08694,unused_pool
train20k-08728,train20k-08695,unused_pool
train20k-08729,train20k-08696,unused_pool
train20k-08730,train20k-08697,unused_pool
train20k-08731,train20k-08698,unused_pool
train20k-08732,train20k-08699,unused_pool
train20k-08733,train20k-08700,unused_pool
train20k-08734,train20k-08701,unused_pool
train20k-08735,train20k-08702,unused_pool
train20k-08736,train20k-08703,unused_pool
train20k-08737,train20k-08704,unused_pool
train20k-08738,train20k-08705,unused_pool
train20k-08739,train20k-08706,unused_pool
train20k-08740,train20k-08707,unused_pool
train20k-08741,train20k-08708,unused_pool
train20k-08742,train20k-08709,unused_pool
train20k-08743,train20k-08710,unused_pool
train20k-08744,train20k-08711,unused_pool
train20k-08745,train20k-08712,unused_pool
train20k-08746,train20k-08713,unused_pool
train20k-08747,train20k-08714,unused_pool
train20k-08748,train20k-08715,unused_pool
train20k-08749,train20k-08716,unused_pool
train20k-08750,train20k-08717,unused_pool
train20k-08751,train20k-08718,unused_pool
train20k-08752,train20k-08719,unused_pool
train20k-08753,train20k-08720,unused_pool
train20k-08754,train20k-08721,unused_pool
train20k-08755,train20k-08722,unused_pool
train20k-08756,train20k-08723,unused_pool
train20k-08757,train20k-08724,unused_pool
train20k-08758,train20k-08725,unused_pool
train20k-08759,train20k-08726,unused_pool
train20k-08760,train20k-08727,unused_pool
train20k-08761,train20k-08728,unused_pool
train20k-08762,train20k-08729,unused_pool
train20k-08763,train20k-08730,unused_pool
train20k-08764,train20k-08731,unused_pool
train20k-08765,train20k-08732,unused_pool
train20k-08766,train20k-08733,unused_pool
train20k-08767,train20k-08734,unused_pool
train20k-08768,train20k-08735,unused_pool
train20k-08769,train20k-08736,unused_pool
train20k-08770,train20k-08737,unused_pool
train20k-08771,train20k-08738,unused_pool
train20k-08772,train20k-08739,unused_pool
train20k-08773,train20k-08740,unused_pool
train20k-08774,train20k-08741,unused_pool
train20k-08775,train20k-08742,unused_pool
train20k-08776,train20k-08743,unused_pool
train20k-08777,train20k-08744,unused_pool
train20k-08778,train20k-08745,unused_pool
train20k-08779,train20k-08746,unused_pool
train20k-08780,train20k-08747,unused_pool
train20k-08781,train20k-08748,unused_pool
train20k-08782,train20k-08749,unused_pool
train20k-08783,train20k-08750,unused_pool
train20k-08784,train20k-08751,unused_pool
train20k-08785,train20k-08752,unused_pool
train20k-08786,train20k-08753,unused_pool
train20k-08787,train20k-08754,unused_pool
train20k-08788,train20k-08755,unused_pool
train20k-08789,train20k-08756,unused_pool
train20k-08790,train20k-08757,unused_pool
train20k-08791,train20k-08758,unused_pool
train20k-08792,train20k-08759,unused_pool
train20k-08793,train20k-08760,unused_pool
train20k-08794,train20k-08761,unused_pool
train20k-08795,train20k-08762,unused_pool
train20k-08796,train20k-08763,unused_pool
train20k-08797,train20k-08764,unused_pool
train20k-08798,train20k-08765,unused_pool
train20k-08799,train20k-08766,unused_pool
train20k-08801,train20k-08767,unused_pool
train20k-08802,train20k-08768,unused_pool
train20k-08803,train20k-08769,unused_pool
train20k-08804,train20k-08770,unused_pool
train20k-08805,train20k-08771,unused_pool
train20k-08806,train20k-08772,unused_pool
train20k-08807,train20k-08773,unused_pool
train20k-08808,train20k-08774,unused_pool
train20k-08809,train20k-08775,unused_pool
train20k-08810,train20k-08776,unused_pool
train20k-08811,train20k-08777,unused_pool
train20k-08812,train20k-08778,unused_pool
train20k-08813,train20k-08779,unused_pool
train20k-08814,train20k-08780,unused_pool
train20k-08815,train20k-08781,unused_pool
train20k-08816,train20k-08782,unused_pool
train20k-08817,train20k-08783,unused_pool
train20k-08818,train20k-08784,unused_pool
train20k-08819,train20k-08785,unused_pool
train20k-08820,train20k-08786,unused_pool
train20k-08821,train20k-08787,unused_pool
train20k-08822,train20k-08788,unused_pool
train20k-08823,train20k-08789,unused_pool
train20k-08824,train20k-08790,unused_pool
train20k-08825,train20k-08791,unused_pool
train20k-08826,train20k-08792,unused_pool
train20k-08827,train20k-08793,unused_pool
train20k-08828,train20k-08794,unused_pool
train20k-08829,train20k-08795,unused_pool
train20k-08830,train20k-08796,unused_pool
train20k-08831,train20k-08797,unused_pool
train20k-08832,train20k-08798,unused_pool
train20k-08833,train20k-08799,unused_pool
train20k-08834,train20k-08800,unused_pool
train20k-08835,train20k-08801,unused_pool
train20k-08836,train20k-08802,unused_pool
train20k-08837,train20k-08803,unused_pool
train20k-08838,train20k-08804,unused_pool
train20k-08839,train20k-08805,unused_pool
train20k-08840,train20k-08806,unused_pool
train20k-08841,train20k-08807,unused_pool
train20k-08842,train20k-08808,unused_pool
train20k-08843,train20k-08809,unused_pool
train20k-08844,train20k-08810,unused_pool
train20k-08845,train20k-08811,unused_pool
train20k-08846,train20k-08812,unused_pool
train20k-08847,train20k-08813,unused_pool
train20k-08848,train20k-08814,unused_pool
train20k-08849,train20k-08815,unused_pool
train20k-08850,train20k-08816,unused_pool
train20k-08851,train20k-08817,unused_pool
train20k-08852,train20k-08818,unused_pool
train20k-08853,train20k-08819,unused_pool
train20k-08854,train20k-08820,unused_pool
train20k-08855,train20k-08821,unused_pool
train20k-08856,train20k-08822,unused_pool
train20k-08857,train20k-08823,unused_pool
train20k-08858,train20k-08824,unused_pool
train20k-08859,train20k-08825,unused_pool
train20k-08860,train20k-08826,unused_pool
train20k-08861,train20k-08827,unused_pool
train20k-08862,train20k-08828,unused_pool
train20k-08863,train20k-08829,unused_pool
train20k-08864,train20k-08830,unused_pool
train20k-08865,train20k-08831,unused_pool
train20k-08866,train20k-08832,unused_pool
train20k-08867,train20k-08833,unused_pool
train20k-08868,train20k-08834,unused_pool
train20k-08869,train20k-08835,unused_pool
train20k-08870,train20k-08836,unused_pool
train20k-08871,train20k-08837,unused_pool
train20k-08872,train20k-08838,unused_pool
train20k-08873,train20k-08839,unused_pool
train20k-08874,train20k-08840,unused_pool
train20k-08875,train20k-08841,unused_pool
train20k-08876,train20k-08842,unused_pool
train20k-08877,train20k-08843,unused_pool
train20k-08878,train20k-08844,unused_pool
train20k-08879,train20k-08845,unused_pool
train20k-08880,train20k-08846,unused_pool
train20k-08881,train20k-08847,unused_pool
train20k-08882,train20k-08848,unused_pool
train20k-08883,train20k-08849,unused_pool
train20k-08884,train20k-08850,unused_pool
train20k-08885,train20k-08851,unused_pool
train20k-08886,train20k-08852,unused_pool
train20k-08887,train20k-08853,unused_pool
train20k-08888,train20k-08854,unused_pool
train20k-08889,train20k-08855,unused_pool
train20k-08890,train20k-08856,unused_pool
train20k-08891,train20k-08857,unused_pool
train20k-08892,train20k-08858,unused_pool
train20k-08893,train20k-08859,unused_pool
train20k-08894,train20k-08860,unused_pool
train20k-08895,train20k-08861,unused_pool
train20k-08896,train20k-08862,unused_pool
train20k-08897,train20k-08863,unused_pool
train20k-08898,train20k-08864,unused_pool
train20k-08899,train20k-08865,unused_pool
train20k-08900,train20k-08866,unused_pool
train20k-08901,train20k-08867,unused_pool
train20k-08902,train20k-08868,unused_pool
train20k-08903,train20k-08869,unused_pool
train20k-08904,train20k-08870,unused_pool
train20k-08905,train20k-08871,unused_pool
train20k-08906,train20k-08872,unused_pool
train20k-08907,train20k-08873,unused_pool
train20k-08908,train20k-08874,unused_pool
train20k-08909,train20k-08875,unused_pool
train20k-08910,train20k-08876,unused_pool
train20k-08911,train20k-08877,unused_pool
train20k-08912,train20k-08878,unused_pool
train20k-08913,train20k-08879,unused_pool
train20k-08914,train20k-08880,unused_pool
train20k-08915,train20k-08881,unused_pool
train20k-08916,train20k-08882,unused_pool
train20k-08917,train20k-08883,unused_pool
train20k-08918,train20k-08884,unused_pool
train20k-08919,train20k-08885,unused_pool
train20k-08920,train20k-08886,unused_pool
train20k-08921,train20k-08887,unused_pool
train20k-08922,train20k-08888,unused_pool
train20k-08923,train20k-08889,unused_pool
train20k-08924,train20k-08890,unused_pool
train20k-08925,train20k-08891,unused_pool
train20k-08926,train20k-08892,unused_pool
train20k-08927,train20k-08893,unused_pool
train20k-08928,train20k-08894,unused_pool
train20k-08929,train20k-08895,unused_pool
train20k-08930,train20k-08896,unused_pool
train20k-08931,train20k-08897,unused_pool
train20k-08932,train20k-08898,unused_pool
train20k-08933,train20k-08899,unused_pool
train20k-08934,train20k-08900,unused_pool
train20k-08935,train20k-08901,unused_pool
train20k-08936,train20k-08902,unused_pool
train20k-08937,train20k-08903,unused_pool
train20k-08938,train20k-08904,unused_pool
train20k-08939,train20k-08905,unused_pool
train20k-08940,train20k-08906,unused_pool
train20k-08941,train20k-08907,unused_pool
train20k-08942,train20k-08908,unused_pool
train20k-08943,train20k-08909,unused_pool
train20k-08944,train20k-08910,unused_pool
train20k-08945,train20k-08911,unused_pool
train20k-08946,train20k-08912,unused_pool
train20k-08947,train20k-08913,unused_pool
train20k-08948,train20k-08914,unused_pool
train20k-08949,train20k-08915,unused_pool
train20k-08950,train20k-08916,unused_pool
train20k-08951,train20k-08917,unused_pool
train20k-08952,train20k-08918,unused_pool
train20k-08953,train20k-08919,unused_pool
train20k-08954,train20k-08920,unused_pool
train20k-08955,train20k-08921,unused_pool
train20k-08956,train20k-08922,unused_pool
train20k-08957,train20k-08923,unused_pool
train20k-08958,train20k-08924,unused_pool
train20k-08959,train20k-08925,unused_pool
train20k-08960,train20k-08926,unused_pool
train20k-08961,train20k-08927,unused_pool
train20k-08962,train20k-08928,unused_pool
train20k-08963,train20k-08929,unused_pool
train20k-08964,train20k-08930,unused_pool
train20k-08965,train20k-08931,unused_pool
train20k-08966,train20k-08932,unused_pool
train20k-08967,train20k-08933,unused_pool
train20k-08968,train20k-08934,unused_pool
train20k-08969,train20k-08935,unused_pool
train20k-08970,train20k-08936,unused_pool
train20k-08971,train20k-08937,unused_pool
train20k-08972,train20k-08938,unused_pool
train20k-08973,train20k-08939,unused_pool
train20k-08974,train20k-08940,unused_pool
train20k-08975,train20k-08941,unused_pool
train20k-08976,train20k-08942,unused_pool
train20k-08977,train20k-08943,unused_pool
train20k-08978,train20k-08944,unused_pool
train20k-08979,train20k-08945,unused_pool
train20k-08980,train20k-08946,unused_pool
train20k-08981,train20k-08947,unused_pool
train20k-08982,train20k-08948,unused_pool
train20k-08983,train20k-08949,unused_pool
train20k-08984,train20k-08950,unused_pool
train20k-08985,train20k-08951,unused_pool
train20k-08986,train20k-08952,unused_pool
train20k-08987,train20k-08953,unused_pool
train20k-08988,train20k-08954,unused_pool
train20k-08989,train20k-08955,unused_pool
train20k-08990,train20k-08956,unused_pool
train20k-08991,train20k-08957,unused_pool
train20k-08992,train20k-08958,unused_pool
train20k-08993,train20k-08959,unused_pool
train20k-08994,train20k-08960,unused_pool
train20k-08995,train20k-08961,unused_pool
train20k-08996,train20k-08962,unused_pool
train20k-08997,train20k-08963,unused_pool
train20k-08998,train20k-08964,unused_pool
train20k-08999,train20k-08965,unused_pool
train20k-09000,train20k-08966,unused_pool
train20k-09001,train20k-08967,unused_pool
train20k-09002,train20k-08968,unused_pool
train20k-09003,train20k-08969,unused_pool
train20k-09004,train20k-08970,unused_pool
train20k-09005,train20k-08971,unused_pool
train20k-09006,train20k-08972,unused_pool
train20k-09007,train20k-08973,unused_pool
train20k-09008,train20k-08974,unused_pool
train20k-09009,train20k-08975,unused_pool
train20k-09010,train20k-08976,unused_pool
train20k-09011,train20k-08977,unused_pool
train20k-09012,train20k-08978,unused_pool
train20k-09013,train20k-08979,unused_pool
train20k-09014,train20k-08980,unused_pool
train20k-09015,train20k-08981,unused_pool
train20k-09016,train20k-08982,unused_pool
train20k-09017,train20k-08983,unused_pool
train20k-09018,train20k-08984,unused_pool
train20k-09019,train20k-08985,unused_pool
train20k-09021,train20k-08986,unused_pool
train20k-09022,train20k-08987,unused_pool
train20k-09023,train20k-08988,unused_pool
train20k-09024,train20k-08989,unused_pool
train20k-09025,train20k-08990,unused_pool
train20k-09026,train20k-08991,unused_pool
train20k-09027,train20k-08992,unused_pool
train20k-09028,train20k-08993,unused_pool
train20k-09029,train20k-08994,unused_pool
train20k-09030,train20k-08995,unused_pool
train20k-09031,train20k-08996,unused_pool
train20k-09032,train20k-08997,unused_pool
train20k-09033,train20k-08998,unused_pool
train20k-09034,train20k-08999,unused_pool
train20k-09035,train20k-09000,unused_pool
train20k-09036,train20k-09001,unused_pool
train20k-09037,train20k-09002,unused_pool
train20k-09038,train20k-09003,unused_pool
train20k-09039,train20k-09004,unused_pool
train20k-09040,train20k-09005,unused_pool
train20k-09041,train20k-09006,unused_pool
train20k-09042,train20k-09007,unused_pool
train20k-09043,train20k-09008,unused_pool
train20k-09044,train20k-09009,unused_pool
train20k-09045,train20k-09010,unused_pool
train20k-09046,train20k-09011,unused_pool
train20k-09047,train20k-09012,unused_pool
train20k-09048,train20k-09013,unused_pool
train20k-09049,train20k-09014,unused_pool
train20k-09050,train20k-09015,unused_pool
train20k-09051,train20k-09016,unused_pool
train20k-09052,train20k-09017,unused_pool
train20k-09053,train20k-09018,unused_pool
train20k-09054,train20k-09019,unused_pool
train20k-09055,train20k-09020,unused_pool
train20k-09056,train20k-09021,unused_pool
train20k-09057,train20k-09022,unused_pool
train20k-09058,train20k-09023,unused_pool
train20k-09060,train20k-09024,unused_pool
train20k-09061,train20k-09025,unused_pool
train20k-09062,train20k-09026,unused_pool
train20k-09063,train20k-09027,unused_pool
train20k-09064,train20k-09028,unused_pool
train20k-09065,train20k-09029,unused_pool
train20k-09066,train20k-09030,unused_pool
train20k-09067,train20k-09031,unused_pool
train20k-09068,train20k-09032,unused_pool
train20k-09069,train20k-09033,unused_pool
train20k-09070,train20k-09034,unused_pool
train20k-09071,train20k-09035,unused_pool
train20k-09072,train20k-09036,unused_pool
train20k-09073,train20k-09037,unused_pool
train20k-09074,train20k-09038,unused_pool
train20k-09075,train20k-09039,unused_pool
train20k-09076,train20k-09040,unused_pool
train20k-09077,train20k-09041,unused_pool
train20k-09078,train20k-09042,unused_pool
train20k-09079,train20k-09043,unused_pool
train20k-09080,train20k-09044,unused_pool
train20k-09081,train20k-09045,unused_pool
train20k-09082,train20k-09046,unused_pool
train20k-09083,train20k-09047,unused_pool
train20k-09084,train20k-09048,unused_pool
train20k-09085,train20k-09049,unused_pool
train20k-09086,train20k-09050,unused_pool
train20k-09087,train20k-09051,unused_pool
train20k-09088,train20k-09052,unused_pool
train20k-09089,train20k-09053,unused_pool
train20k-09090,train20k-09054,unused_pool
train20k-09091,train20k-09055,unused_pool
train20k-09092,train20k-09056,unused_pool
train20k-09093,train20k-09057,unused_pool
train20k-09094,train20k-09058,unused_pool
train20k-09095,train20k-09059,unused_pool
train20k-09096,train20k-09060,unused_pool
train20k-09097,train20k-09061,unused_pool
train20k-09098,train20k-09062,unused_pool
train20k-09099,train20k-09063,unused_pool
train20k-09100,train20k-09064,unused_pool
train20k-09101,train20k-09065,unused_pool
train20k-09102,train20k-09066,unused_pool
train20k-09103,train20k-09067,unused_pool
train20k-09104,train20k-09068,unused_pool
train20k-09105,train20k-09069,unused_pool
train20k-09106,train20k-09070,unused_pool
train20k-09107,train20k-09071,unused_pool
train20k-09108,train20k-09072,unused_pool
train20k-09109,train20k-09073,unused_pool
train20k-09110,train20k-09074,unused_pool
train20k-09111,train20k-09075,unused_pool
train20k-09112,train20k-09076,unused_pool
train20k-09113,train20k-09077,unused_pool
train20k-09114,train20k-09078,unused_pool
train20k-09115,train20k-09079,unused_pool
train20k-09116,train20k-09080,unused_pool
train20k-09117,train20k-09081,unused_pool
train20k-09118,train20k-09082,unused_pool
train20k-09119,train20k-09083,unused_pool
train20k-09120,train20k-09084,unused_pool
train20k-09121,train20k-09085,unused_pool
train20k-09122,train20k-09086,unused_pool
train20k-09123,train20k-09087,unused_pool
train20k-09124,train20k-09088,unused_pool
train20k-09125,train20k-09089,unused_pool
train20k-09126,train20k-09090,unused_pool
train20k-09127,train20k-09091,unused_pool
train20k-09128,train20k-09092,unused_pool
train20k-09129,train20k-09093,unused_pool
train20k-09130,train20k-09094,unused_pool
train20k-09131,train20k-09095,unused_pool
train20k-09132,train20k-09096,unused_pool
train20k-09133,train20k-09097,unused_pool
train20k-09134,train20k-09098,unused_pool
train20k-09135,train20k-09099,unused_pool
train20k-09136,train20k-09100,unused_pool
train20k-09137,train20k-09101,unused_pool
train20k-09138,train20k-09102,unused_pool
train20k-09139,train20k-09103,unused_pool
train20k-09140,train20k-09104,unused_pool
train20k-09141,train20k-09105,unused_pool
train20k-09142,train20k-09106,unused_pool
train20k-09143,train20k-09107,unused_pool
train20k-09144,train20k-09108,unused_pool
train20k-09145,train20k-09109,unused_pool
train20k-09146,train20k-09110,unused_pool
train20k-09147,train20k-09111,unused_pool
train20k-09148,train20k-09112,unused_pool
train20k-09149,train20k-09113,unused_pool
train20k-09150,train20k-09114,unused_pool
train20k-09151,train20k-09115,unused_pool
train20k-09152,train20k-09116,unused_pool
train20k-09153,train20k-09117,unused_pool
train20k-09154,train20k-09118,unused_pool
train20k-09155,train20k-09119,unused_pool
train20k-09156,train20k-09120,unused_pool
train20k-09157,train20k-09121,unused_pool
train20k-09158,train20k-09122,unused_pool
train20k-09159,train20k-09123,unused_pool
train20k-09160,train20k-09124,unused_pool
train20k-09161,train20k-09125,unused_pool
train20k-09162,train20k-09126,unused_pool
train20k-09163,train20k-09127,unused_pool
train20k-09164,train20k-09128,unused_pool
train20k-09165,train20k-09129,unused_pool
train20k-09166,train20k-09130,unused_pool
train20k-09167,train20k-09131,unused_pool
train20k-09168,train20k-09132,unused_pool
train20k-09169,train20k-09133,unused_pool
train20k-09170,train20k-09134,unused_pool
train20k-09171,train20k-09135,unused_pool
train20k-09172,train20k-09136,unused_pool
train20k-09173,train20k-09137,unused_pool
train20k-09174,train20k-09138,unused_pool
train20k-09175,train20k-09139,unused_pool
train20k-09176,train20k-09140,unused_pool
train20k-09177,train20k-09141,unused_pool
train20k-09178,train20k-09142,unused_pool
train20k-09179,train20k-09143,unused_pool
train20k-09180,train20k-09144,unused_pool
train20k-09181,train20k-09145,unused_pool
train20k-09182,train20k-09146,unused_pool
train20k-09183,train20k-09147,unused_pool
train20k-09184,train20k-09148,unused_pool
train20k-09185,train20k-09149,unused_pool
train20k-09186,train20k-09150,unused_pool
train20k-09187,train20k-09151,unused_pool
train20k-09188,train20k-09152,unused_pool
train20k-09189,train20k-09153,unused_pool
train20k-09190,train20k-09154,unused_pool
train20k-09191,train20k-09155,unused_pool
train20k-09192,train20k-09156,unused_pool
train20k-09193,train20k-09157,unused_pool
train20k-09194,train20k-09158,unused_pool
train20k-09195,train20k-09159,unused_pool
train20k-09196,train20k-09160,unused_pool
train20k-09197,train20k-09161,unused_pool
train20k-09198,train20k-09162,unused_pool
train20k-09199,train20k-09163,unused_pool
train20k-09200,train20k-09164,unused_pool
train20k-09201,train20k-09165,unused_pool
train20k-09202,train20k-09166,unused_pool
train20k-09203,train20k-09167,unused_pool
train20k-09204,train20k-09168,unused_pool
train20k-09205,train20k-09169,unused_pool
train20k-09206,train20k-09170,unused_pool
train20k-09207,train20k-09171,unused_pool
train20k-09208,train20k-09172,unused_pool
train20k-09209,train20k-09173,unused_pool
train20k-09210,train20k-09174,unused_pool
train20k-09211,train20k-09175,unused_pool
train20k-09212,train20k-09176,unused_pool
train20k-09213,train20k-09177,unused_pool
train20k-09214,train20k-09178,unused_pool
train20k-09215,train20k-09179,unused_pool
train20k-09216,train20k-09180,unused_pool
train20k-09217,train20k-09181,unused_pool
train20k-09218,train20k-09182,unused_pool
train20k-09219,train20k-09183,unused_pool
train20k-09220,train20k-09184,unused_pool
train20k-09221,train20k-09185,unused_pool
train20k-09222,train20k-09186,unused_pool
train20k-09223,train20k-09187,unused_pool
train20k-09224,train20k-09188,unused_pool
train20k-09225,train20k-09189,unused_pool
train20k-09226,train20k-09190,unused_pool
train20k-09227,train20k-09191,unused_pool
train20k-09228,train20k-09192,unused_pool
train20k-09229,train20k-09193,unused_pool
train20k-09230,train20k-09194,unused_pool
train20k-09231,train20k-09195,unused_pool
train20k-09232,train20k-09196,unused_pool
train20k-09233,train20k-09197,unused_pool
train20k-09234,train20k-09198,unused_pool
train20k-09235,train20k-09199,unused_pool
train20k-09236,train20k-09200,unused_pool
train20k-09237,train20k-09201,unused_pool
train20k-09238,train20k-09202,unused_pool
train20k-09239,train20k-09203,unused_pool
train20k-09240,train20k-09204,unused_pool
train20k-09241,train20k-09205,unused_pool
train20k-09242,train20k-09206,unused_pool
train20k-09243,train20k-09207,unused_pool
train20k-09244,train20k-09208,unused_pool
train20k-09245,train20k-09209,unused_pool
train20k-09246,train20k-09210,unused_pool
train20k-09247,train20k-09211,unused_pool
train20k-09248,train20k-09212,unused_pool
train20k-09249,train20k-09213,unused_pool
train20k-09250,train20k-09214,unused_pool
train20k-09251,train20k-09215,unused_pool
train20k-09252,train20k-09216,unused_pool
train20k-09253,train20k-09217,unused_pool
train20k-09254,train20k-09218,unused_pool
train20k-09255,train20k-09219,unused_pool
train20k-09256,train20k-09220,unused_pool
train20k-09257,train20k-09221,unused_pool
train20k-09258,train20k-09222,unused_pool
train20k-09259,train20k-09223,unused_pool
train20k-09260,train20k-09224,unused_pool
train20k-09261,train20k-09225,unused_pool
train20k-09262,train20k-09226,unused_pool
train20k-09263,train20k-09227,unused_pool
train20k-09264,train20k-09228,unused_pool
train20k-09265,train20k-09229,unused_pool
train20k-09267,train20k-09230,unused_pool
train20k-09268,train20k-09231,unused_pool
train20k-09269,train20k-09232,unused_pool
train20k-09270,train20k-09233,unused_pool
train20k-09271,train20k-09234,unused_pool
train20k-09272,train20k-09235,unused_pool
train20k-09273,train20k-09236,unused_pool
train20k-09274,train20k-09237,unused_pool
train20k-09275,train20k-09238,unused_pool
train20k-09276,train20k-09239,unused_pool
train20k-09277,train20k-09240,unused_pool
train20k-09278,train20k-09241,unused_pool
train20k-09279,train20k-09242,unused_pool
train20k-09280,train20k-09243,unused_pool
train20k-09281,train20k-09244,unused_pool
train20k-09282,train20k-09245,unused_pool
train20k-09283,train20k-09246,unused_pool
train20k-09284,train20k-09247,unused_pool
train20k-09285,train20k-09248,unused_pool
train20k-09286,train20k-09249,unused_pool
train20k-09287,train20k-09250,unused_pool
train20k-09288,train20k-09251,unused_pool
train20k-09289,train20k-09252,unused_pool
train20k-09290,train20k-09253,unused_pool
train20k-09291,train20k-09254,unused_pool
train20k-09292,train20k-09255,unused_pool
train20k-09293,train20k-09256,unused_pool
train20k-09294,train20k-09257,unused_pool
train20k-09295,train20k-09258,unused_pool
train20k-09296,train20k-09259,unused_pool
train20k-09297,train20k-09260,unused_pool
train20k-09298,train20k-09261,unused_pool
train20k-09299,train20k-09262,unused_pool
train20k-09300,train20k-09263,unused_pool
train20k-09301,train20k-09264,unused_pool
train20k-09302,train20k-09265,unused_pool
train20k-09303,train20k-09266,unused_pool
train20k-09304,train20k-09267,unused_pool
train20k-09305,train20k-09268,unused_pool
train20k-09306,train20k-09269,unused_pool
train20k-09307,train20k-09270,unused_pool
train20k-09308,train20k-09271,unused_pool
train20k-09309,train20k-09272,unused_pool
train20k-09310,train20k-09273,unused_pool
train20k-09311,train20k-09274,unused_pool
train20k-09312,train20k-09275,unused_pool
train20k-09313,train20k-09276,unused_pool
train20k-09314,train20k-09277,unused_pool
train20k-09315,train20k-09278,unused_pool
train20k-09316,train20k-09279,unused_pool
train20k-09317,train20k-09280,unused_pool
train20k-09318,train20k-09281,unused_pool
train20k-09319,train20k-09282,unused_pool
train20k-09320,train20k-09283,unused_pool
train20k-09321,train20k-09284,unused_pool
train20k-09322,train20k-09285,unused_pool
train20k-09323,train20k-09286,unused_pool
train20k-09324,train20k-09287,unused_pool
train20k-09325,train20k-09288,unused_pool
train20k-09326,train20k-09289,unused_pool
train20k-09327,train20k-09290,unused_pool
train20k-09328,train20k-09291,unused_pool
train20k-09329,train20k-09292,unused_pool
train20k-09330,train20k-09293,unused_pool
train20k-09331,train20k-09294,unused_pool
train20k-09332,train20k-09295,unused_pool
train20k-09333,train20k-09296,unused_pool
train20k-09334,train20k-09297,unused_pool
train20k-09335,train20k-09298,unused_pool
train20k-09336,train20k-09299,unused_pool
train20k-09337,train20k-09300,unused_pool
train20k-09338,train20k-09301,unused_pool
train20k-09339,train20k-09302,unused_pool
train20k-09340,train20k-09303,unused_pool
train20k-09341,train20k-09304,unused_pool
train20k-09342,train20k-09305,unused_pool
train20k-09343,train20k-09306,unused_pool
train20k-09344,train20k-09307,unused_pool
train20k-09345,train20k-09308,unused_pool
train20k-09346,train20k-09309,unused_pool
train20k-09347,train20k-09310,unused_pool
train20k-09348,train20k-09311,unused_pool
train20k-09349,train20k-09312,unused_pool
train20k-09350,train20k-09313,unused_pool
train20k-09351,train20k-09314,unused_pool
train20k-09352,train20k-09315,unused_pool
train20k-09353,train20k-09316,unused_pool
train20k-09354,train20k-09317,unused_pool
train20k-09355,train20k-09318,unused_pool
train20k-09356,train20k-09319,unused_pool
train20k-09357,train20k-09320,unused_pool
train20k-09358,train20k-09321,unused_pool
train20k-09359,train20k-09322,unused_pool
train20k-09360,train20k-09323,unused_pool
train20k-09361,train20k-09324,unused_pool
train20k-09362,train20k-09325,unused_pool
train20k-09363,train20k-09326,unused_pool
train20k-09364,train20k-09327,unused_pool
train20k-09365,train20k-09328,unused_pool
train20k-09366,train20k-09329,unused_pool
train20k-09367,train20k-09330,unused_pool
train20k-09368,train20k-09331,unused_pool
train20k-09369,train20k-09332,unused_pool
train20k-09370,train20k-09333,unused_pool
train20k-09371,train20k-09334,unused_pool
train20k-09372,train20k-09335,unused_pool
train20k-09373,train20k-09336,unused_pool
train20k-09374,train20k-09337,unused_pool
train20k-09375,train20k-09338,unused_pool
train20k-09376,train20k-09339,unused_pool
train20k-09377,train20k-09340,unused_pool
train20k-09378,train20k-09341,unused_pool
train20k-09379,train20k-09342,unused_pool
train20k-09380,train20k-09343,unused_pool
train20k-09381,train20k-09344,unused_pool
train20k-09382,train20k-09345,unused_pool
train20k-09383,train20k-09346,unused_pool
train20k-09384,train20k-09347,unused_pool
train20k-09385,train20k-09348,unused_pool
train20k-09386,train20k-09349,unused_pool
train20k-09387,train20k-09350,unused_pool
train20k-09388,train20k-09351,unused_pool
train20k-09389,train20k-09352,unused_pool
train20k-09390,train20k-09353,unused_pool
train20k-09391,train20k-09354,unused_pool
train20k-09392,train20k-09355,unused_pool
train20k-09393,train20k-09356,unused_pool
train20k-09394,train20k-09357,unused_pool
train20k-09395,train20k-09358,unused_pool
train20k-09396,train20k-09359,unused_pool
train20k-09397,train20k-09360,unused_pool
train20k-09398,train20k-09361,unused_pool
train20k-09399,train20k-09362,unused_pool
train20k-09400,train20k-09363,unused_pool
train20k-09401,train20k-09364,unused_pool
train20k-09402,train20k-09365,unused_pool
train20k-09403,train20k-09366,unused_pool
train20k-09404,train20k-09367,unused_pool
train20k-09405,train20k-09368,unused_pool
train20k-09406,train20k-09369,unused_pool
train20k-09407,train20k-09370,unused_pool
train20k-09408,train20k-09371,unused_pool
train20k-09409,train20k-09372,unused_pool
train20k-09410,train20k-09373,unused_pool
train20k-09411,train20k-09374,unused_pool
train20k-09412,train20k-09375,unused_pool
train20k-09413,train20k-09376,unused_pool
train20k-09414,train20k-09377,unused_pool
train20k-09415,train20k-09378,unused_pool
train20k-09416,train20k-09379,unused_pool
train20k-09417,train20k-09380,unused_pool
train20k-09418,train20k-09381,unused_pool
train20k-09419,train20k-09382,unused_pool
train20k-09420,train20k-09383,unused_pool
train20k-09421,train20k-09384,unused_pool
train20k-09423,train20k-09385,unused_pool
train20k-09424,train20k-09386,unused_pool
train20k-09425,train20k-09387,unused_pool
train20k-09426,train20k-09388,unused_pool
train20k-09427,train20k-09389,unused_pool
train20k-09428,train20k-09390,unused_pool
train20k-09429,train20k-09391,unused_pool
train20k-09430,train20k-09392,unused_pool
train20k-09431,train20k-09393,unused_pool
train20k-09432,train20k-09394,unused_pool
train20k-09433,train20k-09395,unused_pool
train20k-09434,train20k-09396,unused_pool
train20k-09435,train20k-09397,unused_pool
train20k-09436,train20k-09398,unused_pool
train20k-09437,train20k-09399,unused_pool
train20k-09438,train20k-09400,unused_pool
train20k-09439,train20k-09401,unused_pool
train20k-09440,train20k-09402,unused_pool
train20k-09441,train20k-09403,unused_pool
train20k-09442,train20k-09404,unused_pool
train20k-09443,train20k-09405,unused_pool
train20k-09444,train20k-09406,unused_pool
train20k-09445,train20k-09407,unused_pool
train20k-09446,train20k-09408,unused_pool
train20k-09447,train20k-09409,unused_pool
train20k-09448,train20k-09410,unused_pool
train20k-09449,train20k-09411,unused_pool
train20k-09450,train20k-09412,unused_pool
train20k-09451,train20k-09413,unused_pool
train20k-09452,train20k-09414,unused_pool
train20k-09453,train20k-09415,unused_pool
train20k-09454,train20k-09416,unused_pool
train20k-09455,train20k-09417,unused_pool
train20k-09456,train20k-09418,unused_pool
train20k-09457,train20k-09419,unused_pool
train20k-09458,train20k-09420,unused_pool
train20k-09459,train20k-09421,unused_pool
train20k-09460,train20k-09422,unused_pool
train20k-09461,train20k-09423,unused_pool
train20k-09462,train20k-09424,unused_pool
train20k-09463,train20k-09425,unused_pool
train20k-09464,train20k-09426,unused_pool
train20k-09465,train20k-09427,unused_pool
train20k-09466,train20k-09428,unused_pool
train20k-09467,train20k-09429,unused_pool
train20k-09468,train20k-09430,unused_pool
train20k-09469,train20k-09431,unused_pool
train20k-09470,train20k-09432,unused_pool
train20k-09471,train20k-09433,unused_pool
train20k-09472,train20k-09434,unused_pool
train20k-09473,train20k-09435,unused_pool
train20k-09474,train20k-09436,unused_pool
train20k-09475,train20k-09437,unused_pool
train20k-09476,train20k-09438,unused_pool
train20k-09477,train20k-09439,unused_pool
train20k-09478,train20k-09440,unused_pool
train20k-09479,train20k-09441,unused_pool
train20k-09480,train20k-09442,unused_pool
train20k-09481,train20k-09443,unused_pool
train20k-09482,train20k-09444,unused_pool
train20k-09483,train20k-09445,unused_pool
train20k-09484,train20k-09446,unused_pool
train20k-09485,train20k-09447,unused_pool
train20k-09486,train20k-09448,unused_pool
train20k-09487,train20k-09449,unused_pool
train20k-09488,train20k-09450,unused_pool
train20k-09489,train20k-09451,unused_pool
train20k-09490,train20k-09452,unused_pool
train20k-09491,train20k-09453,unused_pool
train20k-09492,train20k-09454,unused_pool
train20k-09493,train20k-09455,unused_pool
train20k-09494,train20k-09456,unused_pool
train20k-09495,train20k-09457,unused_pool
train20k-09496,train20k-09458,unused_pool
train20k-09497,train20k-09459,unused_pool
train20k-09498,train20k-09460,unused_pool
train20k-09499,train20k-09461,unused_pool
train20k-09500,train20k-09462,unused_pool
train20k-09501,train20k-09463,unused_pool
train20k-09502,train20k-09464,unused_pool
train20k-09503,train20k-09465,unused_pool
train20k-09504,train20k-09466,unused_pool
train20k-09505,train20k-09467,unused_pool
train20k-09506,train20k-09468,unused_pool
train20k-09507,train20k-09469,unused_pool
train20k-09508,train20k-09470,unused_pool
train20k-09509,train20k-09471,unused_pool
train20k-09510,train20k-09472,unused_pool
train20k-09511,train20k-09473,unused_pool
train20k-09512,train20k-09474,unused_pool
train20k-09513,train20k-09475,unused_pool
train20k-09514,train20k-09476,unused_pool
train20k-09515,train20k-09477,unused_pool
train20k-09516,train20k-09478,unused_pool
train20k-09517,train20k-09479,unused_pool
train20k-09518,train20k-09480,unused_pool
train20k-09519,train20k-09481,unused_pool
train20k-09520,train20k-09482,unused_pool
train20k-09521,train20k-09483,unused_pool
train20k-09522,train20k-09484,unused_pool
train20k-09523,train20k-09485,unused_pool
train20k-09524,train20k-09486,unused_pool
train20k-09525,train20k-09487,unused_pool
train20k-09526,train20k-09488,unused_pool
train20k-09527,train20k-09489,unused_pool
train20k-09528,train20k-09490,unused_pool
train20k-09529,train20k-09491,unused_pool
train20k-09530,train20k-09492,unused_pool
train20k-09531,train20k-09493,unused_pool
train20k-09532,train20k-09494,unused_pool
train20k-09533,train20k-09495,unused_pool
train20k-09534,train20k-09496,unused_pool
train20k-09535,train20k-09497,unused_pool
train20k-09536,train20k-09498,unused_pool
train20k-09537,train20k-09499,unused_pool
train20k-09538,train20k-09500,unused_pool
train20k-09539,train20k-09501,unused_pool
train20k-09540,train20k-09502,unused_pool
train20k-09541,train20k-09503,unused_pool
train20k-09542,train20k-09504,unused_pool
train20k-09543,train20k-09505,unused_pool
train20k-09544,train20k-09506,unused_pool
train20k-09545,train20k-09507,unused_pool
train20k-09546,train20k-09508,unused_pool
train20k-09547,train20k-09509,unused_pool
train20k-09548,train20k-09510,unused_pool
train20k-09549,train20k-09511,unused_pool
train20k-09551,train20k-09512,unused_pool
train20k-09552,train20k-09513,unused_pool
train20k-09553,train20k-09514,unused_pool
train20k-09554,train20k-09515,unused_pool
train20k-09555,train20k-09516,unused_pool
train20k-09556,train20k-09517,unused_pool
train20k-09557,train20k-09518,unused_pool
train20k-09558,train20k-09519,unused_pool
train20k-09559,train20k-09520,unused_pool
train20k-09560,train20k-09521,unused_pool
train20k-09561,train20k-09522,unused_pool
train20k-09562,train20k-09523,unused_pool
train20k-09563,train20k-09524,unused_pool
train20k-09564,train20k-09525,unused_pool
train20k-09565,train20k-09526,unused_pool
train20k-09566,train20k-09527,unused_pool
train20k-09567,train20k-09528,unused_pool
train20k-09568,train20k-09529,unused_pool
train20k-09569,train20k-09530,unused_pool
train20k-09570,train20k-09531,unused_pool
train20k-09571,train20k-09532,unused_pool
train20k-09572,train20k-09533,unused_pool
train20k-09573,train20k-09534,unused_pool
train20k-09574,train20k-09535,unused_pool
train20k-09575,train20k-09536,unused_pool
train20k-09576,train20k-09537,unused_pool
train20k-09577,train20k-09538,unused_pool
train20k-09578,train20k-09539,unused_pool
train20k-09579,train20k-09540,unused_pool
train20k-09580,train20k-09541,unused_pool
train20k-09581,train20k-09542,unused_pool
train20k-09582,train20k-09543,unused_pool
train20k-09583,train20k-09544,unused_pool
train20k-09584,train20k-09545,unused_pool
train20k-09585,train20k-09546,unused_pool
train20k-09586,train20k-09547,unused_pool
train20k-09587,train20k-09548,unused_pool
train20k-09588,train20k-09549,unused_pool
train20k-09589,train20k-09550,unused_pool
train20k-09590,train20k-09551,unused_pool
train20k-09591,train20k-09552,unused_pool
train20k-09592,train20k-09553,unused_pool
train20k-09593,train20k-09554,unused_pool
train20k-09594,train20k-09555,unused_pool
train20k-09595,train20k-09556,unused_pool
train20k-09596,train20k-09557,unused_pool
train20k-09597,train20k-09558,unused_pool
train20k-09598,train20k-09559,unused_pool
train20k-09599,train20k-09560,unused_pool
train20k-09600,train20k-09561,unused_pool
train20k-09601,train20k-09562,unused_pool
train20k-09602,train20k-09563,unused_pool
train20k-09603,train20k-09564,unused_pool
train20k-09604,train20k-09565,unused_pool
train20k-09605,train20k-09566,unused_pool
train20k-09606,train20k-09567,unused_pool
train20k-09607,train20k-09568,unused_pool
train20k-09608,train20k-09569,unused_pool
train20k-09609,train20k-09570,unused_pool
train20k-09610,train20k-09571,unused_pool
train20k-09611,train20k-09572,unused_pool
train20k-09612,train20k-09573,unused_pool
train20k-09613,train20k-09574,unused_pool
train20k-09614,train20k-09575,unused_pool
train20k-09615,train20k-09576,unused_pool
train20k-09616,train20k-09577,unused_pool
train20k-09617,train20k-09578,unused_pool
train20k-09618,train20k-09579,unused_pool
train20k-09619,train20k-09580,unused_pool
train20k-09620,train20k-09581,unused_pool
train20k-09621,train20k-09582,unused_pool
train20k-09622,train20k-09583,unused_pool
train20k-09623,train20k-09584,unused_pool
train20k-09624,train20k-09585,unused_pool
train20k-09625,train20k-09586,unused_pool
train20k-09626,train20k-09587,unused_pool
train20k-09627,train20k-09588,unused_pool
train20k-09628,train20k-09589,unused_pool
train20k-09629,train20k-09590,unused_pool
train20k-09630,train20k-09591,unused_pool
train20k-09631,train20k-09592,unused_pool
train20k-09632,train20k-09593,unused_pool
train20k-09633,train20k-09594,unused_pool
train20k-09634,train20k-09595,unused_pool
train20k-09635,train20k-09596,unused_pool
train20k-09636,train20k-09597,unused_pool
train20k-09637,train20k-09598,unused_pool
train20k-09638,train20k-09599,unused_pool
train20k-09639,train20k-09600,unused_pool
train20k-09640,train20k-09601,unused_pool
train20k-09641,train20k-09602,unused_pool
train20k-09642,train20k-09603,unused_pool
train20k-09643,train20k-09604,unused_pool
train20k-09644,train20k-09605,unused_pool
train20k-09645,train20k-09606,unused_pool
train20k-09646,train20k-09607,unused_pool
train20k-09647,train20k-09608,unused_pool
train20k-09648,train20k-09609,unused_pool
train20k-09649,train20k-09610,unused_pool
train20k-09650,train20k-09611,unused_pool
train20k-09651,train20k-09612,unused_pool
train20k-09652,train20k-09613,unused_pool
train20k-09653,train20k-09614,unused_pool
train20k-09654,train20k-09615,unused_pool
train20k-09655,train20k-09616,unused_pool
train20k-09656,train20k-09617,unused_pool
train20k-09657,train20k-09618,unused_pool
train20k-09658,train20k-09619,unused_pool
train20k-09659,train20k-09620,unused_pool
train20k-09660,train20k-09621,unused_pool
train20k-09661,train20k-09622,unused_pool
train20k-09662,train20k-09623,unused_pool
train20k-09663,train20k-09624,unused_pool
train20k-09664,train20k-09625,unused_pool
train20k-09665,train20k-09626,unused_pool
train20k-09666,train20k-09627,unused_pool
train20k-09667,train20k-09628,unused_pool
train20k-09668,train20k-09629,unused_pool
train20k-09669,train20k-09630,unused_pool
train20k-09670,train20k-09631,unused_pool
train20k-09671,train20k-09632,unused_pool
train20k-09672,train20k-09633,unused_pool
train20k-09673,train20k-09634,unused_pool
train20k-09674,train20k-09635,unused_pool
train20k-09675,train20k-09636,unused_pool
train20k-09676,train20k-09637,unused_pool
train20k-09677,train20k-09638,unused_pool
train20k-09678,train20k-09639,unused_pool
train20k-09679,train20k-09640,unused_pool
train20k-09680,train20k-09641,unused_pool
train20k-09681,train20k-09642,unused_pool
train20k-09682,train20k-09643,unused_pool
train20k-09683,train20k-09644,unused_pool
train20k-09684,train20k-09645,unused_pool
train20k-09685,train20k-09646,unused_pool
train20k-09686,train20k-09647,unused_pool
train20k-09687,train20k-09648,unused_pool
train20k-09688,train20k-09649,unused_pool
train20k-09689,train20k-09650,unused_pool
train20k-09690,train20k-09651,unused_pool
train20k-09691,train20k-09652,unused_pool
train20k-09692,train20k-09653,unused_pool
train20k-09693,train20k-09654,unused_pool
train20k-09694,train20k-09655,unused_pool
train20k-09695,train20k-09656,unused_pool
train20k-09696,train20k-09657,unused_pool
train20k-09697,train20k-09658,unused_pool
train20k-09698,train20k-09659,unused_pool
train20k-09699,train20k-09660,unused_pool
train20k-09700,train20k-09661,unused_pool
train20k-09701,train20k-09662,unused_pool
train20k-09702,train20k-09663,unused_pool
train20k-09703,train20k-09664,unused_pool
train20k-09704,train20k-09665,unused_pool
train20k-09705,train20k-09666,unused_pool
train20k-09706,train20k-09667,unused_pool
train20k-09707,train20k-09668,unused_pool
train20k-09708,train20k-09669,unused_pool
train20k-09709,train20k-09670,unused_pool
train20k-09710,train20k-09671,unused_pool
train20k-09711,train20k-09672,unused_pool
train20k-09712,train20k-09673,unused_pool
train20k-09713,train20k-09674,unused_pool
train20k-09714,train20k-09675,unused_pool
train20k-09715,train20k-09676,unused_pool
train20k-09716,train20k-09677,unused_pool
train20k-09717,train20k-09678,unused_pool
train20k-09718,train20k-09679,unused_pool
train20k-09719,train20k-09680,unused_pool
train20k-09720,train20k-09681,unused_pool
train20k-09721,train20k-09682,unused_pool
train20k-09722,train20k-09683,unused_pool
train20k-09723,train20k-09684,unused_pool
train20k-09724,train20k-09685,unused_pool
train20k-09725,train20k-09686,unused_pool
train20k-09726,train20k-09687,unused_pool
train20k-09727,train20k-09688,unused_pool
train20k-09728,train20k-09689,unused_pool
train20k-09729,train20k-09690,unused_pool
train20k-09730,train20k-09691,unused_pool
train20k-09731,train20k-09692,unused_pool
train20k-09732,train20k-09693,unused_pool
train20k-09733,train20k-09694,unused_pool
train20k-09734,train20k-09695,unused_pool
train20k-09735,train20k-09696,unused_pool
train20k-09736,train20k-09697,unused_pool
train20k-09737,train20k-09698,unused_pool
train20k-09738,train20k-09699,unused_pool
train20k-09739,train20k-09700,unused_pool
train20k-09740,train20k-09701,unused_pool
train20k-09741,train20k-09702,unused_pool
train20k-09742,train20k-09703,unused_pool
train20k-09743,train20k-09704,unused_pool
train20k-09744,train20k-09705,unused_pool
train20k-09745,train20k-09706,unused_pool
train20k-09746,train20k-09707,unused_pool
train20k-09747,train20k-09708,unused_pool
train20k-09748,train20k-09709,unused_pool
train20k-09749,train20k-09710,unused_pool
train20k-09750,train20k-09711,unused_pool
train20k-09751,train20k-09712,unused_pool
train20k-09752,train20k-09713,unused_pool
train20k-09753,train20k-09714,unused_pool
train20k-09754,train20k-09715,unused_pool
train20k-09755,train20k-09716,unused_pool
train20k-09756,train20k-09717,unused_pool
train20k-09757,train20k-09718,unused_pool
train20k-09758,train20k-09719,unused_pool
train20k-09759,train20k-09720,unused_pool
train20k-09760,train20k-09721,unused_pool
train20k-09761,train20k-09722,unused_pool
train20k-09762,train20k-09723,unused_pool
train20k-09763,train20k-09724,unused_pool
train20k-09764,train20k-09725,unused_pool
train20k-09765,train20k-09726,unused_pool
train20k-09766,train20k-09727,unused_pool
train20k-09767,train20k-09728,unused_pool
train20k-09768,train20k-09729,unused_pool
train20k-09769,train20k-09730,unused_pool
train20k-09770,train20k-09731,unused_pool
train20k-09771,train20k-09732,unused_pool
train20k-09772,train20k-09733,unused_pool
train20k-09773,train20k-09734,unused_pool
train20k-09774,train20k-09735,unused_pool
train20k-09775,train20k-09736,unused_pool
train20k-09776,train20k-09737,unused_pool
train20k-09777,train20k-09738,unused_pool
train20k-09778,train20k-09739,unused_pool
train20k-09779,train20k-09740,unused_pool
train20k-09780,train20k-09741,unused_pool
train20k-09781,train20k-09742,unused_pool
train20k-09782,train20k-09743,unused_pool
train20k-09783,train20k-09744,unused_pool
train20k-09784,train20k-09745,unused_pool
train20k-09785,train20k-09746,unused_pool
train20k-09786,train20k-09747,unused_pool
train20k-09787,train20k-09748,unused_pool
train20k-09788,train20k-09749,unused_pool
train20k-09789,train20k-09750,unused_pool
train20k-09790,train20k-09751,unused_pool
train20k-09791,train20k-09752,unused_pool
train20k-09792,train20k-09753,unused_pool
train20k-09793,train20k-09754,unused_pool
train20k-09794,train20k-09755,unused_pool
train20k-09795,train20k-09756,unused_pool
train20k-09796,train20k-09757,unused_pool
train20k-09797,train20k-09758,unused_pool
train20k-09798,train20k-09759,unused_pool
train20k-09799,train20k-09760,unused_pool
train20k-09800,train20k-09761,unused_pool
train20k-09801,train20k-09762,unused_pool
train20k-09802,train20k-09763,unused_pool
train20k-09803,train20k-09764,unused_pool
train20k-09804,train20k-09765,unused_pool
train20k-09805,train20k-09766,unused_pool
train20k-09806,train20k-09767,unused_pool
train20k-09807,train20k-09768,unused_pool
train20k-09808,train20k-09769,unused_pool
train20k-09809,train20k-09770,unused_pool
train20k-09810,train20k-09771,unused_pool
train20k-09811,train20k-09772,unused_pool
train20k-09812,train20k-09773,unused_pool
train20k-09814,train20k-09774,unused_pool
train20k-09815,train20k-09775,unused_pool
train20k-09816,train20k-09776,unused_pool
train20k-09817,train20k-09777,unused_pool
train20k-09818,train20k-09778,unused_pool
train20k-09819,train20k-09779,unused_pool
train20k-09820,train20k-09780,unused_pool
train20k-09821,train20k-09781,unused_pool
train20k-09822,train20k-09782,unused_pool
train20k-09823,train20k-09783,unused_pool
train20k-09824,train20k-09784,unused_pool
train20k-09825,train20k-09785,unused_pool
train20k-09826,train20k-09786,unused_pool
train20k-09827,train20k-09787,unused_pool
train20k-09828,train20k-09788,unused_pool
train20k-09829,train20k-09789,unused_pool
train20k-09830,train20k-09790,unused_pool
train20k-09831,train20k-09791,unused_pool
train20k-09832,train20k-09792,unused_pool
train20k-09833,train20k-09793,unused_pool
train20k-09834,train20k-09794,unused_pool
train20k-09835,train20k-09795,unused_pool
train20k-09836,train20k-09796,unused_pool
train20k-09837,train20k-09797,unused_pool
train20k-09838,train20k-09798,unused_pool
train20k-09839,train20k-09799,unused_pool
train20k-09840,train20k-09800,unused_pool
train20k-09841,train20k-09801,unused_pool
train20k-09842,train20k-09802,unused_pool
train20k-09843,train20k-09803,unused_pool
train20k-09844,train20k-09804,unused_pool
train20k-09845,train20k-09805,unused_pool
train20k-09846,train20k-09806,unused_pool
train20k-09847,train20k-09807,unused_pool
train20k-09848,train20k-09808,unused_pool
train20k-09849,train20k-09809,unused_pool
train20k-09850,train20k-09810,unused_pool
train20k-09851,train20k-09811,unused_pool
train20k-09852,train20k-09812,unused_pool
train20k-09853,train20k-09813,unused_pool
train20k-09854,train20k-09814,unused_pool
train20k-09855,train20k-09815,unused_pool
train20k-09856,train20k-09816,unused_pool
train20k-09857,train20k-09817,unused_pool
train20k-09858,train20k-09818,unused_pool
train20k-09859,train20k-09819,unused_pool
train20k-09860,train20k-09820,unused_pool
train20k-09861,train20k-09821,unused_pool
train20k-09862,train20k-09822,unused_pool
train20k-09863,train20k-09823,unused_pool
train20k-09864,train20k-09824,unused_pool
train20k-09865,train20k-09825,unused_pool
train20k-09866,train20k-09826,unused_pool
train20k-09867,train20k-09827,unused_pool
train20k-09868,train20k-09828,unused_pool
train20k-09869,train20k-09829,unused_pool
train20k-09870,train20k-09830,unused_pool
train20k-09871,train20k-09831,unused_pool
train20k-09872,train20k-09832,unused_pool
train20k-09873,train20k-09833,unused_pool
train20k-09874,train20k-09834,unused_pool
train20k-09875,train20k-09835,unused_pool
train20k-09876,train20k-09836,unused_pool
train20k-09877,train20k-09837,unused_pool
train20k-09878,train20k-09838,unused_pool
train20k-09879,train20k-09839,unused_pool
train20k-09880,train20k-09840,unused_pool
train20k-09881,train20k-09841,unused_pool
train20k-09882,train20k-09842,unused_pool
train20k-09883,train20k-09843,unused_pool
train20k-09884,train20k-09844,unused_pool
train20k-09885,train20k-09845,unused_pool
train20k-09886,train20k-09846,unused_pool
train20k-09887,train20k-09847,unused_pool
train20k-09888,train20k-09848,unused_pool
train20k-09889,train20k-09849,unused_pool
train20k-09890,train20k-09850,unused_pool
train20k-09891,train20k-09851,unused_pool
train20k-09892,train20k-09852,unused_pool
train20k-09893,train20k-09853,unused_pool
train20k-09894,train20k-09854,unused_pool
train20k-09895,train20k-09855,unused_pool
train20k-09896,train20k-09856,unused_pool
train20k-09897,train20k-09857,unused_pool
train20k-09898,train20k-09858,unused_pool
train20k-09899,train20k-09859,unused_pool
train20k-09900,train20k-09860,unused_pool
train20k-09901,train20k-09861,unused_pool
train20k-09902,train20k-09862,unused_pool
train20k-09903,train20k-09863,unused_pool
train20k-09904,train20k-09864,unused_pool
train20k-09905,train20k-09865,unused_pool
train20k-09906,train20k-09866,unused_pool
train20k-09907,train20k-09867,unused_pool
train20k-09908,train20k-09868,unused_pool
train20k-09909,train20k-09869,unused_pool
train20k-09910,train20k-09870,unused_pool
train20k-09911,train20k-09871,unused_pool
train20k-09912,train20k-09872,unused_pool
train20k-09913,train20k-09873,unused_pool
train20k-09914,train20k-09874,unused_pool
train20k-09915,train20k-09875,unused_pool
train20k-09916,train20k-09876,unused_pool
train20k-09917,train20k-09877,unused_pool
train20k-09918,train20k-09878,unused_pool
train20k-09919,train20k-09879,unused_pool
train20k-09920,train20k-09880,unused_pool
train20k-09921,train20k-09881,unused_pool
train20k-09922,train20k-09882,unused_pool
train20k-09923,train20k-09883,unused_pool
train20k-09924,train20k-09884,unused_pool
train20k-09925,train20k-09885,unused_pool
train20k-09926,train20k-09886,unused_pool
train20k-09927,train20k-09887,unused_pool
train20k-09928,train20k-09888,unused_pool
train20k-09929,train20k-09889,unused_pool
train20k-09930,train20k-09890,unused_pool
train20k-09931,train20k-09891,unused_pool
train20k-09932,train20k-09892,unused_pool
train20k-09933,train20k-09893,unused_pool
train20k-09934,train20k-09894,unused_pool
train20k-09935,train20k-09895,unused_pool
train20k-09936,train20k-09896,unused_pool
train20k-09937,train20k-09897,unused_pool
train20k-09938,train20k-09898,unused_pool
train20k-09939,train20k-09899,unused_pool
train20k-09940,train20k-09900,unused_pool
train20k-09941,train20k-09901,unused_pool
train20k-09942,train20k-09902,unused_pool
train20k-09943,train20k-09903,unused_pool
train20k-09944,train20k-09904,unused_pool
train20k-09945,train20k-09905,unused_pool
train20k-09946,train20k-09906,unused_pool
train20k-09947,train20k-09907,unused_pool
train20k-09948,train20k-09908,unused_pool
train20k-09949,train20k-09909,unused_pool
train20k-09950,train20k-09910,unused_pool
train20k-09951,train20k-09911,unused_pool
train20k-09952,train20k-09912,unused_pool
train20k-09953,train20k-09913,unused_pool
train20k-09954,train20k-09914,unused_pool
train20k-09955,train20k-09915,unused_pool
train20k-09956,train20k-09916,unused_pool
train20k-09957,train20k-09917,unused_pool
train20k-09958,train20k-09918,unused_pool
train20k-09959,train20k-09919,unused_pool
train20k-09960,train20k-09920,unused_pool
train20k-09961,train20k-09921,unused_pool
train20k-09962,train20k-09922,unused_pool
train20k-09963,train20k-09923,unused_pool
train20k-09964,train20k-09924,unused_pool
train20k-09965,train20k-09925,unused_pool
train20k-09966,train20k-09926,unused_pool
train20k-09967,train20k-09927,unused_pool
train20k-09968,train20k-09928,unused_pool
train20k-09969,train20k-09929,unused_pool
train20k-09970,train20k-09930,unused_pool
train20k-09971,train20k-09931,unused_pool
train20k-09972,train20k-09932,unused_pool
train20k-09973,train20k-09933,unused_pool
train20k-09974,train20k-09934,unused_pool
train20k-09975,train20k-09935,unused_pool
train20k-09976,train20k-09936,unused_pool
train20k-09977,train20k-09937,unused_pool
train20k-09978,train20k-09938,unused_pool
train20k-09979,train20k-09939,unused_pool
train20k-09980,train20k-09940,unused_pool
train20k-09981,train20k-09941,unused_pool
train20k-09982,train20k-09942,unused_pool
train20k-09983,train20k-09943,unused_pool
train20k-09984,train20k-09944,unused_pool
train20k-09985,train20k-09945,unused_pool
train20k-09986,train20k-09946,unused_pool
train20k-09987,train20k-09947,unused_pool
train20k-09988,train20k-09948,unused_pool
train20k-09989,train20k-09949,unused_pool
train20k-09990,train20k-09950,unused_pool
train20k-09991,train20k-09951,unused_pool
train20k-09992,train20k-09952,unused_pool
train20k-09993,train20k-09953,unused_pool
train20k-09994,train20k-09954,unused_pool
train20k-09995,train20k-09955,unused_pool
train20k-09996,train20k-09956,unused_pool
train20k-09997,train20k-09957,unused_pool
train20k-09998,train20k-09958,unused_pool
train20k-09999,train20k-09959,unused_pool
train20k-10000,train20k-09960,unused_pool
train20k-10001,train20k-09961,unused_pool
train20k-10002,train20k-09962,unused_pool
train20k-10003,train20k-09963,unused_pool
train20k-10004,train20k-09964,unused_pool
train20k-10005,train20k-09965,unused_pool
train20k-10006,train20k-09966,unused_pool
train20k-10007,train20k-09967,unused_pool
train20k-10008,train20k-09968,unused_pool
train20k-10009,train20k-09969,unused_pool
train20k-10010,train20k-09970,unused_pool
train20k-10011,train20k-09971,unused_pool
train20k-10012,train20k-09972,unused_pool
train20k-10013,train20k-09973,unused_pool
train20k-10014,train20k-09974,unused_pool
train20k-10015,train20k-09975,unused_pool
train20k-10016,train20k-09976,unused_pool
train20k-10017,train20k-09977,unused_pool
train20k-10018,train20k-09978,unused_pool
train20k-10019,train20k-09979,unused_pool
train20k-10020,train20k-09980,unused_pool
train20k-10021,train20k-09981,unused_pool
train20k-10022,train20k-09982,unused_pool
train20k-10023,train20k-09983,unused_pool
train20k-10024,train20k-09984,unused_pool
train20k-10025,train20k-09985,unused_pool
train20k-10026,train20k-09986,unused_pool
train20k-10027,train20k-09987,unused_pool
train20k-10028,train20k-09988,unused_pool
train20k-10029,train20k-09989,unused_pool
train20k-10030,train20k-09990,unused_pool
train20k-10031,train20k-09991,unused_pool
train20k-10032,train20k-09992,unused_pool
train20k-10033,train20k-09993,unused_pool
train20k-10034,train20k-09994,unused_pool
train20k-10035,train20k-09995,unused_pool
train20k-10036,train20k-09996,unused_pool
train20k-10037,train20k-09997,unused_pool
train20k-10038,train20k-09998,unused_pool
train20k-10039,train20k-09999,unused_pool
train20k-10040,train20k-10000,unused_pool
train20k-10041,train20k-10001,unused_pool
train20k-10042,train20k-10002,unused_pool
train20k-10043,train20k-10003,unused_pool
train20k-10044,train20k-10004,unused_pool
train20k-10045,train20k-10005,unused_pool
train20k-10046,train20k-10006,unused_pool
train20k-10047,train20k-10007,unused_pool
train20k-10048,train20k-10008,unused_pool
train20k-10049,train20k-10009,unused_pool
train20k-10050,train20k-10010,unused_pool
train20k-10051,train20k-10011,unused_pool
train20k-10052,train20k-10012,unused_pool
train20k-10053,train20k-10013,unused_pool
train20k-10054,train20k-10014,unused_pool
train20k-10055,train20k-10015,unused_pool
train20k-10056,train20k-10016,unused_pool
train20k-10057,train20k-10017,unused_pool
train20k-10058,train20k-10018,unused_pool
train20k-10059,train20k-10019,unused_pool
train20k-10060,train20k-10020,unused_pool
train20k-10061,train20k-10021,unused_pool
train20k-10062,train20k-10022,unused_pool
train20k-10063,train20k-10023,unused_pool
train20k-10064,train20k-10024,unused_pool
train20k-10065,train20k-10025,unused_pool
train20k-10066,train20k-10026,unused_pool
train20k-10067,train20k-10027,unused_pool
train20k-10068,train20k-10028,unused_pool
train20k-10069,train20k-10029,unused_pool
train20k-10070,train20k-10030,unused_pool
train20k-10071,train20k-10031,unused_pool
train20k-10072,train20k-10032,unused_pool
train20k-10073,train20k-10033,unused_pool
train20k-10074,train20k-10034,unused_pool
train20k-10075,train20k-10035,unused_pool
train20k-10076,train20k-10036,unused_pool
train20k-10077,train20k-10037,unused_pool
train20k-10078,train20k-10038,unused_pool
train20k-10079,train20k-10039,unused_pool
train20k-10080,train20k-10040,unused_pool
train20k-10081,train20k-10041,unused_pool
train20k-10082,train20k-10042,unused_pool
train20k-10083,train20k-10043,unused_pool
train20k-10085,train20k-10044,unused_pool
train20k-10086,train20k-10045,unused_pool
train20k-10087,train20k-10046,unused_pool
train20k-10088,train20k-10047,unused_pool
train20k-10089,train20k-10048,unused_pool
train20k-10090,train20k-10049,unused_pool
train20k-10091,train20k-10050,unused_pool
train20k-10092,train20k-10051,unused_pool
train20k-10093,train20k-10052,unused_pool
train20k-10094,train20k-10053,unused_pool
train20k-10095,train20k-10054,unused_pool
train20k-10096,train20k-10055,unused_pool
train20k-10097,train20k-10056,unused_pool
train20k-10098,train20k-10057,unused_pool
train20k-10099,train20k-10058,unused_pool
train20k-10100,train20k-10059,unused_pool
train20k-10101,train20k-10060,unused_pool
train20k-10102,train20k-10061,unused_pool
train20k-10103,train20k-10062,unused_pool
train20k-10104,train20k-10063,unused_pool
train20k-10105,train20k-10064,unused_pool
train20k-10106,train20k-10065,unused_pool
train20k-10107,train20k-10066,unused_pool
train20k-10108,train20k-10067,unused_pool
train20k-10109,train20k-10068,unused_pool
train20k-10110,train20k-10069,unused_pool
train20k-10111,train20k-10070,unused_pool
train20k-10112,train20k-10071,unused_pool
train20k-10113,train20k-10072,unused_pool
train20k-10114,train20k-10073,unused_pool
train20k-10115,train20k-10074,unused_pool
train20k-10116,train20k-10075,unused_pool
train20k-10117,train20k-10076,unused_pool
train20k-10118,train20k-10077,unused_pool
train20k-10119,train20k-10078,unused_pool
train20k-10120,train20k-10079,unused_pool
train20k-10121,train20k-10080,unused_pool
train20k-10122,train20k-10081,unused_pool
train20k-10123,train20k-10082,unused_pool
train20k-10124,train20k-10083,unused_pool
train20k-10125,train20k-10084,unused_pool
train20k-10126,train20k-10085,unused_pool
train20k-10127,train20k-10086,unused_pool
train20k-10128,train20k-10087,unused_pool
train20k-10129,train20k-10088,unused_pool
train20k-10130,train20k-10089,unused_pool
train20k-10131,train20k-10090,unused_pool
train20k-10132,train20k-10091,unused_pool
train20k-10133,train20k-10092,unused_pool
train20k-10134,train20k-10093,unused_pool
train20k-10135,train20k-10094,unused_pool
train20k-10136,train20k-10095,unused_pool
train20k-10137,train20k-10096,unused_pool
train20k-10138,train20k-10097,unused_pool
train20k-10139,train20k-10098,unused_pool
train20k-10140,train20k-10099,unused_pool
train20k-10141,train20k-10100,unused_pool
train20k-10142,train20k-10101,unused_pool
train20k-10143,train20k-10102,unused_pool
train20k-10144,train20k-10103,unused_pool
train20k-10145,train20k-10104,unused_pool
train20k-10146,train20k-10105,unused_pool
train20k-10147,train20k-10106,unused_pool
train20k-10148,train20k-10107,unused_pool
train20k-10149,train20k-10108,unused_pool
train20k-10150,train20k-10109,unused_pool
train20k-10152,train20k-10110,unused_pool
train20k-10153,train20k-10111,unused_pool
train20k-10154,train20k-10112,unused_pool
train20k-10155,train20k-10113,unused_pool
train20k-10156,train20k-10114,unused_pool
train20k-10157,train20k-10115,unused_pool
train20k-10158,train20k-10116,unused_pool
train20k-10159,train20k-10117,unused_pool
train20k-10160,train20k-10118,unused_pool
train20k-10161,train20k-10119,unused_pool
train20k-10162,train20k-10120,unused_pool
train20k-10163,train20k-10121,unused_pool
train20k-10164,train20k-10122,unused_pool
train20k-10165,train20k-10123,unused_pool
train20k-10166,train20k-10124,unused_pool
train20k-10167,train20k-10125,unused_pool
train20k-10168,train20k-10126,unused_pool
train20k-10169,train20k-10127,unused_pool
train20k-10170,train20k-10128,unused_pool
train20k-10171,train20k-10129,unused_pool
train20k-10172,train20k-10130,unused_pool
train20k-10173,train20k-10131,unused_pool
train20k-10174,train20k-10132,unused_pool
train20k-10175,train20k-10133,unused_pool
train20k-10176,train20k-10134,unused_pool
train20k-10177,train20k-10135,unused_pool
train20k-10178,train20k-10136,unused_pool
train20k-10179,train20k-10137,unused_pool
train20k-10180,train20k-10138,unused_pool
train20k-10181,train20k-10139,unused_pool
train20k-10182,train20k-10140,unused_pool
train20k-10183,train20k-10141,unused_pool
train20k-10184,train20k-10142,unused_pool
train20k-10185,train20k-10143,unused_pool
train20k-10186,train20k-10144,unused_pool
train20k-10187,train20k-10145,unused_pool
train20k-10188,train20k-10146,unused_pool
train20k-10189,train20k-10147,unused_pool
train20k-10190,train20k-10148,unused_pool
train20k-10191,train20k-10149,unused_pool
train20k-10192,train20k-10150,unused_pool
train20k-10193,train20k-10151,unused_pool
train20k-10194,train20k-10152,unused_pool
train20k-10195,train20k-10153,unused_pool
train20k-10196,train20k-10154,unused_pool
train20k-10197,train20k-10155,unused_pool
train20k-10198,train20k-10156,unused_pool
train20k-10199,train20k-10157,unused_pool
train20k-10200,train20k-10158,unused_pool
train20k-10201,train20k-10159,unused_pool
train20k-10202,train20k-10160,unused_pool
train20k-10203,train20k-10161,unused_pool
train20k-10204,train20k-10162,unused_pool
train20k-10205,train20k-10163,unused_pool
train20k-10206,train20k-10164,unused_pool
train20k-10207,train20k-10165,unused_pool
train20k-10208,train20k-10166,unused_pool
train20k-10209,train20k-10167,unused_pool
train20k-10210,train20k-10168,unused_pool
train20k-10211,train20k-10169,unused_pool
train20k-10212,train20k-10170,unused_pool
train20k-10213,train20k-10171,unused_pool
train20k-10214,train20k-10172,unused_pool
train20k-10215,train20k-10173,unused_pool
train20k-10216,train20k-10174,unused_pool
train20k-10217,train20k-10175,unused_pool
train20k-10218,train20k-10176,unused_pool
train20k-10219,train20k-10177,unused_pool
train20k-10220,train20k-10178,unused_pool
train20k-10221,train20k-10179,unused_pool
train20k-10222,train20k-10180,unused_pool
train20k-10223,train20k-10181,unused_pool
train20k-10224,train20k-10182,unused_pool
train20k-10225,train20k-10183,unused_pool
train20k-10226,train20k-10184,unused_pool
train20k-10227,train20k-10185,unused_pool
train20k-10228,train20k-10186,unused_pool
train20k-10229,train20k-10187,unused_pool
train20k-10230,train20k-10188,unused_pool
train20k-10231,train20k-10189,unused_pool
train20k-10232,train20k-10190,unused_pool
train20k-10233,train20k-10191,unused_pool
train20k-10234,train20k-10192,unused_pool
train20k-10235,train20k-10193,unused_pool
train20k-10236,train20k-10194,unused_pool
train20k-10237,train20k-10195,unused_pool
train20k-10238,train20k-10196,unused_pool
train20k-10239,train20k-10197,unused_pool
train20k-10240,train20k-10198,unused_pool
train20k-10241,train20k-10199,unused_pool
train20k-10242,train20k-10200,unused_pool
train20k-10243,train20k-10201,unused_pool
train20k-10244,train20k-10202,unused_pool
train20k-10245,train20k-10203,unused_pool
train20k-10246,train20k-10204,unused_pool
train20k-10247,train20k-10205,unused_pool
train20k-10248,train20k-10206,unused_pool
train20k-10249,train20k-10207,unused_pool
train20k-10250,train20k-10208,unused_pool
train20k-10251,train20k-10209,unused_pool
train20k-10252,train20k-10210,unused_pool
train20k-10253,train20k-10211,unused_pool
train20k-10254,train20k-10212,unused_pool
train20k-10255,train20k-10213,unused_pool
train20k-10256,train20k-10214,unused_pool
train20k-10257,train20k-10215,unused_pool
train20k-10258,train20k-10216,unused_pool
train20k-10259,train20k-10217,unused_pool
train20k-10260,train20k-10218,unused_pool
train20k-10261,train20k-10219,unused_pool
train20k-10262,train20k-10220,unused_pool
train20k-10263,train20k-10221,unused_pool
train20k-10264,train20k-10222,unused_pool
train20k-10265,train20k-10223,unused_pool
train20k-10266,train20k-10224,unused_pool
train20k-10267,train20k-10225,unused_pool
train20k-10268,train20k-10226,unused_pool
train20k-10269,train20k-10227,unused_pool
train20k-10270,train20k-10228,unused_pool
train20k-10271,train20k-10229,unused_pool
train20k-10272,train20k-10230,unused_pool
train20k-10273,train20k-10231,unused_pool
train20k-10274,train20k-10232,unused_pool
train20k-10276,train20k-10233,unused_pool
train20k-10277,train20k-10234,unused_pool
train20k-10278,train20k-10235,unused_pool
train20k-10279,train20k-10236,unused_pool
train20k-10280,train20k-10237,unused_pool
train20k-10281,train20k-10238,unused_pool
train20k-10282,train20k-10239,unused_pool
train20k-10283,train20k-10240,unused_pool
train20k-10284,train20k-10241,unused_pool
train20k-10285,train20k-10242,unused_pool
train20k-10286,train20k-10243,unused_pool
train20k-10287,train20k-10244,unused_pool
train20k-10288,train20k-10245,unused_pool
train20k-10289,train20k-10246,unused_pool
train20k-10290,train20k-10247,unused_pool
train20k-10291,train20k-10248,unused_pool
train20k-10292,train20k-10249,unused_pool
train20k-10293,train20k-10250,unused_pool
train20k-10294,train20k-10251,unused_pool
train20k-10295,train20k-10252,unused_pool
train20k-10296,train20k-10253,unused_pool
train20k-10297,train20k-10254,unused_pool
train20k-10298,train20k-10255,unused_pool
train20k-10299,train20k-10256,unused_pool
train20k-10300,train20k-10257,unused_pool
train20k-10301,train20k-10258,unused_pool
train20k-10302,train20k-10259,unused_pool
train20k-10303,train20k-10260,unused_pool
train20k-10304,train20k-10261,unused_pool
train20k-10305,train20k-10262,unused_pool
train20k-10306,train20k-10263,unused_pool
train20k-10307,train20k-10264,unused_pool
train20k-10308,train20k-10265,unused_pool
train20k-10309,train20k-10266,unused_pool
train20k-10310,train20k-10267,unused_pool
train20k-10311,train20k-10268,unused_pool
train20k-10312,train20k-10269,unused_pool
train20k-10313,train20k-10270,unused_pool
train20k-10314,train20k-10271,unused_pool
train20k-10315,train20k-10272,unused_pool
train20k-10316,train20k-10273,unused_pool
train20k-10317,train20k-10274,unused_pool
train20k-10318,train20k-10275,unused_pool
train20k-10319,train20k-10276,unused_pool
train20k-10320,train20k-10277,unused_pool
train20k-10321,train20k-10278,unused_pool
train20k-10322,train20k-10279,unused_pool
train20k-10323,train20k-10280,unused_pool
train20k-10324,train20k-10281,unused_pool
train20k-10325,train20k-10282,unused_pool
train20k-10326,train20k-10283,unused_pool
train20k-10327,train20k-10284,unused_pool
train20k-10328,train20k-10285,unused_pool
train20k-10329,train20k-10286,unused_pool
train20k-10330,train20k-10287,unused_pool
train20k-10331,train20k-10288,unused_pool
train20k-10332,train20k-10289,unused_pool
train20k-10333,train20k-10290,unused_pool
train20k-10334,train20k-10291,unused_pool
train20k-10335,train20k-10292,unused_pool
train20k-10336,train20k-10293,unused_pool
train20k-10337,train20k-10294,unused_pool
train20k-10338,train20k-10295,unused_pool
train20k-10339,train20k-10296,unused_pool
train20k-10340,train20k-10297,unused_pool
train20k-10341,train20k-10298,unused_pool
train20k-10342,train20k-10299,unused_pool
train20k-10343,train20k-10300,unused_pool
train20k-10344,train20k-10301,unused_pool
train20k-10345,train20k-10302,unused_pool
train20k-10346,train20k-10303,unused_pool
train20k-10347,train20k-10304,unused_pool
train20k-10348,train20k-10305,unused_pool
train20k-10349,train20k-10306,unused_pool
train20k-10350,train20k-10307,unused_pool
train20k-10351,train20k-10308,unused_pool
train20k-10352,train20k-10309,unused_pool
train20k-10353,train20k-10310,unused_pool
train20k-10354,train20k-10311,unused_pool
train20k-10355,train20k-10312,unused_pool
train20k-10356,train20k-10313,unused_pool
train20k-10357,train20k-10314,unused_pool
train20k-10358,train20k-10315,unused_pool
train20k-10359,train20k-10316,unused_pool
train20k-10360,train20k-10317,unused_pool
train20k-10361,train20k-10318,unused_pool
train20k-10362,train20k-10319,unused_pool
train20k-10363,train20k-10320,unused_pool
train20k-10364,train20k-10321,unused_pool
train20k-10365,train20k-10322,unused_pool
train20k-10366,train20k-10323,unused_pool
train20k-10368,train20k-10324,unused_pool
train20k-10369,train20k-10325,unused_pool
train20k-10370,train20k-10326,unused_pool
train20k-10371,train20k-10327,unused_pool
train20k-10372,train20k-10328,unused_pool
train20k-10373,train20k-10329,unused_pool
train20k-10374,train20k-10330,unused_pool
train20k-10375,train20k-10331,unused_pool
train20k-10376,train20k-10332,unused_pool
train20k-10377,train20k-10333,unused_pool
train20k-10378,train20k-10334,unused_pool
train20k-10379,train20k-10335,unused_pool
train20k-10380,train20k-10336,unused_pool
train20k-10381,train20k-10337,unused_pool
train20k-10382,train20k-10338,unused_pool
train20k-10383,train20k-10339,unused_pool
train20k-10384,train20k-10340,unused_pool
train20k-10385,train20k-10341,unused_pool
train20k-10386,train20k-10342,unused_pool
train20k-10387,train20k-10343,unused_pool
train20k-10388,train20k-10344,unused_pool
train20k-10389,train20k-10345,unused_pool
train20k-10390,train20k-10346,unused_pool
train20k-10391,train20k-10347,unused_pool
train20k-10392,train20k-10348,unused_pool
train20k-10393,train20k-10349,unused_pool
train20k-10394,train20k-10350,unused_pool
train20k-10395,train20k-10351,unused_pool
train20k-10396,train20k-10352,unused_pool
train20k-10397,train20k-10353,unused_pool
train20k-10398,train20k-10354,unused_pool
train20k-10399,train20k-10355,unused_pool
train20k-10400,train20k-10356,unused_pool
train20k-10401,train20k-10357,unused_pool
train20k-10402,train20k-10358,unused_pool
train20k-10403,train20k-10359,unused_pool
train20k-10404,train20k-10360,unused_pool
train20k-10405,train20k-10361,unused_pool
train20k-10406,train20k-10362,unused_pool
train20k-10407,train20k-10363,unused_pool
train20k-10408,train20k-10364,unused_pool
train20k-10409,train20k-10365,unused_pool
train20k-10410,train20k-10366,unused_pool
train20k-10411,train20k-10367,unused_pool
train20k-10412,train20k-10368,unused_pool
train20k-10413,train20k-10369,unused_pool
train20k-10414,train20k-10370,unused_pool
train20k-10415,train20k-10371,unused_pool
train20k-10416,train20k-10372,unused_pool
train20k-10417,train20k-10373,unused_pool
train20k-10418,train20k-10374,unused_pool
train20k-10419,train20k-10375,unused_pool
train20k-10420,train20k-10376,unused_pool
train20k-10421,train20k-10377,unused_pool
train20k-10422,train20k-10378,unused_pool
train20k-10423,train20k-10379,unused_pool
train20k-10424,train20k-10380,unused_pool
train20k-10425,train20k-10381,unused_pool
train20k-10426,train20k-10382,unused_pool
train20k-10427,train20k-10383,unused_pool
train20k-10428,train20k-10384,unused_pool
train20k-10429,train20k-10385,unused_pool
train20k-10430,train20k-10386,unused_pool
train20k-10431,train20k-10387,unused_pool
train20k-10432,train20k-10388,unused_pool
train20k-10433,train20k-10389,unused_pool
train20k-10434,train20k-10390,unused_pool
train20k-10435,train20k-10391,unused_pool
train20k-10436,train20k-10392,unused_pool
train20k-10437,train20k-10393,unused_pool
train20k-10438,train20k-10394,unused_pool
train20k-10439,train20k-10395,unused_pool
train20k-10440,train20k-10396,unused_pool
train20k-10441,train20k-10397,unused_pool
train20k-10442,train20k-10398,unused_pool
train20k-10443,train20k-10399,unused_pool
train20k-10444,train20k-10400,unused_pool
train20k-10445,train20k-10401,unused_pool
train20k-10446,train20k-10402,unused_pool
train20k-10447,train20k-10403,unused_pool
train20k-10448,train20k-10404,unused_pool
train20k-10449,train20k-10405,unused_pool
train20k-10450,train20k-10406,unused_pool
train20k-10451,train20k-10407,unused_pool
train20k-10452,train20k-10408,unused_pool
train20k-10453,train20k-10409,unused_pool
train20k-10454,train20k-10410,unused_pool
train20k-10455,train20k-10411,unused_pool
train20k-10456,train20k-10412,unused_pool
train20k-10457,train20k-10413,unused_pool
train20k-10458,train20k-10414,unused_pool
train20k-10459,train20k-10415,unused_pool
train20k-10460,train20k-10416,unused_pool
train20k-10461,train20k-10417,unused_pool
train20k-10462,train20k-10418,unused_pool
train20k-10463,train20k-10419,unused_pool
train20k-10464,train20k-10420,unused_pool
train20k-10465,train20k-10421,unused_pool
train20k-10466,train20k-10422,unused_pool
train20k-10467,train20k-10423,unused_pool
train20k-10468,train20k-10424,unused_pool
train20k-10469,train20k-10425,unused_pool
train20k-10470,train20k-10426,unused_pool
train20k-10471,train20k-10427,unused_pool
train20k-10472,train20k-10428,unused_pool
train20k-10473,train20k-10429,unused_pool
train20k-10474,train20k-10430,unused_pool
train20k-10475,train20k-10431,unused_pool
train20k-10476,train20k-10432,unused_pool
train20k-10477,train20k-10433,unused_pool
train20k-10478,train20k-10434,unused_pool
train20k-10479,train20k-10435,unused_pool
train20k-10480,train20k-10436,unused_pool
train20k-10481,train20k-10437,unused_pool
train20k-10482,train20k-10438,unused_pool
train20k-10483,train20k-10439,unused_pool
train20k-10484,train20k-10440,unused_pool
train20k-10485,train20k-10441,unused_pool
train20k-10486,train20k-10442,unused_pool
train20k-10487,train20k-10443,unused_pool
train20k-10488,train20k-10444,unused_pool
train20k-10489,train20k-10445,unused_pool
train20k-10490,train20k-10446,unused_pool
train20k-10491,train20k-10447,unused_pool
train20k-10492,train20k-10448,unused_pool
train20k-10493,train20k-10449,unused_pool
train20k-10494,train20k-10450,unused_pool
train20k-10495,train20k-10451,unused_pool
train20k-10496,train20k-10452,unused_pool
train20k-10497,train20k-10453,unused_pool
train20k-10498,train20k-10454,unused_pool
train20k-10499,train20k-10455,unused_pool
train20k-10500,train20k-10456,unused_pool
train20k-10501,train20k-10457,unused_pool
train20k-10502,train20k-10458,unused_pool
train20k-10503,train20k-10459,unused_pool
train20k-10504,train20k-10460,unused_pool
train20k-10505,train20k-10461,unused_pool
train20k-10506,train20k-10462,unused_pool
train20k-10507,train20k-10463,unused_pool
train20k-10508,train20k-10464,unused_pool
train20k-10509,train20k-10465,unused_pool
train20k-10510,train20k-10466,unused_pool
train20k-10511,train20k-10467,unused_pool
train20k-10512,train20k-10468,unused_pool
train20k-10513,train20k-10469,unused_pool
train20k-10514,train20k-10470,unused_pool
train20k-10515,train20k-10471,unused_pool
train20k-10516,train20k-10472,unused_pool
train20k-10517,train20k-10473,unused_pool
train20k-10518,train20k-10474,unused_pool
train20k-10519,train20k-10475,unused_pool
train20k-10520,train20k-10476,unused_pool
train20k-10521,train20k-10477,unused_pool
train20k-10522,train20k-10478,unused_pool
train20k-10523,train20k-10479,unused_pool
train20k-10524,train20k-10480,unused_pool
train20k-10525,train20k-10481,unused_pool
train20k-10526,train20k-10482,unused_pool
train20k-10527,train20k-10483,unused_pool
train20k-10528,train20k-10484,unused_pool
train20k-10529,train20k-10485,unused_pool
train20k-10531,train20k-10486,unused_pool
train20k-10532,train20k-10487,unused_pool
train20k-10533,train20k-10488,unused_pool
train20k-10534,train20k-10489,unused_pool
train20k-10535,train20k-10490,unused_pool
train20k-10536,train20k-10491,unused_pool
train20k-10537,train20k-10492,unused_pool
train20k-10538,train20k-10493,unused_pool
train20k-10539,train20k-10494,unused_pool
train20k-10540,train20k-10495,unused_pool
train20k-10541,train20k-10496,unused_pool
train20k-10542,train20k-10497,unused_pool
train20k-10543,train20k-10498,unused_pool
train20k-10544,train20k-10499,unused_pool
train20k-10545,train20k-10500,unused_pool
train20k-10546,train20k-10501,unused_pool
train20k-10547,train20k-10502,unused_pool
train20k-10548,train20k-10503,unused_pool
train20k-10549,train20k-10504,unused_pool
train20k-10550,train20k-10505,unused_pool
train20k-10551,train20k-10506,unused_pool
train20k-10552,train20k-10507,unused_pool
train20k-10553,train20k-10508,unused_pool
train20k-10554,train20k-10509,unused_pool
train20k-10555,train20k-10510,unused_pool
train20k-10556,train20k-10511,unused_pool
train20k-10557,train20k-10512,unused_pool
train20k-10558,train20k-10513,unused_pool
train20k-10559,train20k-10514,unused_pool
train20k-10560,train20k-10515,unused_pool
train20k-10561,train20k-10516,unused_pool
train20k-10562,train20k-10517,unused_pool
train20k-10563,train20k-10518,unused_pool
train20k-10564,train20k-10519,unused_pool
train20k-10566,train20k-10520,unused_pool
train20k-10567,train20k-10521,unused_pool
train20k-10568,train20k-10522,unused_pool
train20k-10569,train20k-10523,unused_pool
train20k-10570,train20k-10524,unused_pool
train20k-10571,train20k-10525,unused_pool
train20k-10572,train20k-10526,unused_pool
train20k-10573,train20k-10527,unused_pool
train20k-10574,train20k-10528,unused_pool
train20k-10575,train20k-10529,unused_pool
train20k-10576,train20k-10530,unused_pool
train20k-10577,train20k-10531,unused_pool
train20k-10578,train20k-10532,unused_pool
train20k-10579,train20k-10533,unused_pool
train20k-10580,train20k-10534,unused_pool
train20k-10581,train20k-10535,unused_pool
train20k-10582,train20k-10536,unused_pool
train20k-10583,train20k-10537,unused_pool
train20k-10584,train20k-10538,unused_pool
train20k-10585,train20k-10539,unused_pool
train20k-10586,train20k-10540,unused_pool
train20k-10587,train20k-10541,unused_pool
train20k-10588,train20k-10542,unused_pool
train20k-10589,train20k-10543,unused_pool
train20k-10590,train20k-10544,unused_pool
train20k-10591,train20k-10545,unused_pool
train20k-10592,train20k-10546,unused_pool
train20k-10593,train20k-10547,unused_pool
train20k-10594,train20k-10548,unused_pool
train20k-10595,train20k-10549,unused_pool
train20k-10596,train20k-10550,unused_pool
train20k-10597,train20k-10551,unused_pool
train20k-10598,train20k-10552,unused_pool
train20k-10599,train20k-10553,unused_pool
train20k-10600,train20k-10554,unused_pool
train20k-10601,train20k-10555,unused_pool
train20k-10602,train20k-10556,unused_pool
train20k-10603,train20k-10557,unused_pool
train20k-10604,train20k-10558,unused_pool
train20k-10605,train20k-10559,unused_pool
train20k-10606,train20k-10560,unused_pool
train20k-10607,train20k-10561,unused_pool
train20k-10608,train20k-10562,unused_pool
train20k-10609,train20k-10563,unused_pool
train20k-10610,train20k-10564,unused_pool
train20k-10611,train20k-10565,unused_pool
train20k-10612,train20k-10566,unused_pool
train20k-10613,train20k-10567,unused_pool
train20k-10614,train20k-10568,unused_pool
train20k-10615,train20k-10569,unused_pool
train20k-10616,train20k-10570,unused_pool
train20k-10617,train20k-10571,unused_pool
train20k-10618,train20k-10572,unused_pool
train20k-10619,train20k-10573,unused_pool
train20k-10620,train20k-10574,unused_pool
train20k-10621,train20k-10575,unused_pool
train20k-10622,train20k-10576,unused_pool
train20k-10623,train20k-10577,unused_pool
train20k-10624,train20k-10578,unused_pool
train20k-10625,train20k-10579,unused_pool
train20k-10626,train20k-10580,unused_pool
train20k-10627,train20k-10581,unused_pool
train20k-10628,train20k-10582,unused_pool
train20k-10629,train20k-10583,unused_pool
train20k-10630,train20k-10584,unused_pool
train20k-10631,train20k-10585,unused_pool
train20k-10632,train20k-10586,unused_pool
train20k-10633,train20k-10587,unused_pool
train20k-10634,train20k-10588,unused_pool
train20k-10635,train20k-10589,unused_pool
train20k-10636,train20k-10590,unused_pool
train20k-10637,train20k-10591,unused_pool
train20k-10638,train20k-10592,unused_pool
train20k-10639,train20k-10593,unused_pool
train20k-10640,train20k-10594,unused_pool
train20k-10641,train20k-10595,unused_pool
train20k-10642,train20k-10596,unused_pool
train20k-10643,train20k-10597,unused_pool
train20k-10644,train20k-10598,unused_pool
train20k-10645,train20k-10599,unused_pool
train20k-10646,train20k-10600,unused_pool
train20k-10647,train20k-10601,unused_pool
train20k-10648,train20k-10602,unused_pool
train20k-10649,train20k-10603,unused_pool
train20k-10650,train20k-10604,unused_pool
train20k-10651,train20k-10605,unused_pool
train20k-10652,train20k-10606,unused_pool
train20k-10653,train20k-10607,unused_pool
train20k-10654,train20k-10608,unused_pool
train20k-10655,train20k-10609,unused_pool
train20k-10656,train20k-10610,unused_pool
train20k-10657,train20k-10611,unused_pool
train20k-10658,train20k-10612,unused_pool
train20k-10659,train20k-10613,unused_pool
train20k-10660,train20k-10614,unused_pool
train20k-10661,train20k-10615,unused_pool
train20k-10662,train20k-10616,unused_pool
train20k-10663,train20k-10617,unused_pool
train20k-10664,train20k-10618,unused_pool
train20k-10665,train20k-10619,unused_pool
train20k-10666,train20k-10620,unused_pool
train20k-10667,train20k-10621,unused_pool
train20k-10668,train20k-10622,unused_pool
train20k-10669,train20k-10623,unused_pool
train20k-10671,train20k-10624,unused_pool
train20k-10672,train20k-10625,unused_pool
train20k-10673,train20k-10626,unused_pool
train20k-10674,train20k-10627,unused_pool
train20k-10675,train20k-10628,unused_pool
train20k-10676,train20k-10629,unused_pool
train20k-10677,train20k-10630,unused_pool
train20k-10678,train20k-10631,unused_pool
train20k-10679,train20k-10632,unused_pool
train20k-10680,train20k-10633,unused_pool
train20k-10681,train20k-10634,unused_pool
train20k-10682,train20k-10635,unused_pool
train20k-10683,train20k-10636,unused_pool
train20k-10684,train20k-10637,unused_pool
train20k-10685,train20k-10638,unused_pool
train20k-10686,train20k-10639,unused_pool
train20k-10687,train20k-10640,unused_pool
train20k-10688,train20k-10641,unused_pool
train20k-10689,train20k-10642,unused_pool
train20k-10690,train20k-10643,unused_pool
train20k-10691,train20k-10644,unused_pool
train20k-10692,train20k-10645,unused_pool
train20k-10693,train20k-10646,unused_pool
train20k-10694,train20k-10647,unused_pool
train20k-10695,train20k-10648,unused_pool
train20k-10696,train20k-10649,unused_pool
train20k-10697,train20k-10650,unused_pool
train20k-10698,train20k-10651,unused_pool
train20k-10699,train20k-10652,unused_pool
train20k-10700,train20k-10653,unused_pool
train20k-10701,train20k-10654,unused_pool
train20k-10702,train20k-10655,unused_pool
train20k-10703,train20k-10656,unused_pool
train20k-10704,train20k-10657,unused_pool
train20k-10705,train20k-10658,unused_pool
train20k-10706,train20k-10659,unused_pool
train20k-10707,train20k-10660,unused_pool
train20k-10708,train20k-10661,unused_pool
train20k-10709,train20k-10662,unused_pool
train20k-10710,train20k-10663,unused_pool
train20k-10711,train20k-10664,unused_pool
train20k-10712,train20k-10665,unused_pool
train20k-10713,train20k-10666,unused_pool
train20k-10714,train20k-10667,unused_pool
train20k-10715,train20k-10668,unused_pool
train20k-10716,train20k-10669,unused_pool
train20k-10717,train20k-10670,unused_pool
train20k-10718,train20k-10671,unused_pool
train20k-10719,train20k-10672,unused_pool
train20k-10720,train20k-10673,unused_pool
train20k-10721,train20k-10674,unused_pool
train20k-10722,train20k-10675,unused_pool
train20k-10723,train20k-10676,unused_pool
train20k-10724,train20k-10677,unused_pool
train20k-10725,train20k-10678,unused_pool
train20k-10726,train20k-10679,unused_pool
train20k-10727,train20k-10680,unused_pool
train20k-10728,train20k-10681,unused_pool
train20k-10729,train20k-10682,unused_pool
train20k-10730,train20k-10683,unused_pool
train20k-10731,train20k-10684,unused_pool
train20k-10732,train20k-10685,unused_pool
train20k-10733,train20k-10686,unused_pool
train20k-10734,train20k-10687,unused_pool
train20k-10735,train20k-10688,unused_pool
train20k-10736,train20k-10689,unused_pool
train20k-10737,train20k-10690,unused_pool
train20k-10738,train20k-10691,unused_pool
train20k-10739,train20k-10692,unused_pool
train20k-10740,train20k-10693,unused_pool
train20k-10741,train20k-10694,unused_pool
train20k-10742,train20k-10695,unused_pool
train20k-10743,train20k-10696,unused_pool
train20k-10744,train20k-10697,unused_pool
train20k-10745,train20k-10698,unused_pool
train20k-10746,train20k-10699,unused_pool
train20k-10747,train20k-10700,unused_pool
train20k-10748,train20k-10701,unused_pool
train20k-10749,train20k-10702,unused_pool
train20k-10750,train20k-10703,unused_pool
train20k-10751,train20k-10704,unused_pool
train20k-10752,train20k-10705,unused_pool
train20k-10753,train20k-10706,unused_pool
train20k-10754,train20k-10707,unused_pool
train20k-10755,train20k-10708,unused_pool
train20k-10756,train20k-10709,unused_pool
train20k-10757,train20k-10710,unused_pool
train20k-10758,train20k-10711,unused_pool
train20k-10759,train20k-10712,unused_pool
train20k-10760,train20k-10713,unused_pool
train20k-10761,train20k-10714,unused_pool
train20k-10762,train20k-10715,unused_pool
train20k-10763,train20k-10716,unused_pool
train20k-10764,train20k-10717,unused_pool
train20k-10765,train20k-10718,unused_pool
train20k-10766,train20k-10719,unused_pool
train20k-10767,train20k-10720,unused_pool
train20k-10768,train20k-10721,unused_pool
train20k-10769,train20k-10722,unused_pool
train20k-10770,train20k-10723,unused_pool
train20k-10771,train20k-10724,unused_pool
train20k-10772,train20k-10725,unused_pool
train20k-10773,train20k-10726,unused_pool
train20k-10774,train20k-10727,unused_pool
train20k-10775,train20k-10728,unused_pool
train20k-10776,train20k-10729,unused_pool
train20k-10777,train20k-10730,unused_pool
train20k-10778,train20k-10731,unused_pool
train20k-10779,train20k-10732,unused_pool
train20k-10780,train20k-10733,unused_pool
train20k-10781,train20k-10734,unused_pool
train20k-10782,train20k-10735,unused_pool
train20k-10783,train20k-10736,unused_pool
train20k-10784,train20k-10737,unused_pool
train20k-10785,train20k-10738,unused_pool
train20k-10787,train20k-10739,unused_pool
train20k-10788,train20k-10740,unused_pool
train20k-10789,train20k-10741,unused_pool
train20k-10790,train20k-10742,unused_pool
train20k-10791,train20k-10743,unused_pool
train20k-10792,train20k-10744,unused_pool
train20k-10793,train20k-10745,unused_pool
train20k-10794,train20k-10746,unused_pool
train20k-10795,train20k-10747,unused_pool
train20k-10796,train20k-10748,unused_pool
train20k-10797,train20k-10749,unused_pool
train20k-10798,train20k-10750,unused_pool
train20k-10799,train20k-10751,unused_pool
train20k-10800,train20k-10752,unused_pool
train20k-10801,train20k-10753,unused_pool
train20k-10802,train20k-10754,unused_pool
train20k-10803,train20k-10755,unused_pool
train20k-10804,train20k-10756,unused_pool
train20k-10805,train20k-10757,unused_pool
train20k-10806,train20k-10758,unused_pool
train20k-10807,train20k-10759,unused_pool
train20k-10808,train20k-10760,unused_pool
train20k-10809,train20k-10761,unused_pool
train20k-10810,train20k-10762,unused_pool
train20k-10811,train20k-10763,unused_pool
train20k-10812,train20k-10764,unused_pool
train20k-10813,train20k-10765,unused_pool
train20k-10814,train20k-10766,unused_pool
train20k-10815,train20k-10767,unused_pool
train20k-10816,train20k-10768,unused_pool
train20k-10817,train20k-10769,unused_pool
train20k-10818,train20k-10770,unused_pool
train20k-10819,train20k-10771,unused_pool
train20k-10820,train20k-10772,unused_pool
train20k-10821,train20k-10773,unused_pool
train20k-10822,train20k-10774,unused_pool
train20k-10823,train20k-10775,unused_pool
train20k-10824,train20k-10776,unused_pool
train20k-10825,train20k-10777,unused_pool
train20k-10826,train20k-10778,unused_pool
train20k-10827,train20k-10779,unused_pool
train20k-10828,train20k-10780,unused_pool
train20k-10829,train20k-10781,unused_pool
train20k-10830,train20k-10782,unused_pool
train20k-10831,train20k-10783,unused_pool
train20k-10832,train20k-10784,unused_pool
train20k-10833,train20k-10785,unused_pool
train20k-10834,train20k-10786,unused_pool
train20k-10835,train20k-10787,unused_pool
train20k-10836,train20k-10788,unused_pool
train20k-10837,train20k-10789,unused_pool
train20k-10838,train20k-10790,unused_pool
train20k-10839,train20k-10791,unused_pool
train20k-10840,train20k-10792,unused_pool
train20k-10841,train20k-10793,unused_pool
train20k-10842,train20k-10794,unused_pool
train20k-10843,train20k-10795,unused_pool
train20k-10844,train20k-10796,unused_pool
train20k-10845,train20k-10797,unused_pool
train20k-10846,train20k-10798,unused_pool
train20k-10847,train20k-10799,unused_pool
train20k-10848,train20k-10800,unused_pool
train20k-10849,train20k-10801,unused_pool
train20k-10850,train20k-10802,unused_pool
train20k-10851,train20k-10803,unused_pool
train20k-10852,train20k-10804,unused_pool
train20k-10853,train20k-10805,unused_pool
train20k-10854,train20k-10806,unused_pool
train20k-10855,train20k-10807,unused_pool
train20k-10856,train20k-10808,unused_pool
train20k-10857,train20k-10809,unused_pool
train20k-10858,train20k-10810,unused_pool
train20k-10859,train20k-10811,unused_pool
train20k-10860,train20k-10812,unused_pool
train20k-10861,train20k-10813,unused_pool
train20k-10862,train20k-10814,unused_pool
train20k-10863,train20k-10815,unused_pool
train20k-10864,train20k-10816,unused_pool
train20k-10865,train20k-10817,unused_pool
train20k-10866,train20k-10818,unused_pool
train20k-10867,train20k-10819,unused_pool
train20k-10868,train20k-10820,unused_pool
train20k-10869,train20k-10821,unused_pool
train20k-10870,train20k-10822,unused_pool
train20k-10871,train20k-10823,unused_pool
train20k-10872,train20k-10824,unused_pool
train20k-10873,train20k-10825,unused_pool
train20k-10874,train20k-10826,unused_pool
train20k-10875,train20k-10827,unused_pool
train20k-10876,train20k-10828,unused_pool
train20k-10877,train20k-10829,unused_pool
train20k-10878,train20k-10830,unused_pool
train20k-10879,train20k-10831,unused_pool
train20k-10880,train20k-10832,unused_pool
train20k-10881,train20k-10833,unused_pool
train20k-10882,train20k-10834,unused_pool
train20k-10883,train20k-10835,unused_pool
train20k-10884,train20k-10836,unused_pool
train20k-10885,train20k-10837,unused_pool
train20k-10886,train20k-10838,unused_pool
train20k-10887,train20k-10839,unused_pool
train20k-10888,train20k-10840,unused_pool
train20k-10889,train20k-10841,unused_pool
train20k-10890,train20k-10842,unused_pool
train20k-10891,train20k-10843,unused_pool
train20k-10892,train20k-10844,unused_pool
train20k-10893,train20k-10845,unused_pool
train20k-10894,train20k-10846,unused_pool
train20k-10895,train20k-10847,unused_pool
train20k-10896,train20k-10848,unused_pool
train20k-10897,train20k-10849,unused_pool
train20k-10898,train20k-10850,unused_pool
train20k-10899,train20k-10851,unused_pool
train20k-10900,train20k-10852,unused_pool
train20k-10901,train20k-10853,unused_pool
train20k-10902,train20k-10854,unused_pool
train20k-10903,train20k-10855,unused_pool
train20k-10904,train20k-10856,unused_pool
train20k-10905,train20k-10857,unused_pool
train20k-10906,train20k-10858,unused_pool
train20k-10907,train20k-10859,unused_pool
train20k-10908,train20k-10860,unused_pool
train20k-10909,train20k-10861,unused_pool
train20k-10910,train20k-10862,unused_pool
train20k-10911,train20k-10863,unused_pool
train20k-10912,train20k-10864,unused_pool
train20k-10913,train20k-10865,unused_pool
train20k-10914,train20k-10866,unused_pool
train20k-10915,train20k-10867,unused_pool
train20k-10916,train20k-10868,unused_pool
train20k-10917,train20k-10869,unused_pool
train20k-10918,train20k-10870,unused_pool
train20k-10919,train20k-10871,unused_pool
train20k-10920,train20k-10872,unused_pool
train20k-10921,train20k-10873,unused_pool
train20k-10922,train20k-10874,unused_pool
train20k-10923,train20k-10875,unused_pool
train20k-10924,train20k-10876,unused_pool
train20k-10925,train20k-10877,unused_pool
train20k-10926,train20k-10878,unused_pool
train20k-10927,train20k-10879,unused_pool
train20k-10928,train20k-10880,unused_pool
train20k-10929,train20k-10881,unused_pool
train20k-10930,train20k-10882,unused_pool
train20k-10931,train20k-10883,unused_pool
train20k-10932,train20k-10884,unused_pool
train20k-10933,train20k-10885,unused_pool
train20k-10934,train20k-10886,unused_pool
train20k-10935,train20k-10887,unused_pool
train20k-10936,train20k-10888,unused_pool
train20k-10937,train20k-10889,unused_pool
train20k-10938,train20k-10890,unused_pool
train20k-10939,train20k-10891,unused_pool
train20k-10940,train20k-10892,unused_pool
train20k-10941,train20k-10893,unused_pool
train20k-10942,train20k-10894,unused_pool
train20k-10943,train20k-10895,unused_pool
train20k-10944,train20k-10896,unused_pool
train20k-10945,train20k-10897,unused_pool
train20k-10946,train20k-10898,unused_pool
train20k-10947,train20k-10899,unused_pool
train20k-10948,train20k-10900,unused_pool
train20k-10949,train20k-10901,unused_pool
train20k-10950,train20k-10902,unused_pool
train20k-10951,train20k-10903,unused_pool
train20k-10952,train20k-10904,unused_pool
train20k-10953,train20k-10905,unused_pool
train20k-10954,train20k-10906,unused_pool
train20k-10955,train20k-10907,unused_pool
train20k-10956,train20k-10908,unused_pool
train20k-10957,train20k-10909,unused_pool
train20k-10958,train20k-10910,unused_pool
train20k-10959,train20k-10911,unused_pool
train20k-10960,train20k-10912,unused_pool
train20k-10961,train20k-10913,unused_pool
train20k-10962,train20k-10914,unused_pool
train20k-10963,train20k-10915,unused_pool
train20k-10964,train20k-10916,unused_pool
train20k-10965,train20k-10917,unused_pool
train20k-10966,train20k-10918,unused_pool
train20k-10967,train20k-10919,unused_pool
train20k-10968,train20k-10920,unused_pool
train20k-10969,train20k-10921,unused_pool
train20k-10970,train20k-10922,unused_pool
train20k-10971,train20k-10923,unused_pool
train20k-10972,train20k-10924,unused_pool
train20k-10973,train20k-10925,unused_pool
train20k-10974,train20k-10926,unused_pool
train20k-10975,train20k-10927,unused_pool
train20k-10976,train20k-10928,unused_pool
train20k-10977,train20k-10929,unused_pool
train20k-10978,train20k-10930,unused_pool
train20k-10979,train20k-10931,unused_pool
train20k-10980,train20k-10932,unused_pool
train20k-10981,train20k-10933,unused_pool
train20k-10982,train20k-10934,unused_pool
train20k-10983,train20k-10935,unused_pool
train20k-10984,train20k-10936,unused_pool
train20k-10985,train20k-10937,unused_pool
train20k-10986,train20k-10938,unused_pool
train20k-10987,train20k-10939,unused_pool
train20k-10988,train20k-10940,unused_pool
train20k-10989,train20k-10941,unused_pool
train20k-10990,train20k-10942,unused_pool
train20k-10991,train20k-10943,unused_pool
train20k-10992,train20k-10944,unused_pool
train20k-10993,train20k-10945,unused_pool
train20k-10994,train20k-10946,unused_pool
train20k-10995,train20k-10947,unused_pool
train20k-10996,train20k-10948,unused_pool
train20k-10997,train20k-10949,unused_pool
train20k-10998,train20k-10950,unused_pool
train20k-10999,train20k-10951,unused_pool
train20k-11000,train20k-10952,unused_pool
train20k-11001,train20k-10953,unused_pool
train20k-11002,train20k-10954,unused_pool
train20k-11003,train20k-10955,unused_pool
train20k-11004,train20k-10956,unused_pool
train20k-11005,train20k-10957,unused_pool
train20k-11006,train20k-10958,unused_pool
train20k-11007,train20k-10959,unused_pool
train20k-11008,train20k-10960,unused_pool
train20k-11009,train20k-10961,unused_pool
train20k-11010,train20k-10962,unused_pool
train20k-11011,train20k-10963,unused_pool
train20k-11012,train20k-10964,unused_pool
train20k-11013,train20k-10965,unused_pool
train20k-11014,train20k-10966,unused_pool
train20k-11015,train20k-10967,unused_pool
train20k-11016,train20k-10968,unused_pool
train20k-11017,train20k-10969,unused_pool
train20k-11018,train20k-10970,unused_pool
train20k-11019,train20k-10971,unused_pool
train20k-11020,train20k-10972,unused_pool
train20k-11021,train20k-10973,unused_pool
train20k-11022,train20k-10974,unused_pool
train20k-11023,train20k-10975,unused_pool
train20k-11024,train20k-10976,unused_pool
train20k-11025,train20k-10977,unused_pool
train20k-11026,train20k-10978,unused_pool
train20k-11027,train20k-10979,unused_pool
train20k-11028,train20k-10980,unused_pool
train20k-11029,train20k-10981,unused_pool
train20k-11030,train20k-10982,unused_pool
train20k-11031,train20k-10983,unused_pool
train20k-11032,train20k-10984,unused_pool
train20k-11033,train20k-10985,unused_pool
train20k-11034,train20k-10986,unused_pool
train20k-11035,train20k-10987,unused_pool
train20k-11036,train20k-10988,unused_pool
train20k-11037,train20k-10989,unused_pool
train20k-11038,train20k-10990,unused_pool
train20k-11039,train20k-10991,unused_pool
train20k-11040,train20k-10992,unused_pool
train20k-11041,train20k-10993,unused_pool
train20k-11042,train20k-10994,unused_pool
train20k-11043,train20k-10995,unused_pool
train20k-11044,train20k-10996,unused_pool
train20k-11045,train20k-10997,unused_pool
train20k-11046,train20k-10998,unused_pool
train20k-11047,train20k-10999,unused_pool
train20k-11048,train20k-11000,unused_pool
train20k-11049,train20k-11001,unused_pool
train20k-11050,train20k-11002,unused_pool
train20k-11051,train20k-11003,unused_pool
train20k-11052,train20k-11004,unused_pool
train20k-11053,train20k-11005,unused_pool
train20k-11054,train20k-11006,unused_pool
train20k-11055,train20k-11007,unused_pool
train20k-11056,train20k-11008,unused_pool
train20k-11057,train20k-11009,unused_pool
train20k-11058,train20k-11010,unused_pool
train20k-11059,train20k-11011,unused_pool
train20k-11060,train20k-11012,unused_pool
train20k-11061,train20k-11013,unused_pool
train20k-11062,train20k-11014,unused_pool
train20k-11063,train20k-11015,unused_pool
train20k-11064,train20k-11016,unused_pool
train20k-11065,train20k-11017,unused_pool
train20k-11066,train20k-11018,unused_pool
train20k-11067,train20k-11019,unused_pool
train20k-11068,train20k-11020,unused_pool
train20k-11069,train20k-11021,unused_pool
train20k-11070,train20k-11022,unused_pool
train20k-11071,train20k-11023,unused_pool
train20k-11072,train20k-11024,unused_pool
train20k-11073,train20k-11025,unused_pool
train20k-11074,train20k-11026,unused_pool
train20k-11075,train20k-11027,unused_pool
train20k-11076,train20k-11028,unused_pool
train20k-11077,train20k-11029,unused_pool
train20k-11078,train20k-11030,unused_pool
train20k-11079,train20k-11031,unused_pool
train20k-11080,train20k-11032,unused_pool
train20k-11081,train20k-11033,unused_pool
train20k-11082,train20k-11034,unused_pool
train20k-11083,train20k-11035,unused_pool
train20k-11084,train20k-11036,unused_pool
train20k-11085,train20k-11037,unused_pool
train20k-11087,train20k-11038,unused_pool
train20k-11088,train20k-11039,unused_pool
train20k-11089,train20k-11040,unused_pool
train20k-11090,train20k-11041,unused_pool
train20k-11091,train20k-11042,unused_pool
train20k-11092,train20k-11043,unused_pool
train20k-11093,train20k-11044,unused_pool
train20k-11094,train20k-11045,unused_pool
train20k-11095,train20k-11046,unused_pool
train20k-11096,train20k-11047,unused_pool
train20k-11097,train20k-11048,unused_pool
train20k-11098,train20k-11049,unused_pool
train20k-11099,train20k-11050,unused_pool
train20k-11100,train20k-11051,unused_pool
train20k-11101,train20k-11052,unused_pool
train20k-11102,train20k-11053,unused_pool
train20k-11103,train20k-11054,unused_pool
train20k-11104,train20k-11055,unused_pool
train20k-11105,train20k-11056,unused_pool
train20k-11106,train20k-11057,unused_pool
train20k-11107,train20k-11058,unused_pool
train20k-11108,train20k-11059,unused_pool
train20k-11109,train20k-11060,unused_pool
train20k-11110,train20k-11061,unused_pool
train20k-11111,train20k-11062,unused_pool
train20k-11112,train20k-11063,unused_pool
train20k-11113,train20k-11064,unused_pool
train20k-11114,train20k-11065,unused_pool
train20k-11115,train20k-11066,unused_pool
train20k-11116,train20k-11067,unused_pool
train20k-11118,train20k-11068,unused_pool
train20k-11119,train20k-11069,unused_pool
train20k-11120,train20k-11070,unused_pool
train20k-11121,train20k-11071,unused_pool
train20k-11122,train20k-11072,unused_pool
train20k-11123,train20k-11073,unused_pool
train20k-11124,train20k-11074,unused_pool
train20k-11125,train20k-11075,unused_pool
train20k-11127,train20k-11076,unused_pool
train20k-11128,train20k-11077,unused_pool
train20k-11129,train20k-11078,unused_pool
train20k-11130,train20k-11079,unused_pool
train20k-11131,train20k-11080,unused_pool
train20k-11132,train20k-11081,unused_pool
train20k-11133,train20k-11082,unused_pool
train20k-11134,train20k-11083,unused_pool
train20k-11135,train20k-11084,unused_pool
train20k-11136,train20k-11085,unused_pool
train20k-11137,train20k-11086,unused_pool
train20k-11138,train20k-11087,unused_pool
train20k-11139,train20k-11088,unused_pool
train20k-11140,train20k-11089,unused_pool
train20k-11141,train20k-11090,unused_pool
train20k-11142,train20k-11091,unused_pool
train20k-11143,train20k-11092,unused_pool
train20k-11144,train20k-11093,unused_pool
train20k-11145,train20k-11094,unused_pool
train20k-11146,train20k-11095,unused_pool
train20k-11147,train20k-11096,unused_pool
train20k-11148,train20k-11097,unused_pool
train20k-11149,train20k-11098,unused_pool
train20k-11150,train20k-11099,unused_pool
train20k-11151,train20k-11100,unused_pool
train20k-11152,train20k-11101,unused_pool
train20k-11153,train20k-11102,unused_pool
train20k-11154,train20k-11103,unused_pool
train20k-11155,train20k-11104,unused_pool
train20k-11156,train20k-11105,unused_pool
train20k-11157,train20k-11106,unused_pool
train20k-11158,train20k-11107,unused_pool
train20k-11159,train20k-11108,unused_pool
train20k-11160,train20k-11109,unused_pool
train20k-11161,train20k-11110,unused_pool
train20k-11162,train20k-11111,unused_pool
train20k-11163,train20k-11112,unused_pool
train20k-11164,train20k-11113,unused_pool
train20k-11165,train20k-11114,unused_pool
train20k-11166,train20k-11115,unused_pool
train20k-11167,train20k-11116,unused_pool
train20k-11168,train20k-11117,unused_pool
train20k-11169,train20k-11118,unused_pool
train20k-11170,train20k-11119,unused_pool
train20k-11171,train20k-11120,unused_pool
train20k-11172,train20k-11121,unused_pool
train20k-11173,train20k-11122,unused_pool
train20k-11174,train20k-11123,unused_pool
train20k-11175,train20k-11124,unused_pool
train20k-11176,train20k-11125,unused_pool
train20k-11177,train20k-11126,unused_pool
train20k-11178,train20k-11127,unused_pool
train20k-11179,train20k-11128,unused_pool
train20k-11180,train20k-11129,unused_pool
train20k-11181,train20k-11130,unused_pool
train20k-11182,train20k-11131,unused_pool
train20k-11183,train20k-11132,unused_pool
train20k-11184,train20k-11133,unused_pool
train20k-11185,train20k-11134,unused_pool
train20k-11186,train20k-11135,unused_pool
train20k-11187,train20k-11136,unused_pool
train20k-11188,train20k-11137,unused_pool
train20k-11189,train20k-11138,unused_pool
train20k-11190,train20k-11139,unused_pool
train20k-11191,train20k-11140,unused_pool
train20k-11192,train20k-11141,unused_pool
train20k-11193,train20k-11142,unused_pool
train20k-11194,train20k-11143,unused_pool
train20k-11195,train20k-11144,unused_pool
train20k-11196,train20k-11145,unused_pool
train20k-11197,train20k-11146,unused_pool
train20k-11198,train20k-11147,unused_pool
train20k-11199,train20k-11148,unused_pool
train20k-11200,train20k-11149,unused_pool
train20k-11201,train20k-11150,unused_pool
train20k-11202,train20k-11151,unused_pool
train20k-11203,train20k-11152,unused_pool
train20k-11204,train20k-11153,unused_pool
train20k-11205,train20k-11154,unused_pool
train20k-11206,train20k-11155,unused_pool
train20k-11207,train20k-11156,unused_pool
train20k-11208,train20k-11157,unused_pool
train20k-11209,train20k-11158,unused_pool
train20k-11210,train20k-11159,unused_pool
train20k-11211,train20k-11160,unused_pool
train20k-11212,train20k-11161,unused_pool
train20k-11213,train20k-11162,unused_pool
train20k-11214,train20k-11163,unused_pool
train20k-11215,train20k-11164,unused_pool
train20k-11216,train20k-11165,unused_pool
train20k-11217,train20k-11166,unused_pool
train20k-11218,train20k-11167,unused_pool
train20k-11219,train20k-11168,unused_pool
train20k-11220,train20k-11169,unused_pool
train20k-11221,train20k-11170,unused_pool
train20k-11222,train20k-11171,unused_pool
train20k-11223,train20k-11172,unused_pool
train20k-11224,train20k-11173,unused_pool
train20k-11225,train20k-11174,unused_pool
train20k-11226,train20k-11175,unused_pool
train20k-11227,train20k-11176,unused_pool
train20k-11228,train20k-11177,unused_pool
train20k-11229,train20k-11178,unused_pool
train20k-11230,train20k-11179,unused_pool
train20k-11231,train20k-11180,unused_pool
train20k-11232,train20k-11181,unused_pool
train20k-11233,train20k-11182,unused_pool
train20k-11234,train20k-11183,unused_pool
train20k-11235,train20k-11184,unused_pool
train20k-11236,train20k-11185,unused_pool
train20k-11237,train20k-11186,unused_pool
train20k-11238,train20k-11187,unused_pool
train20k-11239,train20k-11188,unused_pool
train20k-11240,train20k-11189,unused_pool
train20k-11241,train20k-11190,unused_pool
train20k-11242,train20k-11191,unused_pool
train20k-11243,train20k-11192,unused_pool
train20k-11244,train20k-11193,unused_pool
train20k-11245,train20k-11194,unused_pool
train20k-11246,train20k-11195,unused_pool
train20k-11247,train20k-11196,unused_pool
train20k-11248,train20k-11197,unused_pool
train20k-11249,train20k-11198,unused_pool
train20k-11250,train20k-11199,unused_pool
train20k-11251,train20k-11200,unused_pool
train20k-11252,train20k-11201,unused_pool
train20k-11253,train20k-11202,unused_pool
train20k-11254,train20k-11203,unused_pool
train20k-11255,train20k-11204,unused_pool
train20k-11256,train20k-11205,unused_pool
train20k-11257,train20k-11206,unused_pool
train20k-11258,train20k-11207,unused_pool
train20k-11259,train20k-11208,unused_pool
train20k-11260,train20k-11209,unused_pool
train20k-11261,train20k-11210,unused_pool
train20k-11262,train20k-11211,unused_pool
train20k-11263,train20k-11212,unused_pool
train20k-11264,train20k-11213,unused_pool
train20k-11265,train20k-11214,unused_pool
train20k-11266,train20k-11215,unused_pool
train20k-11267,train20k-11216,unused_pool
train20k-11268,train20k-11217,unused_pool
train20k-11269,train20k-11218,unused_pool
train20k-11270,train20k-11219,unused_pool
train20k-11271,train20k-11220,unused_pool
train20k-11272,train20k-11221,unused_pool
train20k-11273,train20k-11222,unused_pool
train20k-11274,train20k-11223,unused_pool
train20k-11275,train20k-11224,unused_pool
train20k-11276,train20k-11225,unused_pool
train20k-11277,train20k-11226,unused_pool
train20k-11278,train20k-11227,unused_pool
train20k-11279,train20k-11228,unused_pool
train20k-11280,train20k-11229,unused_pool
train20k-11281,train20k-11230,unused_pool
train20k-11282,train20k-11231,unused_pool
train20k-11283,train20k-11232,unused_pool
train20k-11284,train20k-11233,unused_pool
train20k-11285,train20k-11234,unused_pool
train20k-11286,train20k-11235,unused_pool
train20k-11287,train20k-11236,unused_pool
train20k-11288,train20k-11237,unused_pool
train20k-11289,train20k-11238,unused_pool
train20k-11290,train20k-11239,unused_pool
train20k-11291,train20k-11240,unused_pool
train20k-11292,train20k-11241,unused_pool
train20k-11293,train20k-11242,unused_pool
train20k-11294,train20k-11243,unused_pool
train20k-11295,train20k-11244,unused_pool
train20k-11296,train20k-11245,unused_pool
train20k-11297,train20k-11246,unused_pool
train20k-11298,train20k-11247,unused_pool
train20k-11299,train20k-11248,unused_pool
train20k-11300,train20k-11249,unused_pool
train20k-11301,train20k-11250,unused_pool
train20k-11302,train20k-11251,unused_pool
train20k-11303,train20k-11252,unused_pool
train20k-11304,train20k-11253,unused_pool
train20k-11305,train20k-11254,unused_pool
train20k-11306,train20k-11255,unused_pool
train20k-11307,train20k-11256,unused_pool
train20k-11308,train20k-11257,unused_pool
train20k-11309,train20k-11258,unused_pool
train20k-11310,train20k-11259,unused_pool
train20k-11311,train20k-11260,unused_pool
train20k-11312,train20k-11261,unused_pool
train20k-11313,train20k-11262,unused_pool
train20k-11314,train20k-11263,unused_pool
train20k-11315,train20k-11264,unused_pool
train20k-11316,train20k-11265,unused_pool
train20k-11317,train20k-11266,unused_pool
train20k-11318,train20k-11267,unused_pool
train20k-11319,train20k-11268,unused_pool
train20k-11320,train20k-11269,unused_pool
train20k-11321,train20k-11270,unused_pool
train20k-11322,train20k-11271,unused_pool
train20k-11323,train20k-11272,unused_pool
train20k-11324,train20k-11273,unused_pool
train20k-11325,train20k-11274,unused_pool
train20k-11326,train20k-11275,unused_pool
train20k-11327,train20k-11276,unused_pool
train20k-11328,train20k-11277,unused_pool
train20k-11330,train20k-11278,unused_pool
train20k-11331,train20k-11279,unused_pool
train20k-11332,train20k-11280,unused_pool
train20k-11333,train20k-11281,unused_pool
train20k-11334,train20k-11282,unused_pool
train20k-11335,train20k-11283,unused_pool
train20k-11336,train20k-11284,unused_pool
train20k-11337,train20k-11285,unused_pool
train20k-11338,train20k-11286,unused_pool
train20k-11339,train20k-11287,unused_pool
train20k-11340,train20k-11288,unused_pool
train20k-11341,train20k-11289,unused_pool
train20k-11342,train20k-11290,unused_pool
train20k-11343,train20k-11291,unused_pool
train20k-11344,train20k-11292,unused_pool
train20k-11345,train20k-11293,unused_pool
train20k-11346,train20k-11294,unused_pool
train20k-11347,train20k-11295,unused_pool
train20k-11348,train20k-11296,unused_pool
train20k-11349,train20k-11297,unused_pool
train20k-11350,train20k-11298,unused_pool
train20k-11351,train20k-11299,unused_pool
train20k-11352,train20k-11300,unused_pool
train20k-11353,train20k-11301,unused_pool
train20k-11354,train20k-11302,unused_pool
train20k-11355,train20k-11303,unused_pool
train20k-11356,train20k-11304,unused_pool
train20k-11357,train20k-11305,unused_pool
train20k-11358,train20k-11306,unused_pool
train20k-11359,train20k-11307,unused_pool
train20k-11360,train20k-11308,unused_pool
train20k-11361,train20k-11309,unused_pool
train20k-11362,train20k-11310,unused_pool
train20k-11363,train20k-11311,unused_pool
train20k-11364,train20k-11312,unused_pool
train20k-11365,train20k-11313,unused_pool
train20k-11366,train20k-11314,unused_pool
train20k-11367,train20k-11315,unused_pool
train20k-11368,train20k-11316,unused_pool
train20k-11369,train20k-11317,unused_pool
train20k-11370,train20k-11318,unused_pool
train20k-11371,train20k-11319,unused_pool
train20k-11372,train20k-11320,unused_pool
train20k-11373,train20k-11321,unused_pool
train20k-11374,train20k-11322,unused_pool
train20k-11375,train20k-11323,unused_pool
train20k-11376,train20k-11324,unused_pool
train20k-11377,train20k-11325,unused_pool
train20k-11378,train20k-11326,unused_pool
train20k-11379,train20k-11327,unused_pool
train20k-11380,train20k-11328,unused_pool
train20k-11381,train20k-11329,unused_pool
train20k-11382,train20k-11330,unused_pool
train20k-11383,train20k-11331,unused_pool
train20k-11384,train20k-11332,unused_pool
train20k-11385,train20k-11333,unused_pool
train20k-11386,train20k-11334,unused_pool
train20k-11387,train20k-11335,unused_pool
train20k-11388,train20k-11336,unused_pool
train20k-11389,train20k-11337,unused_pool
train20k-11390,train20k-11338,unused_pool
train20k-11391,train20k-11339,unused_pool
train20k-11392,train20k-11340,unused_pool
train20k-11393,train20k-11341,unused_pool
train20k-11394,train20k-11342,unused_pool
train20k-11395,train20k-11343,unused_pool
train20k-11396,train20k-11344,unused_pool
train20k-11397,train20k-11345,unused_pool
train20k-11398,train20k-11346,unused_pool
train20k-11399,train20k-11347,unused_pool
train20k-11400,train20k-11348,unused_pool
train20k-11401,train20k-11349,unused_pool
train20k-11402,train20k-11350,unused_pool
train20k-11403,train20k-11351,unused_pool
train20k-11404,train20k-11352,unused_pool
train20k-11405,train20k-11353,unused_pool
train20k-11406,train20k-11354,unused_pool
train20k-11407,train20k-11355,unused_pool
train20k-11408,train20k-11356,unused_pool
train20k-11409,train20k-11357,unused_pool
train20k-11410,train20k-11358,unused_pool
train20k-11411,train20k-11359,unused_pool
train20k-11412,train20k-11360,unused_pool
train20k-11413,train20k-11361,unused_pool
train20k-11414,train20k-11362,unused_pool
train20k-11415,train20k-11363,unused_pool
train20k-11416,train20k-11364,unused_pool
train20k-11417,train20k-11365,unused_pool
train20k-11418,train20k-11366,unused_pool
train20k-11419,train20k-11367,unused_pool
train20k-11420,train20k-11368,unused_pool
train20k-11421,train20k-11369,unused_pool
train20k-11422,train20k-11370,unused_pool
train20k-11423,train20k-11371,unused_pool
train20k-11424,train20k-11372,unused_pool
train20k-11425,train20k-11373,unused_pool
train20k-11426,train20k-11374,unused_pool
train20k-11427,train20k-11375,unused_pool
train20k-11428,train20k-11376,unused_pool
train20k-11429,train20k-11377,unused_pool
train20k-11430,train20k-11378,unused_pool
train20k-11431,train20k-11379,unused_pool
train20k-11432,train20k-11380,unused_pool
train20k-11433,train20k-11381,unused_pool
train20k-11434,train20k-11382,unused_pool
train20k-11435,train20k-11383,unused_pool
train20k-11436,train20k-11384,unused_pool
train20k-11437,train20k-11385,unused_pool
train20k-11438,train20k-11386,unused_pool
train20k-11439,train20k-11387,unused_pool
train20k-11440,train20k-11388,unused_pool
train20k-11441,train20k-11389,unused_pool
train20k-11442,train20k-11390,unused_pool
train20k-11443,train20k-11391,unused_pool
train20k-11444,train20k-11392,unused_pool
train20k-11445,train20k-11393,unused_pool
train20k-11446,train20k-11394,unused_pool
train20k-11447,train20k-11395,unused_pool
train20k-11448,train20k-11396,unused_pool
train20k-11449,train20k-11397,unused_pool
train20k-11450,train20k-11398,unused_pool
train20k-11451,train20k-11399,unused_pool
train20k-11452,train20k-11400,unused_pool
train20k-11453,train20k-11401,unused_pool
train20k-11454,train20k-11402,unused_pool
train20k-11455,train20k-11403,unused_pool
train20k-11456,train20k-11404,unused_pool
train20k-11457,train20k-11405,unused_pool
train20k-11458,train20k-11406,unused_pool
train20k-11459,train20k-11407,unused_pool
train20k-11460,train20k-11408,unused_pool
train20k-11461,train20k-11409,unused_pool
train20k-11462,train20k-11410,unused_pool
train20k-11463,train20k-11411,unused_pool
train20k-11464,train20k-11412,unused_pool
train20k-11465,train20k-11413,unused_pool
train20k-11466,train20k-11414,unused_pool
train20k-11467,train20k-11415,unused_pool
train20k-11468,train20k-11416,unused_pool
train20k-11469,train20k-11417,unused_pool
train20k-11470,train20k-11418,unused_pool
train20k-11471,train20k-11419,unused_pool
train20k-11472,train20k-11420,unused_pool
train20k-11473,train20k-11421,unused_pool
train20k-11474,train20k-11422,unused_pool
train20k-11475,train20k-11423,unused_pool
train20k-11476,train20k-11424,unused_pool
train20k-11477,train20k-11425,unused_pool
train20k-11478,train20k-11426,unused_pool
train20k-11479,train20k-11427,unused_pool
train20k-11480,train20k-11428,unused_pool
train20k-11481,train20k-11429,unused_pool
train20k-11482,train20k-11430,unused_pool
train20k-11483,train20k-11431,unused_pool
train20k-11484,train20k-11432,unused_pool
train20k-11485,train20k-11433,unused_pool
train20k-11486,train20k-11434,unused_pool
train20k-11487,train20k-11435,unused_pool
train20k-11488,train20k-11436,unused_pool
train20k-11489,train20k-11437,unused_pool
train20k-11490,train20k-11438,unused_pool
train20k-11491,train20k-11439,unused_pool
train20k-11492,train20k-11440,unused_pool
train20k-11493,train20k-11441,unused_pool
train20k-11494,train20k-11442,unused_pool
train20k-11495,train20k-11443,unused_pool
train20k-11496,train20k-11444,unused_pool
train20k-11497,train20k-11445,unused_pool
train20k-11498,train20k-11446,unused_pool
train20k-11499,train20k-11447,unused_pool
train20k-11500,train20k-11448,unused_pool
train20k-11501,train20k-11449,unused_pool
train20k-11502,train20k-11450,unused_pool
train20k-11503,train20k-11451,unused_pool
train20k-11504,train20k-11452,unused_pool
train20k-11505,train20k-11453,unused_pool
train20k-11506,train20k-11454,unused_pool
train20k-11508,train20k-11455,unused_pool
train20k-11509,train20k-11456,unused_pool
train20k-11510,train20k-11457,unused_pool
train20k-11511,train20k-11458,unused_pool
train20k-11512,train20k-11459,unused_pool
train20k-11513,train20k-11460,unused_pool
train20k-11514,train20k-11461,unused_pool
train20k-11515,train20k-11462,unused_pool
train20k-11516,train20k-11463,unused_pool
train20k-11517,train20k-11464,unused_pool
train20k-11518,train20k-11465,unused_pool
train20k-11519,train20k-11466,unused_pool
train20k-11520,train20k-11467,unused_pool
train20k-11521,train20k-11468,unused_pool
train20k-11522,train20k-11469,unused_pool
train20k-11523,train20k-11470,unused_pool
train20k-11524,train20k-11471,unused_pool
train20k-11525,train20k-11472,unused_pool
train20k-11526,train20k-11473,unused_pool
train20k-11527,train20k-11474,unused_pool
train20k-11528,train20k-11475,unused_pool
train20k-11529,train20k-11476,unused_pool
train20k-11530,train20k-11477,unused_pool
train20k-11531,train20k-11478,unused_pool
train20k-11532,train20k-11479,unused_pool
train20k-11533,train20k-11480,unused_pool
train20k-11534,train20k-11481,unused_pool
train20k-11536,train20k-11482,unused_pool
train20k-11537,train20k-11483,unused_pool
train20k-11538,train20k-11484,unused_pool
train20k-11539,train20k-11485,unused_pool
train20k-11540,train20k-11486,unused_pool
train20k-11541,train20k-11487,unused_pool
train20k-11542,train20k-11488,unused_pool
train20k-11543,train20k-11489,unused_pool
train20k-11544,train20k-11490,unused_pool
train20k-11545,train20k-11491,unused_pool
train20k-11546,train20k-11492,unused_pool
train20k-11547,train20k-11493,unused_pool
train20k-11548,train20k-11494,unused_pool
train20k-11549,train20k-11495,unused_pool
train20k-11550,train20k-11496,unused_pool
train20k-11551,train20k-11497,unused_pool
train20k-11552,train20k-11498,unused_pool
train20k-11553,train20k-11499,unused_pool
train20k-11554,train20k-11500,unused_pool
train20k-11555,train20k-11501,unused_pool
train20k-11556,train20k-11502,unused_pool
train20k-11557,train20k-11503,unused_pool
train20k-11558,train20k-11504,unused_pool
train20k-11559,train20k-11505,unused_pool
train20k-11560,train20k-11506,unused_pool
train20k-11561,train20k-11507,unused_pool
train20k-11562,train20k-11508,unused_pool
train20k-11563,train20k-11509,unused_pool
train20k-11564,train20k-11510,unused_pool
train20k-11565,train20k-11511,unused_pool
train20k-11566,train20k-11512,unused_pool
train20k-11567,train20k-11513,unused_pool
train20k-11568,train20k-11514,unused_pool
train20k-11569,train20k-11515,unused_pool
train20k-11570,train20k-11516,unused_pool
train20k-11571,train20k-11517,unused_pool
train20k-11572,train20k-11518,unused_pool
train20k-11573,train20k-11519,unused_pool
train20k-11574,train20k-11520,unused_pool
train20k-11575,train20k-11521,unused_pool
train20k-11576,train20k-11522,unused_pool
train20k-11577,train20k-11523,unused_pool
train20k-11578,train20k-11524,unused_pool
train20k-11579,train20k-11525,unused_pool
train20k-11580,train20k-11526,unused_pool
train20k-11581,train20k-11527,unused_pool
train20k-11582,train20k-11528,unused_pool
train20k-11583,train20k-11529,unused_pool
train20k-11584,train20k-11530,unused_pool
train20k-11585,train20k-11531,unused_pool
train20k-11586,train20k-11532,unused_pool
train20k-11587,train20k-11533,unused_pool
train20k-11588,train20k-11534,unused_pool
train20k-11589,train20k-11535,unused_pool
train20k-11590,train20k-11536,unused_pool
train20k-11591,train20k-11537,unused_pool
train20k-11592,train20k-11538,unused_pool
train20k-11593,train20k-11539,unused_pool
train20k-11594,train20k-11540,unused_pool
train20k-11595,train20k-11541,unused_pool
train20k-11596,train20k-11542,unused_pool
train20k-11597,train20k-11543,unused_pool
train20k-11598,train20k-11544,unused_pool
train20k-11599,train20k-11545,unused_pool
train20k-11600,train20k-11546,unused_pool
train20k-11601,train20k-11547,unused_pool
train20k-11602,train20k-11548,unused_pool
train20k-11603,train20k-11549,unused_pool
train20k-11604,train20k-11550,unused_pool
train20k-11605,train20k-11551,unused_pool
train20k-11606,train20k-11552,unused_pool
train20k-11607,train20k-11553,unused_pool
train20k-11608,train20k-11554,unused_pool
train20k-11609,train20k-11555,unused_pool
train20k-11610,train20k-11556,unused_pool
train20k-11611,train20k-11557,unused_pool
train20k-11612,train20k-11558,unused_pool
train20k-11613,train20k-11559,unused_pool
train20k-11614,train20k-11560,unused_pool
train20k-11615,train20k-11561,unused_pool
train20k-11616,train20k-11562,unused_pool
train20k-11617,train20k-11563,unused_pool
train20k-11618,train20k-11564,unused_pool
train20k-11619,train20k-11565,unused_pool
train20k-11620,train20k-11566,unused_pool
train20k-11621,train20k-11567,unused_pool
train20k-11622,train20k-11568,unused_pool
train20k-11623,train20k-11569,unused_pool
train20k-11624,train20k-11570,unused_pool
train20k-11625,train20k-11571,unused_pool
train20k-11626,train20k-11572,unused_pool
train20k-11627,train20k-11573,unused_pool
train20k-11628,train20k-11574,unused_pool
train20k-11629,train20k-11575,unused_pool
train20k-11630,train20k-11576,unused_pool
train20k-11631,train20k-11577,unused_pool
train20k-11632,train20k-11578,unused_pool
train20k-11633,train20k-11579,unused_pool
train20k-11634,train20k-11580,unused_pool
train20k-11635,train20k-11581,unused_pool
train20k-11636,train20k-11582,unused_pool
train20k-11637,train20k-11583,unused_pool
train20k-11638,train20k-11584,unused_pool
train20k-11639,train20k-11585,unused_pool
train20k-11640,train20k-11586,unused_pool
train20k-11641,train20k-11587,unused_pool
train20k-11642,train20k-11588,unused_pool
train20k-11643,train20k-11589,unused_pool
train20k-11644,train20k-11590,unused_pool
train20k-11645,train20k-11591,unused_pool
train20k-11646,train20k-11592,unused_pool
train20k-11647,train20k-11593,unused_pool
train20k-11648,train20k-11594,unused_pool
train20k-11649,train20k-11595,unused_pool
train20k-11650,train20k-11596,unused_pool
train20k-11651,train20k-11597,unused_pool
train20k-11652,train20k-11598,unused_pool
train20k-11653,train20k-11599,unused_pool
train20k-11654,train20k-11600,unused_pool
train20k-11655,train20k-11601,unused_pool
train20k-11656,train20k-11602,unused_pool
train20k-11657,train20k-11603,unused_pool
train20k-11658,train20k-11604,unused_pool
train20k-11659,train20k-11605,unused_pool
train20k-11660,train20k-11606,unused_pool
train20k-11661,train20k-11607,unused_pool
train20k-11662,train20k-11608,unused_pool
train20k-11663,train20k-11609,unused_pool
train20k-11664,train20k-11610,unused_pool
train20k-11665,train20k-11611,unused_pool
train20k-11666,train20k-11612,unused_pool
train20k-11667,train20k-11613,unused_pool
train20k-11668,train20k-11614,unused_pool
train20k-11669,train20k-11615,unused_pool
train20k-11670,train20k-11616,unused_pool
train20k-11671,train20k-11617,unused_pool
train20k-11672,train20k-11618,unused_pool
train20k-11673,train20k-11619,unused_pool
train20k-11674,train20k-11620,unused_pool
train20k-11675,train20k-11621,unused_pool
train20k-11676,train20k-11622,unused_pool
train20k-11677,train20k-11623,unused_pool
train20k-11678,train20k-11624,unused_pool
train20k-11679,train20k-11625,unused_pool
train20k-11680,train20k-11626,unused_pool
train20k-11681,train20k-11627,unused_pool
train20k-11682,train20k-11628,unused_pool
train20k-11683,train20k-11629,unused_pool
train20k-11684,train20k-11630,unused_pool
train20k-11685,train20k-11631,unused_pool
train20k-11686,train20k-11632,unused_pool
train20k-11687,train20k-11633,unused_pool
train20k-11688,train20k-11634,unused_pool
train20k-11689,train20k-11635,unused_pool
train20k-11690,train20k-11636,unused_pool
train20k-11691,train20k-11637,unused_pool
train20k-11692,train20k-11638,unused_pool
train20k-11693,train20k-11639,unused_pool
train20k-11694,train20k-11640,unused_pool
train20k-11695,train20k-11641,unused_pool
train20k-11696,train20k-11642,unused_pool
train20k-11697,train20k-11643,unused_pool
train20k-11698,train20k-11644,unused_pool
train20k-11699,train20k-11645,unused_pool
train20k-11700,train20k-11646,unused_pool
train20k-11701,train20k-11647,unused_pool
train20k-11702,train20k-11648,unused_pool
train20k-11703,train20k-11649,unused_pool
train20k-11704,train20k-11650,unused_pool
train20k-11705,train20k-11651,unused_pool
train20k-11706,train20k-11652,unused_pool
train20k-11707,train20k-11653,unused_pool
train20k-11708,train20k-11654,unused_pool
train20k-11709,train20k-11655,unused_pool
train20k-11710,train20k-11656,unused_pool
train20k-11711,train20k-11657,unused_pool
train20k-11712,train20k-11658,unused_pool
train20k-11713,train20k-11659,unused_pool
train20k-11714,train20k-11660,unused_pool
train20k-11715,train20k-11661,unused_pool
train20k-11716,train20k-11662,unused_pool
train20k-11717,train20k-11663,unused_pool
train20k-11718,train20k-11664,unused_pool
train20k-11719,train20k-11665,unused_pool
train20k-11720,train20k-11666,unused_pool
train20k-11721,train20k-11667,unused_pool
train20k-11722,train20k-11668,unused_pool
train20k-11723,train20k-11669,unused_pool
train20k-11724,train20k-11670,unused_pool
train20k-11725,train20k-11671,unused_pool
train20k-11726,train20k-11672,unused_pool
train20k-11727,train20k-11673,unused_pool
train20k-11728,train20k-11674,unused_pool
train20k-11729,train20k-11675,unused_pool
train20k-11730,train20k-11676,unused_pool
train20k-11731,train20k-11677,unused_pool
train20k-11732,train20k-11678,unused_pool
train20k-11733,train20k-11679,unused_pool
train20k-11734,train20k-11680,unused_pool
train20k-11735,train20k-11681,unused_pool
train20k-11736,train20k-11682,unused_pool
train20k-11737,train20k-11683,unused_pool
train20k-11738,train20k-11684,unused_pool
train20k-11739,train20k-11685,unused_pool
train20k-11740,train20k-11686,unused_pool
train20k-11741,train20k-11687,unused_pool
train20k-11742,train20k-11688,unused_pool
train20k-11743,train20k-11689,unused_pool
train20k-11744,train20k-11690,unused_pool
train20k-11745,train20k-11691,unused_pool
train20k-11746,train20k-11692,unused_pool
train20k-11747,train20k-11693,unused_pool
train20k-11748,train20k-11694,unused_pool
train20k-11749,train20k-11695,unused_pool
train20k-11750,train20k-11696,unused_pool
train20k-11751,train20k-11697,unused_pool
train20k-11752,train20k-11698,unused_pool
train20k-11753,train20k-11699,unused_pool
train20k-11754,train20k-11700,unused_pool
train20k-11755,train20k-11701,unused_pool
train20k-11756,train20k-11702,unused_pool
train20k-11757,train20k-11703,unused_pool
train20k-11758,train20k-11704,unused_pool
train20k-11759,train20k-11705,unused_pool
train20k-11760,train20k-11706,unused_pool
train20k-11761,train20k-11707,unused_pool
train20k-11762,train20k-11708,unused_pool
train20k-11763,train20k-11709,unused_pool
train20k-11764,train20k-11710,unused_pool
train20k-11765,train20k-11711,unused_pool
train20k-11766,train20k-11712,unused_pool
train20k-11767,train20k-11713,unused_pool
train20k-11768,train20k-11714,unused_pool
train20k-11769,train20k-11715,unused_pool
train20k-11770,train20k-11716,unused_pool
train20k-11771,train20k-11717,unused_pool
train20k-11772,train20k-11718,unused_pool
train20k-11773,train20k-11719,unused_pool
train20k-11774,train20k-11720,unused_pool
train20k-11775,train20k-11721,unused_pool
train20k-11776,train20k-11722,unused_pool
train20k-11777,train20k-11723,unused_pool
train20k-11778,train20k-11724,unused_pool
train20k-11779,train20k-11725,unused_pool
train20k-11780,train20k-11726,unused_pool
train20k-11781,train20k-11727,unused_pool
train20k-11782,train20k-11728,unused_pool
train20k-11783,train20k-11729,unused_pool
train20k-11784,train20k-11730,unused_pool
train20k-11785,train20k-11731,unused_pool
train20k-11786,train20k-11732,unused_pool
train20k-11787,train20k-11733,unused_pool
train20k-11788,train20k-11734,unused_pool
train20k-11789,train20k-11735,unused_pool
train20k-11790,train20k-11736,unused_pool
train20k-11791,train20k-11737,unused_pool
train20k-11792,train20k-11738,unused_pool
train20k-11793,train20k-11739,unused_pool
train20k-11794,train20k-11740,unused_pool
train20k-11795,train20k-11741,unused_pool
train20k-11796,train20k-11742,unused_pool
train20k-11797,train20k-11743,unused_pool
train20k-11798,train20k-11744,unused_pool
train20k-11799,train20k-11745,unused_pool
train20k-11800,train20k-11746,unused_pool
train20k-11801,train20k-11747,unused_pool
train20k-11802,train20k-11748,unused_pool
train20k-11803,train20k-11749,unused_pool
train20k-11804,train20k-11750,unused_pool
train20k-11805,train20k-11751,unused_pool
train20k-11806,train20k-11752,unused_pool
train20k-11807,train20k-11753,unused_pool
train20k-11808,train20k-11754,unused_pool
train20k-11809,train20k-11755,unused_pool
train20k-11810,train20k-11756,unused_pool
train20k-11811,train20k-11757,unused_pool
train20k-11812,train20k-11758,unused_pool
train20k-11813,train20k-11759,unused_pool
train20k-11814,train20k-11760,unused_pool
train20k-11815,train20k-11761,unused_pool
train20k-11816,train20k-11762,unused_pool
train20k-11817,train20k-11763,unused_pool
train20k-11818,train20k-11764,unused_pool
train20k-11819,train20k-11765,unused_pool
train20k-11820,train20k-11766,unused_pool
train20k-11821,train20k-11767,unused_pool
train20k-11822,train20k-11768,unused_pool
train20k-11823,train20k-11769,unused_pool
train20k-11824,train20k-11770,unused_pool
train20k-11825,train20k-11771,unused_pool
train20k-11826,train20k-11772,unused_pool
train20k-11827,train20k-11773,unused_pool
train20k-11828,train20k-11774,unused_pool
train20k-11829,train20k-11775,unused_pool
train20k-11830,train20k-11776,unused_pool
train20k-11831,train20k-11777,unused_pool
train20k-11832,train20k-11778,unused_pool
train20k-11833,train20k-11779,unused_pool
train20k-11834,train20k-11780,unused_pool
train20k-11835,train20k-11781,unused_pool
train20k-11836,train20k-11782,unused_pool
train20k-11837,train20k-11783,unused_pool
train20k-11838,train20k-11784,unused_pool
train20k-11839,train20k-11785,unused_pool
train20k-11840,train20k-11786,unused_pool
train20k-11841,train20k-11787,unused_pool
train20k-11842,train20k-11788,unused_pool
train20k-11843,train20k-11789,unused_pool
train20k-11844,train20k-11790,unused_pool
train20k-11845,train20k-11791,unused_pool
train20k-11846,train20k-11792,unused_pool
train20k-11847,train20k-11793,unused_pool
train20k-11848,train20k-11794,unused_pool
train20k-11849,train20k-11795,unused_pool
train20k-11850,train20k-11796,unused_pool
train20k-11851,train20k-11797,unused_pool
train20k-11852,train20k-11798,unused_pool
train20k-11853,train20k-11799,unused_pool
train20k-11854,train20k-11800,unused_pool
train20k-11855,train20k-11801,unused_pool
train20k-11856,train20k-11802,unused_pool
train20k-11857,train20k-11803,unused_pool
train20k-11858,train20k-11804,unused_pool
train20k-11859,train20k-11805,unused_pool
train20k-11860,train20k-11806,unused_pool
train20k-11861,train20k-11807,unused_pool
train20k-11862,train20k-11808,unused_pool
train20k-11863,train20k-11809,unused_pool
train20k-11864,train20k-11810,unused_pool
train20k-11865,train20k-11811,unused_pool
train20k-11866,train20k-11812,unused_pool
train20k-11867,train20k-11813,unused_pool
train20k-11868,train20k-11814,unused_pool
train20k-11869,train20k-11815,unused_pool
train20k-11870,train20k-11816,unused_pool
train20k-11871,train20k-11817,unused_pool
train20k-11872,train20k-11818,unused_pool
train20k-11873,train20k-11819,unused_pool
train20k-11874,train20k-11820,unused_pool
train20k-11875,train20k-11821,unused_pool
train20k-11876,train20k-11822,unused_pool
train20k-11877,train20k-11823,unused_pool
train20k-11878,train20k-11824,unused_pool
train20k-11879,train20k-11825,unused_pool
train20k-11880,train20k-11826,unused_pool
train20k-11881,train20k-11827,unused_pool
train20k-11882,train20k-11828,unused_pool
train20k-11883,train20k-11829,unused_pool
train20k-11884,train20k-11830,unused_pool
train20k-11885,train20k-11831,unused_pool
train20k-11886,train20k-11832,unused_pool
train20k-11887,train20k-11833,unused_pool
train20k-11888,train20k-11834,unused_pool
train20k-11889,train20k-11835,unused_pool
train20k-11890,train20k-11836,unused_pool
train20k-11891,train20k-11837,unused_pool
train20k-11892,train20k-11838,unused_pool
train20k-11893,train20k-11839,unused_pool
train20k-11894,train20k-11840,unused_pool
train20k-11895,train20k-11841,unused_pool
train20k-11896,train20k-11842,unused_pool
train20k-11897,train20k-11843,unused_pool
train20k-11898,train20k-11844,unused_pool
train20k-11899,train20k-11845,unused_pool
train20k-11900,train20k-11846,unused_pool
train20k-11901,train20k-11847,unused_pool
train20k-11902,train20k-11848,unused_pool
train20k-11903,train20k-11849,unused_pool
train20k-11904,train20k-11850,unused_pool
train20k-11905,train20k-11851,unused_pool
train20k-11906,train20k-11852,unused_pool
train20k-11907,train20k-11853,unused_pool
train20k-11908,train20k-11854,unused_pool
train20k-11909,train20k-11855,unused_pool
train20k-11910,train20k-11856,unused_pool
train20k-11911,train20k-11857,unused_pool
train20k-11912,train20k-11858,unused_pool
train20k-11913,train20k-11859,unused_pool
train20k-11915,train20k-11860,unused_pool
train20k-11916,train20k-11861,unused_pool
train20k-11917,train20k-11862,unused_pool
train20k-11918,train20k-11863,unused_pool
train20k-11919,train20k-11864,unused_pool
train20k-11920,train20k-11865,unused_pool
train20k-11921,train20k-11866,unused_pool
train20k-11922,train20k-11867,unused_pool
train20k-11923,train20k-11868,unused_pool
train20k-11924,train20k-11869,unused_pool
train20k-11925,train20k-11870,unused_pool
train20k-11926,train20k-11871,unused_pool
train20k-11927,train20k-11872,unused_pool
train20k-11928,train20k-11873,unused_pool
train20k-11929,train20k-11874,unused_pool
train20k-11930,train20k-11875,unused_pool
train20k-11931,train20k-11876,unused_pool
train20k-11932,train20k-11877,unused_pool
train20k-11933,train20k-11878,unused_pool
train20k-11934,train20k-11879,unused_pool
train20k-11935,train20k-11880,unused_pool
train20k-11936,train20k-11881,unused_pool
train20k-11937,train20k-11882,unused_pool
train20k-11938,train20k-11883,unused_pool
train20k-11939,train20k-11884,unused_pool
train20k-11940,train20k-11885,unused_pool
train20k-11941,train20k-11886,unused_pool
train20k-11942,train20k-11887,unused_pool
train20k-11943,train20k-11888,unused_pool
train20k-11944,train20k-11889,unused_pool
train20k-11945,train20k-11890,unused_pool
train20k-11946,train20k-11891,unused_pool
train20k-11947,train20k-11892,unused_pool
train20k-11948,train20k-11893,unused_pool
train20k-11949,train20k-11894,unused_pool
train20k-11950,train20k-11895,unused_pool
train20k-11951,train20k-11896,unused_pool
train20k-11952,train20k-11897,unused_pool
train20k-11953,train20k-11898,unused_pool
train20k-11954,train20k-11899,unused_pool
train20k-11955,train20k-11900,unused_pool
train20k-11956,train20k-11901,unused_pool
train20k-11957,train20k-11902,unused_pool
train20k-11958,train20k-11903,unused_pool
train20k-11959,train20k-11904,unused_pool
train20k-11960,train20k-11905,unused_pool
train20k-11961,train20k-11906,unused_pool
train20k-11962,train20k-11907,unused_pool
train20k-11963,train20k-11908,unused_pool
train20k-11964,train20k-11909,unused_pool
train20k-11965,train20k-11910,unused_pool
train20k-11966,train20k-11911,unused_pool
train20k-11967,train20k-11912,unused_pool
train20k-11968,train20k-11913,unused_pool
train20k-11969,train20k-11914,unused_pool
train20k-11970,train20k-11915,unused_pool
train20k-11971,train20k-11916,unused_pool
train20k-11972,train20k-11917,unused_pool
train20k-11973,train20k-11918,unused_pool
train20k-11974,train20k-11919,unused_pool
train20k-11975,train20k-11920,unused_pool
train20k-11976,train20k-11921,unused_pool
train20k-11977,train20k-11922,unused_pool
train20k-11978,train20k-11923,unused_pool
train20k-11979,train20k-11924,unused_pool
train20k-11980,train20k-11925,unused_pool
train20k-11981,train20k-11926,unused_pool
train20k-11982,train20k-11927,unused_pool
train20k-11983,train20k-11928,unused_pool
train20k-11984,train20k-11929,unused_pool
train20k-11985,train20k-11930,unused_pool
train20k-11986,train20k-11931,unused_pool
train20k-11987,train20k-11932,unused_pool
train20k-11988,train20k-11933,unused_pool
train20k-11989,train20k-11934,unused_pool
train20k-11990,train20k-11935,unused_pool
train20k-11991,train20k-11936,unused_pool
train20k-11992,train20k-11937,unused_pool
train20k-11993,train20k-11938,unused_pool
train20k-11994,train20k-11939,unused_pool
train20k-11995,train20k-11940,unused_pool
train20k-11996,train20k-11941,unused_pool
train20k-11997,train20k-11942,unused_pool
train20k-11998,train20k-11943,unused_pool
train20k-11999,train20k-11944,unused_pool
train20k-12000,train20k-11945,unused_pool
train20k-12001,train20k-11946,unused_pool
train20k-12002,train20k-11947,unused_pool
train20k-12003,train20k-11948,unused_pool
train20k-12004,train20k-11949,unused_pool
train20k-12005,train20k-11950,unused_pool
train20k-12006,train20k-11951,unused_pool
train20k-12007,train20k-11952,unused_pool
train20k-12008,train20k-11953,unused_pool
train20k-12009,train20k-11954,unused_pool
train20k-12010,train20k-11955,unused_pool
train20k-12011,train20k-11956,unused_pool
train20k-12012,train20k-11957,unused_pool
train20k-12013,train20k-11958,unused_pool
train20k-12014,train20k-11959,unused_pool
train20k-12015,train20k-11960,unused_pool
train20k-12016,train20k-11961,unused_pool
train20k-12017,train20k-11962,unused_pool
train20k-12018,train20k-11963,unused_pool
train20k-12019,train20k-11964,unused_pool
train20k-12020,train20k-11965,unused_pool
train20k-12022,train20k-11966,unused_pool
train20k-12023,train20k-11967,unused_pool
train20k-12024,train20k-11968,unused_pool
train20k-12025,train20k-11969,unused_pool
train20k-12026,train20k-11970,unused_pool
train20k-12027,train20k-11971,unused_pool
train20k-12028,train20k-11972,unused_pool
train20k-12029,train20k-11973,unused_pool
train20k-12030,train20k-11974,unused_pool
train20k-12031,train20k-11975,unused_pool
train20k-12032,train20k-11976,unused_pool
train20k-12033,train20k-11977,unused_pool
train20k-12034,train20k-11978,unused_pool
train20k-12035,train20k-11979,unused_pool
train20k-12036,train20k-11980,unused_pool
train20k-12037,train20k-11981,unused_pool
train20k-12038,train20k-11982,unused_pool
train20k-12039,train20k-11983,unused_pool
train20k-12040,train20k-11984,unused_pool
train20k-12041,train20k-11985,unused_pool
train20k-12042,train20k-11986,unused_pool
train20k-12043,train20k-11987,unused_pool
train20k-12044,train20k-11988,unused_pool
train20k-12045,train20k-11989,unused_pool
train20k-12046,train20k-11990,unused_pool
train20k-12047,train20k-11991,unused_pool
train20k-12048,train20k-11992,unused_pool
train20k-12049,train20k-11993,unused_pool
train20k-12050,train20k-11994,unused_pool
train20k-12051,train20k-11995,unused_pool
train20k-12052,train20k-11996,unused_pool
train20k-12053,train20k-11997,unused_pool
train20k-12054,train20k-11998,unused_pool
train20k-12055,train20k-11999,unused_pool
train20k-12056,train20k-12000,unused_pool
train20k-12057,train20k-12001,unused_pool
train20k-12058,train20k-12002,unused_pool
train20k-12059,train20k-12003,unused_pool
train20k-12060,train20k-12004,unused_pool
train20k-12061,train20k-12005,unused_pool
train20k-12062,train20k-12006,unused_pool
train20k-12063,train20k-12007,unused_pool
train20k-12064,train20k-12008,unused_pool
train20k-12065,train20k-12009,unused_pool
train20k-12066,train20k-12010,unused_pool
train20k-12067,train20k-12011,unused_pool
train20k-12068,train20k-12012,unused_pool
train20k-12069,train20k-12013,unused_pool
train20k-12070,train20k-12014,unused_pool
train20k-12071,train20k-12015,unused_pool
train20k-12072,train20k-12016,unused_pool
train20k-12073,train20k-12017,unused_pool
train20k-12074,train20k-12018,unused_pool
train20k-12075,train20k-12019,unused_pool
train20k-12076,train20k-12020,unused_pool
train20k-12077,train20k-12021,unused_pool
train20k-12078,train20k-12022,unused_pool
train20k-12079,train20k-12023,unused_pool
train20k-12080,train20k-12024,unused_pool
train20k-12081,train20k-12025,unused_pool
train20k-12082,train20k-12026,unused_pool
train20k-12083,train20k-12027,unused_pool
train20k-12084,train20k-12028,unused_pool
train20k-12085,train20k-12029,unused_pool
train20k-12086,train20k-12030,unused_pool
train20k-12087,train20k-12031,unused_pool
train20k-12088,train20k-12032,unused_pool
train20k-12089,train20k-12033,unused_pool
train20k-12090,train20k-12034,unused_pool
train20k-12091,train20k-12035,unused_pool
train20k-12092,train20k-12036,unused_pool
train20k-12093,train20k-12037,unused_pool
train20k-12094,train20k-12038,unused_pool
train20k-12095,train20k-12039,unused_pool
train20k-12096,train20k-12040,unused_pool
train20k-12097,train20k-12041,unused_pool
train20k-12098,train20k-12042,unused_pool
train20k-12099,train20k-12043,unused_pool
train20k-12100,train20k-12044,unused_pool
train20k-12101,train20k-12045,unused_pool
train20k-12102,train20k-12046,unused_pool
train20k-12103,train20k-12047,unused_pool
train20k-12104,train20k-12048,unused_pool
train20k-12105,train20k-12049,unused_pool
train20k-12106,train20k-12050,unused_pool
train20k-12107,train20k-12051,unused_pool
train20k-12108,train20k-12052,unused_pool
train20k-12109,train20k-12053,unused_pool
train20k-12110,train20k-12054,unused_pool
train20k-12111,train20k-12055,unused_pool
train20k-12112,train20k-12056,unused_pool
train20k-12113,train20k-12057,unused_pool
train20k-12114,train20k-12058,unused_pool
train20k-12115,train20k-12059,unused_pool
train20k-12116,train20k-12060,unused_pool
train20k-12117,train20k-12061,unused_pool
train20k-12118,train20k-12062,unused_pool
train20k-12119,train20k-12063,unused_pool
train20k-12120,train20k-12064,unused_pool
train20k-12121,train20k-12065,unused_pool
train20k-12122,train20k-12066,unused_pool
train20k-12123,train20k-12067,unused_pool
train20k-12124,train20k-12068,unused_pool
train20k-12125,train20k-12069,unused_pool
train20k-12126,train20k-12070,unused_pool
train20k-12127,train20k-12071,unused_pool
train20k-12128,train20k-12072,unused_pool
train20k-12129,train20k-12073,unused_pool
train20k-12130,train20k-12074,unused_pool
train20k-12131,train20k-12075,unused_pool
train20k-12132,train20k-12076,unused_pool
train20k-12133,train20k-12077,unused_pool
train20k-12134,train20k-12078,unused_pool
train20k-12135,train20k-12079,unused_pool
train20k-12136,train20k-12080,unused_pool
train20k-12137,train20k-12081,unused_pool
train20k-12138,train20k-12082,unused_pool
train20k-12139,train20k-12083,unused_pool
train20k-12140,train20k-12084,unused_pool
train20k-12141,train20k-12085,unused_pool
train20k-12142,train20k-12086,unused_pool
train20k-12143,train20k-12087,unused_pool
train20k-12144,train20k-12088,unused_pool
train20k-12145,train20k-12089,unused_pool
train20k-12146,train20k-12090,unused_pool
train20k-12147,train20k-12091,unused_pool
train20k-12148,train20k-12092,unused_pool
train20k-12149,train20k-12093,unused_pool
train20k-12150,train20k-12094,unused_pool
train20k-12151,train20k-12095,unused_pool
train20k-12152,train20k-12096,unused_pool
train20k-12153,train20k-12097,unused_pool
train20k-12154,train20k-12098,unused_pool
train20k-12155,train20k-12099,unused_pool
train20k-12156,train20k-12100,unused_pool
train20k-12157,train20k-12101,unused_pool
train20k-12158,train20k-12102,unused_pool
train20k-12159,train20k-12103,unused_pool
train20k-12161,train20k-12104,unused_pool
train20k-12162,train20k-12105,unused_pool
train20k-12163,train20k-12106,unused_pool
train20k-12164,train20k-12107,unused_pool
train20k-12165,train20k-12108,unused_pool
train20k-12166,train20k-12109,unused_pool
train20k-12167,train20k-12110,unused_pool
train20k-12168,train20k-12111,unused_pool
train20k-12169,train20k-12112,unused_pool
train20k-12170,train20k-12113,unused_pool
train20k-12171,train20k-12114,unused_pool
train20k-12172,train20k-12115,unused_pool
train20k-12173,train20k-12116,unused_pool
train20k-12174,train20k-12117,unused_pool
train20k-12175,train20k-12118,unused_pool
train20k-12176,train20k-12119,unused_pool
train20k-12177,train20k-12120,unused_pool
train20k-12178,train20k-12121,unused_pool
train20k-12179,train20k-12122,unused_pool
train20k-12180,train20k-12123,unused_pool
train20k-12181,train20k-12124,unused_pool
train20k-12182,train20k-12125,unused_pool
train20k-12183,train20k-12126,unused_pool
train20k-12184,train20k-12127,unused_pool
train20k-12185,train20k-12128,unused_pool
train20k-12186,train20k-12129,unused_pool
train20k-12187,train20k-12130,unused_pool
train20k-12188,train20k-12131,unused_pool
train20k-12189,train20k-12132,unused_pool
train20k-12190,train20k-12133,unused_pool
train20k-12191,train20k-12134,unused_pool
train20k-12192,train20k-12135,unused_pool
train20k-12193,train20k-12136,unused_pool
train20k-12194,train20k-12137,unused_pool
train20k-12195,train20k-12138,unused_pool
train20k-12196,train20k-12139,unused_pool
train20k-12197,train20k-12140,unused_pool
train20k-12198,train20k-12141,unused_pool
train20k-12199,train20k-12142,unused_pool
train20k-12200,train20k-12143,unused_pool
train20k-12201,train20k-12144,unused_pool
train20k-12202,train20k-12145,unused_pool
train20k-12203,train20k-12146,unused_pool
train20k-12204,train20k-12147,unused_pool
train20k-12205,train20k-12148,unused_pool
train20k-12206,train20k-12149,unused_pool
train20k-12207,train20k-12150,unused_pool
train20k-12208,train20k-12151,unused_pool
train20k-12209,train20k-12152,unused_pool
train20k-12210,train20k-12153,unused_pool
train20k-12211,train20k-12154,unused_pool
train20k-12212,train20k-12155,unused_pool
train20k-12213,train20k-12156,unused_pool
train20k-12214,train20k-12157,unused_pool
train20k-12215,train20k-12158,unused_pool
train20k-12216,train20k-12159,unused_pool
train20k-12217,train20k-12160,unused_pool
train20k-12218,train20k-12161,unused_pool
train20k-12219,train20k-12162,unused_pool
train20k-12220,train20k-12163,unused_pool
train20k-12221,train20k-12164,unused_pool
train20k-12222,train20k-12165,unused_pool
train20k-12223,train20k-12166,unused_pool
train20k-12224,train20k-12167,unused_pool
train20k-12225,train20k-12168,unused_pool
train20k-12226,train20k-12169,unused_pool
train20k-12227,train20k-12170,unused_pool
train20k-12228,train20k-12171,unused_pool
train20k-12229,train20k-12172,unused_pool
train20k-12230,train20k-12173,unused_pool
train20k-12231,train20k-12174,unused_pool
train20k-12232,train20k-12175,unused_pool
train20k-12233,train20k-12176,unused_pool
train20k-12234,train20k-12177,unused_pool
train20k-12235,train20k-12178,unused_pool
train20k-12236,train20k-12179,unused_pool
train20k-12237,train20k-12180,unused_pool
train20k-12238,train20k-12181,unused_pool
train20k-12239,train20k-12182,unused_pool
train20k-12240,train20k-12183,unused_pool
train20k-12241,train20k-12184,unused_pool
train20k-12242,train20k-12185,unused_pool
train20k-12243,train20k-12186,unused_pool
train20k-12244,train20k-12187,unused_pool
train20k-12245,train20k-12188,unused_pool
train20k-12246,train20k-12189,unused_pool
train20k-12247,train20k-12190,unused_pool
train20k-12248,train20k-12191,unused_pool
train20k-12249,train20k-12192,unused_pool
train20k-12250,train20k-12193,unused_pool
train20k-12251,train20k-12194,unused_pool
train20k-12252,train20k-12195,unused_pool
train20k-12253,train20k-12196,unused_pool
train20k-12254,train20k-12197,unused_pool
train20k-12255,train20k-12198,unused_pool
train20k-12256,train20k-12199,unused_pool
train20k-12257,train20k-12200,unused_pool
train20k-12258,train20k-12201,unused_pool
train20k-12259,train20k-12202,unused_pool
train20k-12260,train20k-12203,unused_pool
train20k-12261,train20k-12204,unused_pool
train20k-12262,train20k-12205,unused_pool
train20k-12263,train20k-12206,unused_pool
train20k-12264,train20k-12207,unused_pool
train20k-12265,train20k-12208,unused_pool
train20k-12266,train20k-12209,unused_pool
train20k-12267,train20k-12210,unused_pool
train20k-12268,train20k-12211,unused_pool
train20k-12269,train20k-12212,unused_pool
train20k-12270,train20k-12213,unused_pool
train20k-12271,train20k-12214,unused_pool
train20k-12272,train20k-12215,unused_pool
train20k-12273,train20k-12216,unused_pool
train20k-12274,train20k-12217,unused_pool
train20k-12275,train20k-12218,unused_pool
train20k-12276,train20k-12219,unused_pool
train20k-12277,train20k-12220,unused_pool
train20k-12278,train20k-12221,unused_pool
train20k-12279,train20k-12222,unused_pool
train20k-12280,train20k-12223,unused_pool
train20k-12281,train20k-12224,unused_pool
train20k-12282,train20k-12225,unused_pool
train20k-12283,train20k-12226,unused_pool
train20k-12284,train20k-12227,unused_pool
train20k-12285,train20k-12228,unused_pool
train20k-12286,train20k-12229,unused_pool
train20k-12287,train20k-12230,unused_pool
train20k-12288,train20k-12231,unused_pool
train20k-12289,train20k-12232,unused_pool
train20k-12290,train20k-12233,unused_pool
train20k-12291,train20k-12234,unused_pool
train20k-12292,train20k-12235,unused_pool
train20k-12293,train20k-12236,unused_pool
train20k-12294,train20k-12237,unused_pool
train20k-12295,train20k-12238,unused_pool
train20k-12296,train20k-12239,unused_pool
train20k-12297,train20k-12240,unused_pool
train20k-12298,train20k-12241,unused_pool
train20k-12299,train20k-12242,unused_pool
train20k-12300,train20k-12243,unused_pool
train20k-12301,train20k-12244,unused_pool
train20k-12302,train20k-12245,unused_pool
train20k-12303,train20k-12246,unused_pool
train20k-12304,train20k-12247,unused_pool
train20k-12305,train20k-12248,unused_pool
train20k-12306,train20k-12249,unused_pool
train20k-12307,train20k-12250,unused_pool
train20k-12308,train20k-12251,unused_pool
train20k-12309,train20k-12252,unused_pool
train20k-12310,train20k-12253,unused_pool
train20k-12311,train20k-12254,unused_pool
train20k-12312,train20k-12255,unused_pool
train20k-12313,train20k-12256,unused_pool
train20k-12314,train20k-12257,unused_pool
train20k-12315,train20k-12258,unused_pool
train20k-12316,train20k-12259,unused_pool
train20k-12317,train20k-12260,unused_pool
train20k-12318,train20k-12261,unused_pool
train20k-12319,train20k-12262,unused_pool
train20k-12320,train20k-12263,unused_pool
train20k-12321,train20k-12264,unused_pool
train20k-12322,train20k-12265,unused_pool
train20k-12323,train20k-12266,unused_pool
train20k-12324,train20k-12267,unused_pool
train20k-12325,train20k-12268,unused_pool
train20k-12326,train20k-12269,unused_pool
train20k-12327,train20k-12270,unused_pool
train20k-12328,train20k-12271,unused_pool
train20k-12329,train20k-12272,unused_pool
train20k-12330,train20k-12273,unused_pool
train20k-12331,train20k-12274,unused_pool
train20k-12332,train20k-12275,unused_pool
train20k-12333,train20k-12276,unused_pool
train20k-12334,train20k-12277,unused_pool
train20k-12335,train20k-12278,unused_pool
train20k-12337,train20k-12279,unused_pool
train20k-12338,train20k-12280,unused_pool
train20k-12339,train20k-12281,unused_pool
train20k-12340,train20k-12282,unused_pool
train20k-12341,train20k-12283,unused_pool
train20k-12342,train20k-12284,unused_pool
train20k-12343,train20k-12285,unused_pool
train20k-12344,train20k-12286,unused_pool
train20k-12345,train20k-12287,unused_pool
train20k-12346,train20k-12288,unused_pool
train20k-12347,train20k-12289,unused_pool
train20k-12348,train20k-12290,unused_pool
train20k-12349,train20k-12291,unused_pool
train20k-12350,train20k-12292,unused_pool
train20k-12351,train20k-12293,unused_pool
train20k-12352,train20k-12294,unused_pool
train20k-12353,train20k-12295,unused_pool
train20k-12354,train20k-12296,unused_pool
train20k-12355,train20k-12297,unused_pool
train20k-12356,train20k-12298,unused_pool
train20k-12357,train20k-12299,unused_pool
train20k-12358,train20k-12300,unused_pool
train20k-12359,train20k-12301,unused_pool
train20k-12360,train20k-12302,unused_pool
train20k-12361,train20k-12303,unused_pool
train20k-12362,train20k-12304,unused_pool
train20k-12363,train20k-12305,unused_pool
train20k-12364,train20k-12306,unused_pool
train20k-12366,train20k-12307,unused_pool
train20k-12367,train20k-12308,unused_pool
train20k-12368,train20k-12309,unused_pool
train20k-12369,train20k-12310,unused_pool
train20k-12370,train20k-12311,unused_pool
train20k-12371,train20k-12312,unused_pool
train20k-12372,train20k-12313,unused_pool
train20k-12373,train20k-12314,unused_pool
train20k-12374,train20k-12315,unused_pool
train20k-12375,train20k-12316,unused_pool
train20k-12376,train20k-12317,unused_pool
train20k-12377,train20k-12318,unused_pool
train20k-12378,train20k-12319,unused_pool
train20k-12379,train20k-12320,unused_pool
train20k-12380,train20k-12321,unused_pool
train20k-12381,train20k-12322,unused_pool
train20k-12382,train20k-12323,unused_pool
train20k-12383,train20k-12324,unused_pool
train20k-12384,train20k-12325,unused_pool
train20k-12385,train20k-12326,unused_pool
train20k-12386,train20k-12327,unused_pool
train20k-12387,train20k-12328,unused_pool
train20k-12388,train20k-12329,unused_pool
train20k-12389,train20k-12330,unused_pool
train20k-12390,train20k-12331,unused_pool
train20k-12391,train20k-12332,unused_pool
train20k-12392,train20k-12333,unused_pool
train20k-12394,train20k-12334,unused_pool
train20k-12395,train20k-12335,unused_pool
train20k-12396,train20k-12336,unused_pool
train20k-12397,train20k-12337,unused_pool
train20k-12398,train20k-12338,unused_pool
train20k-12399,train20k-12339,unused_pool
train20k-12400,train20k-12340,unused_pool
train20k-12401,train20k-12341,unused_pool
train20k-12402,train20k-12342,unused_pool
train20k-12403,train20k-12343,unused_pool
train20k-12404,train20k-12344,unused_pool
train20k-12405,train20k-12345,unused_pool
train20k-12406,train20k-12346,unused_pool
train20k-12407,train20k-12347,unused_pool
train20k-12408,train20k-12348,unused_pool
train20k-12409,train20k-12349,unused_pool
train20k-12410,train20k-12350,unused_pool
train20k-12411,train20k-12351,unused_pool
train20k-12412,train20k-12352,unused_pool
train20k-12413,train20k-12353,unused_pool
train20k-12414,train20k-12354,unused_pool
train20k-12415,train20k-12355,unused_pool
train20k-12416,train20k-12356,unused_pool
train20k-12417,train20k-12357,unused_pool
train20k-12418,train20k-12358,unused_pool
train20k-12419,train20k-12359,unused_pool
train20k-12420,train20k-12360,unused_pool
train20k-12421,train20k-12361,unused_pool
train20k-12422,train20k-12362,unused_pool
train20k-12423,train20k-12363,unused_pool
train20k-12424,train20k-12364,unused_pool
train20k-12425,train20k-12365,unused_pool
train20k-12426,train20k-12366,unused_pool
train20k-12427,train20k-12367,unused_pool
train20k-12428,train20k-12368,unused_pool
train20k-12429,train20k-12369,unused_pool
train20k-12430,train20k-12370,unused_pool
train20k-12431,train20k-12371,unused_pool
train20k-12432,train20k-12372,unused_pool
train20k-12433,train20k-12373,unused_pool
train20k-12434,train20k-12374,unused_pool
train20k-12435,train20k-12375,unused_pool
train20k-12436,train20k-12376,unused_pool
train20k-12437,train20k-12377,unused_pool
train20k-12438,train20k-12378,unused_pool
train20k-12439,train20k-12379,unused_pool
train20k-12440,train20k-12380,unused_pool
train20k-12441,train20k-12381,unused_pool
train20k-12442,train20k-12382,unused_pool
train20k-12443,train20k-12383,unused_pool
train20k-12444,train20k-12384,unused_pool
train20k-12445,train20k-12385,unused_pool
train20k-12446,train20k-12386,unused_pool
train20k-12447,train20k-12387,unused_pool
train20k-12448,train20k-12388,unused_pool
train20k-12449,train20k-12389,unused_pool
train20k-12450,train20k-12390,unused_pool
train20k-12451,train20k-12391,unused_pool
train20k-12452,train20k-12392,unused_pool
train20k-12453,train20k-12393,unused_pool
train20k-12454,train20k-12394,unused_pool
train20k-12455,train20k-12395,unused_pool
train20k-12456,train20k-12396,unused_pool
train20k-12457,train20k-12397,unused_pool
train20k-12458,train20k-12398,unused_pool
train20k-12459,train20k-12399,unused_pool
train20k-12460,train20k-12400,unused_pool
train20k-12461,train20k-12401,unused_pool
train20k-12462,train20k-12402,unused_pool
train20k-12463,train20k-12403,unused_pool
train20k-12464,train20k-12404,unused_pool
train20k-12465,train20k-12405,unused_pool
train20k-12466,train20k-12406,unused_pool
train20k-12467,train20k-12407,unused_pool
train20k-12468,train20k-12408,unused_pool
train20k-12469,train20k-12409,unused_pool
train20k-12470,train20k-12410,unused_pool
train20k-12471,train20k-12411,unused_pool
train20k-12472,train20k-12412,unused_pool
train20k-12473,train20k-12413,unused_pool
train20k-12474,train20k-12414,unused_pool
train20k-12475,train20k-12415,unused_pool
train20k-12476,train20k-12416,unused_pool
train20k-12477,train20k-12417,unused_pool
train20k-12478,train20k-12418,unused_pool
train20k-12479,train20k-12419,unused_pool
train20k-12480,train20k-12420,unused_pool
train20k-12481,train20k-12421,unused_pool
train20k-12482,train20k-12422,unused_pool
train20k-12483,train20k-12423,unused_pool
train20k-12484,train20k-12424,unused_pool
train20k-12485,train20k-12425,unused_pool
train20k-12486,train20k-12426,unused_pool
train20k-12487,train20k-12427,unused_pool
train20k-12488,train20k-12428,unused_pool
train20k-12489,train20k-12429,unused_pool
train20k-12490,train20k-12430,unused_pool
train20k-12491,train20k-12431,unused_pool
train20k-12492,train20k-12432,unused_pool
train20k-12493,train20k-12433,unused_pool
train20k-12494,train20k-12434,unused_pool
train20k-12495,train20k-12435,unused_pool
train20k-12496,train20k-12436,unused_pool
train20k-12497,train20k-12437,unused_pool
train20k-12498,train20k-12438,unused_pool
train20k-12499,train20k-12439,unused_pool
train20k-12500,train20k-12440,unused_pool
train20k-12501,train20k-12441,unused_pool
train20k-12502,train20k-12442,unused_pool
train20k-12503,train20k-12443,unused_pool
train20k-12504,train20k-12444,unused_pool
train20k-12505,train20k-12445,unused_pool
train20k-12506,train20k-12446,unused_pool
train20k-12507,train20k-12447,unused_pool
train20k-12508,train20k-12448,unused_pool
train20k-12509,train20k-12449,unused_pool
train20k-12510,train20k-12450,unused_pool
train20k-12511,train20k-12451,unused_pool
train20k-12512,train20k-12452,unused_pool
train20k-12513,train20k-12453,unused_pool
train20k-12514,train20k-12454,unused_pool
train20k-12515,train20k-12455,unused_pool
train20k-12516,train20k-12456,unused_pool
train20k-12517,train20k-12457,unused_pool
train20k-12518,train20k-12458,unused_pool
train20k-12519,train20k-12459,unused_pool
train20k-12520,train20k-12460,unused_pool
train20k-12521,train20k-12461,unused_pool
train20k-12522,train20k-12462,unused_pool
train20k-12523,train20k-12463,unused_pool
train20k-12524,train20k-12464,unused_pool
train20k-12525,train20k-12465,unused_pool
train20k-12526,train20k-12466,unused_pool
train20k-12527,train20k-12467,unused_pool
train20k-12528,train20k-12468,unused_pool
train20k-12529,train20k-12469,unused_pool
train20k-12530,train20k-12470,unused_pool
train20k-12531,train20k-12471,unused_pool
train20k-12532,train20k-12472,unused_pool
train20k-12533,train20k-12473,unused_pool
train20k-12534,train20k-12474,unused_pool
train20k-12535,train20k-12475,unused_pool
train20k-12536,train20k-12476,unused_pool
train20k-12537,train20k-12477,unused_pool
train20k-12538,train20k-12478,unused_pool
train20k-12539,train20k-12479,unused_pool
train20k-12540,train20k-12480,unused_pool
train20k-12541,train20k-12481,unused_pool
train20k-12542,train20k-12482,unused_pool
train20k-12543,train20k-12483,unused_pool
train20k-12544,train20k-12484,unused_pool
train20k-12545,train20k-12485,unused_pool
train20k-12546,train20k-12486,unused_pool
train20k-12547,train20k-12487,unused_pool
train20k-12548,train20k-12488,unused_pool
train20k-12549,train20k-12489,unused_pool
train20k-12550,train20k-12490,unused_pool
train20k-12551,train20k-12491,unused_pool
train20k-12552,train20k-12492,unused_pool
train20k-12553,train20k-12493,unused_pool
train20k-12554,train20k-12494,unused_pool
train20k-12555,train20k-12495,unused_pool
train20k-12556,train20k-12496,unused_pool
train20k-12557,train20k-12497,unused_pool
train20k-12558,train20k-12498,unused_pool
train20k-12559,train20k-12499,unused_pool
train20k-12560,train20k-12500,unused_pool
train20k-12561,train20k-12501,unused_pool
train20k-12562,train20k-12502,unused_pool
train20k-12563,train20k-12503,unused_pool
train20k-12564,train20k-12504,unused_pool
train20k-12565,train20k-12505,unused_pool
train20k-12566,train20k-12506,unused_pool
train20k-12567,train20k-12507,unused_pool
train20k-12568,train20k-12508,unused_pool
train20k-12569,train20k-12509,unused_pool
train20k-12570,train20k-12510,unused_pool
train20k-12571,train20k-12511,unused_pool
train20k-12572,train20k-12512,unused_pool
train20k-12573,train20k-12513,unused_pool
train20k-12574,train20k-12514,unused_pool
train20k-12575,train20k-12515,unused_pool
train20k-12576,train20k-12516,unused_pool
train20k-12577,train20k-12517,unused_pool
train20k-12578,train20k-12518,unused_pool
train20k-12579,train20k-12519,unused_pool
train20k-12580,train20k-12520,unused_pool
train20k-12581,train20k-12521,unused_pool
train20k-12582,train20k-12522,unused_pool
train20k-12583,train20k-12523,unused_pool
train20k-12584,train20k-12524,unused_pool
train20k-12585,train20k-12525,unused_pool
train20k-12586,train20k-12526,unused_pool
train20k-12587,train20k-12527,unused_pool
train20k-12588,train20k-12528,unused_pool
train20k-12589,train20k-12529,unused_pool
train20k-12590,train20k-12530,unused_pool
train20k-12591,train20k-12531,unused_pool
train20k-12592,train20k-12532,unused_pool
train20k-12593,train20k-12533,unused_pool
train20k-12594,train20k-12534,unused_pool
train20k-12595,train20k-12535,unused_pool
train20k-12596,train20k-12536,unused_pool
train20k-12597,train20k-12537,unused_pool
train20k-12598,train20k-12538,unused_pool
train20k-12599,train20k-12539,unused_pool
train20k-12600,train20k-12540,unused_pool
train20k-12601,train20k-12541,unused_pool
train20k-12602,train20k-12542,unused_pool
train20k-12603,train20k-12543,unused_pool
train20k-12604,train20k-12544,unused_pool
train20k-12605,train20k-12545,unused_pool
train20k-12606,train20k-12546,unused_pool
train20k-12607,train20k-12547,unused_pool
train20k-12608,train20k-12548,unused_pool
train20k-12609,train20k-12549,unused_pool
train20k-12610,train20k-12550,unused_pool
train20k-12611,train20k-12551,unused_pool
train20k-12612,train20k-12552,unused_pool
train20k-12613,train20k-12553,unused_pool
train20k-12614,train20k-12554,unused_pool
train20k-12615,train20k-12555,unused_pool
train20k-12616,train20k-12556,unused_pool
train20k-12617,train20k-12557,unused_pool
train20k-12618,train20k-12558,unused_pool
train20k-12619,train20k-12559,unused_pool
train20k-12620,train20k-12560,unused_pool
train20k-12621,train20k-12561,unused_pool
train20k-12622,train20k-12562,unused_pool
train20k-12623,train20k-12563,unused_pool
train20k-12624,train20k-12564,unused_pool
train20k-12625,train20k-12565,unused_pool
train20k-12626,train20k-12566,unused_pool
train20k-12627,train20k-12567,unused_pool
train20k-12628,train20k-12568,unused_pool
train20k-12629,train20k-12569,unused_pool
train20k-12630,train20k-12570,unused_pool
train20k-12631,train20k-12571,unused_pool
train20k-12632,train20k-12572,unused_pool
train20k-12633,train20k-12573,unused_pool
train20k-12634,train20k-12574,unused_pool
train20k-12635,train20k-12575,unused_pool
train20k-12637,train20k-12576,unused_pool
train20k-12638,train20k-12577,unused_pool
train20k-12639,train20k-12578,unused_pool
train20k-12640,train20k-12579,unused_pool
train20k-12641,train20k-12580,unused_pool
train20k-12642,train20k-12581,unused_pool
train20k-12643,train20k-12582,unused_pool
train20k-12644,train20k-12583,unused_pool
train20k-12645,train20k-12584,unused_pool
train20k-12646,train20k-12585,unused_pool
train20k-12647,train20k-12586,unused_pool
train20k-12648,train20k-12587,unused_pool
train20k-12649,train20k-12588,unused_pool
train20k-12650,train20k-12589,unused_pool
train20k-12651,train20k-12590,unused_pool
train20k-12652,train20k-12591,unused_pool
train20k-12653,train20k-12592,unused_pool
train20k-12654,train20k-12593,unused_pool
train20k-12655,train20k-12594,unused_pool
train20k-12656,train20k-12595,unused_pool
train20k-12657,train20k-12596,unused_pool
train20k-12658,train20k-12597,unused_pool
train20k-12659,train20k-12598,unused_pool
train20k-12660,train20k-12599,unused_pool
train20k-12661,train20k-12600,unused_pool
train20k-12662,train20k-12601,unused_pool
train20k-12663,train20k-12602,unused_pool
train20k-12664,train20k-12603,unused_pool
train20k-12665,train20k-12604,unused_pool
train20k-12666,train20k-12605,unused_pool
train20k-12667,train20k-12606,unused_pool
train20k-12668,train20k-12607,unused_pool
train20k-12669,train20k-12608,unused_pool
train20k-12670,train20k-12609,unused_pool
train20k-12671,train20k-12610,unused_pool
train20k-12672,train20k-12611,unused_pool
train20k-12673,train20k-12612,unused_pool
train20k-12674,train20k-12613,unused_pool
train20k-12675,train20k-12614,unused_pool
train20k-12676,train20k-12615,unused_pool
train20k-12678,train20k-12616,unused_pool
train20k-12679,train20k-12617,unused_pool
train20k-12680,train20k-12618,unused_pool
train20k-12681,train20k-12619,unused_pool
train20k-12682,train20k-12620,unused_pool
train20k-12683,train20k-12621,unused_pool
train20k-12684,train20k-12622,unused_pool
train20k-12685,train20k-12623,unused_pool
train20k-12686,train20k-12624,unused_pool
train20k-12687,train20k-12625,unused_pool
train20k-12688,train20k-12626,unused_pool
train20k-12689,train20k-12627,unused_pool
train20k-12690,train20k-12628,unused_pool
train20k-12691,train20k-12629,unused_pool
train20k-12692,train20k-12630,unused_pool
train20k-12693,train20k-12631,unused_pool
train20k-12694,train20k-12632,unused_pool
train20k-12695,train20k-12633,unused_pool
train20k-12696,train20k-12634,unused_pool
train20k-12697,train20k-12635,unused_pool
train20k-12698,train20k-12636,unused_pool
train20k-12699,train20k-12637,unused_pool
train20k-12700,train20k-12638,unused_pool
train20k-12701,train20k-12639,unused_pool
train20k-12702,train20k-12640,unused_pool
train20k-12703,train20k-12641,unused_pool
train20k-12704,train20k-12642,unused_pool
train20k-12705,train20k-12643,unused_pool
train20k-12706,train20k-12644,unused_pool
train20k-12707,train20k-12645,unused_pool
train20k-12708,train20k-12646,unused_pool
train20k-12709,train20k-12647,unused_pool
train20k-12710,train20k-12648,unused_pool
train20k-12711,train20k-12649,unused_pool
train20k-12712,train20k-12650,unused_pool
train20k-12713,train20k-12651,unused_pool
train20k-12714,train20k-12652,unused_pool
train20k-12715,train20k-12653,unused_pool
train20k-12716,train20k-12654,unused_pool
train20k-12717,train20k-12655,unused_pool
train20k-12718,train20k-12656,unused_pool
train20k-12719,train20k-12657,unused_pool
train20k-12720,train20k-12658,unused_pool
train20k-12721,train20k-12659,unused_pool
train20k-12722,train20k-12660,unused_pool
train20k-12723,train20k-12661,unused_pool
train20k-12724,train20k-12662,unused_pool
train20k-12725,train20k-12663,unused_pool
train20k-12726,train20k-12664,unused_pool
train20k-12727,train20k-12665,unused_pool
train20k-12728,train20k-12666,unused_pool
train20k-12729,train20k-12667,unused_pool
train20k-12730,train20k-12668,unused_pool
train20k-12731,train20k-12669,unused_pool
train20k-12732,train20k-12670,unused_pool
train20k-12733,train20k-12671,unused_pool
train20k-12734,train20k-12672,unused_pool
train20k-12735,train20k-12673,unused_pool
train20k-12736,train20k-12674,unused_pool
train20k-12737,train20k-12675,unused_pool
train20k-12738,train20k-12676,unused_pool
train20k-12739,train20k-12677,unused_pool
train20k-12740,train20k-12678,unused_pool
train20k-12741,train20k-12679,unused_pool
train20k-12742,train20k-12680,unused_pool
train20k-12743,train20k-12681,unused_pool
train20k-12744,train20k-12682,unused_pool
train20k-12745,train20k-12683,unused_pool
train20k-12746,train20k-12684,unused_pool
train20k-12747,train20k-12685,unused_pool
train20k-12748,train20k-12686,unused_pool
train20k-12749,train20k-12687,unused_pool
train20k-12750,train20k-12688,unused_pool
train20k-12751,train20k-12689,unused_pool
train20k-12752,train20k-12690,unused_pool
train20k-12753,train20k-12691,unused_pool
train20k-12754,train20k-12692,unused_pool
train20k-12755,train20k-12693,unused_pool
train20k-12756,train20k-12694,unused_pool
train20k-12757,train20k-12695,unused_pool
train20k-12758,train20k-12696,unused_pool
train20k-12759,train20k-12697,unused_pool
train20k-12760,train20k-12698,unused_pool
train20k-12761,train20k-12699,unused_pool
train20k-12762,train20k-12700,unused_pool
train20k-12763,train20k-12701,unused_pool
train20k-12764,train20k-12702,unused_pool
train20k-12765,train20k-12703,unused_pool
train20k-12766,train20k-12704,unused_pool
train20k-12767,train20k-12705,unused_pool
train20k-12768,train20k-12706,unused_pool
train20k-12769,train20k-12707,unused_pool
train20k-12770,train20k-12708,unused_pool
train20k-12771,train20k-12709,unused_pool
train20k-12772,train20k-12710,unused_pool
train20k-12773,train20k-12711,unused_pool
train20k-12774,train20k-12712,unused_pool
train20k-12775,train20k-12713,unused_pool
train20k-12776,train20k-12714,unused_pool
train20k-12777,train20k-12715,unused_pool
train20k-12778,train20k-12716,unused_pool
train20k-12779,train20k-12717,unused_pool
train20k-12780,train20k-12718,unused_pool
train20k-12781,train20k-12719,unused_pool
train20k-12782,train20k-12720,unused_pool
train20k-12783,train20k-12721,unused_pool
train20k-12784,train20k-12722,unused_pool
train20k-12785,train20k-12723,unused_pool
train20k-12786,train20k-12724,unused_pool
train20k-12787,train20k-12725,unused_pool
train20k-12788,train20k-12726,unused_pool
train20k-12789,train20k-12727,unused_pool
train20k-12790,train20k-12728,unused_pool
train20k-12791,train20k-12729,unused_pool
train20k-12792,train20k-12730,unused_pool
train20k-12793,train20k-12731,unused_pool
train20k-12794,train20k-12732,unused_pool
train20k-12795,train20k-12733,unused_pool
train20k-12796,train20k-12734,unused_pool
train20k-12797,train20k-12735,unused_pool
train20k-12798,train20k-12736,unused_pool
train20k-12799,train20k-12737,unused_pool
train20k-12800,train20k-12738,unused_pool
train20k-12801,train20k-12739,unused_pool
train20k-12802,train20k-12740,unused_pool
train20k-12803,train20k-12741,unused_pool
train20k-12804,train20k-12742,unused_pool
train20k-12805,train20k-12743,unused_pool
train20k-12806,train20k-12744,unused_pool
train20k-12807,train20k-12745,unused_pool
train20k-12808,train20k-12746,unused_pool
train20k-12809,train20k-12747,unused_pool
train20k-12810,train20k-12748,unused_pool
train20k-12811,train20k-12749,unused_pool
train20k-12812,train20k-12750,unused_pool
train20k-12813,train20k-12751,unused_pool
train20k-12814,train20k-12752,unused_pool
train20k-12815,train20k-12753,unused_pool
train20k-12816,train20k-12754,unused_pool
train20k-12817,train20k-12755,unused_pool
train20k-12818,train20k-12756,unused_pool
train20k-12819,train20k-12757,unused_pool
train20k-12820,train20k-12758,unused_pool
train20k-12821,train20k-12759,unused_pool
train20k-12822,train20k-12760,unused_pool
train20k-12823,train20k-12761,unused_pool
train20k-12824,train20k-12762,unused_pool
train20k-12825,train20k-12763,unused_pool
train20k-12826,train20k-12764,unused_pool
train20k-12827,train20k-12765,unused_pool
train20k-12828,train20k-12766,unused_pool
train20k-12829,train20k-12767,unused_pool
train20k-12830,train20k-12768,unused_pool
train20k-12831,train20k-12769,unused_pool
train20k-12832,train20k-12770,unused_pool
train20k-12833,train20k-12771,unused_pool
train20k-12834,train20k-12772,unused_pool
train20k-12835,train20k-12773,unused_pool
train20k-12836,train20k-12774,unused_pool
train20k-12837,train20k-12775,unused_pool
train20k-12838,train20k-12776,unused_pool
train20k-12839,train20k-12777,unused_pool
train20k-12840,train20k-12778,unused_pool
train20k-12841,train20k-12779,unused_pool
train20k-12842,train20k-12780,unused_pool
train20k-12843,train20k-12781,unused_pool
train20k-12844,train20k-12782,unused_pool
train20k-12845,train20k-12783,unused_pool
train20k-12846,train20k-12784,unused_pool
train20k-12847,train20k-12785,unused_pool
train20k-12848,train20k-12786,unused_pool
train20k-12849,train20k-12787,unused_pool
train20k-12850,train20k-12788,unused_pool
train20k-12851,train20k-12789,unused_pool
train20k-12852,train20k-12790,unused_pool
train20k-12853,train20k-12791,unused_pool
train20k-12854,train20k-12792,unused_pool
train20k-12855,train20k-12793,unused_pool
train20k-12856,train20k-12794,unused_pool
train20k-12857,train20k-12795,unused_pool
train20k-12858,train20k-12796,unused_pool
train20k-12859,train20k-12797,unused_pool
train20k-12860,train20k-12798,unused_pool
train20k-12861,train20k-12799,unused_pool
train20k-12862,train20k-12800,unused_pool
train20k-12863,train20k-12801,unused_pool
train20k-12864,train20k-12802,unused_pool
train20k-12865,train20k-12803,unused_pool
train20k-12866,train20k-12804,unused_pool
train20k-12867,train20k-12805,unused_pool
train20k-12868,train20k-12806,unused_pool
train20k-12869,train20k-12807,unused_pool
train20k-12870,train20k-12808,unused_pool
train20k-12871,train20k-12809,unused_pool
train20k-12872,train20k-12810,unused_pool
train20k-12873,train20k-12811,unused_pool
train20k-12874,train20k-12812,unused_pool
train20k-12875,train20k-12813,unused_pool
train20k-12876,train20k-12814,unused_pool
train20k-12877,train20k-12815,unused_pool
train20k-12878,train20k-12816,unused_pool
train20k-12879,train20k-12817,unused_pool
train20k-12880,train20k-12818,unused_pool
train20k-12881,train20k-12819,unused_pool
train20k-12882,train20k-12820,unused_pool
train20k-12883,train20k-12821,unused_pool
train20k-12884,train20k-12822,unused_pool
train20k-12885,train20k-12823,unused_pool
train20k-12886,train20k-12824,unused_pool
train20k-12887,train20k-12825,unused_pool
train20k-12888,train20k-12826,unused_pool
train20k-12889,train20k-12827,unused_pool
train20k-12890,train20k-12828,unused_pool
train20k-12891,train20k-12829,unused_pool
train20k-12892,train20k-12830,unused_pool
train20k-12893,train20k-12831,unused_pool
train20k-12894,train20k-12832,unused_pool
train20k-12895,train20k-12833,unused_pool
train20k-12896,train20k-12834,unused_pool
train20k-12897,train20k-12835,unused_pool
train20k-12898,train20k-12836,unused_pool
train20k-12899,train20k-12837,unused_pool
train20k-12900,train20k-12838,unused_pool
train20k-12901,train20k-12839,unused_pool
train20k-12902,train20k-12840,unused_pool
train20k-12903,train20k-12841,unused_pool
train20k-12904,train20k-12842,unused_pool
train20k-12905,train20k-12843,unused_pool
train20k-12906,train20k-12844,unused_pool
train20k-12907,train20k-12845,unused_pool
train20k-12908,train20k-12846,unused_pool
train20k-12909,train20k-12847,unused_pool
train20k-12910,train20k-12848,unused_pool
train20k-12911,train20k-12849,unused_pool
train20k-12912,train20k-12850,unused_pool
train20k-12913,train20k-12851,unused_pool
train20k-12914,train20k-12852,unused_pool
train20k-12915,train20k-12853,unused_pool
train20k-12916,train20k-12854,unused_pool
train20k-12917,train20k-12855,unused_pool
train20k-12918,train20k-12856,unused_pool
train20k-12919,train20k-12857,unused_pool
train20k-12920,train20k-12858,unused_pool
train20k-12921,train20k-12859,unused_pool
train20k-12922,train20k-12860,unused_pool
train20k-12923,train20k-12861,unused_pool
train20k-12924,train20k-12862,unused_pool
train20k-12925,train20k-12863,unused_pool
train20k-12926,train20k-12864,unused_pool
train20k-12927,train20k-12865,unused_pool
train20k-12928,train20k-12866,unused_pool
train20k-12929,train20k-12867,unused_pool
train20k-12930,train20k-12868,unused_pool
train20k-12931,train20k-12869,unused_pool
train20k-12932,train20k-12870,unused_pool
train20k-12933,train20k-12871,unused_pool
train20k-12934,train20k-12872,unused_pool
train20k-12935,train20k-12873,unused_pool
train20k-12936,train20k-12874,unused_pool
train20k-12937,train20k-12875,unused_pool
train20k-12939,train20k-12876,unused_pool
train20k-12940,train20k-12877,unused_pool
train20k-12941,train20k-12878,unused_pool
train20k-12942,train20k-12879,unused_pool
train20k-12943,train20k-12880,unused_pool
train20k-12944,train20k-12881,unused_pool
train20k-12945,train20k-12882,unused_pool
train20k-12946,train20k-12883,unused_pool
train20k-12947,train20k-12884,unused_pool
train20k-12948,train20k-12885,unused_pool
train20k-12949,train20k-12886,unused_pool
train20k-12950,train20k-12887,unused_pool
train20k-12951,train20k-12888,unused_pool
train20k-12952,train20k-12889,unused_pool
train20k-12953,train20k-12890,unused_pool
train20k-12954,train20k-12891,unused_pool
train20k-12955,train20k-12892,unused_pool
train20k-12956,train20k-12893,unused_pool
train20k-12957,train20k-12894,unused_pool
train20k-12958,train20k-12895,unused_pool
train20k-12959,train20k-12896,unused_pool
train20k-12960,train20k-12897,unused_pool
train20k-12961,train20k-12898,unused_pool
train20k-12962,train20k-12899,unused_pool
train20k-12963,train20k-12900,unused_pool
train20k-12964,train20k-12901,unused_pool
train20k-12965,train20k-12902,unused_pool
train20k-12966,train20k-12903,unused_pool
train20k-12967,train20k-12904,unused_pool
train20k-12968,train20k-12905,unused_pool
train20k-12969,train20k-12906,unused_pool
train20k-12970,train20k-12907,unused_pool
train20k-12971,train20k-12908,unused_pool
train20k-12972,train20k-12909,unused_pool
train20k-12973,train20k-12910,unused_pool
train20k-12974,train20k-12911,unused_pool
train20k-12975,train20k-12912,unused_pool
train20k-12976,train20k-12913,unused_pool
train20k-12977,train20k-12914,unused_pool
train20k-12978,train20k-12915,unused_pool
train20k-12979,train20k-12916,unused_pool
train20k-12980,train20k-12917,unused_pool
train20k-12981,train20k-12918,unused_pool
train20k-12982,train20k-12919,unused_pool
train20k-12983,train20k-12920,unused_pool
train20k-12984,train20k-12921,unused_pool
train20k-12985,train20k-12922,unused_pool
train20k-12986,train20k-12923,unused_pool
train20k-12987,train20k-12924,unused_pool
train20k-12988,train20k-12925,unused_pool
train20k-12989,train20k-12926,unused_pool
train20k-12990,train20k-12927,unused_pool
train20k-12991,train20k-12928,unused_pool
train20k-12992,train20k-12929,unused_pool
train20k-12993,train20k-12930,unused_pool
train20k-12994,train20k-12931,unused_pool
train20k-12995,train20k-12932,unused_pool
train20k-12996,train20k-12933,unused_pool
train20k-12997,train20k-12934,unused_pool
train20k-12998,train20k-12935,unused_pool
train20k-12999,train20k-12936,unused_pool
train20k-13000,train20k-12937,unused_pool
train20k-13001,train20k-12938,unused_pool
train20k-13002,train20k-12939,unused_pool
train20k-13003,train20k-12940,unused_pool
train20k-13004,train20k-12941,unused_pool
train20k-13005,train20k-12942,unused_pool
train20k-13006,train20k-12943,unused_pool
train20k-13007,train20k-12944,unused_pool
train20k-13008,train20k-12945,unused_pool
train20k-13009,train20k-12946,unused_pool
train20k-13010,train20k-12947,unused_pool
train20k-13011,train20k-12948,unused_pool
train20k-13012,train20k-12949,unused_pool
train20k-13013,train20k-12950,unused_pool
train20k-13014,train20k-12951,unused_pool
train20k-13015,train20k-12952,unused_pool
train20k-13016,train20k-12953,unused_pool
train20k-13017,train20k-12954,unused_pool
train20k-13018,train20k-12955,unused_pool
train20k-13019,train20k-12956,unused_pool
train20k-13020,train20k-12957,unused_pool
train20k-13021,train20k-12958,unused_pool
train20k-13022,train20k-12959,unused_pool
train20k-13023,train20k-12960,unused_pool
train20k-13024,train20k-12961,unused_pool
train20k-13025,train20k-12962,unused_pool
train20k-13026,train20k-12963,unused_pool
train20k-13027,train20k-12964,unused_pool
train20k-13028,train20k-12965,unused_pool
train20k-13029,train20k-12966,unused_pool
train20k-13030,train20k-12967,unused_pool
train20k-13031,train20k-12968,unused_pool
train20k-13032,train20k-12969,unused_pool
train20k-13033,train20k-12970,unused_pool
train20k-13034,train20k-12971,unused_pool
train20k-13035,train20k-12972,unused_pool
train20k-13036,train20k-12973,unused_pool
train20k-13037,train20k-12974,unused_pool
train20k-13038,train20k-12975,unused_pool
train20k-13039,train20k-12976,unused_pool
train20k-13040,train20k-12977,unused_pool
train20k-13041,train20k-12978,unused_pool
train20k-13042,train20k-12979,unused_pool
train20k-13043,train20k-12980,unused_pool
train20k-13044,train20k-12981,unused_pool
train20k-13045,train20k-12982,unused_pool
train20k-13046,train20k-12983,unused_pool
train20k-13047,train20k-12984,unused_pool
train20k-13048,train20k-12985,unused_pool
train20k-13049,train20k-12986,unused_pool
train20k-13050,train20k-12987,unused_pool
train20k-13051,train20k-12988,unused_pool
train20k-13052,train20k-12989,unused_pool
train20k-13053,train20k-12990,unused_pool
train20k-13054,train20k-12991,unused_pool
train20k-13055,train20k-12992,unused_pool
train20k-13056,train20k-12993,unused_pool
train20k-13057,train20k-12994,unused_pool
train20k-13058,train20k-12995,unused_pool
train20k-13059,train20k-12996,unused_pool
train20k-13060,train20k-12997,unused_pool
train20k-13061,train20k-12998,unused_pool
train20k-13062,train20k-12999,unused_pool
train20k-13063,train20k-13000,unused_pool
train20k-13064,train20k-13001,unused_pool
train20k-13065,train20k-13002,unused_pool
train20k-13066,train20k-13003,unused_pool
train20k-13067,train20k-13004,unused_pool
train20k-13068,train20k-13005,unused_pool
train20k-13069,train20k-13006,unused_pool
train20k-13070,train20k-13007,unused_pool
train20k-13071,train20k-13008,unused_pool
train20k-13072,train20k-13009,unused_pool
train20k-13073,train20k-13010,unused_pool
train20k-13074,train20k-13011,unused_pool
train20k-13075,train20k-13012,unused_pool
train20k-13076,train20k-13013,unused_pool
train20k-13077,train20k-13014,unused_pool
train20k-13078,train20k-13015,unused_pool
train20k-13079,train20k-13016,unused_pool
train20k-13080,train20k-13017,unused_pool
train20k-13081,train20k-13018,unused_pool
train20k-13082,train20k-13019,unused_pool
train20k-13083,train20k-13020,unused_pool
train20k-13084,train20k-13021,unused_pool
train20k-13085,train20k-13022,unused_pool
train20k-13086,train20k-13023,unused_pool
train20k-13087,train20k-13024,unused_pool
train20k-13088,train20k-13025,unused_pool
train20k-13089,train20k-13026,unused_pool
train20k-13090,train20k-13027,unused_pool
train20k-13091,train20k-13028,unused_pool
train20k-13092,train20k-13029,unused_pool
train20k-13093,train20k-13030,unused_pool
train20k-13094,train20k-13031,unused_pool
train20k-13095,train20k-13032,unused_pool
train20k-13096,train20k-13033,unused_pool
train20k-13097,train20k-13034,unused_pool
train20k-13098,train20k-13035,unused_pool
train20k-13099,train20k-13036,unused_pool
train20k-13100,train20k-13037,unused_pool
train20k-13101,train20k-13038,unused_pool
train20k-13102,train20k-13039,unused_pool
train20k-13103,train20k-13040,unused_pool
train20k-13104,train20k-13041,unused_pool
train20k-13105,train20k-13042,unused_pool
train20k-13106,train20k-13043,unused_pool
train20k-13107,train20k-13044,unused_pool
train20k-13108,train20k-13045,unused_pool
train20k-13109,train20k-13046,unused_pool
train20k-13110,train20k-13047,unused_pool
train20k-13111,train20k-13048,unused_pool
train20k-13112,train20k-13049,unused_pool
train20k-13113,train20k-13050,unused_pool
train20k-13114,train20k-13051,unused_pool
train20k-13115,train20k-13052,unused_pool
train20k-13116,train20k-13053,unused_pool
train20k-13117,train20k-13054,unused_pool
train20k-13118,train20k-13055,unused_pool
train20k-13119,train20k-13056,unused_pool
train20k-13120,train20k-13057,unused_pool
train20k-13121,train20k-13058,unused_pool
train20k-13122,train20k-13059,unused_pool
train20k-13123,train20k-13060,unused_pool
train20k-13124,train20k-13061,unused_pool
train20k-13125,train20k-13062,unused_pool
train20k-13126,train20k-13063,unused_pool
train20k-13127,train20k-13064,unused_pool
train20k-13128,train20k-13065,unused_pool
train20k-13129,train20k-13066,unused_pool
train20k-13130,train20k-13067,unused_pool
train20k-13131,train20k-13068,unused_pool
train20k-13132,train20k-13069,unused_pool
train20k-13133,train20k-13070,unused_pool
train20k-13134,train20k-13071,unused_pool
train20k-13135,train20k-13072,unused_pool
train20k-13136,train20k-13073,unused_pool
train20k-13137,train20k-13074,unused_pool
train20k-13138,train20k-13075,unused_pool
train20k-13139,train20k-13076,unused_pool
train20k-13140,train20k-13077,unused_pool
train20k-13141,train20k-13078,unused_pool
train20k-13142,train20k-13079,unused_pool
train20k-13143,train20k-13080,unused_pool
train20k-13144,train20k-13081,unused_pool
train20k-13145,train20k-13082,unused_pool
train20k-13146,train20k-13083,unused_pool
train20k-13147,train20k-13084,unused_pool
train20k-13148,train20k-13085,unused_pool
train20k-13149,train20k-13086,unused_pool
train20k-13150,train20k-13087,unused_pool
train20k-13151,train20k-13088,unused_pool
train20k-13152,train20k-13089,unused_pool
train20k-13153,train20k-13090,unused_pool
train20k-13154,train20k-13091,unused_pool
train20k-13155,train20k-13092,unused_pool
train20k-13156,train20k-13093,unused_pool
train20k-13157,train20k-13094,unused_pool
train20k-13158,train20k-13095,unused_pool
train20k-13159,train20k-13096,unused_pool
train20k-13160,train20k-13097,unused_pool
train20k-13161,train20k-13098,unused_pool
train20k-13162,train20k-13099,unused_pool
train20k-13163,train20k-13100,unused_pool
train20k-13164,train20k-13101,unused_pool
train20k-13165,train20k-13102,unused_pool
train20k-13166,train20k-13103,unused_pool
train20k-13167,train20k-13104,unused_pool
train20k-13168,train20k-13105,unused_pool
train20k-13169,train20k-13106,unused_pool
train20k-13170,train20k-13107,unused_pool
train20k-13171,train20k-13108,unused_pool
train20k-13172,train20k-13109,unused_pool
train20k-13173,train20k-13110,unused_pool
train20k-13174,train20k-13111,unused_pool
train20k-13175,train20k-13112,unused_pool
train20k-13176,train20k-13113,unused_pool
train20k-13178,train20k-13114,unused_pool
train20k-13179,train20k-13115,unused_pool
train20k-13180,train20k-13116,unused_pool
train20k-13181,train20k-13117,unused_pool
train20k-13182,train20k-13118,unused_pool
train20k-13183,train20k-13119,unused_pool
train20k-13184,train20k-13120,unused_pool
train20k-13185,train20k-13121,unused_pool
train20k-13186,train20k-13122,unused_pool
train20k-13187,train20k-13123,unused_pool
train20k-13188,train20k-13124,unused_pool
train20k-13189,train20k-13125,unused_pool
train20k-13190,train20k-13126,unused_pool
train20k-13191,train20k-13127,unused_pool
train20k-13192,train20k-13128,unused_pool
train20k-13193,train20k-13129,unused_pool
train20k-13194,train20k-13130,unused_pool
train20k-13195,train20k-13131,unused_pool
train20k-13196,train20k-13132,unused_pool
train20k-13197,train20k-13133,unused_pool
train20k-13198,train20k-13134,unused_pool
train20k-13199,train20k-13135,unused_pool
train20k-13200,train20k-13136,unused_pool
train20k-13201,train20k-13137,unused_pool
train20k-13202,train20k-13138,unused_pool
train20k-13203,train20k-13139,unused_pool
train20k-13204,train20k-13140,unused_pool
train20k-13205,train20k-13141,unused_pool
train20k-13206,train20k-13142,unused_pool
train20k-13207,train20k-13143,unused_pool
train20k-13208,train20k-13144,unused_pool
train20k-13209,train20k-13145,unused_pool
train20k-13210,train20k-13146,unused_pool
train20k-13211,train20k-13147,unused_pool
train20k-13212,train20k-13148,unused_pool
train20k-13213,train20k-13149,unused_pool
train20k-13214,train20k-13150,unused_pool
train20k-13215,train20k-13151,unused_pool
train20k-13216,train20k-13152,unused_pool
train20k-13217,train20k-13153,unused_pool
train20k-13218,train20k-13154,unused_pool
train20k-13219,train20k-13155,unused_pool
train20k-13220,train20k-13156,unused_pool
train20k-13221,train20k-13157,unused_pool
train20k-13222,train20k-13158,unused_pool
train20k-13223,train20k-13159,unused_pool
train20k-13224,train20k-13160,unused_pool
train20k-13225,train20k-13161,unused_pool
train20k-13226,train20k-13162,unused_pool
train20k-13227,train20k-13163,unused_pool
train20k-13228,train20k-13164,unused_pool
train20k-13229,train20k-13165,unused_pool
train20k-13230,train20k-13166,unused_pool
train20k-13231,train20k-13167,unused_pool
train20k-13232,train20k-13168,unused_pool
train20k-13233,train20k-13169,unused_pool
train20k-13234,train20k-13170,unused_pool
train20k-13235,train20k-13171,unused_pool
train20k-13236,train20k-13172,unused_pool
train20k-13237,train20k-13173,unused_pool
train20k-13238,train20k-13174,unused_pool
train20k-13239,train20k-13175,unused_pool
train20k-13240,train20k-13176,unused_pool
train20k-13241,train20k-13177,unused_pool
train20k-13242,train20k-13178,unused_pool
train20k-13243,train20k-13179,unused_pool
train20k-13244,train20k-13180,unused_pool
train20k-13245,train20k-13181,unused_pool
train20k-13246,train20k-13182,unused_pool
train20k-13247,train20k-13183,unused_pool
train20k-13248,train20k-13184,unused_pool
train20k-13249,train20k-13185,unused_pool
train20k-13250,train20k-13186,unused_pool
train20k-13251,train20k-13187,unused_pool
train20k-13252,train20k-13188,unused_pool
train20k-13253,train20k-13189,unused_pool
train20k-13254,train20k-13190,unused_pool
train20k-13255,train20k-13191,unused_pool
train20k-13256,train20k-13192,unused_pool
train20k-13257,train20k-13193,unused_pool
train20k-13258,train20k-13194,unused_pool
train20k-13259,train20k-13195,unused_pool
train20k-13260,train20k-13196,unused_pool
train20k-13261,train20k-13197,unused_pool
train20k-13262,train20k-13198,unused_pool
train20k-13263,train20k-13199,unused_pool
train20k-13264,train20k-13200,unused_pool
train20k-13265,train20k-13201,unused_pool
train20k-13266,train20k-13202,unused_pool
train20k-13267,train20k-13203,unused_pool
train20k-13268,train20k-13204,unused_pool
train20k-13269,train20k-13205,unused_pool
train20k-13270,train20k-13206,unused_pool
train20k-13271,train20k-13207,unused_pool
train20k-13272,train20k-13208,unused_pool
train20k-13273,train20k-13209,unused_pool
train20k-13274,train20k-13210,unused_pool
train20k-13275,train20k-13211,unused_pool
train20k-13276,train20k-13212,unused_pool
train20k-13277,train20k-13213,unused_pool
train20k-13279,train20k-13214,unused_pool
train20k-13280,train20k-13215,unused_pool
train20k-13281,train20k-13216,unused_pool
train20k-13282,train20k-13217,unused_pool
train20k-13283,train20k-13218,unused_pool
train20k-13284,train20k-13219,unused_pool
train20k-13285,train20k-13220,unused_pool
train20k-13286,train20k-13221,unused_pool
train20k-13287,train20k-13222,unused_pool
train20k-13288,train20k-13223,unused_pool
train20k-13289,train20k-13224,unused_pool
train20k-13290,train20k-13225,unused_pool
train20k-13291,train20k-13226,unused_pool
train20k-13292,train20k-13227,unused_pool
train20k-13293,train20k-13228,unused_pool
train20k-13294,train20k-13229,unused_pool
train20k-13295,train20k-13230,unused_pool
train20k-13296,train20k-13231,unused_pool
train20k-13297,train20k-13232,unused_pool
train20k-13298,train20k-13233,unused_pool
train20k-13299,train20k-13234,unused_pool
train20k-13300,train20k-13235,unused_pool
train20k-13301,train20k-13236,unused_pool
train20k-13302,train20k-13237,unused_pool
train20k-13303,train20k-13238,unused_pool
train20k-13304,train20k-13239,unused_pool
train20k-13305,train20k-13240,unused_pool
train20k-13306,train20k-13241,unused_pool
train20k-13307,train20k-13242,unused_pool
train20k-13308,train20k-13243,unused_pool
train20k-13309,train20k-13244,unused_pool
train20k-13310,train20k-13245,unused_pool
train20k-13311,train20k-13246,unused_pool
train20k-13312,train20k-13247,unused_pool
train20k-13313,train20k-13248,unused_pool
train20k-13314,train20k-13249,unused_pool
train20k-13315,train20k-13250,unused_pool
train20k-13316,train20k-13251,unused_pool
train20k-13317,train20k-13252,unused_pool
train20k-13318,train20k-13253,unused_pool
train20k-13319,train20k-13254,unused_pool
train20k-13320,train20k-13255,unused_pool
train20k-13321,train20k-13256,unused_pool
train20k-13322,train20k-13257,unused_pool
train20k-13323,train20k-13258,unused_pool
train20k-13324,train20k-13259,unused_pool
train20k-13325,train20k-13260,unused_pool
train20k-13326,train20k-13261,unused_pool
train20k-13327,train20k-13262,unused_pool
train20k-13328,train20k-13263,unused_pool
train20k-13329,train20k-13264,unused_pool
train20k-13330,train20k-13265,unused_pool
train20k-13331,train20k-13266,unused_pool
train20k-13332,train20k-13267,unused_pool
train20k-13333,train20k-13268,unused_pool
train20k-13334,train20k-13269,unused_pool
train20k-13335,train20k-13270,unused_pool
train20k-13336,train20k-13271,unused_pool
train20k-13337,train20k-13272,unused_pool
train20k-13338,train20k-13273,unused_pool
train20k-13339,train20k-13274,unused_pool
train20k-13340,train20k-13275,unused_pool
train20k-13341,train20k-13276,unused_pool
train20k-13342,train20k-13277,unused_pool
train20k-13343,train20k-13278,unused_pool
train20k-13344,train20k-13279,unused_pool
train20k-13345,train20k-13280,unused_pool
train20k-13346,train20k-13281,unused_pool
train20k-13347,train20k-13282,unused_pool
train20k-13348,train20k-13283,unused_pool
train20k-13349,train20k-13284,unused_pool
train20k-13350,train20k-13285,unused_pool
train20k-13351,train20k-13286,unused_pool
train20k-13352,train20k-13287,unused_pool
train20k-13353,train20k-13288,unused_pool
train20k-13354,train20k-13289,unused_pool
train20k-13355,train20k-13290,unused_pool
train20k-13356,train20k-13291,unused_pool
train20k-13357,train20k-13292,unused_pool
train20k-13358,train20k-13293,unused_pool
train20k-13359,train20k-13294,unused_pool
train20k-13360,train20k-13295,unused_pool
train20k-13361,train20k-13296,unused_pool
train20k-13362,train20k-13297,unused_pool
train20k-13363,train20k-13298,unused_pool
train20k-13364,train20k-13299,unused_pool
train20k-13365,train20k-13300,unused_pool
train20k-13366,train20k-13301,unused_pool
train20k-13367,train20k-13302,unused_pool
train20k-13368,train20k-13303,unused_pool
train20k-13369,train20k-13304,unused_pool
train20k-13370,train20k-13305,unused_pool
train20k-13371,train20k-13306,unused_pool
train20k-13372,train20k-13307,unused_pool
train20k-13373,train20k-13308,unused_pool
train20k-13374,train20k-13309,unused_pool
train20k-13375,train20k-13310,unused_pool
train20k-13376,train20k-13311,unused_pool
train20k-13377,train20k-13312,unused_pool
train20k-13378,train20k-13313,unused_pool
train20k-13379,train20k-13314,unused_pool
train20k-13380,train20k-13315,unused_pool
train20k-13381,train20k-13316,unused_pool
train20k-13382,train20k-13317,unused_pool
train20k-13383,train20k-13318,unused_pool
train20k-13384,train20k-13319,unused_pool
train20k-13385,train20k-13320,unused_pool
train20k-13386,train20k-13321,unused_pool
train20k-13387,train20k-13322,unused_pool
train20k-13388,train20k-13323,unused_pool
train20k-13389,train20k-13324,unused_pool
train20k-13390,train20k-13325,unused_pool
train20k-13391,train20k-13326,unused_pool
train20k-13392,train20k-13327,unused_pool
train20k-13393,train20k-13328,unused_pool
train20k-13394,train20k-13329,unused_pool
train20k-13395,train20k-13330,unused_pool
train20k-13396,train20k-13331,unused_pool
train20k-13397,train20k-13332,unused_pool
train20k-13398,train20k-13333,unused_pool
train20k-13399,train20k-13334,unused_pool
train20k-13400,train20k-13335,unused_pool
train20k-13401,train20k-13336,unused_pool
train20k-13402,train20k-13337,unused_pool
train20k-13403,train20k-13338,unused_pool
train20k-13404,train20k-13339,unused_pool
train20k-13405,train20k-13340,unused_pool
train20k-13406,train20k-13341,unused_pool
train20k-13407,train20k-13342,unused_pool
train20k-13408,train20k-13343,unused_pool
train20k-13409,train20k-13344,unused_pool
train20k-13410,train20k-13345,unused_pool
train20k-13411,train20k-13346,unused_pool
train20k-13412,train20k-13347,unused_pool
train20k-13413,train20k-13348,unused_pool
train20k-13414,train20k-13349,unused_pool
train20k-13415,train20k-13350,unused_pool
train20k-13416,train20k-13351,unused_pool
train20k-13417,train20k-13352,unused_pool
train20k-13418,train20k-13353,unused_pool
train20k-13419,train20k-13354,unused_pool
train20k-13420,train20k-13355,unused_pool
train20k-13421,train20k-13356,unused_pool
train20k-13422,train20k-13357,unused_pool
train20k-13423,train20k-13358,unused_pool
train20k-13424,train20k-13359,unused_pool
train20k-13425,train20k-13360,unused_pool
train20k-13426,train20k-13361,unused_pool
train20k-13427,train20k-13362,unused_pool
train20k-13428,train20k-13363,unused_pool
train20k-13429,train20k-13364,unused_pool
train20k-13430,train20k-13365,unused_pool
train20k-13431,train20k-13366,unused_pool
train20k-13432,train20k-13367,unused_pool
train20k-13433,train20k-13368,unused_pool
train20k-13434,train20k-13369,unused_pool
train20k-13435,train20k-13370,unused_pool
train20k-13436,train20k-13371,unused_pool
train20k-13437,train20k-13372,unused_pool
train20k-13438,train20k-13373,unused_pool
train20k-13439,train20k-13374,unused_pool
train20k-13440,train20k-13375,unused_pool
train20k-13441,train20k-13376,unused_pool
train20k-13442,train20k-13377,unused_pool
train20k-13443,train20k-13378,unused_pool
train20k-13444,train20k-13379,unused_pool
train20k-13445,train20k-13380,unused_pool
train20k-13446,train20k-13381,unused_pool
train20k-13447,train20k-13382,unused_pool
train20k-13448,train20k-13383,unused_pool
train20k-13449,train20k-13384,unused_pool
train20k-13450,train20k-13385,unused_pool
train20k-13451,train20k-13386,unused_pool
train20k-13452,train20k-13387,unused_pool
train20k-13453,train20k-13388,unused_pool
train20k-13454,train20k-13389,unused_pool
train20k-13455,train20k-13390,unused_pool
train20k-13456,train20k-13391,unused_pool
train20k-13457,train20k-13392,unused_pool
train20k-13458,train20k-13393,unused_pool
train20k-13459,train20k-13394,unused_pool
train20k-13460,train20k-13395,unused_pool
train20k-13461,train20k-13396,unused_pool
train20k-13462,train20k-13397,unused_pool
train20k-13463,train20k-13398,unused_pool
train20k-13464,train20k-13399,unused_pool
train20k-13465,train20k-13400,unused_pool
train20k-13466,train20k-13401,unused_pool
train20k-13467,train20k-13402,unused_pool
train20k-13468,train20k-13403,unused_pool
train20k-13469,train20k-13404,unused_pool
train20k-13470,train20k-13405,unused_pool
train20k-13471,train20k-13406,unused_pool
train20k-13472,train20k-13407,unused_pool
train20k-13473,train20k-13408,unused_pool
train20k-13474,train20k-13409,unused_pool
train20k-13475,train20k-13410,unused_pool
train20k-13476,train20k-13411,unused_pool
train20k-13477,train20k-13412,unused_pool
train20k-13478,train20k-13413,unused_pool
train20k-13479,train20k-13414,unused_pool
train20k-13480,train20k-13415,unused_pool
train20k-13481,train20k-13416,unused_pool
train20k-13482,train20k-13417,unused_pool
train20k-13483,train20k-13418,unused_pool
train20k-13484,train20k-13419,unused_pool
train20k-13485,train20k-13420,unused_pool
train20k-13486,train20k-13421,unused_pool
train20k-13487,train20k-13422,unused_pool
train20k-13488,train20k-13423,unused_pool
train20k-13489,train20k-13424,unused_pool
train20k-13490,train20k-13425,unused_pool
train20k-13491,train20k-13426,unused_pool
train20k-13492,train20k-13427,unused_pool
train20k-13493,train20k-13428,unused_pool
train20k-13494,train20k-13429,unused_pool
train20k-13495,train20k-13430,unused_pool
train20k-13496,train20k-13431,unused_pool
train20k-13497,train20k-13432,unused_pool
train20k-13498,train20k-13433,unused_pool
train20k-13499,train20k-13434,unused_pool
train20k-13500,train20k-13435,unused_pool
train20k-13501,train20k-13436,unused_pool
train20k-13502,train20k-13437,unused_pool
train20k-13503,train20k-13438,unused_pool
train20k-13504,train20k-13439,unused_pool
train20k-13505,train20k-13440,unused_pool
train20k-13506,train20k-13441,unused_pool
train20k-13507,train20k-13442,unused_pool
train20k-13508,train20k-13443,unused_pool
train20k-13509,train20k-13444,unused_pool
train20k-13510,train20k-13445,unused_pool
train20k-13511,train20k-13446,unused_pool
train20k-13512,train20k-13447,unused_pool
train20k-13513,train20k-13448,unused_pool
train20k-13514,train20k-13449,unused_pool
train20k-13515,train20k-13450,unused_pool
train20k-13516,train20k-13451,unused_pool
train20k-13517,train20k-13452,unused_pool
train20k-13518,train20k-13453,unused_pool
train20k-13519,train20k-13454,unused_pool
train20k-13520,train20k-13455,unused_pool
train20k-13521,train20k-13456,unused_pool
train20k-13522,train20k-13457,unused_pool
train20k-13523,train20k-13458,unused_pool
train20k-13524,train20k-13459,unused_pool
train20k-13525,train20k-13460,unused_pool
train20k-13526,train20k-13461,unused_pool
train20k-13527,train20k-13462,unused_pool
train20k-13528,train20k-13463,unused_pool
train20k-13529,train20k-13464,unused_pool
train20k-13530,train20k-13465,unused_pool
train20k-13531,train20k-13466,unused_pool
train20k-13532,train20k-13467,unused_pool
train20k-13533,train20k-13468,unused_pool
train20k-13534,train20k-13469,unused_pool
train20k-13535,train20k-13470,unused_pool
train20k-13536,train20k-13471,unused_pool
train20k-13538,train20k-13472,unused_pool
train20k-13539,train20k-13473,unused_pool
train20k-13540,train20k-13474,unused_pool
train20k-13541,train20k-13475,unused_pool
train20k-13542,train20k-13476,unused_pool
train20k-13543,train20k-13477,unused_pool
train20k-13544,train20k-13478,unused_pool
train20k-13545,train20k-13479,unused_pool
train20k-13546,train20k-13480,unused_pool
train20k-13547,train20k-13481,unused_pool
train20k-13548,train20k-13482,unused_pool
train20k-13549,train20k-13483,unused_pool
train20k-13550,train20k-13484,unused_pool
train20k-13551,train20k-13485,unused_pool
train20k-13552,train20k-13486,unused_pool
train20k-13553,train20k-13487,unused_pool
train20k-13554,train20k-13488,unused_pool
train20k-13555,train20k-13489,unused_pool
train20k-13556,train20k-13490,unused_pool
train20k-13557,train20k-13491,unused_pool
train20k-13558,train20k-13492,unused_pool
train20k-13559,train20k-13493,unused_pool
train20k-13560,train20k-13494,unused_pool
train20k-13561,train20k-13495,unused_pool
train20k-13562,train20k-13496,unused_pool
train20k-13563,train20k-13497,unused_pool
train20k-13564,train20k-13498,unused_pool
train20k-13565,train20k-13499,unused_pool
train20k-13566,train20k-13500,unused_pool
train20k-13567,train20k-13501,unused_pool
train20k-13568,train20k-13502,unused_pool
train20k-13569,train20k-13503,unused_pool
train20k-13570,train20k-13504,unused_pool
train20k-13571,train20k-13505,unused_pool
train20k-13572,train20k-13506,unused_pool
train20k-13573,train20k-13507,unused_pool
train20k-13574,train20k-13508,unused_pool
train20k-13575,train20k-13509,unused_pool
train20k-13576,train20k-13510,unused_pool
train20k-13577,train20k-13511,unused_pool
train20k-13578,train20k-13512,unused_pool
train20k-13579,train20k-13513,unused_pool
train20k-13580,train20k-13514,unused_pool
train20k-13581,train20k-13515,unused_pool
train20k-13582,train20k-13516,unused_pool
train20k-13583,train20k-13517,unused_pool
train20k-13584,train20k-13518,unused_pool
train20k-13585,train20k-13519,unused_pool
train20k-13586,train20k-13520,unused_pool
train20k-13587,train20k-13521,unused_pool
train20k-13588,train20k-13522,unused_pool
train20k-13589,train20k-13523,unused_pool
train20k-13590,train20k-13524,unused_pool
train20k-13591,train20k-13525,unused_pool
train20k-13592,train20k-13526,unused_pool
train20k-13593,train20k-13527,unused_pool
train20k-13594,train20k-13528,unused_pool
train20k-13595,train20k-13529,unused_pool
train20k-13596,train20k-13530,unused_pool
train20k-13597,train20k-13531,unused_pool
train20k-13598,train20k-13532,unused_pool
train20k-13599,train20k-13533,unused_pool
train20k-13600,train20k-13534,unused_pool
train20k-13601,train20k-13535,unused_pool
train20k-13602,train20k-13536,unused_pool
train20k-13603,train20k-13537,unused_pool
train20k-13604,train20k-13538,unused_pool
train20k-13605,train20k-13539,unused_pool
train20k-13606,train20k-13540,unused_pool
train20k-13607,train20k-13541,unused_pool
train20k-13608,train20k-13542,unused_pool
train20k-13609,train20k-13543,unused_pool
train20k-13610,train20k-13544,unused_pool
train20k-13611,train20k-13545,unused_pool
train20k-13612,train20k-13546,unused_pool
train20k-13613,train20k-13547,unused_pool
train20k-13614,train20k-13548,unused_pool
train20k-13615,train20k-13549,unused_pool
train20k-13616,train20k-13550,unused_pool
train20k-13617,train20k-13551,unused_pool
train20k-13618,train20k-13552,unused_pool
train20k-13619,train20k-13553,unused_pool
train20k-13620,train20k-13554,unused_pool
train20k-13621,train20k-13555,unused_pool
train20k-13622,train20k-13556,unused_pool
train20k-13623,train20k-13557,unused_pool
train20k-13624,train20k-13558,unused_pool
train20k-13625,train20k-13559,unused_pool
train20k-13626,train20k-13560,unused_pool
train20k-13627,train20k-13561,unused_pool
train20k-13628,train20k-13562,unused_pool
train20k-13629,train20k-13563,unused_pool
train20k-13630,train20k-13564,unused_pool
train20k-13631,train20k-13565,unused_pool
train20k-13632,train20k-13566,unused_pool
train20k-13633,train20k-13567,unused_pool
train20k-13634,train20k-13568,unused_pool
train20k-13635,train20k-13569,unused_pool
train20k-13636,train20k-13570,unused_pool
train20k-13637,train20k-13571,unused_pool
train20k-13638,train20k-13572,unused_pool
train20k-13639,train20k-13573,unused_pool
train20k-13640,train20k-13574,unused_pool
train20k-13641,train20k-13575,unused_pool
train20k-13642,train20k-13576,unused_pool
train20k-13643,train20k-13577,unused_pool
train20k-13644,train20k-13578,unused_pool
train20k-13645,train20k-13579,unused_pool
train20k-13646,train20k-13580,unused_pool
train20k-13647,train20k-13581,unused_pool
train20k-13648,train20k-13582,unused_pool
train20k-13649,train20k-13583,unused_pool
train20k-13650,train20k-13584,unused_pool
train20k-13651,train20k-13585,unused_pool
train20k-13652,train20k-13586,unused_pool
train20k-13653,train20k-13587,unused_pool
train20k-13654,train20k-13588,unused_pool
train20k-13655,train20k-13589,unused_pool
train20k-13656,train20k-13590,unused_pool
train20k-13657,train20k-13591,unused_pool
train20k-13658,train20k-13592,unused_pool
train20k-13659,train20k-13593,unused_pool
train20k-13660,train20k-13594,unused_pool
train20k-13661,train20k-13595,unused_pool
train20k-13662,train20k-13596,unused_pool
train20k-13663,train20k-13597,unused_pool
train20k-13664,train20k-13598,unused_pool
train20k-13665,train20k-13599,unused_pool
train20k-13666,train20k-13600,unused_pool
train20k-13667,train20k-13601,unused_pool
train20k-13668,train20k-13602,unused_pool
train20k-13669,train20k-13603,unused_pool
train20k-13670,train20k-13604,unused_pool
train20k-13671,train20k-13605,unused_pool
train20k-13672,train20k-13606,unused_pool
train20k-13673,train20k-13607,unused_pool
train20k-13674,train20k-13608,unused_pool
train20k-13675,train20k-13609,unused_pool
train20k-13676,train20k-13610,unused_pool
train20k-13677,train20k-13611,unused_pool
train20k-13678,train20k-13612,unused_pool
train20k-13679,train20k-13613,unused_pool
train20k-13680,train20k-13614,unused_pool
train20k-13681,train20k-13615,unused_pool
train20k-13682,train20k-13616,unused_pool
train20k-13683,train20k-13617,unused_pool
train20k-13684,train20k-13618,unused_pool
train20k-13685,train20k-13619,unused_pool
train20k-13686,train20k-13620,unused_pool
train20k-13687,train20k-13621,unused_pool
train20k-13688,train20k-13622,unused_pool
train20k-13689,train20k-13623,unused_pool
train20k-13690,train20k-13624,unused_pool
train20k-13691,train20k-13625,unused_pool
train20k-13692,train20k-13626,unused_pool
train20k-13694,train20k-13627,unused_pool
train20k-13695,train20k-13628,unused_pool
train20k-13696,train20k-13629,unused_pool
train20k-13697,train20k-13630,unused_pool
train20k-13698,train20k-13631,unused_pool
train20k-13699,train20k-13632,unused_pool
train20k-13700,train20k-13633,unused_pool
train20k-13701,train20k-13634,unused_pool
train20k-13702,train20k-13635,unused_pool
train20k-13703,train20k-13636,unused_pool
train20k-13704,train20k-13637,unused_pool
train20k-13705,train20k-13638,unused_pool
train20k-13706,train20k-13639,unused_pool
train20k-13707,train20k-13640,unused_pool
train20k-13708,train20k-13641,unused_pool
train20k-13709,train20k-13642,unused_pool
train20k-13710,train20k-13643,unused_pool
train20k-13711,train20k-13644,unused_pool
train20k-13712,train20k-13645,unused_pool
train20k-13713,train20k-13646,unused_pool
train20k-13714,train20k-13647,unused_pool
train20k-13715,train20k-13648,unused_pool
train20k-13716,train20k-13649,unused_pool
train20k-13717,train20k-13650,unused_pool
train20k-13718,train20k-13651,unused_pool
train20k-13719,train20k-13652,unused_pool
train20k-13720,train20k-13653,unused_pool
train20k-13721,train20k-13654,unused_pool
train20k-13722,train20k-13655,unused_pool
train20k-13723,train20k-13656,unused_pool
train20k-13724,train20k-13657,unused_pool
train20k-13725,train20k-13658,unused_pool
train20k-13726,train20k-13659,unused_pool
train20k-13727,train20k-13660,unused_pool
train20k-13728,train20k-13661,unused_pool
train20k-13729,train20k-13662,unused_pool
train20k-13730,train20k-13663,unused_pool
train20k-13731,train20k-13664,unused_pool
train20k-13732,train20k-13665,unused_pool
train20k-13733,train20k-13666,unused_pool
train20k-13734,train20k-13667,unused_pool
train20k-13735,train20k-13668,unused_pool
train20k-13736,train20k-13669,unused_pool
train20k-13737,train20k-13670,unused_pool
train20k-13738,train20k-13671,unused_pool
train20k-13739,train20k-13672,unused_pool
train20k-13740,train20k-13673,unused_pool
train20k-13741,train20k-13674,unused_pool
train20k-13742,train20k-13675,unused_pool
train20k-13743,train20k-13676,unused_pool
train20k-13744,train20k-13677,unused_pool
train20k-13745,train20k-13678,unused_pool
train20k-13746,train20k-13679,unused_pool
train20k-13747,train20k-13680,unused_pool
train20k-13748,train20k-13681,unused_pool
train20k-13749,train20k-13682,unused_pool
train20k-13750,train20k-13683,unused_pool
train20k-13751,train20k-13684,unused_pool
train20k-13753,train20k-13685,unused_pool
train20k-13754,train20k-13686,unused_pool
train20k-13755,train20k-13687,unused_pool
train20k-13756,train20k-13688,unused_pool
train20k-13757,train20k-13689,unused_pool
train20k-13758,train20k-13690,unused_pool
train20k-13759,train20k-13691,unused_pool
train20k-13760,train20k-13692,unused_pool
train20k-13761,train20k-13693,unused_pool
train20k-13762,train20k-13694,unused_pool
train20k-13763,train20k-13695,unused_pool
train20k-13764,train20k-13696,unused_pool
train20k-13765,train20k-13697,unused_pool
train20k-13766,train20k-13698,unused_pool
train20k-13767,train20k-13699,unused_pool
train20k-13768,train20k-13700,unused_pool
train20k-13769,train20k-13701,unused_pool
train20k-13770,train20k-13702,unused_pool
train20k-13771,train20k-13703,unused_pool
train20k-13772,train20k-13704,unused_pool
train20k-13773,train20k-13705,unused_pool
train20k-13774,train20k-13706,unused_pool
train20k-13775,train20k-13707,unused_pool
train20k-13776,train20k-13708,unused_pool
train20k-13777,train20k-13709,unused_pool
train20k-13778,train20k-13710,unused_pool
train20k-13779,train20k-13711,unused_pool
train20k-13780,train20k-13712,unused_pool
train20k-13781,train20k-13713,unused_pool
train20k-13782,train20k-13714,unused_pool
train20k-13783,train20k-13715,unused_pool
train20k-13784,train20k-13716,unused_pool
train20k-13785,train20k-13717,unused_pool
train20k-13786,train20k-13718,unused_pool
train20k-13787,train20k-13719,unused_pool
train20k-13788,train20k-13720,unused_pool
train20k-13790,train20k-13721,unused_pool
train20k-13791,train20k-13722,unused_pool
train20k-13792,train20k-13723,unused_pool
train20k-13793,train20k-13724,unused_pool
train20k-13794,train20k-13725,unused_pool
train20k-13795,train20k-13726,unused_pool
train20k-13796,train20k-13727,unused_pool
train20k-13797,train20k-13728,unused_pool
train20k-13798,train20k-13729,unused_pool
train20k-13799,train20k-13730,unused_pool
train20k-13800,train20k-13731,unused_pool
train20k-13801,train20k-13732,unused_pool
train20k-13802,train20k-13733,unused_pool
train20k-13803,train20k-13734,unused_pool
train20k-13804,train20k-13735,unused_pool
train20k-13805,train20k-13736,unused_pool
train20k-13806,train20k-13737,unused_pool
train20k-13807,train20k-13738,unused_pool
train20k-13808,train20k-13739,unused_pool
train20k-13809,train20k-13740,unused_pool
train20k-13810,train20k-13741,unused_pool
train20k-13811,train20k-13742,unused_pool
train20k-13812,train20k-13743,unused_pool
train20k-13813,train20k-13744,unused_pool
train20k-13814,train20k-13745,unused_pool
train20k-13815,train20k-13746,unused_pool
train20k-13816,train20k-13747,unused_pool
train20k-13817,train20k-13748,unused_pool
train20k-13818,train20k-13749,unused_pool
train20k-13819,train20k-13750,unused_pool
train20k-13820,train20k-13751,unused_pool
train20k-13821,train20k-13752,unused_pool
train20k-13822,train20k-13753,unused_pool
train20k-13823,train20k-13754,unused_pool
train20k-13824,train20k-13755,unused_pool
train20k-13825,train20k-13756,unused_pool
train20k-13826,train20k-13757,unused_pool
train20k-13827,train20k-13758,unused_pool
train20k-13828,train20k-13759,unused_pool
train20k-13829,train20k-13760,unused_pool
train20k-13830,train20k-13761,unused_pool
train20k-13831,train20k-13762,unused_pool
train20k-13832,train20k-13763,unused_pool
train20k-13833,train20k-13764,unused_pool
train20k-13834,train20k-13765,unused_pool
train20k-13835,train20k-13766,unused_pool
train20k-13836,train20k-13767,unused_pool
train20k-13837,train20k-13768,unused_pool
train20k-13838,train20k-13769,unused_pool
train20k-13839,train20k-13770,unused_pool
train20k-13840,train20k-13771,unused_pool
train20k-13841,train20k-13772,unused_pool
train20k-13842,train20k-13773,unused_pool
train20k-13843,train20k-13774,unused_pool
train20k-13844,train20k-13775,unused_pool
train20k-13845,train20k-13776,unused_pool
train20k-13846,train20k-13777,unused_pool
train20k-13847,train20k-13778,unused_pool
train20k-13848,train20k-13779,unused_pool
train20k-13849,train20k-13780,unused_pool
train20k-13850,train20k-13781,unused_pool
train20k-13851,train20k-13782,unused_pool
train20k-13852,train20k-13783,unused_pool
train20k-13853,train20k-13784,unused_pool
train20k-13854,train20k-13785,unused_pool
train20k-13855,train20k-13786,unused_pool
train20k-13856,train20k-13787,unused_pool
train20k-13857,train20k-13788,unused_pool
train20k-13858,train20k-13789,unused_pool
train20k-13859,train20k-13790,unused_pool
train20k-13860,train20k-13791,unused_pool
train20k-13861,train20k-13792,unused_pool
train20k-13862,train20k-13793,unused_pool
train20k-13863,train20k-13794,unused_pool
train20k-13864,train20k-13795,unused_pool
train20k-13865,train20k-13796,unused_pool
train20k-13866,train20k-13797,unused_pool
train20k-13867,train20k-13798,unused_pool
train20k-13868,train20k-13799,unused_pool
train20k-13869,train20k-13800,unused_pool
train20k-13870,train20k-13801,unused_pool
train20k-13871,train20k-13802,unused_pool
train20k-13872,train20k-13803,unused_pool
train20k-13873,train20k-13804,unused_pool
train20k-13874,train20k-13805,unused_pool
train20k-13875,train20k-13806,unused_pool
train20k-13876,train20k-13807,unused_pool
train20k-13877,train20k-13808,unused_pool
train20k-13878,train20k-13809,unused_pool
train20k-13879,train20k-13810,unused_pool
train20k-13880,train20k-13811,unused_pool
train20k-13881,train20k-13812,unused_pool
train20k-13882,train20k-13813,unused_pool
train20k-13883,train20k-13814,unused_pool
train20k-13884,train20k-13815,unused_pool
train20k-13885,train20k-13816,unused_pool
train20k-13886,train20k-13817,unused_pool
train20k-13887,train20k-13818,unused_pool
train20k-13888,train20k-13819,unused_pool
train20k-13889,train20k-13820,unused_pool
train20k-13890,train20k-13821,unused_pool
train20k-13891,train20k-13822,unused_pool
train20k-13892,train20k-13823,unused_pool
train20k-13893,train20k-13824,unused_pool
train20k-13894,train20k-13825,unused_pool
train20k-13895,train20k-13826,unused_pool
train20k-13896,train20k-13827,unused_pool
train20k-13897,train20k-13828,unused_pool
train20k-13898,train20k-13829,unused_pool
train20k-13899,train20k-13830,unused_pool
train20k-13900,train20k-13831,unused_pool
train20k-13901,train20k-13832,unused_pool
train20k-13902,train20k-13833,unused_pool
train20k-13903,train20k-13834,unused_pool
train20k-13904,train20k-13835,unused_pool
train20k-13905,train20k-13836,unused_pool
train20k-13906,train20k-13837,unused_pool
train20k-13907,train20k-13838,unused_pool
train20k-13908,train20k-13839,unused_pool
train20k-13909,train20k-13840,unused_pool
train20k-13910,train20k-13841,unused_pool
train20k-13911,train20k-13842,unused_pool
train20k-13912,train20k-13843,unused_pool
train20k-13913,train20k-13844,unused_pool
train20k-13914,train20k-13845,unused_pool
train20k-13915,train20k-13846,unused_pool
train20k-13916,train20k-13847,unused_pool
train20k-13917,train20k-13848,unused_pool
train20k-13918,train20k-13849,unused_pool
train20k-13919,train20k-13850,unused_pool
train20k-13920,train20k-13851,unused_pool
train20k-13921,train20k-13852,unused_pool
train20k-13922,train20k-13853,unused_pool
train20k-13923,train20k-13854,unused_pool
train20k-13924,train20k-13855,unused_pool
train20k-13925,train20k-13856,unused_pool
train20k-13926,train20k-13857,unused_pool
train20k-13927,train20k-13858,unused_pool
train20k-13928,train20k-13859,unused_pool
train20k-13929,train20k-13860,unused_pool
train20k-13930,train20k-13861,unused_pool
train20k-13931,train20k-13862,unused_pool
train20k-13932,train20k-13863,unused_pool
train20k-13933,train20k-13864,unused_pool
train20k-13934,train20k-13865,unused_pool
train20k-13935,train20k-13866,unused_pool
train20k-13936,train20k-13867,unused_pool
train20k-13937,train20k-13868,unused_pool
train20k-13938,train20k-13869,unused_pool
train20k-13939,train20k-13870,unused_pool
train20k-13940,train20k-13871,unused_pool
train20k-13941,train20k-13872,unused_pool
train20k-13942,train20k-13873,unused_pool
train20k-13943,train20k-13874,unused_pool
train20k-13944,train20k-13875,unused_pool
train20k-13945,train20k-13876,unused_pool
train20k-13946,train20k-13877,unused_pool
train20k-13947,train20k-13878,unused_pool
train20k-13948,train20k-13879,unused_pool
train20k-13949,train20k-13880,unused_pool
train20k-13950,train20k-13881,unused_pool
train20k-13951,train20k-13882,unused_pool
train20k-13952,train20k-13883,unused_pool
train20k-13953,train20k-13884,unused_pool
train20k-13954,train20k-13885,unused_pool
train20k-13955,train20k-13886,unused_pool
train20k-13956,train20k-13887,unused_pool
train20k-13957,train20k-13888,unused_pool
train20k-13958,train20k-13889,unused_pool
train20k-13959,train20k-13890,unused_pool
train20k-13960,train20k-13891,unused_pool
train20k-13961,train20k-13892,unused_pool
train20k-13962,train20k-13893,unused_pool
train20k-13963,train20k-13894,unused_pool
train20k-13964,train20k-13895,unused_pool
train20k-13965,train20k-13896,unused_pool
train20k-13966,train20k-13897,unused_pool
train20k-13967,train20k-13898,unused_pool
train20k-13968,train20k-13899,unused_pool
train20k-13969,train20k-13900,unused_pool
train20k-13970,train20k-13901,unused_pool
train20k-13971,train20k-13902,unused_pool
train20k-13972,train20k-13903,unused_pool
train20k-13973,train20k-13904,unused_pool
train20k-13974,train20k-13905,unused_pool
train20k-13975,train20k-13906,unused_pool
train20k-13976,train20k-13907,unused_pool
train20k-13977,train20k-13908,unused_pool
train20k-13978,train20k-13909,unused_pool
train20k-13979,train20k-13910,unused_pool
train20k-13980,train20k-13911,unused_pool
train20k-13981,train20k-13912,unused_pool
train20k-13982,train20k-13913,unused_pool
train20k-13983,train20k-13914,unused_pool
train20k-13984,train20k-13915,unused_pool
train20k-13985,train20k-13916,unused_pool
train20k-13986,train20k-13917,unused_pool
train20k-13987,train20k-13918,unused_pool
train20k-13988,train20k-13919,unused_pool
train20k-13989,train20k-13920,unused_pool
train20k-13990,train20k-13921,unused_pool
train20k-13991,train20k-13922,unused_pool
train20k-13992,train20k-13923,unused_pool
train20k-13993,train20k-13924,unused_pool
train20k-13994,train20k-13925,unused_pool
train20k-13995,train20k-13926,unused_pool
train20k-13996,train20k-13927,unused_pool
train20k-13997,train20k-13928,unused_pool
train20k-13998,train20k-13929,unused_pool
train20k-13999,train20k-13930,unused_pool
train20k-14000,train20k-13931,unused_pool
train20k-14001,train20k-13932,unused_pool
train20k-14002,train20k-13933,unused_pool
train20k-14003,train20k-13934,unused_pool
train20k-14004,train20k-13935,unused_pool
train20k-14005,train20k-13936,unused_pool
train20k-14006,train20k-13937,unused_pool
train20k-14007,train20k-13938,unused_pool
train20k-14008,train20k-13939,unused_pool
train20k-14009,train20k-13940,unused_pool
train20k-14010,train20k-13941,unused_pool
train20k-14011,train20k-13942,unused_pool
train20k-14012,train20k-13943,unused_pool
train20k-14013,train20k-13944,unused_pool
train20k-14014,train20k-13945,unused_pool
train20k-14015,train20k-13946,unused_pool
train20k-14016,train20k-13947,unused_pool
train20k-14017,train20k-13948,unused_pool
train20k-14018,train20k-13949,unused_pool
train20k-14019,train20k-13950,unused_pool
train20k-14020,train20k-13951,unused_pool
train20k-14021,train20k-13952,unused_pool
train20k-14022,train20k-13953,unused_pool
train20k-14023,train20k-13954,unused_pool
train20k-14024,train20k-13955,unused_pool
train20k-14025,train20k-13956,unused_pool
train20k-14026,train20k-13957,unused_pool
train20k-14027,train20k-13958,unused_pool
train20k-14028,train20k-13959,unused_pool
train20k-14029,train20k-13960,unused_pool
train20k-14030,train20k-13961,unused_pool
train20k-14031,train20k-13962,unused_pool
train20k-14032,train20k-13963,unused_pool
train20k-14033,train20k-13964,unused_pool
train20k-14035,train20k-13965,unused_pool
train20k-14036,train20k-13966,unused_pool
train20k-14037,train20k-13967,unused_pool
train20k-14038,train20k-13968,unused_pool
train20k-14039,train20k-13969,unused_pool
train20k-14040,train20k-13970,unused_pool
train20k-14041,train20k-13971,unused_pool
train20k-14042,train20k-13972,unused_pool
train20k-14043,train20k-13973,unused_pool
train20k-14044,train20k-13974,unused_pool
train20k-14045,train20k-13975,unused_pool
train20k-14046,train20k-13976,unused_pool
train20k-14047,train20k-13977,unused_pool
train20k-14048,train20k-13978,unused_pool
train20k-14049,train20k-13979,unused_pool
train20k-14050,train20k-13980,unused_pool
train20k-14051,train20k-13981,unused_pool
train20k-14052,train20k-13982,unused_pool
train20k-14053,train20k-13983,unused_pool
train20k-14054,train20k-13984,unused_pool
train20k-14055,train20k-13985,unused_pool
train20k-14056,train20k-13986,unused_pool
train20k-14057,train20k-13987,unused_pool
train20k-14058,train20k-13988,unused_pool
train20k-14059,train20k-13989,unused_pool
train20k-14060,train20k-13990,unused_pool
train20k-14061,train20k-13991,unused_pool
train20k-14062,train20k-13992,unused_pool
train20k-14063,train20k-13993,unused_pool
train20k-14064,train20k-13994,unused_pool
train20k-14065,train20k-13995,unused_pool
train20k-14066,train20k-13996,unused_pool
train20k-14067,train20k-13997,unused_pool
train20k-14068,train20k-13998,unused_pool
train20k-14069,train20k-13999,unused_pool
train20k-14070,train20k-14000,unused_pool
train20k-14071,train20k-14001,unused_pool
train20k-14072,train20k-14002,unused_pool
train20k-14073,train20k-14003,unused_pool
train20k-14074,train20k-14004,unused_pool
train20k-14075,train20k-14005,unused_pool
train20k-14076,train20k-14006,unused_pool
train20k-14077,train20k-14007,unused_pool
train20k-14078,train20k-14008,unused_pool
train20k-14079,train20k-14009,unused_pool
train20k-14080,train20k-14010,unused_pool
train20k-14081,train20k-14011,unused_pool
train20k-14082,train20k-14012,unused_pool
train20k-14083,train20k-14013,unused_pool
train20k-14084,train20k-14014,unused_pool
train20k-14085,train20k-14015,unused_pool
train20k-14086,train20k-14016,unused_pool
train20k-14087,train20k-14017,unused_pool
train20k-14088,train20k-14018,unused_pool
train20k-14089,train20k-14019,unused_pool
train20k-14090,train20k-14020,unused_pool
train20k-14091,train20k-14021,unused_pool
train20k-14092,train20k-14022,unused_pool
train20k-14093,train20k-14023,unused_pool
train20k-14094,train20k-14024,unused_pool
train20k-14095,train20k-14025,unused_pool
train20k-14096,train20k-14026,unused_pool
train20k-14097,train20k-14027,unused_pool
train20k-14098,train20k-14028,unused_pool
train20k-14099,train20k-14029,unused_pool
train20k-14100,train20k-14030,unused_pool
train20k-14101,train20k-14031,unused_pool
train20k-14102,train20k-14032,unused_pool
train20k-14103,train20k-14033,unused_pool
train20k-14104,train20k-14034,unused_pool
train20k-14105,train20k-14035,unused_pool
train20k-14106,train20k-14036,unused_pool
train20k-14107,train20k-14037,unused_pool
train20k-14108,train20k-14038,unused_pool
train20k-14109,train20k-14039,unused_pool
train20k-14110,train20k-14040,unused_pool
train20k-14111,train20k-14041,unused_pool
train20k-14112,train20k-14042,unused_pool
train20k-14113,train20k-14043,unused_pool
train20k-14114,train20k-14044,unused_pool
train20k-14115,train20k-14045,unused_pool
train20k-14116,train20k-14046,unused_pool
train20k-14117,train20k-14047,unused_pool
train20k-14118,train20k-14048,unused_pool
train20k-14119,train20k-14049,unused_pool
train20k-14120,train20k-14050,unused_pool
train20k-14121,train20k-14051,unused_pool
train20k-14122,train20k-14052,unused_pool
train20k-14123,train20k-14053,unused_pool
train20k-14124,train20k-14054,unused_pool
train20k-14125,train20k-14055,unused_pool
train20k-14126,train20k-14056,unused_pool
train20k-14127,train20k-14057,unused_pool
train20k-14128,train20k-14058,unused_pool
train20k-14129,train20k-14059,unused_pool
train20k-14130,train20k-14060,unused_pool
train20k-14131,train20k-14061,unused_pool
train20k-14132,train20k-14062,unused_pool
train20k-14133,train20k-14063,unused_pool
train20k-14134,train20k-14064,unused_pool
train20k-14135,train20k-14065,unused_pool
train20k-14136,train20k-14066,unused_pool
train20k-14137,train20k-14067,unused_pool
train20k-14138,train20k-14068,unused_pool
train20k-14139,train20k-14069,unused_pool
train20k-14140,train20k-14070,unused_pool
train20k-14141,train20k-14071,unused_pool
train20k-14142,train20k-14072,unused_pool
train20k-14143,train20k-14073,unused_pool
train20k-14144,train20k-14074,unused_pool
train20k-14145,train20k-14075,unused_pool
train20k-14146,train20k-14076,unused_pool
train20k-14147,train20k-14077,unused_pool
train20k-14148,train20k-14078,unused_pool
train20k-14149,train20k-14079,unused_pool
train20k-14150,train20k-14080,unused_pool
train20k-14151,train20k-14081,unused_pool
train20k-14152,train20k-14082,unused_pool
train20k-14153,train20k-14083,unused_pool
train20k-14154,train20k-14084,unused_pool
train20k-14155,train20k-14085,unused_pool
train20k-14156,train20k-14086,unused_pool
train20k-14157,train20k-14087,unused_pool
train20k-14158,train20k-14088,unused_pool
train20k-14159,train20k-14089,unused_pool
train20k-14160,train20k-14090,unused_pool
train20k-14161,train20k-14091,unused_pool
train20k-14162,train20k-14092,unused_pool
train20k-14163,train20k-14093,unused_pool
train20k-14164,train20k-14094,unused_pool
train20k-14165,train20k-14095,unused_pool
train20k-14166,train20k-14096,unused_pool
train20k-14167,train20k-14097,unused_pool
train20k-14168,train20k-14098,unused_pool
train20k-14169,train20k-14099,unused_pool
train20k-14170,train20k-14100,unused_pool
train20k-14171,train20k-14101,unused_pool
train20k-14172,train20k-14102,unused_pool
train20k-14173,train20k-14103,unused_pool
train20k-14174,train20k-14104,unused_pool
train20k-14175,train20k-14105,unused_pool
train20k-14176,train20k-14106,unused_pool
train20k-14177,train20k-14107,unused_pool
train20k-14178,train20k-14108,unused_pool
train20k-14179,train20k-14109,unused_pool
train20k-14180,train20k-14110,unused_pool
train20k-14181,train20k-14111,unused_pool
train20k-14182,train20k-14112,unused_pool
train20k-14183,train20k-14113,unused_pool
train20k-14184,train20k-14114,unused_pool
train20k-14185,train20k-14115,unused_pool
train20k-14186,train20k-14116,unused_pool
train20k-14187,train20k-14117,unused_pool
train20k-14188,train20k-14118,unused_pool
train20k-14189,train20k-14119,unused_pool
train20k-14190,train20k-14120,unused_pool
train20k-14191,train20k-14121,unused_pool
train20k-14192,train20k-14122,unused_pool
train20k-14193,train20k-14123,unused_pool
train20k-14194,train20k-14124,unused_pool
train20k-14195,train20k-14125,unused_pool
train20k-14196,train20k-14126,unused_pool
train20k-14197,train20k-14127,unused_pool
train20k-14198,train20k-14128,unused_pool
train20k-14199,train20k-14129,unused_pool
train20k-14200,train20k-14130,unused_pool
train20k-14201,train20k-14131,unused_pool
train20k-14202,train20k-14132,unused_pool
train20k-14203,train20k-14133,unused_pool
train20k-14204,train20k-14134,unused_pool
train20k-14205,train20k-14135,unused_pool
train20k-14206,train20k-14136,unused_pool
train20k-14207,train20k-14137,unused_pool
train20k-14208,train20k-14138,unused_pool
train20k-14209,train20k-14139,unused_pool
train20k-14210,train20k-14140,unused_pool
train20k-14211,train20k-14141,unused_pool
train20k-14212,train20k-14142,unused_pool
train20k-14213,train20k-14143,unused_pool
train20k-14214,train20k-14144,unused_pool
train20k-14215,train20k-14145,unused_pool
train20k-14216,train20k-14146,unused_pool
train20k-14217,train20k-14147,unused_pool
train20k-14218,train20k-14148,unused_pool
train20k-14219,train20k-14149,unused_pool
train20k-14220,train20k-14150,unused_pool
train20k-14221,train20k-14151,unused_pool
train20k-14222,train20k-14152,unused_pool
train20k-14223,train20k-14153,unused_pool
train20k-14224,train20k-14154,unused_pool
train20k-14225,train20k-14155,unused_pool
train20k-14226,train20k-14156,unused_pool
train20k-14227,train20k-14157,unused_pool
train20k-14228,train20k-14158,unused_pool
train20k-14229,train20k-14159,unused_pool
train20k-14230,train20k-14160,unused_pool
train20k-14231,train20k-14161,unused_pool
train20k-14232,train20k-14162,unused_pool
train20k-14233,train20k-14163,unused_pool
train20k-14234,train20k-14164,unused_pool
train20k-14235,train20k-14165,unused_pool
train20k-14236,train20k-14166,unused_pool
train20k-14237,train20k-14167,unused_pool
train20k-14238,train20k-14168,unused_pool
train20k-14239,train20k-14169,unused_pool
train20k-14240,train20k-14170,unused_pool
train20k-14241,train20k-14171,unused_pool
train20k-14242,train20k-14172,unused_pool
train20k-14243,train20k-14173,unused_pool
train20k-14244,train20k-14174,unused_pool
train20k-14245,train20k-14175,unused_pool
train20k-14246,train20k-14176,unused_pool
train20k-14247,train20k-14177,unused_pool
train20k-14248,train20k-14178,unused_pool
train20k-14249,train20k-14179,unused_pool
train20k-14250,train20k-14180,unused_pool
train20k-14251,train20k-14181,unused_pool
train20k-14252,train20k-14182,unused_pool
train20k-14253,train20k-14183,unused_pool
train20k-14254,train20k-14184,unused_pool
train20k-14255,train20k-14185,unused_pool
train20k-14256,train20k-14186,unused_pool
train20k-14257,train20k-14187,unused_pool
train20k-14258,train20k-14188,unused_pool
train20k-14259,train20k-14189,unused_pool
train20k-14260,train20k-14190,unused_pool
train20k-14261,train20k-14191,unused_pool
train20k-14262,train20k-14192,unused_pool
train20k-14263,train20k-14193,unused_pool
train20k-14264,train20k-14194,unused_pool
train20k-14265,train20k-14195,unused_pool
train20k-14266,train20k-14196,unused_pool
train20k-14267,train20k-14197,unused_pool
train20k-14268,train20k-14198,unused_pool
train20k-14269,train20k-14199,unused_pool
train20k-14270,train20k-14200,unused_pool
train20k-14271,train20k-14201,unused_pool
train20k-14272,train20k-14202,unused_pool
train20k-14273,train20k-14203,unused_pool
train20k-14274,train20k-14204,unused_pool
train20k-14275,train20k-14205,unused_pool
train20k-14276,train20k-14206,unused_pool
train20k-14277,train20k-14207,unused_pool
train20k-14278,train20k-14208,unused_pool
train20k-14279,train20k-14209,unused_pool
train20k-14280,train20k-14210,unused_pool
train20k-14281,train20k-14211,unused_pool
train20k-14282,train20k-14212,unused_pool
train20k-14283,train20k-14213,unused_pool
train20k-14284,train20k-14214,unused_pool
train20k-14285,train20k-14215,unused_pool
train20k-14286,train20k-14216,unused_pool
train20k-14287,train20k-14217,unused_pool
train20k-14288,train20k-14218,unused_pool
train20k-14289,train20k-14219,unused_pool
train20k-14290,train20k-14220,unused_pool
train20k-14291,train20k-14221,unused_pool
train20k-14292,train20k-14222,unused_pool
train20k-14293,train20k-14223,unused_pool
train20k-14294,train20k-14224,unused_pool
train20k-14295,train20k-14225,unused_pool
train20k-14296,train20k-14226,unused_pool
train20k-14297,train20k-14227,unused_pool
train20k-14298,train20k-14228,unused_pool
train20k-14299,train20k-14229,unused_pool
train20k-14300,train20k-14230,unused_pool
train20k-14301,train20k-14231,unused_pool
train20k-14302,train20k-14232,unused_pool
train20k-14303,train20k-14233,unused_pool
train20k-14304,train20k-14234,unused_pool
train20k-14305,train20k-14235,unused_pool
train20k-14306,train20k-14236,unused_pool
train20k-14307,train20k-14237,unused_pool
train20k-14308,train20k-14238,unused_pool
train20k-14309,train20k-14239,unused_pool
train20k-14310,train20k-14240,unused_pool
train20k-14311,train20k-14241,unused_pool
train20k-14312,train20k-14242,unused_pool
train20k-14313,train20k-14243,unused_pool
train20k-14314,train20k-14244,unused_pool
train20k-14315,train20k-14245,unused_pool
train20k-14316,train20k-14246,unused_pool
train20k-14317,train20k-14247,unused_pool
train20k-14318,train20k-14248,unused_pool
train20k-14319,train20k-14249,unused_pool
train20k-14320,train20k-14250,unused_pool
train20k-14321,train20k-14251,unused_pool
train20k-14322,train20k-14252,unused_pool
train20k-14323,train20k-14253,unused_pool
train20k-14324,train20k-14254,unused_pool
train20k-14325,train20k-14255,unused_pool
train20k-14326,train20k-14256,unused_pool
train20k-14327,train20k-14257,unused_pool
train20k-14328,train20k-14258,unused_pool
train20k-14329,train20k-14259,unused_pool
train20k-14330,train20k-14260,unused_pool
train20k-14331,train20k-14261,unused_pool
train20k-14332,train20k-14262,unused_pool
train20k-14333,train20k-14263,unused_pool
train20k-14334,train20k-14264,unused_pool
train20k-14335,train20k-14265,unused_pool
train20k-14336,train20k-14266,unused_pool
train20k-14337,train20k-14267,unused_pool
train20k-14338,train20k-14268,unused_pool
train20k-14339,train20k-14269,unused_pool
train20k-14340,train20k-14270,unused_pool
train20k-14341,train20k-14271,unused_pool
train20k-14342,train20k-14272,unused_pool
train20k-14343,train20k-14273,unused_pool
train20k-14344,train20k-14274,unused_pool
train20k-14345,train20k-14275,unused_pool
train20k-14346,train20k-14276,unused_pool
train20k-14347,train20k-14277,unused_pool
train20k-14348,train20k-14278,unused_pool
train20k-14349,train20k-14279,unused_pool
train20k-14350,train20k-14280,unused_pool
train20k-14351,train20k-14281,unused_pool
train20k-14352,train20k-14282,unused_pool
train20k-14353,train20k-14283,unused_pool
train20k-14354,train20k-14284,unused_pool
train20k-14355,train20k-14285,unused_pool
train20k-14356,train20k-14286,unused_pool
train20k-14357,train20k-14287,unused_pool
train20k-14358,train20k-14288,unused_pool
train20k-14359,train20k-14289,unused_pool
train20k-14360,train20k-14290,unused_pool
train20k-14361,train20k-14291,unused_pool
train20k-14362,train20k-14292,unused_pool
train20k-14363,train20k-14293,unused_pool
train20k-14364,train20k-14294,unused_pool
train20k-14365,train20k-14295,unused_pool
train20k-14366,train20k-14296,unused_pool
train20k-14367,train20k-14297,unused_pool
train20k-14368,train20k-14298,unused_pool
train20k-14369,train20k-14299,unused_pool
train20k-14370,train20k-14300,unused_pool
train20k-14371,train20k-14301,unused_pool
train20k-14372,train20k-14302,unused_pool
train20k-14373,train20k-14303,unused_pool
train20k-14374,train20k-14304,unused_pool
train20k-14375,train20k-14305,unused_pool
train20k-14376,train20k-14306,unused_pool
train20k-14377,train20k-14307,unused_pool
train20k-14378,train20k-14308,unused_pool
train20k-14379,train20k-14309,unused_pool
train20k-14380,train20k-14310,unused_pool
train20k-14381,train20k-14311,unused_pool
train20k-14382,train20k-14312,unused_pool
train20k-14383,train20k-14313,unused_pool
train20k-14384,train20k-14314,unused_pool
train20k-14385,train20k-14315,unused_pool
train20k-14386,train20k-14316,unused_pool
train20k-14387,train20k-14317,unused_pool
train20k-14388,train20k-14318,unused_pool
train20k-14389,train20k-14319,unused_pool
train20k-14390,train20k-14320,unused_pool
train20k-14391,train20k-14321,unused_pool
train20k-14392,train20k-14322,unused_pool
train20k-14393,train20k-14323,unused_pool
train20k-14394,train20k-14324,unused_pool
train20k-14395,train20k-14325,unused_pool
train20k-14396,train20k-14326,unused_pool
train20k-14397,train20k-14327,unused_pool
train20k-14398,train20k-14328,unused_pool
train20k-14399,train20k-14329,unused_pool
train20k-14400,train20k-14330,unused_pool
train20k-14401,train20k-14331,unused_pool
train20k-14402,train20k-14332,unused_pool
train20k-14403,train20k-14333,unused_pool
train20k-14404,train20k-14334,unused_pool
train20k-14405,train20k-14335,unused_pool
train20k-14406,train20k-14336,unused_pool
train20k-14407,train20k-14337,unused_pool
train20k-14408,train20k-14338,unused_pool
train20k-14409,train20k-14339,unused_pool
train20k-14410,train20k-14340,unused_pool
train20k-14411,train20k-14341,unused_pool
train20k-14412,train20k-14342,unused_pool
train20k-14413,train20k-14343,unused_pool
train20k-14414,train20k-14344,unused_pool
train20k-14415,train20k-14345,unused_pool
train20k-14416,train20k-14346,unused_pool
train20k-14417,train20k-14347,unused_pool
train20k-14418,train20k-14348,unused_pool
train20k-14419,train20k-14349,unused_pool
train20k-14420,train20k-14350,unused_pool
train20k-14421,train20k-14351,unused_pool
train20k-14422,train20k-14352,unused_pool
train20k-14423,train20k-14353,unused_pool
train20k-14424,train20k-14354,unused_pool
train20k-14425,train20k-14355,unused_pool
train20k-14426,train20k-14356,unused_pool
train20k-14427,train20k-14357,unused_pool
train20k-14428,train20k-14358,unused_pool
train20k-14429,train20k-14359,unused_pool
train20k-14430,train20k-14360,unused_pool
train20k-14431,train20k-14361,unused_pool
train20k-14432,train20k-14362,unused_pool
train20k-14433,train20k-14363,unused_pool
train20k-14434,train20k-14364,unused_pool
train20k-14435,train20k-14365,unused_pool
train20k-14436,train20k-14366,unused_pool
train20k-14437,train20k-14367,unused_pool
train20k-14438,train20k-14368,unused_pool
train20k-14439,train20k-14369,unused_pool
train20k-14440,train20k-14370,unused_pool
train20k-14441,train20k-14371,unused_pool
train20k-14442,train20k-14372,unused_pool
train20k-14443,train20k-14373,unused_pool
train20k-14444,train20k-14374,unused_pool
train20k-14445,train20k-14375,unused_pool
train20k-14446,train20k-14376,unused_pool
train20k-14447,train20k-14377,unused_pool
train20k-14448,train20k-14378,unused_pool
train20k-14449,train20k-14379,unused_pool
train20k-14450,train20k-14380,unused_pool
train20k-14451,train20k-14381,unused_pool
train20k-14452,train20k-14382,unused_pool
train20k-14453,train20k-14383,unused_pool
train20k-14454,train20k-14384,unused_pool
train20k-14455,train20k-14385,unused_pool
train20k-14456,train20k-14386,unused_pool
train20k-14457,train20k-14387,unused_pool
train20k-14458,train20k-14388,unused_pool
train20k-14459,train20k-14389,unused_pool
train20k-14460,train20k-14390,unused_pool
train20k-14461,train20k-14391,unused_pool
train20k-14462,train20k-14392,unused_pool
train20k-14463,train20k-14393,unused_pool
train20k-14464,train20k-14394,unused_pool
train20k-14465,train20k-14395,unused_pool
train20k-14466,train20k-14396,unused_pool
train20k-14467,train20k-14397,unused_pool
train20k-14468,train20k-14398,unused_pool
train20k-14469,train20k-14399,unused_pool
train20k-14470,train20k-14400,unused_pool
train20k-14471,train20k-14401,unused_pool
train20k-14472,train20k-14402,unused_pool
train20k-14473,train20k-14403,unused_pool
train20k-14474,train20k-14404,unused_pool
train20k-14475,train20k-14405,unused_pool
train20k-14476,train20k-14406,unused_pool
train20k-14477,train20k-14407,unused_pool
train20k-14478,train20k-14408,unused_pool
train20k-14479,train20k-14409,unused_pool
train20k-14480,train20k-14410,unused_pool
train20k-14481,train20k-14411,unused_pool
train20k-14482,train20k-14412,unused_pool
train20k-14483,train20k-14413,unused_pool
train20k-14484,train20k-14414,unused_pool
train20k-14485,train20k-14415,unused_pool
train20k-14486,train20k-14416,unused_pool
train20k-14487,train20k-14417,unused_pool
train20k-14488,train20k-14418,unused_pool
train20k-14489,train20k-14419,unused_pool
train20k-14490,train20k-14420,unused_pool
train20k-14491,train20k-14421,unused_pool
train20k-14492,train20k-14422,unused_pool
train20k-14493,train20k-14423,unused_pool
train20k-14494,train20k-14424,unused_pool
train20k-14495,train20k-14425,unused_pool
train20k-14496,train20k-14426,unused_pool
train20k-14497,train20k-14427,unused_pool
train20k-14498,train20k-14428,unused_pool
train20k-14499,train20k-14429,unused_pool
train20k-14500,train20k-14430,unused_pool
train20k-14501,train20k-14431,unused_pool
train20k-14502,train20k-14432,unused_pool
train20k-14503,train20k-14433,unused_pool
train20k-14504,train20k-14434,unused_pool
train20k-14505,train20k-14435,unused_pool
train20k-14506,train20k-14436,unused_pool
train20k-14507,train20k-14437,unused_pool
train20k-14508,train20k-14438,unused_pool
train20k-14509,train20k-14439,unused_pool
train20k-14510,train20k-14440,unused_pool
train20k-14511,train20k-14441,unused_pool
train20k-14512,train20k-14442,unused_pool
train20k-14513,train20k-14443,unused_pool
train20k-14514,train20k-14444,unused_pool
train20k-14515,train20k-14445,unused_pool
train20k-14516,train20k-14446,unused_pool
train20k-14517,train20k-14447,unused_pool
train20k-14518,train20k-14448,unused_pool
train20k-14519,train20k-14449,unused_pool
train20k-14520,train20k-14450,unused_pool
train20k-14521,train20k-14451,unused_pool
train20k-14522,train20k-14452,unused_pool
train20k-14523,train20k-14453,unused_pool
train20k-14524,train20k-14454,unused_pool
train20k-14525,train20k-14455,unused_pool
train20k-14526,train20k-14456,unused_pool
train20k-14527,train20k-14457,unused_pool
train20k-14528,train20k-14458,unused_pool
train20k-14529,train20k-14459,unused_pool
train20k-14530,train20k-14460,unused_pool
train20k-14531,train20k-14461,unused_pool
train20k-14532,train20k-14462,unused_pool
train20k-14533,train20k-14463,unused_pool
train20k-14534,train20k-14464,unused_pool
train20k-14535,train20k-14465,unused_pool
train20k-14536,train20k-14466,unused_pool
train20k-14537,train20k-14467,unused_pool
train20k-14538,train20k-14468,unused_pool
train20k-14539,train20k-14469,unused_pool
train20k-14540,train20k-14470,unused_pool
train20k-14541,train20k-14471,unused_pool
train20k-14542,train20k-14472,unused_pool
train20k-14543,train20k-14473,unused_pool
train20k-14544,train20k-14474,unused_pool
train20k-14545,train20k-14475,unused_pool
train20k-14546,train20k-14476,unused_pool
train20k-14547,train20k-14477,unused_pool
train20k-14548,train20k-14478,unused_pool
train20k-14549,train20k-14479,unused_pool
train20k-14550,train20k-14480,unused_pool
train20k-14551,train20k-14481,unused_pool
train20k-14552,train20k-14482,unused_pool
train20k-14553,train20k-14483,unused_pool
train20k-14554,train20k-14484,unused_pool
train20k-14556,train20k-14485,unused_pool
train20k-14557,train20k-14486,unused_pool
train20k-14558,train20k-14487,unused_pool
train20k-14559,train20k-14488,unused_pool
train20k-14560,train20k-14489,unused_pool
train20k-14561,train20k-14490,unused_pool
train20k-14562,train20k-14491,unused_pool
train20k-14563,train20k-14492,unused_pool
train20k-14564,train20k-14493,unused_pool
train20k-14565,train20k-14494,unused_pool
train20k-14566,train20k-14495,unused_pool
train20k-14567,train20k-14496,unused_pool
train20k-14568,train20k-14497,unused_pool
train20k-14569,train20k-14498,unused_pool
train20k-14570,train20k-14499,unused_pool
train20k-14571,train20k-14500,unused_pool
train20k-14572,train20k-14501,unused_pool
train20k-14573,train20k-14502,unused_pool
train20k-14574,train20k-14503,unused_pool
train20k-14575,train20k-14504,unused_pool
train20k-14576,train20k-14505,unused_pool
train20k-14577,train20k-14506,unused_pool
train20k-14578,train20k-14507,unused_pool
train20k-14579,train20k-14508,unused_pool
train20k-14580,train20k-14509,unused_pool
train20k-14581,train20k-14510,unused_pool
train20k-14582,train20k-14511,unused_pool
train20k-14583,train20k-14512,unused_pool
train20k-14584,train20k-14513,unused_pool
train20k-14585,train20k-14514,unused_pool
train20k-14586,train20k-14515,unused_pool
train20k-14587,train20k-14516,unused_pool
train20k-14588,train20k-14517,unused_pool
train20k-14589,train20k-14518,unused_pool
train20k-14590,train20k-14519,unused_pool
train20k-14591,train20k-14520,unused_pool
train20k-14592,train20k-14521,unused_pool
train20k-14593,train20k-14522,unused_pool
train20k-14594,train20k-14523,unused_pool
train20k-14595,train20k-14524,unused_pool
train20k-14596,train20k-14525,unused_pool
train20k-14597,train20k-14526,unused_pool
train20k-14598,train20k-14527,unused_pool
train20k-14599,train20k-14528,unused_pool
train20k-14600,train20k-14529,unused_pool
train20k-14601,train20k-14530,unused_pool
train20k-14602,train20k-14531,unused_pool
train20k-14603,train20k-14532,unused_pool
train20k-14604,train20k-14533,unused_pool
train20k-14605,train20k-14534,unused_pool
train20k-14606,train20k-14535,unused_pool
train20k-14607,train20k-14536,unused_pool
train20k-14608,train20k-14537,unused_pool
train20k-14609,train20k-14538,unused_pool
train20k-14610,train20k-14539,unused_pool
train20k-14611,train20k-14540,unused_pool
train20k-14612,train20k-14541,unused_pool
train20k-14613,train20k-14542,unused_pool
train20k-14614,train20k-14543,unused_pool
train20k-14615,train20k-14544,unused_pool
train20k-14616,train20k-14545,unused_pool
train20k-14617,train20k-14546,unused_pool
train20k-14618,train20k-14547,unused_pool
train20k-14619,train20k-14548,unused_pool
train20k-14620,train20k-14549,unused_pool
train20k-14621,train20k-14550,unused_pool
train20k-14622,train20k-14551,unused_pool
train20k-14623,train20k-14552,unused_pool
train20k-14624,train20k-14553,unused_pool
train20k-14625,train20k-14554,unused_pool
train20k-14626,train20k-14555,unused_pool
train20k-14627,train20k-14556,unused_pool
train20k-14628,train20k-14557,unused_pool
train20k-14629,train20k-14558,unused_pool
train20k-14630,train20k-14559,unused_pool
train20k-14631,train20k-14560,unused_pool
train20k-14632,train20k-14561,unused_pool
train20k-14633,train20k-14562,unused_pool
train20k-14634,train20k-14563,unused_pool
train20k-14635,train20k-14564,unused_pool
train20k-14636,train20k-14565,unused_pool
train20k-14637,train20k-14566,unused_pool
train20k-14638,train20k-14567,unused_pool
train20k-14639,train20k-14568,unused_pool
train20k-14640,train20k-14569,unused_pool
train20k-14641,train20k-14570,unused_pool
train20k-14642,train20k-14571,unused_pool
train20k-14643,train20k-14572,unused_pool
train20k-14644,train20k-14573,unused_pool
train20k-14645,train20k-14574,unused_pool
train20k-14646,train20k-14575,unused_pool
train20k-14647,train20k-14576,unused_pool
train20k-14648,train20k-14577,unused_pool
train20k-14649,train20k-14578,unused_pool
train20k-14650,train20k-14579,unused_pool
train20k-14651,train20k-14580,unused_pool
train20k-14652,train20k-14581,unused_pool
train20k-14653,train20k-14582,unused_pool
train20k-14654,train20k-14583,unused_pool
train20k-14655,train20k-14584,unused_pool
train20k-14656,train20k-14585,unused_pool
train20k-14657,train20k-14586,unused_pool
train20k-14658,train20k-14587,unused_pool
train20k-14659,train20k-14588,unused_pool
train20k-14660,train20k-14589,unused_pool
train20k-14661,train20k-14590,unused_pool
train20k-14662,train20k-14591,unused_pool
train20k-14663,train20k-14592,unused_pool
train20k-14664,train20k-14593,unused_pool
train20k-14665,train20k-14594,unused_pool
train20k-14666,train20k-14595,unused_pool
train20k-14667,train20k-14596,unused_pool
train20k-14668,train20k-14597,unused_pool
train20k-14669,train20k-14598,unused_pool
train20k-14670,train20k-14599,unused_pool
train20k-14671,train20k-14600,unused_pool
train20k-14672,train20k-14601,unused_pool
train20k-14673,train20k-14602,unused_pool
train20k-14674,train20k-14603,unused_pool
train20k-14675,train20k-14604,unused_pool
train20k-14676,train20k-14605,unused_pool
train20k-14677,train20k-14606,unused_pool
train20k-14678,train20k-14607,unused_pool
train20k-14679,train20k-14608,unused_pool
train20k-14680,train20k-14609,unused_pool
train20k-14681,train20k-14610,unused_pool
train20k-14682,train20k-14611,unused_pool
train20k-14683,train20k-14612,unused_pool
train20k-14684,train20k-14613,unused_pool
train20k-14685,train20k-14614,unused_pool
train20k-14686,train20k-14615,unused_pool
train20k-14687,train20k-14616,unused_pool
train20k-14688,train20k-14617,unused_pool
train20k-14689,train20k-14618,unused_pool
train20k-14690,train20k-14619,unused_pool
train20k-14691,train20k-14620,unused_pool
train20k-14692,train20k-14621,unused_pool
train20k-14693,train20k-14622,unused_pool
train20k-14694,train20k-14623,unused_pool
train20k-14695,train20k-14624,unused_pool
train20k-14696,train20k-14625,unused_pool
train20k-14697,train20k-14626,unused_pool
train20k-14698,train20k-14627,unused_pool
train20k-14699,train20k-14628,unused_pool
train20k-14700,train20k-14629,unused_pool
train20k-14701,train20k-14630,unused_pool
train20k-14702,train20k-14631,unused_pool
train20k-14703,train20k-14632,unused_pool
train20k-14704,train20k-14633,unused_pool
train20k-14705,train20k-14634,unused_pool
train20k-14706,train20k-14635,unused_pool
train20k-14707,train20k-14636,unused_pool
train20k-14708,train20k-14637,unused_pool
train20k-14709,train20k-14638,unused_pool
train20k-14710,train20k-14639,unused_pool
train20k-14711,train20k-14640,unused_pool
train20k-14712,train20k-14641,unused_pool
train20k-14713,train20k-14642,unused_pool
train20k-14714,train20k-14643,unused_pool
train20k-14715,train20k-14644,unused_pool
train20k-14716,train20k-14645,unused_pool
train20k-14717,train20k-14646,unused_pool
train20k-14718,train20k-14647,unused_pool
train20k-14719,train20k-14648,unused_pool
train20k-14720,train20k-14649,unused_pool
train20k-14721,train20k-14650,unused_pool
train20k-14722,train20k-14651,unused_pool
train20k-14723,train20k-14652,unused_pool
train20k-14724,train20k-14653,unused_pool
train20k-14725,train20k-14654,unused_pool
train20k-14726,train20k-14655,unused_pool
train20k-14727,train20k-14656,unused_pool
train20k-14728,train20k-14657,unused_pool
train20k-14729,train20k-14658,unused_pool
train20k-14730,train20k-14659,unused_pool
train20k-14731,train20k-14660,unused_pool
train20k-14732,train20k-14661,unused_pool
train20k-14733,train20k-14662,unused_pool
train20k-14734,train20k-14663,unused_pool
train20k-14735,train20k-14664,unused_pool
train20k-14736,train20k-14665,unused_pool
train20k-14737,train20k-14666,unused_pool
train20k-14738,train20k-14667,unused_pool
train20k-14739,train20k-14668,unused_pool
train20k-14740,train20k-14669,unused_pool
train20k-14741,train20k-14670,unused_pool
train20k-14742,train20k-14671,unused_pool
train20k-14743,train20k-14672,unused_pool
train20k-14744,train20k-14673,unused_pool
train20k-14745,train20k-14674,unused_pool
train20k-14746,train20k-14675,unused_pool
train20k-14747,train20k-14676,unused_pool
train20k-14748,train20k-14677,unused_pool
train20k-14749,train20k-14678,unused_pool
train20k-14750,train20k-14679,unused_pool
train20k-14751,train20k-14680,unused_pool
train20k-14752,train20k-14681,unused_pool
train20k-14753,train20k-14682,unused_pool
train20k-14754,train20k-14683,unused_pool
train20k-14755,train20k-14684,unused_pool
train20k-14756,train20k-14685,unused_pool
train20k-14757,train20k-14686,unused_pool
train20k-14758,train20k-14687,unused_pool
train20k-14759,train20k-14688,unused_pool
train20k-14760,train20k-14689,unused_pool
train20k-14761,train20k-14690,unused_pool
train20k-14762,train20k-14691,unused_pool
train20k-14763,train20k-14692,unused_pool
train20k-14764,train20k-14693,unused_pool
train20k-14765,train20k-14694,unused_pool
train20k-14766,train20k-14695,unused_pool
train20k-14767,train20k-14696,unused_pool
train20k-14768,train20k-14697,unused_pool
train20k-14769,train20k-14698,unused_pool
train20k-14770,train20k-14699,unused_pool
train20k-14771,train20k-14700,unused_pool
train20k-14772,train20k-14701,unused_pool
train20k-14773,train20k-14702,unused_pool
train20k-14774,train20k-14703,unused_pool
train20k-14775,train20k-14704,unused_pool
train20k-14776,train20k-14705,unused_pool
train20k-14777,train20k-14706,unused_pool
train20k-14778,train20k-14707,unused_pool
train20k-14779,train20k-14708,unused_pool
train20k-14780,train20k-14709,unused_pool
train20k-14781,train20k-14710,unused_pool
train20k-14782,train20k-14711,unused_pool
train20k-14783,train20k-14712,unused_pool
train20k-14784,train20k-14713,unused_pool
train20k-14785,train20k-14714,unused_pool
train20k-14786,train20k-14715,unused_pool
train20k-14787,train20k-14716,unused_pool
train20k-14788,train20k-14717,unused_pool
train20k-14789,train20k-14718,unused_pool
train20k-14790,train20k-14719,unused_pool
train20k-14791,train20k-14720,unused_pool
train20k-14792,train20k-14721,unused_pool
train20k-14793,train20k-14722,unused_pool
train20k-14794,train20k-14723,unused_pool
train20k-14795,train20k-14724,unused_pool
train20k-14796,train20k-14725,unused_pool
train20k-14797,train20k-14726,unused_pool
train20k-14798,train20k-14727,unused_pool
train20k-14799,train20k-14728,unused_pool
train20k-14800,train20k-14729,unused_pool
train20k-14801,train20k-14730,unused_pool
train20k-14802,train20k-14731,unused_pool
train20k-14803,train20k-14732,unused_pool
train20k-14804,train20k-14733,unused_pool
train20k-14805,train20k-14734,unused_pool
train20k-14806,train20k-14735,unused_pool
train20k-14807,train20k-14736,unused_pool
train20k-14808,train20k-14737,unused_pool
train20k-14809,train20k-14738,unused_pool
train20k-14810,train20k-14739,unused_pool
train20k-14811,train20k-14740,unused_pool
train20k-14812,train20k-14741,unused_pool
train20k-14813,train20k-14742,unused_pool
train20k-14814,train20k-14743,unused_pool
train20k-14815,train20k-14744,unused_pool
train20k-14816,train20k-14745,unused_pool
train20k-14817,train20k-14746,unused_pool
train20k-14818,train20k-14747,unused_pool
train20k-14819,train20k-14748,unused_pool
train20k-14820,train20k-14749,unused_pool
train20k-14821,train20k-14750,unused_pool
train20k-14822,train20k-14751,unused_pool
train20k-14823,train20k-14752,unused_pool
train20k-14824,train20k-14753,unused_pool
train20k-14825,train20k-14754,unused_pool
train20k-14826,train20k-14755,unused_pool
train20k-14827,train20k-14756,unused_pool
train20k-14828,train20k-14757,unused_pool
train20k-14829,train20k-14758,unused_pool
train20k-14830,train20k-14759,unused_pool
train20k-14831,train20k-14760,unused_pool
train20k-14832,train20k-14761,unused_pool
train20k-14833,train20k-14762,unused_pool
train20k-14834,train20k-14763,unused_pool
train20k-14835,train20k-14764,unused_pool
train20k-14836,train20k-14765,unused_pool
train20k-14837,train20k-14766,unused_pool
train20k-14838,train20k-14767,unused_pool
train20k-14839,train20k-14768,unused_pool
train20k-14840,train20k-14769,unused_pool
train20k-14841,train20k-14770,unused_pool
train20k-14842,train20k-14771,unused_pool
train20k-14843,train20k-14772,unused_pool
train20k-14844,train20k-14773,unused_pool
train20k-14845,train20k-14774,unused_pool
train20k-14846,train20k-14775,unused_pool
train20k-14847,train20k-14776,unused_pool
train20k-14848,train20k-14777,unused_pool
train20k-14849,train20k-14778,unused_pool
train20k-14850,train20k-14779,unused_pool
train20k-14851,train20k-14780,unused_pool
train20k-14852,train20k-14781,unused_pool
train20k-14853,train20k-14782,unused_pool
train20k-14854,train20k-14783,unused_pool
train20k-14855,train20k-14784,unused_pool
train20k-14856,train20k-14785,unused_pool
train20k-14857,train20k-14786,unused_pool
train20k-14858,train20k-14787,unused_pool
train20k-14859,train20k-14788,unused_pool
train20k-14860,train20k-14789,unused_pool
train20k-14861,train20k-14790,unused_pool
train20k-14862,train20k-14791,unused_pool
train20k-14863,train20k-14792,unused_pool
train20k-14864,train20k-14793,unused_pool
train20k-14865,train20k-14794,unused_pool
train20k-14866,train20k-14795,unused_pool
train20k-14867,train20k-14796,unused_pool
train20k-14868,train20k-14797,unused_pool
train20k-14869,train20k-14798,unused_pool
train20k-14870,train20k-14799,unused_pool
train20k-14871,train20k-14800,unused_pool
train20k-14872,train20k-14801,unused_pool
train20k-14873,train20k-14802,unused_pool
train20k-14874,train20k-14803,unused_pool
train20k-14875,train20k-14804,unused_pool
train20k-14876,train20k-14805,unused_pool
train20k-14877,train20k-14806,unused_pool
train20k-14878,train20k-14807,unused_pool
train20k-14879,train20k-14808,unused_pool
train20k-14880,train20k-14809,unused_pool
train20k-14881,train20k-14810,unused_pool
train20k-14882,train20k-14811,unused_pool
train20k-14883,train20k-14812,unused_pool
train20k-14884,train20k-14813,unused_pool
train20k-14885,train20k-14814,unused_pool
train20k-14887,train20k-14815,unused_pool
train20k-14888,train20k-14816,unused_pool
train20k-14889,train20k-14817,unused_pool
train20k-14890,train20k-14818,unused_pool
train20k-14891,train20k-14819,unused_pool
train20k-14892,train20k-14820,unused_pool
train20k-14893,train20k-14821,unused_pool
train20k-14894,train20k-14822,unused_pool
train20k-14895,train20k-14823,unused_pool
train20k-14896,train20k-14824,unused_pool
train20k-14897,train20k-14825,unused_pool
train20k-14898,train20k-14826,unused_pool
train20k-14899,train20k-14827,unused_pool
train20k-14900,train20k-14828,unused_pool
train20k-14901,train20k-14829,unused_pool
train20k-14902,train20k-14830,unused_pool
train20k-14903,train20k-14831,unused_pool
train20k-14904,train20k-14832,unused_pool
train20k-14905,train20k-14833,unused_pool
train20k-14906,train20k-14834,unused_pool
train20k-14907,train20k-14835,unused_pool
train20k-14908,train20k-14836,unused_pool
train20k-14909,train20k-14837,unused_pool
train20k-14910,train20k-14838,unused_pool
train20k-14911,train20k-14839,unused_pool
train20k-14912,train20k-14840,unused_pool
train20k-14913,train20k-14841,unused_pool
train20k-14914,train20k-14842,unused_pool
train20k-14915,train20k-14843,unused_pool
train20k-14916,train20k-14844,unused_pool
train20k-14917,train20k-14845,unused_pool
train20k-14918,train20k-14846,unused_pool
train20k-14919,train20k-14847,unused_pool
train20k-14920,train20k-14848,unused_pool
train20k-14921,train20k-14849,unused_pool
train20k-14922,train20k-14850,unused_pool
train20k-14923,train20k-14851,unused_pool
train20k-14924,train20k-14852,unused_pool
train20k-14925,train20k-14853,unused_pool
train20k-14926,train20k-14854,unused_pool
train20k-14927,train20k-14855,unused_pool
train20k-14928,train20k-14856,unused_pool
train20k-14929,train20k-14857,unused_pool
train20k-14930,train20k-14858,unused_pool
train20k-14931,train20k-14859,unused_pool
train20k-14932,train20k-14860,unused_pool
train20k-14933,train20k-14861,unused_pool
train20k-14934,train20k-14862,unused_pool
train20k-14935,train20k-14863,unused_pool
train20k-14936,train20k-14864,unused_pool
train20k-14937,train20k-14865,unused_pool
train20k-14938,train20k-14866,unused_pool
train20k-14939,train20k-14867,unused_pool
train20k-14940,train20k-14868,unused_pool
train20k-14941,train20k-14869,unused_pool
train20k-14942,train20k-14870,unused_pool
train20k-14943,train20k-14871,unused_pool
train20k-14944,train20k-14872,unused_pool
train20k-14945,train20k-14873,unused_pool
train20k-14946,train20k-14874,unused_pool
train20k-14947,train20k-14875,unused_pool
train20k-14948,train20k-14876,unused_pool
train20k-14949,train20k-14877,unused_pool
train20k-14950,train20k-14878,unused_pool
train20k-14951,train20k-14879,unused_pool
train20k-14952,train20k-14880,unused_pool
train20k-14953,train20k-14881,unused_pool
train20k-14954,train20k-14882,unused_pool
train20k-14955,train20k-14883,unused_pool
train20k-14956,train20k-14884,unused_pool
train20k-14957,train20k-14885,unused_pool
train20k-14958,train20k-14886,unused_pool
train20k-14959,train20k-14887,unused_pool
train20k-14960,train20k-14888,unused_pool
train20k-14961,train20k-14889,unused_pool
train20k-14962,train20k-14890,unused_pool
train20k-14963,train20k-14891,unused_pool
train20k-14964,train20k-14892,unused_pool
train20k-14965,train20k-14893,unused_pool
train20k-14966,train20k-14894,unused_pool
train20k-14967,train20k-14895,unused_pool
train20k-14968,train20k-14896,unused_pool
train20k-14969,train20k-14897,unused_pool
train20k-14970,train20k-14898,unused_pool
train20k-14971,train20k-14899,unused_pool
train20k-14972,train20k-14900,unused_pool
train20k-14973,train20k-14901,unused_pool
train20k-14974,train20k-14902,unused_pool
train20k-14975,train20k-14903,unused_pool
train20k-14976,train20k-14904,unused_pool
train20k-14977,train20k-14905,unused_pool
train20k-14978,train20k-14906,unused_pool
train20k-14979,train20k-14907,unused_pool
train20k-14980,train20k-14908,unused_pool
train20k-14981,train20k-14909,unused_pool
train20k-14982,train20k-14910,unused_pool
train20k-14983,train20k-14911,unused_pool
train20k-14984,train20k-14912,unused_pool
train20k-14985,train20k-14913,unused_pool
train20k-14986,train20k-14914,unused_pool
train20k-14987,train20k-14915,unused_pool
train20k-14988,train20k-14916,unused_pool
train20k-14989,train20k-14917,unused_pool
train20k-14990,train20k-14918,unused_pool
train20k-14991,train20k-14919,unused_pool
train20k-14992,train20k-14920,unused_pool
train20k-14993,train20k-14921,unused_pool
train20k-14994,train20k-14922,unused_pool
train20k-14995,train20k-14923,unused_pool
train20k-14996,train20k-14924,unused_pool
train20k-14997,train20k-14925,unused_pool
train20k-14999,train20k-14926,unused_pool
train20k-15000,train20k-14927,unused_pool
train20k-15001,train20k-14928,unused_pool
train20k-15002,train20k-14929,unused_pool
train20k-15003,train20k-14930,unused_pool
train20k-15004,train20k-14931,unused_pool
train20k-15005,train20k-14932,unused_pool
train20k-15006,train20k-14933,unused_pool
train20k-15007,train20k-14934,unused_pool
train20k-15008,train20k-14935,unused_pool
train20k-15009,train20k-14936,unused_pool
train20k-15010,train20k-14937,unused_pool
train20k-15011,train20k-14938,unused_pool
train20k-15012,train20k-14939,unused_pool
train20k-15013,train20k-14940,unused_pool
train20k-15014,train20k-14941,unused_pool
train20k-15015,train20k-14942,unused_pool
train20k-15016,train20k-14943,unused_pool
train20k-15017,train20k-14944,unused_pool
train20k-15018,train20k-14945,unused_pool
train20k-15019,train20k-14946,unused_pool
train20k-15020,train20k-14947,unused_pool
train20k-15021,train20k-14948,unused_pool
train20k-15022,train20k-14949,unused_pool
train20k-15023,train20k-14950,unused_pool
train20k-15024,train20k-14951,unused_pool
train20k-15025,train20k-14952,unused_pool
train20k-15026,train20k-14953,unused_pool
train20k-15027,train20k-14954,unused_pool
train20k-15028,train20k-14955,unused_pool
train20k-15029,train20k-14956,unused_pool
train20k-15030,train20k-14957,unused_pool
train20k-15031,train20k-14958,unused_pool
train20k-15032,train20k-14959,unused_pool
train20k-15033,train20k-14960,unused_pool
train20k-15034,train20k-14961,unused_pool
train20k-15035,train20k-14962,unused_pool
train20k-15036,train20k-14963,unused_pool
train20k-15037,train20k-14964,unused_pool
train20k-15038,train20k-14965,unused_pool
train20k-15039,train20k-14966,unused_pool
train20k-15040,train20k-14967,unused_pool
train20k-15041,train20k-14968,unused_pool
train20k-15042,train20k-14969,unused_pool
train20k-15043,train20k-14970,unused_pool
train20k-15044,train20k-14971,unused_pool
train20k-15045,train20k-14972,unused_pool
train20k-15046,train20k-14973,unused_pool
train20k-15047,train20k-14974,unused_pool
train20k-15048,train20k-14975,unused_pool
train20k-15049,train20k-14976,unused_pool
train20k-15050,train20k-14977,unused_pool
train20k-15052,train20k-14978,unused_pool
train20k-15053,train20k-14979,unused_pool
train20k-15054,train20k-14980,unused_pool
train20k-15055,train20k-14981,unused_pool
train20k-15056,train20k-14982,unused_pool
train20k-15057,train20k-14983,unused_pool
train20k-15058,train20k-14984,unused_pool
train20k-15059,train20k-14985,unused_pool
train20k-15060,train20k-14986,unused_pool
train20k-15061,train20k-14987,unused_pool
train20k-15062,train20k-14988,unused_pool
train20k-15063,train20k-14989,unused_pool
train20k-15064,train20k-14990,unused_pool
train20k-15065,train20k-14991,unused_pool
train20k-15066,train20k-14992,unused_pool
train20k-15067,train20k-14993,unused_pool
train20k-15068,train20k-14994,unused_pool
train20k-15069,train20k-14995,unused_pool
train20k-15070,train20k-14996,unused_pool
train20k-15071,train20k-14997,unused_pool
train20k-15072,train20k-14998,unused_pool
train20k-15073,train20k-14999,unused_pool
train20k-15074,train20k-15000,unused_pool
train20k-15075,train20k-15001,unused_pool
train20k-15076,train20k-15002,unused_pool
train20k-15077,train20k-15003,unused_pool
train20k-15078,train20k-15004,unused_pool
train20k-15079,train20k-15005,unused_pool
train20k-15080,train20k-15006,unused_pool
train20k-15081,train20k-15007,unused_pool
train20k-15082,train20k-15008,unused_pool
train20k-15083,train20k-15009,unused_pool
train20k-15084,train20k-15010,unused_pool
train20k-15085,train20k-15011,unused_pool
train20k-15086,train20k-15012,unused_pool
train20k-15087,train20k-15013,unused_pool
train20k-15088,train20k-15014,unused_pool
train20k-15089,train20k-15015,unused_pool
train20k-15090,train20k-15016,unused_pool
train20k-15091,train20k-15017,unused_pool
train20k-15092,train20k-15018,unused_pool
train20k-15093,train20k-15019,unused_pool
train20k-15094,train20k-15020,unused_pool
train20k-15095,train20k-15021,unused_pool
train20k-15096,train20k-15022,unused_pool
train20k-15097,train20k-15023,unused_pool
train20k-15098,train20k-15024,unused_pool
train20k-15099,train20k-15025,unused_pool
train20k-15100,train20k-15026,unused_pool
train20k-15101,train20k-15027,unused_pool
train20k-15102,train20k-15028,unused_pool
train20k-15103,train20k-15029,unused_pool
train20k-15104,train20k-15030,unused_pool
train20k-15105,train20k-15031,unused_pool
train20k-15106,train20k-15032,unused_pool
train20k-15107,train20k-15033,unused_pool
train20k-15108,train20k-15034,unused_pool
train20k-15109,train20k-15035,unused_pool
train20k-15110,train20k-15036,unused_pool
train20k-15111,train20k-15037,unused_pool
train20k-15112,train20k-15038,unused_pool
train20k-15113,train20k-15039,unused_pool
train20k-15114,train20k-15040,unused_pool
train20k-15115,train20k-15041,unused_pool
train20k-15116,train20k-15042,unused_pool
train20k-15117,train20k-15043,unused_pool
train20k-15118,train20k-15044,unused_pool
train20k-15119,train20k-15045,unused_pool
train20k-15120,train20k-15046,unused_pool
train20k-15121,train20k-15047,unused_pool
train20k-15122,train20k-15048,unused_pool
train20k-15123,train20k-15049,unused_pool
train20k-15124,train20k-15050,unused_pool
train20k-15125,train20k-15051,unused_pool
train20k-15126,train20k-15052,unused_pool
train20k-15127,train20k-15053,unused_pool
train20k-15128,train20k-15054,unused_pool
train20k-15129,train20k-15055,unused_pool
train20k-15130,train20k-15056,unused_pool
train20k-15131,train20k-15057,unused_pool
train20k-15132,train20k-15058,unused_pool
train20k-15133,train20k-15059,unused_pool
train20k-15134,train20k-15060,unused_pool
train20k-15135,train20k-15061,unused_pool
train20k-15136,train20k-15062,unused_pool
train20k-15137,train20k-15063,unused_pool
train20k-15138,train20k-15064,unused_pool
train20k-15139,train20k-15065,unused_pool
train20k-15140,train20k-15066,unused_pool
train20k-15141,train20k-15067,unused_pool
train20k-15142,train20k-15068,unused_pool
train20k-15143,train20k-15069,unused_pool
train20k-15144,train20k-15070,unused_pool
train20k-15145,train20k-15071,unused_pool
train20k-15146,train20k-15072,unused_pool
train20k-15147,train20k-15073,unused_pool
train20k-15148,train20k-15074,unused_pool
train20k-15149,train20k-15075,unused_pool
train20k-15150,train20k-15076,unused_pool
train20k-15151,train20k-15077,unused_pool
train20k-15152,train20k-15078,unused_pool
train20k-15153,train20k-15079,unused_pool
train20k-15154,train20k-15080,unused_pool
train20k-15155,train20k-15081,unused_pool
train20k-15156,train20k-15082,unused_pool
train20k-15157,train20k-15083,unused_pool
train20k-15158,train20k-15084,unused_pool
train20k-15159,train20k-15085,unused_pool
train20k-15160,train20k-15086,unused_pool
train20k-15161,train20k-15087,unused_pool
train20k-15162,train20k-15088,unused_pool
train20k-15163,train20k-15089,unused_pool
train20k-15164,train20k-15090,unused_pool
train20k-15165,train20k-15091,unused_pool
train20k-15166,train20k-15092,unused_pool
train20k-15167,train20k-15093,unused_pool
train20k-15168,train20k-15094,unused_pool
train20k-15169,train20k-15095,unused_pool
train20k-15170,train20k-15096,unused_pool
train20k-15171,train20k-15097,unused_pool
train20k-15172,train20k-15098,unused_pool
train20k-15173,train20k-15099,unused_pool
train20k-15174,train20k-15100,unused_pool
train20k-15175,train20k-15101,unused_pool
train20k-15176,train20k-15102,unused_pool
train20k-15177,train20k-15103,unused_pool
train20k-15178,train20k-15104,unused_pool
train20k-15179,train20k-15105,unused_pool
train20k-15180,train20k-15106,unused_pool
train20k-15181,train20k-15107,unused_pool
train20k-15182,train20k-15108,unused_pool
train20k-15183,train20k-15109,unused_pool
train20k-15184,train20k-15110,unused_pool
train20k-15185,train20k-15111,unused_pool
train20k-15186,train20k-15112,unused_pool
train20k-15187,train20k-15113,unused_pool
train20k-15188,train20k-15114,unused_pool
train20k-15189,train20k-15115,unused_pool
train20k-15190,train20k-15116,unused_pool
train20k-15191,train20k-15117,unused_pool
train20k-15192,train20k-15118,unused_pool
train20k-15193,train20k-15119,unused_pool
train20k-15194,train20k-15120,unused_pool
train20k-15195,train20k-15121,unused_pool
train20k-15196,train20k-15122,unused_pool
train20k-15197,train20k-15123,unused_pool
train20k-15198,train20k-15124,unused_pool
train20k-15199,train20k-15125,unused_pool
train20k-15200,train20k-15126,unused_pool
train20k-15201,train20k-15127,unused_pool
train20k-15202,train20k-15128,unused_pool
train20k-15203,train20k-15129,unused_pool
train20k-15204,train20k-15130,unused_pool
train20k-15205,train20k-15131,unused_pool
train20k-15206,train20k-15132,unused_pool
train20k-15207,train20k-15133,unused_pool
train20k-15208,train20k-15134,unused_pool
train20k-15209,train20k-15135,unused_pool
train20k-15210,train20k-15136,unused_pool
train20k-15211,train20k-15137,unused_pool
train20k-15212,train20k-15138,unused_pool
train20k-15213,train20k-15139,unused_pool
train20k-15215,train20k-15140,unused_pool
train20k-15216,train20k-15141,unused_pool
train20k-15217,train20k-15142,unused_pool
train20k-15218,train20k-15143,unused_pool
train20k-15219,train20k-15144,unused_pool
train20k-15220,train20k-15145,unused_pool
train20k-15221,train20k-15146,unused_pool
train20k-15222,train20k-15147,unused_pool
train20k-15223,train20k-15148,unused_pool
train20k-15224,train20k-15149,unused_pool
train20k-15225,train20k-15150,unused_pool
train20k-15226,train20k-15151,unused_pool
train20k-15227,train20k-15152,unused_pool
train20k-15228,train20k-15153,unused_pool
train20k-15229,train20k-15154,unused_pool
train20k-15230,train20k-15155,unused_pool
train20k-15231,train20k-15156,unused_pool
train20k-15232,train20k-15157,unused_pool
train20k-15233,train20k-15158,unused_pool
train20k-15234,train20k-15159,unused_pool
train20k-15235,train20k-15160,unused_pool
train20k-15236,train20k-15161,unused_pool
train20k-15237,train20k-15162,unused_pool
train20k-15238,train20k-15163,unused_pool
train20k-15239,train20k-15164,unused_pool
train20k-15240,train20k-15165,unused_pool
train20k-15241,train20k-15166,unused_pool
train20k-15242,train20k-15167,unused_pool
train20k-15243,train20k-15168,unused_pool
train20k-15244,train20k-15169,unused_pool
train20k-15245,train20k-15170,unused_pool
train20k-15246,train20k-15171,unused_pool
train20k-15247,train20k-15172,unused_pool
train20k-15248,train20k-15173,unused_pool
train20k-15249,train20k-15174,unused_pool
train20k-15250,train20k-15175,unused_pool
train20k-15251,train20k-15176,unused_pool
train20k-15252,train20k-15177,unused_pool
train20k-15253,train20k-15178,unused_pool
train20k-15254,train20k-15179,unused_pool
train20k-15255,train20k-15180,unused_pool
train20k-15256,train20k-15181,unused_pool
train20k-15257,train20k-15182,unused_pool
train20k-15258,train20k-15183,unused_pool
train20k-15259,train20k-15184,unused_pool
train20k-15260,train20k-15185,unused_pool
train20k-15261,train20k-15186,unused_pool
train20k-15262,train20k-15187,unused_pool
train20k-15263,train20k-15188,unused_pool
train20k-15264,train20k-15189,unused_pool
train20k-15265,train20k-15190,unused_pool
train20k-15266,train20k-15191,unused_pool
train20k-15267,train20k-15192,unused_pool
train20k-15268,train20k-15193,unused_pool
train20k-15269,train20k-15194,unused_pool
train20k-15270,train20k-15195,unused_pool
train20k-15271,train20k-15196,unused_pool
train20k-15272,train20k-15197,unused_pool
train20k-15273,train20k-15198,unused_pool
train20k-15274,train20k-15199,unused_pool
train20k-15275,train20k-15200,unused_pool
train20k-15276,train20k-15201,unused_pool
train20k-15277,train20k-15202,unused_pool
train20k-15278,train20k-15203,unused_pool
train20k-15279,train20k-15204,unused_pool
train20k-15280,train20k-15205,unused_pool
train20k-15281,train20k-15206,unused_pool
train20k-15282,train20k-15207,unused_pool
train20k-15283,train20k-15208,unused_pool
train20k-15284,train20k-15209,unused_pool
train20k-15285,train20k-15210,unused_pool
train20k-15286,train20k-15211,unused_pool
train20k-15287,train20k-15212,unused_pool
train20k-15288,train20k-15213,unused_pool
train20k-15289,train20k-15214,unused_pool
train20k-15290,train20k-15215,unused_pool
train20k-15291,train20k-15216,unused_pool
train20k-15292,train20k-15217,unused_pool
train20k-15293,train20k-15218,unused_pool
train20k-15294,train20k-15219,unused_pool
train20k-15295,train20k-15220,unused_pool
train20k-15296,train20k-15221,unused_pool
train20k-15297,train20k-15222,unused_pool
train20k-15298,train20k-15223,unused_pool
train20k-15299,train20k-15224,unused_pool
train20k-15300,train20k-15225,unused_pool
train20k-15301,train20k-15226,unused_pool
train20k-15302,train20k-15227,unused_pool
train20k-15303,train20k-15228,unused_pool
train20k-15304,train20k-15229,unused_pool
train20k-15305,train20k-15230,unused_pool
train20k-15306,train20k-15231,unused_pool
train20k-15307,train20k-15232,unused_pool
train20k-15308,train20k-15233,unused_pool
train20k-15310,train20k-15234,unused_pool
train20k-15311,train20k-15235,unused_pool
train20k-15312,train20k-15236,unused_pool
train20k-15313,train20k-15237,unused_pool
train20k-15314,train20k-15238,unused_pool
train20k-15315,train20k-15239,unused_pool
train20k-15316,train20k-15240,unused_pool
train20k-15317,train20k-15241,unused_pool
train20k-15318,train20k-15242,unused_pool
train20k-15319,train20k-15243,unused_pool
train20k-15320,train20k-15244,unused_pool
train20k-15321,train20k-15245,unused_pool
train20k-15322,train20k-15246,unused_pool
train20k-15323,train20k-15247,unused_pool
train20k-15324,train20k-15248,unused_pool
train20k-15325,train20k-15249,unused_pool
train20k-15326,train20k-15250,unused_pool
train20k-15327,train20k-15251,unused_pool
train20k-15328,train20k-15252,unused_pool
train20k-15329,train20k-15253,unused_pool
train20k-15330,train20k-15254,unused_pool
train20k-15331,train20k-15255,unused_pool
train20k-15332,train20k-15256,unused_pool
train20k-15333,train20k-15257,unused_pool
train20k-15334,train20k-15258,unused_pool
train20k-15335,train20k-15259,unused_pool
train20k-15336,train20k-15260,unused_pool
train20k-15337,train20k-15261,unused_pool
train20k-15338,train20k-15262,unused_pool
train20k-15339,train20k-15263,unused_pool
train20k-15340,train20k-15264,unused_pool
train20k-15341,train20k-15265,unused_pool
train20k-15342,train20k-15266,unused_pool
train20k-15343,train20k-15267,unused_pool
train20k-15344,train20k-15268,unused_pool
train20k-15345,train20k-15269,unused_pool
train20k-15346,train20k-15270,unused_pool
train20k-15347,train20k-15271,unused_pool
train20k-15348,train20k-15272,unused_pool
train20k-15349,train20k-15273,unused_pool
train20k-15350,train20k-15274,unused_pool
train20k-15351,train20k-15275,unused_pool
train20k-15352,train20k-15276,unused_pool
train20k-15353,train20k-15277,unused_pool
train20k-15354,train20k-15278,unused_pool
train20k-15355,train20k-15279,unused_pool
train20k-15356,train20k-15280,unused_pool
train20k-15357,train20k-15281,unused_pool
train20k-15358,train20k-15282,unused_pool
train20k-15359,train20k-15283,unused_pool
train20k-15360,train20k-15284,unused_pool
train20k-15361,train20k-15285,unused_pool
train20k-15362,train20k-15286,unused_pool
train20k-15363,train20k-15287,unused_pool
train20k-15364,train20k-15288,unused_pool
train20k-15365,train20k-15289,unused_pool
train20k-15366,train20k-15290,unused_pool
train20k-15367,train20k-15291,unused_pool
train20k-15368,train20k-15292,unused_pool
train20k-15369,train20k-15293,unused_pool
train20k-15370,train20k-15294,unused_pool
train20k-15371,train20k-15295,unused_pool
train20k-15372,train20k-15296,unused_pool
train20k-15373,train20k-15297,unused_pool
train20k-15374,train20k-15298,unused_pool
train20k-15375,train20k-15299,unused_pool
train20k-15376,train20k-15300,unused_pool
train20k-15377,train20k-15301,unused_pool
train20k-15378,train20k-15302,unused_pool
train20k-15379,train20k-15303,unused_pool
train20k-15380,train20k-15304,unused_pool
train20k-15381,train20k-15305,unused_pool
train20k-15382,train20k-15306,unused_pool
train20k-15383,train20k-15307,unused_pool
train20k-15384,train20k-15308,unused_pool
train20k-15385,train20k-15309,unused_pool
train20k-15386,train20k-15310,unused_pool
train20k-15387,train20k-15311,unused_pool
train20k-15388,train20k-15312,unused_pool
train20k-15389,train20k-15313,unused_pool
train20k-15390,train20k-15314,unused_pool
train20k-15391,train20k-15315,unused_pool
train20k-15392,train20k-15316,unused_pool
train20k-15393,train20k-15317,unused_pool
train20k-15394,train20k-15318,unused_pool
train20k-15395,train20k-15319,unused_pool
train20k-15396,train20k-15320,unused_pool
train20k-15397,train20k-15321,unused_pool
train20k-15398,train20k-15322,unused_pool
train20k-15399,train20k-15323,unused_pool
train20k-15400,train20k-15324,unused_pool
train20k-15401,train20k-15325,unused_pool
train20k-15402,train20k-15326,unused_pool
train20k-15403,train20k-15327,unused_pool
train20k-15404,train20k-15328,unused_pool
train20k-15405,train20k-15329,unused_pool
train20k-15406,train20k-15330,unused_pool
train20k-15407,train20k-15331,unused_pool
train20k-15408,train20k-15332,unused_pool
train20k-15409,train20k-15333,unused_pool
train20k-15410,train20k-15334,unused_pool
train20k-15411,train20k-15335,unused_pool
train20k-15412,train20k-15336,unused_pool
train20k-15413,train20k-15337,unused_pool
train20k-15414,train20k-15338,unused_pool
train20k-15415,train20k-15339,unused_pool
train20k-15416,train20k-15340,unused_pool
train20k-15417,train20k-15341,unused_pool
train20k-15418,train20k-15342,unused_pool
train20k-15419,train20k-15343,unused_pool
train20k-15420,train20k-15344,unused_pool
train20k-15421,train20k-15345,unused_pool
train20k-15422,train20k-15346,unused_pool
train20k-15423,train20k-15347,unused_pool
train20k-15424,train20k-15348,unused_pool
train20k-15425,train20k-15349,unused_pool
train20k-15426,train20k-15350,unused_pool
train20k-15427,train20k-15351,unused_pool
train20k-15428,train20k-15352,unused_pool
train20k-15429,train20k-15353,unused_pool
train20k-15430,train20k-15354,unused_pool
train20k-15431,train20k-15355,unused_pool
train20k-15432,train20k-15356,unused_pool
train20k-15433,train20k-15357,unused_pool
train20k-15434,train20k-15358,unused_pool
train20k-15435,train20k-15359,unused_pool
train20k-15436,train20k-15360,unused_pool
train20k-15437,train20k-15361,unused_pool
train20k-15438,train20k-15362,unused_pool
train20k-15439,train20k-15363,unused_pool
train20k-15440,train20k-15364,unused_pool
train20k-15441,train20k-15365,unused_pool
train20k-15442,train20k-15366,unused_pool
train20k-15443,train20k-15367,unused_pool
train20k-15444,train20k-15368,unused_pool
train20k-15445,train20k-15369,unused_pool
train20k-15446,train20k-15370,unused_pool
train20k-15447,train20k-15371,unused_pool
train20k-15448,train20k-15372,unused_pool
train20k-15449,train20k-15373,unused_pool
train20k-15450,train20k-15374,unused_pool
train20k-15451,train20k-15375,unused_pool
train20k-15452,train20k-15376,unused_pool
train20k-15453,train20k-15377,unused_pool
train20k-15454,train20k-15378,unused_pool
train20k-15455,train20k-15379,unused_pool
train20k-15456,train20k-15380,unused_pool
train20k-15457,train20k-15381,unused_pool
train20k-15458,train20k-15382,unused_pool
train20k-15459,train20k-15383,unused_pool
train20k-15460,train20k-15384,unused_pool
train20k-15461,train20k-15385,unused_pool
train20k-15462,train20k-15386,unused_pool
train20k-15463,train20k-15387,unused_pool
train20k-15464,train20k-15388,unused_pool
train20k-15465,train20k-15389,unused_pool
train20k-15466,train20k-15390,unused_pool
train20k-15467,train20k-15391,unused_pool
train20k-15468,train20k-15392,unused_pool
train20k-15469,train20k-15393,unused_pool
train20k-15470,train20k-15394,unused_pool
train20k-15471,train20k-15395,unused_pool
train20k-15472,train20k-15396,unused_pool
train20k-15473,train20k-15397,unused_pool
train20k-15474,train20k-15398,unused_pool
train20k-15475,train20k-15399,unused_pool
train20k-15476,train20k-15400,unused_pool
train20k-15477,train20k-15401,unused_pool
train20k-15478,train20k-15402,unused_pool
train20k-15479,train20k-15403,unused_pool
train20k-15480,train20k-15404,unused_pool
train20k-15481,train20k-15405,unused_pool
train20k-15482,train20k-15406,unused_pool
train20k-15483,train20k-15407,unused_pool
train20k-15484,train20k-15408,unused_pool
train20k-15485,train20k-15409,unused_pool
train20k-15486,train20k-15410,unused_pool
train20k-15487,train20k-15411,unused_pool
train20k-15488,train20k-15412,unused_pool
train20k-15489,train20k-15413,unused_pool
train20k-15490,train20k-15414,unused_pool
train20k-15491,train20k-15415,unused_pool
train20k-15492,train20k-15416,unused_pool
train20k-15493,train20k-15417,unused_pool
train20k-15494,train20k-15418,unused_pool
train20k-15495,train20k-15419,unused_pool
train20k-15496,train20k-15420,unused_pool
train20k-15497,train20k-15421,unused_pool
train20k-15498,train20k-15422,unused_pool
train20k-15499,train20k-15423,unused_pool
train20k-15500,train20k-15424,unused_pool
train20k-15501,train20k-15425,unused_pool
train20k-15502,train20k-15426,unused_pool
train20k-15503,train20k-15427,unused_pool
train20k-15504,train20k-15428,unused_pool
train20k-15505,train20k-15429,unused_pool
train20k-15506,train20k-15430,unused_pool
train20k-15507,train20k-15431,unused_pool
train20k-15508,train20k-15432,unused_pool
train20k-15509,train20k-15433,unused_pool
train20k-15510,train20k-15434,unused_pool
train20k-15511,train20k-15435,unused_pool
train20k-15512,train20k-15436,unused_pool
train20k-15513,train20k-15437,unused_pool
train20k-15514,train20k-15438,unused_pool
train20k-15515,train20k-15439,unused_pool
train20k-15516,train20k-15440,unused_pool
train20k-15517,train20k-15441,unused_pool
train20k-15518,train20k-15442,unused_pool
train20k-15519,train20k-15443,unused_pool
train20k-15520,train20k-15444,unused_pool
train20k-15521,train20k-15445,unused_pool
train20k-15522,train20k-15446,unused_pool
train20k-15523,train20k-15447,unused_pool
train20k-15524,train20k-15448,unused_pool
train20k-15525,train20k-15449,unused_pool
train20k-15526,train20k-15450,unused_pool
train20k-15527,train20k-15451,unused_pool
train20k-15528,train20k-15452,unused_pool
train20k-15529,train20k-15453,unused_pool
train20k-15530,train20k-15454,unused_pool
train20k-15531,train20k-15455,unused_pool
train20k-15532,train20k-15456,unused_pool
train20k-15533,train20k-15457,unused_pool
train20k-15534,train20k-15458,unused_pool
train20k-15535,train20k-15459,unused_pool
train20k-15536,train20k-15460,unused_pool
train20k-15537,train20k-15461,unused_pool
train20k-15538,train20k-15462,unused_pool
train20k-15539,train20k-15463,unused_pool
train20k-15540,train20k-15464,unused_pool
train20k-15541,train20k-15465,unused_pool
train20k-15542,train20k-15466,unused_pool
train20k-15543,train20k-15467,unused_pool
train20k-15544,train20k-15468,unused_pool
train20k-15545,train20k-15469,unused_pool
train20k-15546,train20k-15470,unused_pool
train20k-15547,train20k-15471,unused_pool
train20k-15548,train20k-15472,unused_pool
train20k-15549,train20k-15473,unused_pool
train20k-15550,train20k-15474,unused_pool
train20k-15551,train20k-15475,unused_pool
train20k-15552,train20k-15476,unused_pool
train20k-15553,train20k-15477,unused_pool
train20k-15554,train20k-15478,unused_pool
train20k-15555,train20k-15479,unused_pool
train20k-15556,train20k-15480,unused_pool
train20k-15557,train20k-15481,unused_pool
train20k-15558,train20k-15482,unused_pool
train20k-15559,train20k-15483,unused_pool
train20k-15560,train20k-15484,unused_pool
train20k-15561,train20k-15485,unused_pool
train20k-15562,train20k-15486,unused_pool
train20k-15563,train20k-15487,unused_pool
train20k-15564,train20k-15488,unused_pool
train20k-15565,train20k-15489,unused_pool
train20k-15566,train20k-15490,unused_pool
train20k-15567,train20k-15491,unused_pool
train20k-15568,train20k-15492,unused_pool
train20k-15569,train20k-15493,unused_pool
train20k-15570,train20k-15494,unused_pool
train20k-15571,train20k-15495,unused_pool
train20k-15572,train20k-15496,unused_pool
train20k-15573,train20k-15497,unused_pool
train20k-15574,train20k-15498,unused_pool
train20k-15575,train20k-15499,unused_pool
train20k-15576,train20k-15500,unused_pool
train20k-15577,train20k-15501,unused_pool
train20k-15578,train20k-15502,unused_pool
train20k-15579,train20k-15503,unused_pool
train20k-15580,train20k-15504,unused_pool
train20k-15581,train20k-15505,unused_pool
train20k-15582,train20k-15506,unused_pool
train20k-15583,train20k-15507,unused_pool
train20k-15584,train20k-15508,unused_pool
train20k-15585,train20k-15509,unused_pool
train20k-15586,train20k-15510,unused_pool
train20k-15587,train20k-15511,unused_pool
train20k-15588,train20k-15512,unused_pool
train20k-15589,train20k-15513,unused_pool
train20k-15590,train20k-15514,unused_pool
train20k-15591,train20k-15515,unused_pool
train20k-15592,train20k-15516,unused_pool
train20k-15593,train20k-15517,unused_pool
train20k-15594,train20k-15518,unused_pool
train20k-15595,train20k-15519,unused_pool
train20k-15596,train20k-15520,unused_pool
train20k-15597,train20k-15521,unused_pool
train20k-15598,train20k-15522,unused_pool
train20k-15599,train20k-15523,unused_pool
train20k-15600,train20k-15524,unused_pool
train20k-15601,train20k-15525,unused_pool
train20k-15602,train20k-15526,unused_pool
train20k-15603,train20k-15527,unused_pool
train20k-15604,train20k-15528,unused_pool
train20k-15605,train20k-15529,unused_pool
train20k-15606,train20k-15530,unused_pool
train20k-15607,train20k-15531,unused_pool
train20k-15608,train20k-15532,unused_pool
train20k-15609,train20k-15533,unused_pool
train20k-15610,train20k-15534,unused_pool
train20k-15611,train20k-15535,unused_pool
train20k-15612,train20k-15536,unused_pool
train20k-15613,train20k-15537,unused_pool
train20k-15614,train20k-15538,unused_pool
train20k-15615,train20k-15539,unused_pool
train20k-15616,train20k-15540,unused_pool
train20k-15617,train20k-15541,unused_pool
train20k-15618,train20k-15542,unused_pool
train20k-15619,train20k-15543,unused_pool
train20k-15620,train20k-15544,unused_pool
train20k-15621,train20k-15545,unused_pool
train20k-15622,train20k-15546,unused_pool
train20k-15623,train20k-15547,unused_pool
train20k-15624,train20k-15548,unused_pool
train20k-15625,train20k-15549,unused_pool
train20k-15626,train20k-15550,unused_pool
train20k-15627,train20k-15551,unused_pool
train20k-15628,train20k-15552,unused_pool
train20k-15629,train20k-15553,unused_pool
train20k-15630,train20k-15554,unused_pool
train20k-15631,train20k-15555,unused_pool
train20k-15632,train20k-15556,unused_pool
train20k-15633,train20k-15557,unused_pool
train20k-15634,train20k-15558,unused_pool
train20k-15635,train20k-15559,unused_pool
train20k-15636,train20k-15560,unused_pool
train20k-15637,train20k-15561,unused_pool
train20k-15638,train20k-15562,unused_pool
train20k-15639,train20k-15563,unused_pool
train20k-15640,train20k-15564,unused_pool
train20k-15641,train20k-15565,unused_pool
train20k-15642,train20k-15566,unused_pool
train20k-15643,train20k-15567,unused_pool
train20k-15644,train20k-15568,unused_pool
train20k-15645,train20k-15569,unused_pool
train20k-15646,train20k-15570,unused_pool
train20k-15647,train20k-15571,unused_pool
train20k-15648,train20k-15572,unused_pool
train20k-15649,train20k-15573,unused_pool
train20k-15650,train20k-15574,unused_pool
train20k-15651,train20k-15575,unused_pool
train20k-15652,train20k-15576,unused_pool
train20k-15653,train20k-15577,unused_pool
train20k-15654,train20k-15578,unused_pool
train20k-15655,train20k-15579,unused_pool
train20k-15656,train20k-15580,unused_pool
train20k-15657,train20k-15581,unused_pool
train20k-15658,train20k-15582,unused_pool
train20k-15659,train20k-15583,unused_pool
train20k-15660,train20k-15584,unused_pool
train20k-15661,train20k-15585,unused_pool
train20k-15662,train20k-15586,unused_pool
train20k-15663,train20k-15587,unused_pool
train20k-15664,train20k-15588,unused_pool
train20k-15665,train20k-15589,unused_pool
train20k-15666,train20k-15590,unused_pool
train20k-15667,train20k-15591,unused_pool
train20k-15668,train20k-15592,unused_pool
train20k-15669,train20k-15593,unused_pool
train20k-15670,train20k-15594,unused_pool
train20k-15671,train20k-15595,unused_pool
train20k-15672,train20k-15596,unused_pool
train20k-15673,train20k-15597,unused_pool
train20k-15674,train20k-15598,unused_pool
train20k-15675,train20k-15599,unused_pool
train20k-15676,train20k-15600,unused_pool
train20k-15677,train20k-15601,unused_pool
train20k-15678,train20k-15602,unused_pool
train20k-15679,train20k-15603,unused_pool
train20k-15680,train20k-15604,unused_pool
train20k-15681,train20k-15605,unused_pool
train20k-15682,train20k-15606,unused_pool
train20k-15683,train20k-15607,unused_pool
train20k-15684,train20k-15608,unused_pool
train20k-15685,train20k-15609,unused_pool
train20k-15686,train20k-15610,unused_pool
train20k-15687,train20k-15611,unused_pool
train20k-15688,train20k-15612,unused_pool
train20k-15689,train20k-15613,unused_pool
train20k-15690,train20k-15614,unused_pool
train20k-15691,train20k-15615,unused_pool
train20k-15692,train20k-15616,unused_pool
train20k-15693,train20k-15617,unused_pool
train20k-15694,train20k-15618,unused_pool
train20k-15695,train20k-15619,unused_pool
train20k-15696,train20k-15620,unused_pool
train20k-15697,train20k-15621,unused_pool
train20k-15698,train20k-15622,unused_pool
train20k-15699,train20k-15623,unused_pool
train20k-15700,train20k-15624,unused_pool
train20k-15701,train20k-15625,unused_pool
train20k-15702,train20k-15626,unused_pool
train20k-15703,train20k-15627,unused_pool
train20k-15704,train20k-15628,unused_pool
train20k-15705,train20k-15629,unused_pool
train20k-15706,train20k-15630,unused_pool
train20k-15707,train20k-15631,unused_pool
train20k-15708,train20k-15632,unused_pool
train20k-15709,train20k-15633,unused_pool
train20k-15710,train20k-15634,unused_pool
train20k-15711,train20k-15635,unused_pool
train20k-15712,train20k-15636,unused_pool
train20k-15713,train20k-15637,unused_pool
train20k-15714,train20k-15638,unused_pool
train20k-15715,train20k-15639,unused_pool
train20k-15716,train20k-15640,unused_pool
train20k-15717,train20k-15641,unused_pool
train20k-15718,train20k-15642,unused_pool
train20k-15719,train20k-15643,unused_pool
train20k-15720,train20k-15644,unused_pool
train20k-15721,train20k-15645,unused_pool
train20k-15722,train20k-15646,unused_pool
train20k-15723,train20k-15647,unused_pool
train20k-15724,train20k-15648,unused_pool
train20k-15725,train20k-15649,unused_pool
train20k-15726,train20k-15650,unused_pool
train20k-15727,train20k-15651,unused_pool
train20k-15728,train20k-15652,unused_pool
train20k-15729,train20k-15653,unused_pool
train20k-15730,train20k-15654,unused_pool
train20k-15731,train20k-15655,unused_pool
train20k-15732,train20k-15656,unused_pool
train20k-15733,train20k-15657,unused_pool
train20k-15734,train20k-15658,unused_pool
train20k-15735,train20k-15659,unused_pool
train20k-15736,train20k-15660,unused_pool
train20k-15737,train20k-15661,unused_pool
train20k-15738,train20k-15662,unused_pool
train20k-15739,train20k-15663,unused_pool
train20k-15740,train20k-15664,unused_pool
train20k-15741,train20k-15665,unused_pool
train20k-15742,train20k-15666,unused_pool
train20k-15743,train20k-15667,unused_pool
train20k-15744,train20k-15668,unused_pool
train20k-15745,train20k-15669,unused_pool
train20k-15746,train20k-15670,unused_pool
train20k-15747,train20k-15671,unused_pool
train20k-15748,train20k-15672,unused_pool
train20k-15749,train20k-15673,unused_pool
train20k-15750,train20k-15674,unused_pool
train20k-15751,train20k-15675,unused_pool
train20k-15752,train20k-15676,unused_pool
train20k-15753,train20k-15677,unused_pool
train20k-15754,train20k-15678,unused_pool
train20k-15755,train20k-15679,unused_pool
train20k-15756,train20k-15680,unused_pool
train20k-15757,train20k-15681,unused_pool
train20k-15758,train20k-15682,unused_pool
train20k-15759,train20k-15683,unused_pool
train20k-15761,train20k-15684,unused_pool
train20k-15762,train20k-15685,unused_pool
train20k-15763,train20k-15686,unused_pool
train20k-15764,train20k-15687,unused_pool
train20k-15765,train20k-15688,unused_pool
train20k-15766,train20k-15689,unused_pool
train20k-15767,train20k-15690,unused_pool
train20k-15768,train20k-15691,unused_pool
train20k-15769,train20k-15692,unused_pool
train20k-15770,train20k-15693,unused_pool
train20k-15771,train20k-15694,unused_pool
train20k-15772,train20k-15695,unused_pool
train20k-15773,train20k-15696,unused_pool
train20k-15774,train20k-15697,unused_pool
train20k-15775,train20k-15698,unused_pool
train20k-15776,train20k-15699,unused_pool
train20k-15777,train20k-15700,unused_pool
train20k-15778,train20k-15701,unused_pool
train20k-15779,train20k-15702,unused_pool
train20k-15780,train20k-15703,unused_pool
train20k-15781,train20k-15704,unused_pool
train20k-15782,train20k-15705,unused_pool
train20k-15783,train20k-15706,unused_pool
train20k-15784,train20k-15707,unused_pool
train20k-15785,train20k-15708,unused_pool
train20k-15786,train20k-15709,unused_pool
train20k-15787,train20k-15710,unused_pool
train20k-15788,train20k-15711,unused_pool
train20k-15789,train20k-15712,unused_pool
train20k-15790,train20k-15713,unused_pool
train20k-15791,train20k-15714,unused_pool
train20k-15792,train20k-15715,unused_pool
train20k-15793,train20k-15716,unused_pool
train20k-15794,train20k-15717,unused_pool
train20k-15795,train20k-15718,unused_pool
train20k-15796,train20k-15719,unused_pool
train20k-15797,train20k-15720,unused_pool
train20k-15798,train20k-15721,unused_pool
train20k-15799,train20k-15722,unused_pool
train20k-15800,train20k-15723,unused_pool
train20k-15801,train20k-15724,unused_pool
train20k-15802,train20k-15725,unused_pool
train20k-15803,train20k-15726,unused_pool
train20k-15804,train20k-15727,unused_pool
train20k-15805,train20k-15728,unused_pool
train20k-15806,train20k-15729,unused_pool
train20k-15807,train20k-15730,unused_pool
train20k-15808,train20k-15731,unused_pool
train20k-15809,train20k-15732,unused_pool
train20k-15810,train20k-15733,unused_pool
train20k-15811,train20k-15734,unused_pool
train20k-15812,train20k-15735,unused_pool
train20k-15813,train20k-15736,unused_pool
train20k-15814,train20k-15737,unused_pool
train20k-15815,train20k-15738,unused_pool
train20k-15816,train20k-15739,unused_pool
train20k-15817,train20k-15740,unused_pool
train20k-15818,train20k-15741,unused_pool
train20k-15819,train20k-15742,unused_pool
train20k-15820,train20k-15743,unused_pool
train20k-15821,train20k-15744,unused_pool
train20k-15822,train20k-15745,unused_pool
train20k-15823,train20k-15746,unused_pool
train20k-15824,train20k-15747,unused_pool
train20k-15825,train20k-15748,unused_pool
train20k-15826,train20k-15749,unused_pool
train20k-15828,train20k-15750,unused_pool
train20k-15829,train20k-15751,unused_pool
train20k-15830,train20k-15752,unused_pool
train20k-15831,train20k-15753,unused_pool
train20k-15832,train20k-15754,unused_pool
train20k-15833,train20k-15755,unused_pool
train20k-15834,train20k-15756,unused_pool
train20k-15835,train20k-15757,unused_pool
train20k-15836,train20k-15758,unused_pool
train20k-15837,train20k-15759,unused_pool
train20k-15838,train20k-15760,unused_pool
train20k-15839,train20k-15761,unused_pool
train20k-15840,train20k-15762,unused_pool
train20k-15841,train20k-15763,unused_pool
train20k-15842,train20k-15764,unused_pool
train20k-15843,train20k-15765,unused_pool
train20k-15844,train20k-15766,unused_pool
train20k-15845,train20k-15767,unused_pool
train20k-15846,train20k-15768,unused_pool
train20k-15847,train20k-15769,unused_pool
train20k-15848,train20k-15770,unused_pool
train20k-15849,train20k-15771,unused_pool
train20k-15850,train20k-15772,unused_pool
train20k-15851,train20k-15773,unused_pool
train20k-15852,train20k-15774,unused_pool
train20k-15853,train20k-15775,unused_pool
train20k-15854,train20k-15776,unused_pool
train20k-15855,train20k-15777,unused_pool
train20k-15856,train20k-15778,unused_pool
train20k-15857,train20k-15779,unused_pool
train20k-15858,train20k-15780,unused_pool
train20k-15859,train20k-15781,unused_pool
train20k-15860,train20k-15782,unused_pool
train20k-15861,train20k-15783,unused_pool
train20k-15862,train20k-15784,unused_pool
train20k-15863,train20k-15785,unused_pool
train20k-15864,train20k-15786,unused_pool
train20k-15865,train20k-15787,unused_pool
train20k-15866,train20k-15788,unused_pool
train20k-15867,train20k-15789,unused_pool
train20k-15868,train20k-15790,unused_pool
train20k-15869,train20k-15791,unused_pool
train20k-15870,train20k-15792,unused_pool
train20k-15871,train20k-15793,unused_pool
train20k-15872,train20k-15794,unused_pool
train20k-15873,train20k-15795,unused_pool
train20k-15874,train20k-15796,unused_pool
train20k-15875,train20k-15797,unused_pool
train20k-15876,train20k-15798,unused_pool
train20k-15877,train20k-15799,unused_pool
train20k-15878,train20k-15800,unused_pool
train20k-15879,train20k-15801,unused_pool
train20k-15880,train20k-15802,unused_pool
train20k-15881,train20k-15803,unused_pool
train20k-15882,train20k-15804,unused_pool
train20k-15883,train20k-15805,unused_pool
train20k-15884,train20k-15806,unused_pool
train20k-15885,train20k-15807,unused_pool
train20k-15886,train20k-15808,unused_pool
train20k-15887,train20k-15809,unused_pool
train20k-15888,train20k-15810,unused_pool
train20k-15889,train20k-15811,unused_pool
train20k-15890,train20k-15812,unused_pool
train20k-15891,train20k-15813,unused_pool
train20k-15892,train20k-15814,unused_pool
train20k-15893,train20k-15815,unused_pool
train20k-15894,train20k-15816,unused_pool
train20k-15895,train20k-15817,unused_pool
train20k-15896,train20k-15818,unused_pool
train20k-15897,train20k-15819,unused_pool
train20k-15898,train20k-15820,unused_pool
train20k-15899,train20k-15821,unused_pool
train20k-15900,train20k-15822,unused_pool
train20k-15901,train20k-15823,unused_pool
train20k-15902,train20k-15824,unused_pool
train20k-15903,train20k-15825,unused_pool
train20k-15904,train20k-15826,unused_pool
train20k-15905,train20k-15827,unused_pool
train20k-15906,train20k-15828,unused_pool
train20k-15907,train20k-15829,unused_pool
train20k-15908,train20k-15830,unused_pool
train20k-15909,train20k-15831,unused_pool
train20k-15910,train20k-15832,unused_pool
train20k-15911,train20k-15833,unused_pool
train20k-15912,train20k-15834,unused_pool
train20k-15913,train20k-15835,unused_pool
train20k-15914,train20k-15836,unused_pool
train20k-15915,train20k-15837,unused_pool
train20k-15916,train20k-15838,unused_pool
train20k-15917,train20k-15839,unused_pool
train20k-15918,train20k-15840,unused_pool
train20k-15919,train20k-15841,unused_pool
train20k-15920,train20k-15842,unused_pool
train20k-15921,train20k-15843,unused_pool
train20k-15922,train20k-15844,unused_pool
train20k-15923,train20k-15845,unused_pool
train20k-15924,train20k-15846,unused_pool
train20k-15925,train20k-15847,unused_pool
train20k-15926,train20k-15848,unused_pool
train20k-15927,train20k-15849,unused_pool
train20k-15928,train20k-15850,unused_pool
train20k-15929,train20k-15851,unused_pool
train20k-15930,train20k-15852,unused_pool
train20k-15931,train20k-15853,unused_pool
train20k-15932,train20k-15854,unused_pool
train20k-15933,train20k-15855,unused_pool
train20k-15934,train20k-15856,unused_pool
train20k-15935,train20k-15857,unused_pool
train20k-15936,train20k-15858,unused_pool
train20k-15937,train20k-15859,unused_pool
train20k-15938,train20k-15860,unused_pool
train20k-15939,train20k-15861,unused_pool
train20k-15940,train20k-15862,unused_pool
train20k-15942,train20k-15863,unused_pool
train20k-15943,train20k-15864,unused_pool
train20k-15944,train20k-15865,unused_pool
train20k-15945,train20k-15866,unused_pool
train20k-15946,train20k-15867,unused_pool
train20k-15947,train20k-15868,unused_pool
train20k-15948,train20k-15869,unused_pool
train20k-15949,train20k-15870,unused_pool
train20k-15950,train20k-15871,unused_pool
train20k-15951,train20k-15872,unused_pool
train20k-15952,train20k-15873,unused_pool
train20k-15953,train20k-15874,unused_pool
train20k-15954,train20k-15875,unused_pool
train20k-15955,train20k-15876,unused_pool
train20k-15956,train20k-15877,unused_pool
train20k-15957,train20k-15878,unused_pool
train20k-15958,train20k-15879,unused_pool
train20k-15959,train20k-15880,unused_pool
train20k-15960,train20k-15881,unused_pool
train20k-15961,train20k-15882,unused_pool
train20k-15962,train20k-15883,unused_pool
train20k-15963,train20k-15884,unused_pool
train20k-15964,train20k-15885,unused_pool
train20k-15965,train20k-15886,unused_pool
train20k-15966,train20k-15887,unused_pool
train20k-15967,train20k-15888,unused_pool
train20k-15968,train20k-15889,unused_pool
train20k-15969,train20k-15890,unused_pool
train20k-15970,train20k-15891,unused_pool
train20k-15971,train20k-15892,unused_pool
train20k-15972,train20k-15893,unused_pool
train20k-15973,train20k-15894,unused_pool
train20k-15974,train20k-15895,unused_pool
train20k-15975,train20k-15896,unused_pool
train20k-15976,train20k-15897,unused_pool
train20k-15977,train20k-15898,unused_pool
train20k-15978,train20k-15899,unused_pool
train20k-15979,train20k-15900,unused_pool
train20k-15980,train20k-15901,unused_pool
train20k-15981,train20k-15902,unused_pool
train20k-15982,train20k-15903,unused_pool
train20k-15983,train20k-15904,unused_pool
train20k-15984,train20k-15905,unused_pool
train20k-15985,train20k-15906,unused_pool
train20k-15986,train20k-15907,unused_pool
train20k-15987,train20k-15908,unused_pool
train20k-15988,train20k-15909,unused_pool
train20k-15989,train20k-15910,unused_pool
train20k-15990,train20k-15911,unused_pool
train20k-15992,train20k-15912,unused_pool
train20k-15993,train20k-15913,unused_pool
train20k-15994,train20k-15914,unused_pool
train20k-15995,train20k-15915,unused_pool
train20k-15996,train20k-15916,unused_pool
train20k-15997,train20k-15917,unused_pool
train20k-15998,train20k-15918,unused_pool
train20k-15999,train20k-15919,unused_pool
train20k-16000,train20k-15920,unused_pool
train20k-16001,train20k-15921,unused_pool
train20k-16002,train20k-15922,unused_pool
train20k-16003,train20k-15923,unused_pool
train20k-16004,train20k-15924,unused_pool
train20k-16005,train20k-15925,unused_pool
train20k-16006,train20k-15926,unused_pool
train20k-16007,train20k-15927,unused_pool
train20k-16008,train20k-15928,unused_pool
train20k-16010,train20k-15929,unused_pool
train20k-16011,train20k-15930,unused_pool
train20k-16012,train20k-15931,unused_pool
train20k-16013,train20k-15932,unused_pool
train20k-16014,train20k-15933,unused_pool
train20k-16015,train20k-15934,unused_pool
train20k-16016,train20k-15935,unused_pool
train20k-16017,train20k-15936,unused_pool
train20k-16018,train20k-15937,unused_pool
train20k-16019,train20k-15938,unused_pool
train20k-16020,train20k-15939,unused_pool
train20k-16021,train20k-15940,unused_pool
train20k-16022,train20k-15941,unused_pool
train20k-16023,train20k-15942,unused_pool
train20k-16024,train20k-15943,unused_pool
train20k-16025,train20k-15944,unused_pool
train20k-16026,train20k-15945,unused_pool
train20k-16027,train20k-15946,unused_pool
train20k-16028,train20k-15947,unused_pool
train20k-16029,train20k-15948,unused_pool
train20k-16030,train20k-15949,unused_pool
train20k-16031,train20k-15950,unused_pool
train20k-16032,train20k-15951,unused_pool
train20k-16034,train20k-15952,unused_pool
train20k-16035,train20k-15953,unused_pool
train20k-16036,train20k-15954,unused_pool
train20k-16037,train20k-15955,unused_pool
train20k-16038,train20k-15956,unused_pool
train20k-16039,train20k-15957,unused_pool
train20k-16040,train20k-15958,unused_pool
train20k-16041,train20k-15959,unused_pool
train20k-16042,train20k-15960,unused_pool
train20k-16043,train20k-15961,unused_pool
train20k-16044,train20k-15962,unused_pool
train20k-16045,train20k-15963,unused_pool
train20k-16046,train20k-15964,unused_pool
train20k-16047,train20k-15965,unused_pool
train20k-16048,train20k-15966,unused_pool
train20k-16049,train20k-15967,unused_pool
train20k-16050,train20k-15968,unused_pool
train20k-16051,train20k-15969,unused_pool
train20k-16052,train20k-15970,unused_pool
train20k-16053,train20k-15971,unused_pool
train20k-16054,train20k-15972,unused_pool
train20k-16055,train20k-15973,unused_pool
train20k-16056,train20k-15974,unused_pool
train20k-16057,train20k-15975,unused_pool
train20k-16058,train20k-15976,unused_pool
train20k-16059,train20k-15977,unused_pool
train20k-16060,train20k-15978,unused_pool
train20k-16061,train20k-15979,unused_pool
train20k-16062,train20k-15980,unused_pool
train20k-16063,train20k-15981,unused_pool
train20k-16064,train20k-15982,unused_pool
train20k-16065,train20k-15983,unused_pool
train20k-16066,train20k-15984,unused_pool
train20k-16067,train20k-15985,unused_pool
train20k-16068,train20k-15986,unused_pool
train20k-16069,train20k-15987,unused_pool
train20k-16070,train20k-15988,unused_pool
train20k-16071,train20k-15989,unused_pool
train20k-16072,train20k-15990,unused_pool
train20k-16073,train20k-15991,unused_pool
train20k-16074,train20k-15992,unused_pool
train20k-16075,train20k-15993,unused_pool
train20k-16076,train20k-15994,unused_pool
train20k-16077,train20k-15995,unused_pool
train20k-16078,train20k-15996,unused_pool
train20k-16079,train20k-15997,unused_pool
train20k-16080,train20k-15998,unused_pool
train20k-16081,train20k-15999,unused_pool
train20k-16082,train20k-16000,unused_pool
train20k-16083,train20k-16001,unused_pool
train20k-16084,train20k-16002,unused_pool
train20k-16085,train20k-16003,unused_pool
train20k-16086,train20k-16004,unused_pool
train20k-16087,train20k-16005,unused_pool
train20k-16088,train20k-16006,unused_pool
train20k-16089,train20k-16007,unused_pool
train20k-16090,train20k-16008,unused_pool
train20k-16091,train20k-16009,unused_pool
train20k-16092,train20k-16010,unused_pool
train20k-16093,train20k-16011,unused_pool
train20k-16094,train20k-16012,unused_pool
train20k-16095,train20k-16013,unused_pool
train20k-16096,train20k-16014,unused_pool
train20k-16097,train20k-16015,unused_pool
train20k-16098,train20k-16016,unused_pool
train20k-16099,train20k-16017,unused_pool
train20k-16100,train20k-16018,unused_pool
train20k-16101,train20k-16019,unused_pool
train20k-16102,train20k-16020,unused_pool
train20k-16103,train20k-16021,unused_pool
train20k-16104,train20k-16022,unused_pool
train20k-16105,train20k-16023,unused_pool
train20k-16106,train20k-16024,unused_pool
train20k-16107,train20k-16025,unused_pool
train20k-16108,train20k-16026,unused_pool
train20k-16109,train20k-16027,unused_pool
train20k-16110,train20k-16028,unused_pool
train20k-16111,train20k-16029,unused_pool
train20k-16112,train20k-16030,unused_pool
train20k-16113,train20k-16031,unused_pool
train20k-16114,train20k-16032,unused_pool
train20k-16115,train20k-16033,unused_pool
train20k-16116,train20k-16034,unused_pool
train20k-16117,train20k-16035,unused_pool
train20k-16118,train20k-16036,unused_pool
train20k-16119,train20k-16037,unused_pool
train20k-16120,train20k-16038,unused_pool
train20k-16121,train20k-16039,unused_pool
train20k-16122,train20k-16040,unused_pool
train20k-16123,train20k-16041,unused_pool
train20k-16124,train20k-16042,unused_pool
train20k-16125,train20k-16043,unused_pool
train20k-16126,train20k-16044,unused_pool
train20k-16127,train20k-16045,unused_pool
train20k-16128,train20k-16046,unused_pool
train20k-16129,train20k-16047,unused_pool
train20k-16130,train20k-16048,unused_pool
train20k-16131,train20k-16049,unused_pool
train20k-16132,train20k-16050,unused_pool
train20k-16133,train20k-16051,unused_pool
train20k-16134,train20k-16052,unused_pool
train20k-16135,train20k-16053,unused_pool
train20k-16136,train20k-16054,unused_pool
train20k-16137,train20k-16055,unused_pool
train20k-16138,train20k-16056,unused_pool
train20k-16139,train20k-16057,unused_pool
train20k-16140,train20k-16058,unused_pool
train20k-16141,train20k-16059,unused_pool
train20k-16142,train20k-16060,unused_pool
train20k-16143,train20k-16061,unused_pool
train20k-16144,train20k-16062,unused_pool
train20k-16145,train20k-16063,unused_pool
train20k-16146,train20k-16064,unused_pool
train20k-16147,train20k-16065,unused_pool
train20k-16148,train20k-16066,unused_pool
train20k-16149,train20k-16067,unused_pool
train20k-16150,train20k-16068,unused_pool
train20k-16151,train20k-16069,unused_pool
train20k-16152,train20k-16070,unused_pool
train20k-16153,train20k-16071,unused_pool
train20k-16154,train20k-16072,unused_pool
train20k-16155,train20k-16073,unused_pool
train20k-16156,train20k-16074,unused_pool
train20k-16157,train20k-16075,unused_pool
train20k-16158,train20k-16076,unused_pool
train20k-16159,train20k-16077,unused_pool
train20k-16160,train20k-16078,unused_pool
train20k-16161,train20k-16079,unused_pool
train20k-16162,train20k-16080,unused_pool
train20k-16163,train20k-16081,unused_pool
train20k-16164,train20k-16082,unused_pool
train20k-16165,train20k-16083,unused_pool
train20k-16166,train20k-16084,unused_pool
train20k-16167,train20k-16085,unused_pool
train20k-16168,train20k-16086,unused_pool
train20k-16169,train20k-16087,unused_pool
train20k-16170,train20k-16088,unused_pool
train20k-16171,train20k-16089,unused_pool
train20k-16172,train20k-16090,unused_pool
train20k-16173,train20k-16091,unused_pool
train20k-16174,train20k-16092,unused_pool
train20k-16175,train20k-16093,unused_pool
train20k-16176,train20k-16094,unused_pool
train20k-16177,train20k-16095,unused_pool
train20k-16178,train20k-16096,unused_pool
train20k-16179,train20k-16097,unused_pool
train20k-16180,train20k-16098,unused_pool
train20k-16181,train20k-16099,unused_pool
train20k-16182,train20k-16100,unused_pool
train20k-16183,train20k-16101,unused_pool
train20k-16184,train20k-16102,unused_pool
train20k-16185,train20k-16103,unused_pool
train20k-16186,train20k-16104,unused_pool
train20k-16187,train20k-16105,unused_pool
train20k-16188,train20k-16106,unused_pool
train20k-16189,train20k-16107,unused_pool
train20k-16190,train20k-16108,unused_pool
train20k-16191,train20k-16109,unused_pool
train20k-16192,train20k-16110,unused_pool
train20k-16193,train20k-16111,unused_pool
train20k-16194,train20k-16112,unused_pool
train20k-16195,train20k-16113,unused_pool
train20k-16196,train20k-16114,unused_pool
train20k-16197,train20k-16115,unused_pool
train20k-16198,train20k-16116,unused_pool
train20k-16199,train20k-16117,unused_pool
train20k-16200,train20k-16118,unused_pool
train20k-16201,train20k-16119,unused_pool
train20k-16202,train20k-16120,unused_pool
train20k-16203,train20k-16121,unused_pool
train20k-16204,train20k-16122,unused_pool
train20k-16205,train20k-16123,unused_pool
train20k-16206,train20k-16124,unused_pool
train20k-16207,train20k-16125,unused_pool
train20k-16208,train20k-16126,unused_pool
train20k-16209,train20k-16127,unused_pool
train20k-16210,train20k-16128,unused_pool
train20k-16211,train20k-16129,unused_pool
train20k-16212,train20k-16130,unused_pool
train20k-16213,train20k-16131,unused_pool
train20k-16214,train20k-16132,unused_pool
train20k-16215,train20k-16133,unused_pool
train20k-16216,train20k-16134,unused_pool
train20k-16217,train20k-16135,unused_pool
train20k-16218,train20k-16136,unused_pool
train20k-16219,train20k-16137,unused_pool
train20k-16220,train20k-16138,unused_pool
train20k-16221,train20k-16139,unused_pool
train20k-16222,train20k-16140,unused_pool
train20k-16223,train20k-16141,unused_pool
train20k-16224,train20k-16142,unused_pool
train20k-16225,train20k-16143,unused_pool
train20k-16226,train20k-16144,unused_pool
train20k-16227,train20k-16145,unused_pool
train20k-16228,train20k-16146,unused_pool
train20k-16229,train20k-16147,unused_pool
train20k-16230,train20k-16148,unused_pool
train20k-16231,train20k-16149,unused_pool
train20k-16232,train20k-16150,unused_pool
train20k-16233,train20k-16151,unused_pool
train20k-16234,train20k-16152,unused_pool
train20k-16235,train20k-16153,unused_pool
train20k-16236,train20k-16154,unused_pool
train20k-16237,train20k-16155,unused_pool
train20k-16238,train20k-16156,unused_pool
train20k-16239,train20k-16157,unused_pool
train20k-16240,train20k-16158,unused_pool
train20k-16241,train20k-16159,unused_pool
train20k-16242,train20k-16160,unused_pool
train20k-16243,train20k-16161,unused_pool
train20k-16244,train20k-16162,unused_pool
train20k-16245,train20k-16163,unused_pool
train20k-16246,train20k-16164,unused_pool
train20k-16247,train20k-16165,unused_pool
train20k-16248,train20k-16166,unused_pool
train20k-16249,train20k-16167,unused_pool
train20k-16250,train20k-16168,unused_pool
train20k-16251,train20k-16169,unused_pool
train20k-16252,train20k-16170,unused_pool
train20k-16253,train20k-16171,unused_pool
train20k-16254,train20k-16172,unused_pool
train20k-16255,train20k-16173,unused_pool
train20k-16256,train20k-16174,unused_pool
train20k-16257,train20k-16175,unused_pool
train20k-16258,train20k-16176,unused_pool
train20k-16259,train20k-16177,unused_pool
train20k-16260,train20k-16178,unused_pool
train20k-16261,train20k-16179,unused_pool
train20k-16262,train20k-16180,unused_pool
train20k-16263,train20k-16181,unused_pool
train20k-16264,train20k-16182,unused_pool
train20k-16265,train20k-16183,unused_pool
train20k-16266,train20k-16184,unused_pool
train20k-16267,train20k-16185,unused_pool
train20k-16268,train20k-16186,unused_pool
train20k-16269,train20k-16187,unused_pool
train20k-16270,train20k-16188,unused_pool
train20k-16271,train20k-16189,unused_pool
train20k-16272,train20k-16190,unused_pool
train20k-16273,train20k-16191,unused_pool
train20k-16274,train20k-16192,unused_pool
train20k-16275,train20k-16193,unused_pool
train20k-16276,train20k-16194,unused_pool
train20k-16277,train20k-16195,unused_pool
train20k-16278,train20k-16196,unused_pool
train20k-16279,train20k-16197,unused_pool
train20k-16280,train20k-16198,unused_pool
train20k-16281,train20k-16199,unused_pool
train20k-16282,train20k-16200,unused_pool
train20k-16283,train20k-16201,unused_pool
train20k-16284,train20k-16202,unused_pool
train20k-16285,train20k-16203,unused_pool
train20k-16286,train20k-16204,unused_pool
train20k-16287,train20k-16205,unused_pool
train20k-16288,train20k-16206,unused_pool
train20k-16289,train20k-16207,unused_pool
train20k-16290,train20k-16208,unused_pool
train20k-16291,train20k-16209,unused_pool
train20k-16292,train20k-16210,unused_pool
train20k-16293,train20k-16211,unused_pool
train20k-16294,train20k-16212,unused_pool
train20k-16295,train20k-16213,unused_pool
train20k-16296,train20k-16214,unused_pool
train20k-16297,train20k-16215,unused_pool
train20k-16298,train20k-16216,unused_pool
train20k-16299,train20k-16217,unused_pool
train20k-16300,train20k-16218,unused_pool
train20k-16301,train20k-16219,unused_pool
train20k-16302,train20k-16220,unused_pool
train20k-16303,train20k-16221,unused_pool
train20k-16304,train20k-16222,unused_pool
train20k-16305,train20k-16223,unused_pool
train20k-16306,train20k-16224,unused_pool
train20k-16307,train20k-16225,unused_pool
train20k-16308,train20k-16226,unused_pool
train20k-16309,train20k-16227,unused_pool
train20k-16310,train20k-16228,unused_pool
train20k-16311,train20k-16229,unused_pool
train20k-16312,train20k-16230,unused_pool
train20k-16313,train20k-16231,unused_pool
train20k-16314,train20k-16232,unused_pool
train20k-16315,train20k-16233,unused_pool
train20k-16316,train20k-16234,unused_pool
train20k-16317,train20k-16235,unused_pool
train20k-16318,train20k-16236,unused_pool
train20k-16319,train20k-16237,unused_pool
train20k-16320,train20k-16238,unused_pool
train20k-16321,train20k-16239,unused_pool
train20k-16322,train20k-16240,unused_pool
train20k-16323,train20k-16241,unused_pool
train20k-16324,train20k-16242,unused_pool
train20k-16325,train20k-16243,unused_pool
train20k-16326,train20k-16244,unused_pool
train20k-16327,train20k-16245,unused_pool
train20k-16328,train20k-16246,unused_pool
train20k-16330,train20k-16247,unused_pool
train20k-16331,train20k-16248,unused_pool
train20k-16332,train20k-16249,unused_pool
train20k-16333,train20k-16250,unused_pool
train20k-16334,train20k-16251,unused_pool
train20k-16335,train20k-16252,unused_pool
train20k-16336,train20k-16253,unused_pool
train20k-16337,train20k-16254,unused_pool
train20k-16338,train20k-16255,unused_pool
train20k-16339,train20k-16256,unused_pool
train20k-16340,train20k-16257,unused_pool
train20k-16341,train20k-16258,unused_pool
train20k-16342,train20k-16259,unused_pool
train20k-16343,train20k-16260,unused_pool
train20k-16344,train20k-16261,unused_pool
train20k-16345,train20k-16262,unused_pool
train20k-16346,train20k-16263,unused_pool
train20k-16347,train20k-16264,unused_pool
train20k-16348,train20k-16265,unused_pool
train20k-16349,train20k-16266,unused_pool
train20k-16350,train20k-16267,unused_pool
train20k-16351,train20k-16268,unused_pool
train20k-16352,train20k-16269,unused_pool
train20k-16353,train20k-16270,unused_pool
train20k-16354,train20k-16271,unused_pool
train20k-16355,train20k-16272,unused_pool
train20k-16356,train20k-16273,unused_pool
train20k-16357,train20k-16274,unused_pool
train20k-16358,train20k-16275,unused_pool
train20k-16359,train20k-16276,unused_pool
train20k-16360,train20k-16277,unused_pool
train20k-16361,train20k-16278,unused_pool
train20k-16362,train20k-16279,unused_pool
train20k-16363,train20k-16280,unused_pool
train20k-16364,train20k-16281,unused_pool
train20k-16366,train20k-16282,unused_pool
train20k-16367,train20k-16283,unused_pool
train20k-16368,train20k-16284,unused_pool
train20k-16369,train20k-16285,unused_pool
train20k-16370,train20k-16286,unused_pool
train20k-16371,train20k-16287,unused_pool
train20k-16372,train20k-16288,unused_pool
train20k-16373,train20k-16289,unused_pool
train20k-16374,train20k-16290,unused_pool
train20k-16375,train20k-16291,unused_pool
train20k-16376,train20k-16292,unused_pool
train20k-16377,train20k-16293,unused_pool
train20k-16378,train20k-16294,unused_pool
train20k-16379,train20k-16295,unused_pool
train20k-16380,train20k-16296,unused_pool
train20k-16381,train20k-16297,unused_pool
train20k-16382,train20k-16298,unused_pool
train20k-16383,train20k-16299,unused_pool
train20k-16384,train20k-16300,unused_pool
train20k-16385,train20k-16301,unused_pool
train20k-16386,train20k-16302,unused_pool
train20k-16387,train20k-16303,unused_pool
train20k-16388,train20k-16304,unused_pool
train20k-16389,train20k-16305,unused_pool
train20k-16390,train20k-16306,unused_pool
train20k-16391,train20k-16307,unused_pool
train20k-16392,train20k-16308,unused_pool
train20k-16393,train20k-16309,unused_pool
train20k-16394,train20k-16310,unused_pool
train20k-16395,train20k-16311,unused_pool
train20k-16396,train20k-16312,unused_pool
train20k-16397,train20k-16313,unused_pool
train20k-16398,train20k-16314,unused_pool
train20k-16399,train20k-16315,unused_pool
train20k-16400,train20k-16316,unused_pool
train20k-16401,train20k-16317,unused_pool
train20k-16402,train20k-16318,unused_pool
train20k-16403,train20k-16319,unused_pool
train20k-16404,train20k-16320,unused_pool
train20k-16405,train20k-16321,unused_pool
train20k-16406,train20k-16322,unused_pool
train20k-16407,train20k-16323,unused_pool
train20k-16408,train20k-16324,unused_pool
train20k-16409,train20k-16325,unused_pool
train20k-16410,train20k-16326,unused_pool
train20k-16411,train20k-16327,unused_pool
train20k-16412,train20k-16328,unused_pool
train20k-16413,train20k-16329,unused_pool
train20k-16414,train20k-16330,unused_pool
train20k-16415,train20k-16331,unused_pool
train20k-16416,train20k-16332,unused_pool
train20k-16417,train20k-16333,unused_pool
train20k-16418,train20k-16334,unused_pool
train20k-16419,train20k-16335,unused_pool
train20k-16421,train20k-16336,unused_pool
train20k-16422,train20k-16337,unused_pool
train20k-16423,train20k-16338,unused_pool
train20k-16424,train20k-16339,unused_pool
train20k-16425,train20k-16340,unused_pool
train20k-16426,train20k-16341,unused_pool
train20k-16427,train20k-16342,unused_pool
train20k-16428,train20k-16343,unused_pool
train20k-16429,train20k-16344,unused_pool
train20k-16430,train20k-16345,unused_pool
train20k-16431,train20k-16346,unused_pool
train20k-16432,train20k-16347,unused_pool
train20k-16433,train20k-16348,unused_pool
train20k-16434,train20k-16349,unused_pool
train20k-16435,train20k-16350,unused_pool
train20k-16436,train20k-16351,unused_pool
train20k-16437,train20k-16352,unused_pool
train20k-16438,train20k-16353,unused_pool
train20k-16439,train20k-16354,unused_pool
train20k-16440,train20k-16355,unused_pool
train20k-16441,train20k-16356,unused_pool
train20k-16442,train20k-16357,unused_pool
train20k-16443,train20k-16358,unused_pool
train20k-16444,train20k-16359,unused_pool
train20k-16445,train20k-16360,unused_pool
train20k-16446,train20k-16361,unused_pool
train20k-16447,train20k-16362,unused_pool
train20k-16449,train20k-16363,unused_pool
train20k-16450,train20k-16364,unused_pool
train20k-16451,train20k-16365,unused_pool
train20k-16452,train20k-16366,unused_pool
train20k-16453,train20k-16367,unused_pool
train20k-16454,train20k-16368,unused_pool
train20k-16455,train20k-16369,unused_pool
train20k-16456,train20k-16370,unused_pool
train20k-16457,train20k-16371,unused_pool
train20k-16458,train20k-16372,unused_pool
train20k-16459,train20k-16373,unused_pool
train20k-16460,train20k-16374,unused_pool
train20k-16461,train20k-16375,unused_pool
train20k-16462,train20k-16376,unused_pool
train20k-16463,train20k-16377,unused_pool
train20k-16464,train20k-16378,unused_pool
train20k-16465,train20k-16379,unused_pool
train20k-16466,train20k-16380,unused_pool
train20k-16467,train20k-16381,unused_pool
train20k-16468,train20k-16382,unused_pool
train20k-16469,train20k-16383,unused_pool
train20k-16470,train20k-16384,unused_pool
train20k-16471,train20k-16385,unused_pool
train20k-16472,train20k-16386,unused_pool
train20k-16473,train20k-16387,unused_pool
train20k-16474,train20k-16388,unused_pool
train20k-16475,train20k-16389,unused_pool
train20k-16476,train20k-16390,unused_pool
train20k-16477,train20k-16391,unused_pool
train20k-16478,train20k-16392,unused_pool
train20k-16479,train20k-16393,unused_pool
train20k-16480,train20k-16394,unused_pool
train20k-16481,train20k-16395,unused_pool
train20k-16482,train20k-16396,unused_pool
train20k-16483,train20k-16397,unused_pool
train20k-16484,train20k-16398,unused_pool
train20k-16485,train20k-16399,unused_pool
train20k-16486,train20k-16400,unused_pool
train20k-16487,train20k-16401,unused_pool
train20k-16488,train20k-16402,unused_pool
train20k-16489,train20k-16403,unused_pool
train20k-16490,train20k-16404,unused_pool
train20k-16491,train20k-16405,unused_pool
train20k-16492,train20k-16406,unused_pool
train20k-16493,train20k-16407,unused_pool
train20k-16494,train20k-16408,unused_pool
train20k-16495,train20k-16409,unused_pool
train20k-16496,train20k-16410,unused_pool
train20k-16497,train20k-16411,unused_pool
train20k-16498,train20k-16412,unused_pool
train20k-16499,train20k-16413,unused_pool
train20k-16500,train20k-16414,unused_pool
train20k-16501,train20k-16415,unused_pool
train20k-16502,train20k-16416,unused_pool
train20k-16503,train20k-16417,unused_pool
train20k-16504,train20k-16418,unused_pool
train20k-16505,train20k-16419,unused_pool
train20k-16506,train20k-16420,unused_pool
train20k-16507,train20k-16421,unused_pool
train20k-16509,train20k-16422,unused_pool
train20k-16510,train20k-16423,unused_pool
train20k-16511,train20k-16424,unused_pool
train20k-16512,train20k-16425,unused_pool
train20k-16513,train20k-16426,unused_pool
train20k-16514,train20k-16427,unused_pool
train20k-16515,train20k-16428,unused_pool
train20k-16516,train20k-16429,unused_pool
train20k-16517,train20k-16430,unused_pool
train20k-16518,train20k-16431,unused_pool
train20k-16519,train20k-16432,unused_pool
train20k-16520,train20k-16433,unused_pool
train20k-16521,train20k-16434,unused_pool
train20k-16522,train20k-16435,unused_pool
train20k-16523,train20k-16436,unused_pool
train20k-16524,train20k-16437,unused_pool
train20k-16525,train20k-16438,unused_pool
train20k-16526,train20k-16439,unused_pool
train20k-16527,train20k-16440,unused_pool
train20k-16528,train20k-16441,unused_pool
train20k-16529,train20k-16442,unused_pool
train20k-16530,train20k-16443,unused_pool
train20k-16531,train20k-16444,unused_pool
train20k-16532,train20k-16445,unused_pool
train20k-16533,train20k-16446,unused_pool
train20k-16534,train20k-16447,unused_pool
train20k-16535,train20k-16448,unused_pool
train20k-16536,train20k-16449,unused_pool
train20k-16537,train20k-16450,unused_pool
train20k-16538,train20k-16451,unused_pool
train20k-16539,train20k-16452,unused_pool
train20k-16540,train20k-16453,unused_pool
train20k-16541,train20k-16454,unused_pool
train20k-16542,train20k-16455,unused_pool
train20k-16543,train20k-16456,unused_pool
train20k-16544,train20k-16457,unused_pool
train20k-16545,train20k-16458,unused_pool
train20k-16546,train20k-16459,unused_pool
train20k-16547,train20k-16460,unused_pool
train20k-16548,train20k-16461,unused_pool
train20k-16549,train20k-16462,unused_pool
train20k-16550,train20k-16463,unused_pool
train20k-16551,train20k-16464,unused_pool
train20k-16552,train20k-16465,unused_pool
train20k-16553,train20k-16466,unused_pool
train20k-16554,train20k-16467,unused_pool
train20k-16555,train20k-16468,unused_pool
train20k-16556,train20k-16469,unused_pool
train20k-16557,train20k-16470,unused_pool
train20k-16558,train20k-16471,unused_pool
train20k-16559,train20k-16472,unused_pool
train20k-16560,train20k-16473,unused_pool
train20k-16561,train20k-16474,unused_pool
train20k-16562,train20k-16475,unused_pool
train20k-16563,train20k-16476,unused_pool
train20k-16564,train20k-16477,unused_pool
train20k-16565,train20k-16478,unused_pool
train20k-16566,train20k-16479,unused_pool
train20k-16567,train20k-16480,unused_pool
train20k-16568,train20k-16481,unused_pool
train20k-16569,train20k-16482,unused_pool
train20k-16570,train20k-16483,unused_pool
train20k-16571,train20k-16484,unused_pool
train20k-16572,train20k-16485,unused_pool
train20k-16573,train20k-16486,unused_pool
train20k-16574,train20k-16487,unused_pool
train20k-16575,train20k-16488,unused_pool
train20k-16576,train20k-16489,unused_pool
train20k-16577,train20k-16490,unused_pool
train20k-16578,train20k-16491,unused_pool
train20k-16579,train20k-16492,unused_pool
train20k-16580,train20k-16493,unused_pool
train20k-16581,train20k-16494,unused_pool
train20k-16582,train20k-16495,unused_pool
train20k-16583,train20k-16496,unused_pool
train20k-16584,train20k-16497,unused_pool
train20k-16585,train20k-16498,unused_pool
train20k-16586,train20k-16499,unused_pool
train20k-16587,train20k-16500,unused_pool
train20k-16588,train20k-16501,unused_pool
train20k-16589,train20k-16502,unused_pool
train20k-16590,train20k-16503,unused_pool
train20k-16591,train20k-16504,unused_pool
train20k-16592,train20k-16505,unused_pool
train20k-16593,train20k-16506,unused_pool
train20k-16594,train20k-16507,unused_pool
train20k-16595,train20k-16508,unused_pool
train20k-16596,train20k-16509,unused_pool
train20k-16597,train20k-16510,unused_pool
train20k-16598,train20k-16511,unused_pool
train20k-16599,train20k-16512,unused_pool
train20k-16600,train20k-16513,unused_pool
train20k-16601,train20k-16514,unused_pool
train20k-16602,train20k-16515,unused_pool
train20k-16603,train20k-16516,unused_pool
train20k-16604,train20k-16517,unused_pool
train20k-16605,train20k-16518,unused_pool
train20k-16606,train20k-16519,unused_pool
train20k-16607,train20k-16520,unused_pool
train20k-16608,train20k-16521,unused_pool
train20k-16609,train20k-16522,unused_pool
train20k-16610,train20k-16523,unused_pool
train20k-16611,train20k-16524,unused_pool
train20k-16612,train20k-16525,unused_pool
train20k-16613,train20k-16526,unused_pool
train20k-16614,train20k-16527,unused_pool
train20k-16615,train20k-16528,unused_pool
train20k-16616,train20k-16529,unused_pool
train20k-16617,train20k-16530,unused_pool
train20k-16618,train20k-16531,unused_pool
train20k-16619,train20k-16532,unused_pool
train20k-16620,train20k-16533,unused_pool
train20k-16621,train20k-16534,unused_pool
train20k-16622,train20k-16535,unused_pool
train20k-16623,train20k-16536,unused_pool
train20k-16624,train20k-16537,unused_pool
train20k-16625,train20k-16538,unused_pool
train20k-16626,train20k-16539,unused_pool
train20k-16627,train20k-16540,unused_pool
train20k-16628,train20k-16541,unused_pool
train20k-16629,train20k-16542,unused_pool
train20k-16630,train20k-16543,unused_pool
train20k-16631,train20k-16544,unused_pool
train20k-16632,train20k-16545,unused_pool
train20k-16633,train20k-16546,unused_pool
train20k-16634,train20k-16547,unused_pool
train20k-16635,train20k-16548,unused_pool
train20k-16636,train20k-16549,unused_pool
train20k-16637,train20k-16550,unused_pool
train20k-16638,train20k-16551,unused_pool
train20k-16639,train20k-16552,unused_pool
train20k-16640,train20k-16553,unused_pool
train20k-16641,train20k-16554,unused_pool
train20k-16642,train20k-16555,unused_pool
train20k-16643,train20k-16556,unused_pool
train20k-16644,train20k-16557,unused_pool
train20k-16645,train20k-16558,unused_pool
train20k-16646,train20k-16559,unused_pool
train20k-16647,train20k-16560,unused_pool
train20k-16648,train20k-16561,unused_pool
train20k-16649,train20k-16562,unused_pool
train20k-16650,train20k-16563,unused_pool
train20k-16651,train20k-16564,unused_pool
train20k-16652,train20k-16565,unused_pool
train20k-16653,train20k-16566,unused_pool
train20k-16654,train20k-16567,unused_pool
train20k-16655,train20k-16568,unused_pool
train20k-16656,train20k-16569,unused_pool
train20k-16657,train20k-16570,unused_pool
train20k-16658,train20k-16571,unused_pool
train20k-16659,train20k-16572,unused_pool
train20k-16660,train20k-16573,unused_pool
train20k-16661,train20k-16574,unused_pool
train20k-16662,train20k-16575,unused_pool
train20k-16663,train20k-16576,unused_pool
train20k-16664,train20k-16577,unused_pool
train20k-16665,train20k-16578,unused_pool
train20k-16666,train20k-16579,unused_pool
train20k-16667,train20k-16580,unused_pool
train20k-16668,train20k-16581,unused_pool
train20k-16669,train20k-16582,unused_pool
train20k-16670,train20k-16583,unused_pool
train20k-16671,train20k-16584,unused_pool
train20k-16672,train20k-16585,unused_pool
train20k-16673,train20k-16586,unused_pool
train20k-16674,train20k-16587,unused_pool
train20k-16675,train20k-16588,unused_pool
train20k-16676,train20k-16589,unused_pool
train20k-16677,train20k-16590,unused_pool
train20k-16678,train20k-16591,unused_pool
train20k-16679,train20k-16592,unused_pool
train20k-16680,train20k-16593,unused_pool
train20k-16681,train20k-16594,unused_pool
train20k-16682,train20k-16595,unused_pool
train20k-16683,train20k-16596,unused_pool
train20k-16684,train20k-16597,unused_pool
train20k-16685,train20k-16598,unused_pool
train20k-16686,train20k-16599,unused_pool
train20k-16687,train20k-16600,unused_pool
train20k-16688,train20k-16601,unused_pool
train20k-16689,train20k-16602,unused_pool
train20k-16690,train20k-16603,unused_pool
train20k-16691,train20k-16604,unused_pool
train20k-16693,train20k-16605,unused_pool
train20k-16694,train20k-16606,unused_pool
train20k-16695,train20k-16607,unused_pool
train20k-16696,train20k-16608,unused_pool
train20k-16697,train20k-16609,unused_pool
train20k-16698,train20k-16610,unused_pool
train20k-16699,train20k-16611,unused_pool
train20k-16700,train20k-16612,unused_pool
train20k-16701,train20k-16613,unused_pool
train20k-16702,train20k-16614,unused_pool
train20k-16703,train20k-16615,unused_pool
train20k-16704,train20k-16616,unused_pool
train20k-16705,train20k-16617,unused_pool
train20k-16706,train20k-16618,unused_pool
train20k-16707,train20k-16619,unused_pool
train20k-16708,train20k-16620,unused_pool
train20k-16709,train20k-16621,unused_pool
train20k-16710,train20k-16622,unused_pool
train20k-16711,train20k-16623,unused_pool
train20k-16712,train20k-16624,unused_pool
train20k-16713,train20k-16625,unused_pool
train20k-16714,train20k-16626,unused_pool
train20k-16715,train20k-16627,unused_pool
train20k-16716,train20k-16628,unused_pool
train20k-16717,train20k-16629,unused_pool
train20k-16718,train20k-16630,unused_pool
train20k-16719,train20k-16631,unused_pool
train20k-16720,train20k-16632,unused_pool
train20k-16721,train20k-16633,unused_pool
train20k-16722,train20k-16634,unused_pool
train20k-16723,train20k-16635,unused_pool
train20k-16724,train20k-16636,unused_pool
train20k-16725,train20k-16637,unused_pool
train20k-16726,train20k-16638,unused_pool
train20k-16727,train20k-16639,unused_pool
train20k-16728,train20k-16640,unused_pool
train20k-16729,train20k-16641,unused_pool
train20k-16730,train20k-16642,unused_pool
train20k-16731,train20k-16643,unused_pool
train20k-16732,train20k-16644,unused_pool
train20k-16733,train20k-16645,unused_pool
train20k-16734,train20k-16646,unused_pool
train20k-16735,train20k-16647,unused_pool
train20k-16736,train20k-16648,unused_pool
train20k-16737,train20k-16649,unused_pool
train20k-16738,train20k-16650,unused_pool
train20k-16739,train20k-16651,unused_pool
train20k-16740,train20k-16652,unused_pool
train20k-16741,train20k-16653,unused_pool
train20k-16742,train20k-16654,unused_pool
train20k-16743,train20k-16655,unused_pool
train20k-16744,train20k-16656,unused_pool
train20k-16745,train20k-16657,unused_pool
train20k-16746,train20k-16658,unused_pool
train20k-16747,train20k-16659,unused_pool
train20k-16748,train20k-16660,unused_pool
train20k-16749,train20k-16661,unused_pool
train20k-16750,train20k-16662,unused_pool
train20k-16751,train20k-16663,unused_pool
train20k-16752,train20k-16664,unused_pool
train20k-16753,train20k-16665,unused_pool
train20k-16754,train20k-16666,unused_pool
train20k-16755,train20k-16667,unused_pool
train20k-16756,train20k-16668,unused_pool
train20k-16757,train20k-16669,unused_pool
train20k-16758,train20k-16670,unused_pool
train20k-16759,train20k-16671,unused_pool
train20k-16760,train20k-16672,unused_pool
train20k-16761,train20k-16673,unused_pool
train20k-16762,train20k-16674,unused_pool
train20k-16763,train20k-16675,unused_pool
train20k-16764,train20k-16676,unused_pool
train20k-16765,train20k-16677,unused_pool
train20k-16766,train20k-16678,unused_pool
train20k-16767,train20k-16679,unused_pool
train20k-16768,train20k-16680,unused_pool
train20k-16769,train20k-16681,unused_pool
train20k-16770,train20k-16682,unused_pool
train20k-16771,train20k-16683,unused_pool
train20k-16772,train20k-16684,unused_pool
train20k-16773,train20k-16685,unused_pool
train20k-16774,train20k-16686,unused_pool
train20k-16775,train20k-16687,unused_pool
train20k-16776,train20k-16688,unused_pool
train20k-16777,train20k-16689,unused_pool
train20k-16778,train20k-16690,unused_pool
train20k-16779,train20k-16691,unused_pool
train20k-16780,train20k-16692,unused_pool
train20k-16781,train20k-16693,unused_pool
train20k-16782,train20k-16694,unused_pool
train20k-16783,train20k-16695,unused_pool
train20k-16784,train20k-16696,unused_pool
train20k-16785,train20k-16697,unused_pool
train20k-16786,train20k-16698,unused_pool
train20k-16787,train20k-16699,unused_pool
train20k-16788,train20k-16700,unused_pool
train20k-16789,train20k-16701,unused_pool
train20k-16790,train20k-16702,unused_pool
train20k-16791,train20k-16703,unused_pool
train20k-16792,train20k-16704,unused_pool
train20k-16793,train20k-16705,unused_pool
train20k-16794,train20k-16706,unused_pool
train20k-16795,train20k-16707,unused_pool
train20k-16796,train20k-16708,unused_pool
train20k-16797,train20k-16709,unused_pool
train20k-16798,train20k-16710,unused_pool
train20k-16799,train20k-16711,unused_pool
train20k-16800,train20k-16712,unused_pool
train20k-16801,train20k-16713,unused_pool
train20k-16802,train20k-16714,unused_pool
train20k-16803,train20k-16715,unused_pool
train20k-16804,train20k-16716,unused_pool
train20k-16805,train20k-16717,unused_pool
train20k-16806,train20k-16718,unused_pool
train20k-16807,train20k-16719,unused_pool
train20k-16808,train20k-16720,unused_pool
train20k-16809,train20k-16721,unused_pool
train20k-16810,train20k-16722,unused_pool
train20k-16811,train20k-16723,unused_pool
train20k-16812,train20k-16724,unused_pool
train20k-16813,train20k-16725,unused_pool
train20k-16814,train20k-16726,unused_pool
train20k-16815,train20k-16727,unused_pool
train20k-16816,train20k-16728,unused_pool
train20k-16817,train20k-16729,unused_pool
train20k-16819,train20k-16730,unused_pool
train20k-16820,train20k-16731,unused_pool
train20k-16821,train20k-16732,unused_pool
train20k-16822,train20k-16733,unused_pool
train20k-16823,train20k-16734,unused_pool
train20k-16824,train20k-16735,unused_pool
train20k-16825,train20k-16736,unused_pool
train20k-16826,train20k-16737,unused_pool
train20k-16827,train20k-16738,unused_pool
train20k-16828,train20k-16739,unused_pool
train20k-16829,train20k-16740,unused_pool
train20k-16830,train20k-16741,unused_pool
train20k-16831,train20k-16742,unused_pool
train20k-16832,train20k-16743,unused_pool
train20k-16833,train20k-16744,unused_pool
train20k-16834,train20k-16745,unused_pool
train20k-16835,train20k-16746,unused_pool
train20k-16836,train20k-16747,unused_pool
train20k-16837,train20k-16748,unused_pool
train20k-16838,train20k-16749,unused_pool
train20k-16839,train20k-16750,unused_pool
train20k-16840,train20k-16751,unused_pool
train20k-16841,train20k-16752,unused_pool
train20k-16842,train20k-16753,unused_pool
train20k-16843,train20k-16754,unused_pool
train20k-16844,train20k-16755,unused_pool
train20k-16845,train20k-16756,unused_pool
train20k-16846,train20k-16757,unused_pool
train20k-16847,train20k-16758,unused_pool
train20k-16848,train20k-16759,unused_pool
train20k-16849,train20k-16760,unused_pool
train20k-16850,train20k-16761,unused_pool
train20k-16851,train20k-16762,unused_pool
train20k-16852,train20k-16763,unused_pool
train20k-16853,train20k-16764,unused_pool
train20k-16854,train20k-16765,unused_pool
train20k-16856,train20k-16766,unused_pool
train20k-16857,train20k-16767,unused_pool
train20k-16858,train20k-16768,unused_pool
train20k-16859,train20k-16769,unused_pool
train20k-16860,train20k-16770,unused_pool
train20k-16861,train20k-16771,unused_pool
train20k-16862,train20k-16772,unused_pool
train20k-16863,train20k-16773,unused_pool
train20k-16864,train20k-16774,unused_pool
train20k-16865,train20k-16775,unused_pool
train20k-16866,train20k-16776,unused_pool
train20k-16867,train20k-16777,unused_pool
train20k-16868,train20k-16778,unused_pool
train20k-16869,train20k-16779,unused_pool
train20k-16870,train20k-16780,unused_pool
train20k-16871,train20k-16781,unused_pool
train20k-16873,train20k-16782,unused_pool
train20k-16874,train20k-16783,unused_pool
train20k-16875,train20k-16784,unused_pool
train20k-16876,train20k-16785,unused_pool
train20k-16877,train20k-16786,unused_pool
train20k-16878,train20k-16787,unused_pool
train20k-16879,train20k-16788,unused_pool
train20k-16880,train20k-16789,unused_pool
train20k-16881,train20k-16790,unused_pool
train20k-16882,train20k-16791,unused_pool
train20k-16883,train20k-16792,unused_pool
train20k-16884,train20k-16793,unused_pool
train20k-16885,train20k-16794,unused_pool
train20k-16886,train20k-16795,unused_pool
train20k-16887,train20k-16796,unused_pool
train20k-16888,train20k-16797,unused_pool
train20k-16889,train20k-16798,unused_pool
train20k-16890,train20k-16799,unused_pool
train20k-16891,train20k-16800,unused_pool
train20k-16892,train20k-16801,unused_pool
train20k-16893,train20k-16802,unused_pool
train20k-16894,train20k-16803,unused_pool
train20k-16895,train20k-16804,unused_pool
train20k-16896,train20k-16805,unused_pool
train20k-16897,train20k-16806,unused_pool
train20k-16898,train20k-16807,unused_pool
train20k-16899,train20k-16808,unused_pool
train20k-16900,train20k-16809,unused_pool
train20k-16901,train20k-16810,unused_pool
train20k-16902,train20k-16811,unused_pool
train20k-16903,train20k-16812,unused_pool
train20k-16904,train20k-16813,unused_pool
train20k-16905,train20k-16814,unused_pool
train20k-16906,train20k-16815,unused_pool
train20k-16907,train20k-16816,unused_pool
train20k-16908,train20k-16817,unused_pool
train20k-16909,train20k-16818,unused_pool
train20k-16910,train20k-16819,unused_pool
train20k-16911,train20k-16820,unused_pool
train20k-16912,train20k-16821,unused_pool
train20k-16913,train20k-16822,unused_pool
train20k-16914,train20k-16823,unused_pool
train20k-16915,train20k-16824,unused_pool
train20k-16916,train20k-16825,unused_pool
train20k-16917,train20k-16826,unused_pool
train20k-16918,train20k-16827,unused_pool
train20k-16919,train20k-16828,unused_pool
train20k-16920,train20k-16829,unused_pool
train20k-16921,train20k-16830,unused_pool
train20k-16922,train20k-16831,unused_pool
train20k-16923,train20k-16832,unused_pool
train20k-16924,train20k-16833,unused_pool
train20k-16925,train20k-16834,unused_pool
train20k-16926,train20k-16835,unused_pool
train20k-16927,train20k-16836,unused_pool
train20k-16928,train20k-16837,unused_pool
train20k-16929,train20k-16838,unused_pool
train20k-16930,train20k-16839,unused_pool
train20k-16931,train20k-16840,unused_pool
train20k-16932,train20k-16841,unused_pool
train20k-16933,train20k-16842,unused_pool
train20k-16934,train20k-16843,unused_pool
train20k-16935,train20k-16844,unused_pool
train20k-16936,train20k-16845,unused_pool
train20k-16937,train20k-16846,unused_pool
train20k-16938,train20k-16847,unused_pool
train20k-16939,train20k-16848,unused_pool
train20k-16940,train20k-16849,unused_pool
train20k-16941,train20k-16850,unused_pool
train20k-16943,train20k-16851,unused_pool
train20k-16944,train20k-16852,unused_pool
train20k-16945,train20k-16853,unused_pool
train20k-16946,train20k-16854,unused_pool
train20k-16947,train20k-16855,unused_pool
train20k-16948,train20k-16856,unused_pool
train20k-16949,train20k-16857,unused_pool
train20k-16950,train20k-16858,unused_pool
train20k-16951,train20k-16859,unused_pool
train20k-16952,train20k-16860,unused_pool
train20k-16953,train20k-16861,unused_pool
train20k-16954,train20k-16862,unused_pool
train20k-16955,train20k-16863,unused_pool
train20k-16956,train20k-16864,unused_pool
train20k-16958,train20k-16865,unused_pool
train20k-16959,train20k-16866,unused_pool
train20k-16960,train20k-16867,unused_pool
train20k-16961,train20k-16868,unused_pool
train20k-16962,train20k-16869,unused_pool
train20k-16963,train20k-16870,unused_pool
train20k-16964,train20k-16871,unused_pool
train20k-16965,train20k-16872,unused_pool
train20k-16966,train20k-16873,unused_pool
train20k-16967,train20k-16874,unused_pool
train20k-16968,train20k-16875,unused_pool
train20k-16969,train20k-16876,unused_pool
train20k-16970,train20k-16877,unused_pool
train20k-16971,train20k-16878,unused_pool
train20k-16972,train20k-16879,unused_pool
train20k-16973,train20k-16880,unused_pool
train20k-16974,train20k-16881,unused_pool
train20k-16975,train20k-16882,unused_pool
train20k-16976,train20k-16883,unused_pool
train20k-16977,train20k-16884,unused_pool
train20k-16978,train20k-16885,unused_pool
train20k-16979,train20k-16886,unused_pool
train20k-16980,train20k-16887,unused_pool
train20k-16981,train20k-16888,unused_pool
train20k-16982,train20k-16889,unused_pool
train20k-16983,train20k-16890,unused_pool
train20k-16984,train20k-16891,unused_pool
train20k-16985,train20k-16892,unused_pool
train20k-16986,train20k-16893,unused_pool
train20k-16987,train20k-16894,unused_pool
train20k-16988,train20k-16895,unused_pool
train20k-16989,train20k-16896,unused_pool
train20k-16990,train20k-16897,unused_pool
train20k-16991,train20k-16898,unused_pool
train20k-16992,train20k-16899,unused_pool
train20k-16993,train20k-16900,unused_pool
train20k-16994,train20k-16901,unused_pool
train20k-16995,train20k-16902,unused_pool
train20k-16996,train20k-16903,unused_pool
train20k-16997,train20k-16904,unused_pool
train20k-16998,train20k-16905,unused_pool
train20k-16999,train20k-16906,unused_pool
train20k-17000,train20k-16907,unused_pool
train20k-17001,train20k-16908,unused_pool
train20k-17002,train20k-16909,unused_pool
train20k-17003,train20k-16910,unused_pool
train20k-17004,train20k-16911,unused_pool
train20k-17005,train20k-16912,unused_pool
train20k-17006,train20k-16913,unused_pool
train20k-17007,train20k-16914,unused_pool
train20k-17008,train20k-16915,unused_pool
train20k-17009,train20k-16916,unused_pool
train20k-17010,train20k-16917,unused_pool
train20k-17011,train20k-16918,unused_pool
train20k-17012,train20k-16919,unused_pool
train20k-17013,train20k-16920,unused_pool
train20k-17014,train20k-16921,unused_pool
train20k-17015,train20k-16922,unused_pool
train20k-17016,train20k-16923,unused_pool
train20k-17017,train20k-16924,unused_pool
train20k-17018,train20k-16925,unused_pool
train20k-17019,train20k-16926,unused_pool
train20k-17020,train20k-16927,unused_pool
train20k-17021,train20k-16928,unused_pool
train20k-17022,train20k-16929,unused_pool
train20k-17023,train20k-16930,unused_pool
train20k-17024,train20k-16931,unused_pool
train20k-17025,train20k-16932,unused_pool
train20k-17026,train20k-16933,unused_pool
train20k-17027,train20k-16934,unused_pool
train20k-17028,train20k-16935,unused_pool
train20k-17029,train20k-16936,unused_pool
train20k-17030,train20k-16937,unused_pool
train20k-17031,train20k-16938,unused_pool
train20k-17032,train20k-16939,unused_pool
train20k-17033,train20k-16940,unused_pool
train20k-17034,train20k-16941,unused_pool
train20k-17035,train20k-16942,unused_pool
train20k-17036,train20k-16943,unused_pool
train20k-17037,train20k-16944,unused_pool
train20k-17038,train20k-16945,unused_pool
train20k-17039,train20k-16946,unused_pool
train20k-17040,train20k-16947,unused_pool
train20k-17041,train20k-16948,unused_pool
train20k-17042,train20k-16949,unused_pool
train20k-17043,train20k-16950,unused_pool
train20k-17044,train20k-16951,unused_pool
train20k-17045,train20k-16952,unused_pool
train20k-17046,train20k-16953,unused_pool
train20k-17047,train20k-16954,unused_pool
train20k-17048,train20k-16955,unused_pool
train20k-17049,train20k-16956,unused_pool
train20k-17050,train20k-16957,unused_pool
train20k-17051,train20k-16958,unused_pool
train20k-17052,train20k-16959,unused_pool
train20k-17053,train20k-16960,unused_pool
train20k-17054,train20k-16961,unused_pool
train20k-17055,train20k-16962,unused_pool
train20k-17056,train20k-16963,unused_pool
train20k-17057,train20k-16964,unused_pool
train20k-17058,train20k-16965,unused_pool
train20k-17059,train20k-16966,unused_pool
train20k-17060,train20k-16967,unused_pool
train20k-17061,train20k-16968,unused_pool
train20k-17062,train20k-16969,unused_pool
train20k-17063,train20k-16970,unused_pool
train20k-17064,train20k-16971,unused_pool
train20k-17065,train20k-16972,unused_pool
train20k-17066,train20k-16973,unused_pool
train20k-17067,train20k-16974,unused_pool
train20k-17068,train20k-16975,unused_pool
train20k-17069,train20k-16976,unused_pool
train20k-17070,train20k-16977,unused_pool
train20k-17071,train20k-16978,unused_pool
train20k-17072,train20k-16979,unused_pool
train20k-17073,train20k-16980,unused_pool
train20k-17074,train20k-16981,unused_pool
train20k-17075,train20k-16982,unused_pool
train20k-17076,train20k-16983,unused_pool
train20k-17077,train20k-16984,unused_pool
train20k-17078,train20k-16985,unused_pool
train20k-17079,train20k-16986,unused_pool
train20k-17081,train20k-16987,unused_pool
train20k-17082,train20k-16988,unused_pool
train20k-17083,train20k-16989,unused_pool
train20k-17084,train20k-16990,unused_pool
train20k-17085,train20k-16991,unused_pool
train20k-17086,train20k-16992,unused_pool
train20k-17087,train20k-16993,unused_pool
train20k-17088,train20k-16994,unused_pool
train20k-17089,train20k-16995,unused_pool
train20k-17090,train20k-16996,unused_pool
train20k-17091,train20k-16997,unused_pool
train20k-17092,train20k-16998,unused_pool
train20k-17093,train20k-16999,unused_pool
train20k-17094,train20k-17000,unused_pool
train20k-17095,train20k-17001,unused_pool
train20k-17096,train20k-17002,unused_pool
train20k-17097,train20k-17003,unused_pool
train20k-17098,train20k-17004,unused_pool
train20k-17099,train20k-17005,unused_pool
train20k-17100,train20k-17006,unused_pool
train20k-17101,train20k-17007,unused_pool
train20k-17102,train20k-17008,unused_pool
train20k-17103,train20k-17009,unused_pool
train20k-17104,train20k-17010,unused_pool
train20k-17105,train20k-17011,unused_pool
train20k-17106,train20k-17012,unused_pool
train20k-17107,train20k-17013,unused_pool
train20k-17108,train20k-17014,unused_pool
train20k-17109,train20k-17015,unused_pool
train20k-17110,train20k-17016,unused_pool
train20k-17111,train20k-17017,unused_pool
train20k-17113,train20k-17018,unused_pool
train20k-17114,train20k-17019,unused_pool
train20k-17115,train20k-17020,unused_pool
train20k-17116,train20k-17021,unused_pool
train20k-17117,train20k-17022,unused_pool
train20k-17118,train20k-17023,unused_pool
train20k-17119,train20k-17024,unused_pool
train20k-17120,train20k-17025,unused_pool
train20k-17121,train20k-17026,unused_pool
train20k-17122,train20k-17027,unused_pool
train20k-17123,train20k-17028,unused_pool
train20k-17124,train20k-17029,unused_pool
train20k-17125,train20k-17030,unused_pool
train20k-17126,train20k-17031,unused_pool
train20k-17127,train20k-17032,unused_pool
train20k-17128,train20k-17033,unused_pool
train20k-17129,train20k-17034,unused_pool
train20k-17130,train20k-17035,unused_pool
train20k-17131,train20k-17036,unused_pool
train20k-17132,train20k-17037,unused_pool
train20k-17133,train20k-17038,unused_pool
train20k-17134,train20k-17039,unused_pool
train20k-17135,train20k-17040,unused_pool
train20k-17136,train20k-17041,unused_pool
train20k-17137,train20k-17042,unused_pool
train20k-17138,train20k-17043,unused_pool
train20k-17139,train20k-17044,unused_pool
train20k-17140,train20k-17045,unused_pool
train20k-17141,train20k-17046,unused_pool
train20k-17142,train20k-17047,unused_pool
train20k-17143,train20k-17048,unused_pool
train20k-17144,train20k-17049,unused_pool
train20k-17145,train20k-17050,unused_pool
train20k-17146,train20k-17051,unused_pool
train20k-17147,train20k-17052,unused_pool
train20k-17148,train20k-17053,unused_pool
train20k-17149,train20k-17054,unused_pool
train20k-17150,train20k-17055,unused_pool
train20k-17151,train20k-17056,unused_pool
train20k-17152,train20k-17057,unused_pool
train20k-17153,train20k-17058,unused_pool
train20k-17154,train20k-17059,unused_pool
train20k-17155,train20k-17060,unused_pool
train20k-17156,train20k-17061,unused_pool
train20k-17157,train20k-17062,unused_pool
train20k-17158,train20k-17063,unused_pool
train20k-17159,train20k-17064,unused_pool
train20k-17160,train20k-17065,unused_pool
train20k-17161,train20k-17066,unused_pool
train20k-17162,train20k-17067,unused_pool
train20k-17163,train20k-17068,unused_pool
train20k-17164,train20k-17069,unused_pool
train20k-17165,train20k-17070,unused_pool
train20k-17166,train20k-17071,unused_pool
train20k-17167,train20k-17072,unused_pool
train20k-17168,train20k-17073,unused_pool
train20k-17169,train20k-17074,unused_pool
train20k-17171,train20k-17075,unused_pool
train20k-17172,train20k-17076,unused_pool
train20k-17173,train20k-17077,unused_pool
train20k-17174,train20k-17078,unused_pool
train20k-17175,train20k-17079,unused_pool
train20k-17176,train20k-17080,unused_pool
train20k-17177,train20k-17081,unused_pool
train20k-17178,train20k-17082,unused_pool
train20k-17179,train20k-17083,unused_pool
train20k-17180,train20k-17084,unused_pool
train20k-17181,train20k-17085,unused_pool
train20k-17182,train20k-17086,unused_pool
train20k-17183,train20k-17087,unused_pool
train20k-17184,train20k-17088,unused_pool
train20k-17185,train20k-17089,unused_pool
train20k-17186,train20k-17090,unused_pool
train20k-17187,train20k-17091,unused_pool
train20k-17188,train20k-17092,unused_pool
train20k-17189,train20k-17093,unused_pool
train20k-17191,train20k-17094,unused_pool
train20k-17193,train20k-17095,unused_pool
train20k-17194,train20k-17096,unused_pool
train20k-17195,train20k-17097,unused_pool
train20k-17196,train20k-17098,unused_pool
train20k-17197,train20k-17099,unused_pool
train20k-17198,train20k-17100,unused_pool
train20k-17199,train20k-17101,unused_pool
train20k-17200,train20k-17102,unused_pool
train20k-17201,train20k-17103,unused_pool
train20k-17202,train20k-17104,unused_pool
train20k-17203,train20k-17105,unused_pool
train20k-17204,train20k-17106,unused_pool
train20k-17205,train20k-17107,unused_pool
train20k-17206,train20k-17108,unused_pool
train20k-17207,train20k-17109,unused_pool
train20k-17208,train20k-17110,unused_pool
train20k-17209,train20k-17111,unused_pool
train20k-17210,train20k-17112,unused_pool
train20k-17211,train20k-17113,unused_pool
train20k-17212,train20k-17114,unused_pool
train20k-17213,train20k-17115,unused_pool
train20k-17214,train20k-17116,unused_pool
train20k-17215,train20k-17117,unused_pool
train20k-17216,train20k-17118,unused_pool
train20k-17217,train20k-17119,unused_pool
train20k-17218,train20k-17120,unused_pool
train20k-17219,train20k-17121,unused_pool
train20k-17220,train20k-17122,unused_pool
train20k-17221,train20k-17123,unused_pool
train20k-17222,train20k-17124,unused_pool
train20k-17223,train20k-17125,unused_pool
train20k-17224,train20k-17126,unused_pool
train20k-17225,train20k-17127,unused_pool
train20k-17226,train20k-17128,unused_pool
train20k-17227,train20k-17129,unused_pool
train20k-17228,train20k-17130,unused_pool
train20k-17229,train20k-17131,unused_pool
train20k-17230,train20k-17132,unused_pool
train20k-17231,train20k-17133,unused_pool
train20k-17232,train20k-17134,unused_pool
train20k-17233,train20k-17135,unused_pool
train20k-17234,train20k-17136,unused_pool
train20k-17235,train20k-17137,unused_pool
train20k-17236,train20k-17138,unused_pool
train20k-17237,train20k-17139,unused_pool
train20k-17238,train20k-17140,unused_pool
train20k-17239,train20k-17141,unused_pool
train20k-17240,train20k-17142,unused_pool
train20k-17241,train20k-17143,unused_pool
train20k-17242,train20k-17144,unused_pool
train20k-17243,train20k-17145,unused_pool
train20k-17244,train20k-17146,unused_pool
train20k-17245,train20k-17147,unused_pool
train20k-17246,train20k-17148,unused_pool
train20k-17247,train20k-17149,unused_pool
train20k-17248,train20k-17150,unused_pool
train20k-17249,train20k-17151,unused_pool
train20k-17250,train20k-17152,unused_pool
train20k-17251,train20k-17153,unused_pool
train20k-17252,train20k-17154,unused_pool
train20k-17253,train20k-17155,unused_pool
train20k-17254,train20k-17156,unused_pool
train20k-17255,train20k-17157,unused_pool
train20k-17256,train20k-17158,unused_pool
train20k-17257,train20k-17159,unused_pool
train20k-17258,train20k-17160,unused_pool
train20k-17259,train20k-17161,unused_pool
train20k-17260,train20k-17162,unused_pool
train20k-17261,train20k-17163,unused_pool
train20k-17262,train20k-17164,unused_pool
train20k-17263,train20k-17165,unused_pool
train20k-17264,train20k-17166,unused_pool
train20k-17265,train20k-17167,unused_pool
train20k-17266,train20k-17168,unused_pool
train20k-17267,train20k-17169,unused_pool
train20k-17268,train20k-17170,unused_pool
train20k-17269,train20k-17171,unused_pool
train20k-17270,train20k-17172,unused_pool
train20k-17271,train20k-17173,unused_pool
train20k-17272,train20k-17174,unused_pool
train20k-17273,train20k-17175,unused_pool
train20k-17274,train20k-17176,unused_pool
train20k-17275,train20k-17177,unused_pool
train20k-17276,train20k-17178,unused_pool
train20k-17277,train20k-17179,unused_pool
train20k-17278,train20k-17180,unused_pool
train20k-17279,train20k-17181,unused_pool
train20k-17280,train20k-17182,unused_pool
train20k-17281,train20k-17183,unused_pool
train20k-17282,train20k-17184,unused_pool
train20k-17283,train20k-17185,unused_pool
train20k-17284,train20k-17186,unused_pool
train20k-17285,train20k-17187,unused_pool
train20k-17286,train20k-17188,unused_pool
train20k-17287,train20k-17189,unused_pool
train20k-17288,train20k-17190,unused_pool
train20k-17289,train20k-17191,unused_pool
train20k-17290,train20k-17192,unused_pool
train20k-17291,train20k-17193,unused_pool
train20k-17292,train20k-17194,unused_pool
train20k-17293,train20k-17195,unused_pool
train20k-17294,train20k-17196,unused_pool
train20k-17295,train20k-17197,unused_pool
train20k-17296,train20k-17198,unused_pool
train20k-17297,train20k-17199,unused_pool
train20k-17298,train20k-17200,unused_pool
train20k-17299,train20k-17201,unused_pool
train20k-17300,train20k-17202,unused_pool
train20k-17301,train20k-17203,unused_pool
train20k-17302,train20k-17204,unused_pool
train20k-17303,train20k-17205,unused_pool
train20k-17304,train20k-17206,unused_pool
train20k-17305,train20k-17207,unused_pool
train20k-17306,train20k-17208,unused_pool
train20k-17307,train20k-17209,unused_pool
train20k-17308,train20k-17210,unused_pool
train20k-17309,train20k-17211,unused_pool
train20k-17310,train20k-17212,unused_pool
train20k-17311,train20k-17213,unused_pool
train20k-17312,train20k-17214,unused_pool
train20k-17313,train20k-17215,unused_pool
train20k-17314,train20k-17216,unused_pool
train20k-17315,train20k-17217,unused_pool
train20k-17316,train20k-17218,unused_pool
train20k-17317,train20k-17219,unused_pool
train20k-17318,train20k-17220,unused_pool
train20k-17319,train20k-17221,unused_pool
train20k-17320,train20k-17222,unused_pool
train20k-17321,train20k-17223,unused_pool
train20k-17322,train20k-17224,unused_pool
train20k-17323,train20k-17225,unused_pool
train20k-17324,train20k-17226,unused_pool
train20k-17325,train20k-17227,unused_pool
train20k-17326,train20k-17228,unused_pool
train20k-17327,train20k-17229,unused_pool
train20k-17328,train20k-17230,unused_pool
train20k-17329,train20k-17231,unused_pool
train20k-17330,train20k-17232,unused_pool
train20k-17331,train20k-17233,unused_pool
train20k-17332,train20k-17234,unused_pool
train20k-17333,train20k-17235,unused_pool
train20k-17334,train20k-17236,unused_pool
train20k-17335,train20k-17237,unused_pool
train20k-17336,train20k-17238,unused_pool
train20k-17337,train20k-17239,unused_pool
train20k-17338,train20k-17240,unused_pool
train20k-17339,train20k-17241,unused_pool
train20k-17340,train20k-17242,unused_pool
train20k-17341,train20k-17243,unused_pool
train20k-17342,train20k-17244,unused_pool
train20k-17343,train20k-17245,unused_pool
train20k-17344,train20k-17246,unused_pool
train20k-17345,train20k-17247,unused_pool
train20k-17346,train20k-17248,unused_pool
train20k-17347,train20k-17249,unused_pool
train20k-17348,train20k-17250,unused_pool
train20k-17349,train20k-17251,unused_pool
train20k-17350,train20k-17252,unused_pool
train20k-17351,train20k-17253,unused_pool
train20k-17352,train20k-17254,unused_pool
train20k-17353,train20k-17255,unused_pool
train20k-17354,train20k-17256,unused_pool
train20k-17355,train20k-17257,unused_pool
train20k-17356,train20k-17258,unused_pool
train20k-17357,train20k-17259,unused_pool
train20k-17358,train20k-17260,unused_pool
train20k-17359,train20k-17261,unused_pool
train20k-17360,train20k-17262,unused_pool
train20k-17361,train20k-17263,unused_pool
train20k-17362,train20k-17264,unused_pool
train20k-17363,train20k-17265,unused_pool
train20k-17364,train20k-17266,unused_pool
train20k-17365,train20k-17267,unused_pool
train20k-17366,train20k-17268,unused_pool
train20k-17367,train20k-17269,unused_pool
train20k-17368,train20k-17270,unused_pool
train20k-17369,train20k-17271,unused_pool
train20k-17370,train20k-17272,unused_pool
train20k-17371,train20k-17273,unused_pool
train20k-17372,train20k-17274,unused_pool
train20k-17373,train20k-17275,unused_pool
train20k-17374,train20k-17276,unused_pool
train20k-17375,train20k-17277,unused_pool
train20k-17376,train20k-17278,unused_pool
train20k-17377,train20k-17279,unused_pool
train20k-17378,train20k-17280,unused_pool
train20k-17379,train20k-17281,unused_pool
train20k-17380,train20k-17282,unused_pool
train20k-17381,train20k-17283,unused_pool
train20k-17382,train20k-17284,unused_pool
train20k-17383,train20k-17285,unused_pool
train20k-17384,train20k-17286,unused_pool
train20k-17385,train20k-17287,unused_pool
train20k-17386,train20k-17288,unused_pool
train20k-17387,train20k-17289,unused_pool
train20k-17388,train20k-17290,unused_pool
train20k-17389,train20k-17291,unused_pool
train20k-17390,train20k-17292,unused_pool
train20k-17391,train20k-17293,unused_pool
train20k-17392,train20k-17294,unused_pool
train20k-17393,train20k-17295,unused_pool
train20k-17394,train20k-17296,unused_pool
train20k-17395,train20k-17297,unused_pool
train20k-17396,train20k-17298,unused_pool
train20k-17397,train20k-17299,unused_pool
train20k-17398,train20k-17300,unused_pool
train20k-17399,train20k-17301,unused_pool
train20k-17400,train20k-17302,unused_pool
train20k-17401,train20k-17303,unused_pool
train20k-17402,train20k-17304,unused_pool
train20k-17403,train20k-17305,unused_pool
train20k-17404,train20k-17306,unused_pool
train20k-17405,train20k-17307,unused_pool
train20k-17406,train20k-17308,unused_pool
train20k-17407,train20k-17309,unused_pool
train20k-17408,train20k-17310,unused_pool
train20k-17409,train20k-17311,unused_pool
train20k-17410,train20k-17312,unused_pool
train20k-17411,train20k-17313,unused_pool
train20k-17412,train20k-17314,unused_pool
train20k-17413,train20k-17315,unused_pool
train20k-17414,train20k-17316,unused_pool
train20k-17415,train20k-17317,unused_pool
train20k-17416,train20k-17318,unused_pool
train20k-17417,train20k-17319,unused_pool
train20k-17418,train20k-17320,unused_pool
train20k-17419,train20k-17321,unused_pool
train20k-17420,train20k-17322,unused_pool
train20k-17421,train20k-17323,unused_pool
train20k-17422,train20k-17324,unused_pool
train20k-17423,train20k-17325,unused_pool
train20k-17424,train20k-17326,unused_pool
train20k-17425,train20k-17327,unused_pool
train20k-17426,train20k-17328,unused_pool
train20k-17427,train20k-17329,unused_pool
train20k-17428,train20k-17330,unused_pool
train20k-17429,train20k-17331,unused_pool
train20k-17430,train20k-17332,unused_pool
train20k-17431,train20k-17333,unused_pool
train20k-17432,train20k-17334,unused_pool
train20k-17433,train20k-17335,unused_pool
train20k-17434,train20k-17336,unused_pool
train20k-17435,train20k-17337,unused_pool
train20k-17436,train20k-17338,unused_pool
train20k-17437,train20k-17339,unused_pool
train20k-17438,train20k-17340,unused_pool
train20k-17439,train20k-17341,unused_pool
train20k-17440,train20k-17342,unused_pool
train20k-17441,train20k-17343,unused_pool
train20k-17442,train20k-17344,unused_pool
train20k-17443,train20k-17345,unused_pool
train20k-17444,train20k-17346,unused_pool
train20k-17445,train20k-17347,unused_pool
train20k-17446,train20k-17348,unused_pool
train20k-17447,train20k-17349,unused_pool
train20k-17448,train20k-17350,unused_pool
train20k-17449,train20k-17351,unused_pool
train20k-17450,train20k-17352,unused_pool
train20k-17451,train20k-17353,unused_pool
train20k-17452,train20k-17354,unused_pool
train20k-17453,train20k-17355,unused_pool
train20k-17454,train20k-17356,unused_pool
train20k-17455,train20k-17357,unused_pool
train20k-17456,train20k-17358,unused_pool
train20k-17457,train20k-17359,unused_pool
train20k-17458,train20k-17360,unused_pool
train20k-17459,train20k-17361,unused_pool
train20k-17460,train20k-17362,unused_pool
train20k-17461,train20k-17363,unused_pool
train20k-17462,train20k-17364,unused_pool
train20k-17463,train20k-17365,unused_pool
train20k-17464,train20k-17366,unused_pool
train20k-17465,train20k-17367,unused_pool
train20k-17466,train20k-17368,unused_pool
train20k-17467,train20k-17369,unused_pool
train20k-17468,train20k-17370,unused_pool
train20k-17469,train20k-17371,unused_pool
train20k-17470,train20k-17372,unused_pool
train20k-17471,train20k-17373,unused_pool
train20k-17472,train20k-17374,unused_pool
train20k-17473,train20k-17375,unused_pool
train20k-17474,train20k-17376,unused_pool
train20k-17475,train20k-17377,unused_pool
train20k-17476,train20k-17378,unused_pool
train20k-17477,train20k-17379,unused_pool
train20k-17478,train20k-17380,unused_pool
train20k-17479,train20k-17381,unused_pool
train20k-17480,train20k-17382,unused_pool
train20k-17481,train20k-17383,unused_pool
train20k-17482,train20k-17384,unused_pool
train20k-17483,train20k-17385,unused_pool
train20k-17484,train20k-17386,unused_pool
train20k-17485,train20k-17387,unused_pool
train20k-17486,train20k-17388,unused_pool
train20k-17487,train20k-17389,unused_pool
train20k-17488,train20k-17390,unused_pool
train20k-17489,train20k-17391,unused_pool
train20k-17490,train20k-17392,unused_pool
train20k-17491,train20k-17393,unused_pool
train20k-17492,train20k-17394,unused_pool
train20k-17493,train20k-17395,unused_pool
train20k-17494,train20k-17396,unused_pool
train20k-17495,train20k-17397,unused_pool
train20k-17496,train20k-17398,unused_pool
train20k-17497,train20k-17399,unused_pool
train20k-17498,train20k-17400,unused_pool
train20k-17499,train20k-17401,unused_pool
train20k-17500,train20k-17402,unused_pool
train20k-17501,train20k-17403,unused_pool
train20k-17502,train20k-17404,unused_pool
train20k-17503,train20k-17405,unused_pool
train20k-17504,train20k-17406,unused_pool
train20k-17505,train20k-17407,unused_pool
train20k-17506,train20k-17408,unused_pool
train20k-17507,train20k-17409,unused_pool
train20k-17508,train20k-17410,unused_pool
train20k-17509,train20k-17411,unused_pool
train20k-17510,train20k-17412,unused_pool
train20k-17511,train20k-17413,unused_pool
train20k-17512,train20k-17414,unused_pool
train20k-17513,train20k-17415,unused_pool
train20k-17514,train20k-17416,unused_pool
train20k-17515,train20k-17417,unused_pool
train20k-17516,train20k-17418,unused_pool
train20k-17517,train20k-17419,unused_pool
train20k-17518,train20k-17420,unused_pool
train20k-17519,train20k-17421,unused_pool
train20k-17520,train20k-17422,unused_pool
train20k-17521,train20k-17423,unused_pool
train20k-17522,train20k-17424,unused_pool
train20k-17523,train20k-17425,unused_pool
train20k-17524,train20k-17426,unused_pool
train20k-17525,train20k-17427,unused_pool
train20k-17526,train20k-17428,unused_pool
train20k-17527,train20k-17429,unused_pool
train20k-17528,train20k-17430,unused_pool
train20k-17529,train20k-17431,unused_pool
train20k-17530,train20k-17432,unused_pool
train20k-17531,train20k-17433,unused_pool
train20k-17532,train20k-17434,unused_pool
train20k-17533,train20k-17435,unused_pool
train20k-17534,train20k-17436,unused_pool
train20k-17535,train20k-17437,unused_pool
train20k-17536,train20k-17438,unused_pool
train20k-17537,train20k-17439,unused_pool
train20k-17538,train20k-17440,unused_pool
train20k-17539,train20k-17441,unused_pool
train20k-17540,train20k-17442,unused_pool
train20k-17541,train20k-17443,unused_pool
train20k-17542,train20k-17444,unused_pool
train20k-17543,train20k-17445,unused_pool
train20k-17544,train20k-17446,unused_pool
train20k-17545,train20k-17447,unused_pool
train20k-17546,train20k-17448,unused_pool
train20k-17547,train20k-17449,unused_pool
train20k-17548,train20k-17450,unused_pool
train20k-17549,train20k-17451,unused_pool
train20k-17550,train20k-17452,unused_pool
train20k-17551,train20k-17453,unused_pool
train20k-17552,train20k-17454,unused_pool
train20k-17553,train20k-17455,unused_pool
train20k-17554,train20k-17456,unused_pool
train20k-17555,train20k-17457,unused_pool
train20k-17556,train20k-17458,unused_pool
train20k-17557,train20k-17459,unused_pool
train20k-17558,train20k-17460,unused_pool
train20k-17559,train20k-17461,unused_pool
train20k-17560,train20k-17462,unused_pool
train20k-17561,train20k-17463,unused_pool
train20k-17562,train20k-17464,unused_pool
train20k-17563,train20k-17465,unused_pool
train20k-17564,train20k-17466,unused_pool
train20k-17565,train20k-17467,unused_pool
train20k-17566,train20k-17468,unused_pool
train20k-17567,train20k-17469,unused_pool
train20k-17568,train20k-17470,unused_pool
train20k-17569,train20k-17471,unused_pool
train20k-17570,train20k-17472,unused_pool
train20k-17571,train20k-17473,unused_pool
train20k-17572,train20k-17474,unused_pool
train20k-17573,train20k-17475,unused_pool
train20k-17574,train20k-17476,unused_pool
train20k-17575,train20k-17477,unused_pool
train20k-17576,train20k-17478,unused_pool
train20k-17577,train20k-17479,unused_pool
train20k-17578,train20k-17480,unused_pool
train20k-17579,train20k-17481,unused_pool
train20k-17580,train20k-17482,unused_pool
train20k-17581,train20k-17483,unused_pool
train20k-17582,train20k-17484,unused_pool
train20k-17583,train20k-17485,unused_pool
train20k-17584,train20k-17486,unused_pool
train20k-17585,train20k-17487,unused_pool
train20k-17586,train20k-17488,unused_pool
train20k-17587,train20k-17489,unused_pool
train20k-17588,train20k-17490,unused_pool
train20k-17589,train20k-17491,unused_pool
train20k-17590,train20k-17492,unused_pool
train20k-17591,train20k-17493,unused_pool
train20k-17592,train20k-17494,unused_pool
train20k-17593,train20k-17495,unused_pool
train20k-17594,train20k-17496,unused_pool
train20k-17595,train20k-17497,unused_pool
train20k-17596,train20k-17498,unused_pool
train20k-17597,train20k-17499,unused_pool
train20k-17598,train20k-17500,unused_pool
train20k-17599,train20k-17501,unused_pool
train20k-17600,train20k-17502,unused_pool
train20k-17601,train20k-17503,unused_pool
train20k-17602,train20k-17504,unused_pool
train20k-17603,train20k-17505,unused_pool
train20k-17604,train20k-17506,unused_pool
train20k-17605,train20k-17507,unused_pool
train20k-17606,train20k-17508,unused_pool
train20k-17607,train20k-17509,unused_pool
train20k-17608,train20k-17510,unused_pool
train20k-17609,train20k-17511,unused_pool
train20k-17610,train20k-17512,unused_pool
train20k-17611,train20k-17513,unused_pool
train20k-17612,train20k-17514,unused_pool
train20k-17613,train20k-17515,unused_pool
train20k-17614,train20k-17516,unused_pool
train20k-17615,train20k-17517,unused_pool
train20k-17616,train20k-17518,unused_pool
train20k-17617,train20k-17519,unused_pool
train20k-17618,train20k-17520,unused_pool
train20k-17619,train20k-17521,unused_pool
train20k-17620,train20k-17522,unused_pool
train20k-17621,train20k-17523,unused_pool
train20k-17622,train20k-17524,unused_pool
train20k-17623,train20k-17525,unused_pool
train20k-17624,train20k-17526,unused_pool
train20k-17625,train20k-17527,unused_pool
train20k-17626,train20k-17528,unused_pool
train20k-17627,train20k-17529,unused_pool
train20k-17628,train20k-17530,unused_pool
train20k-17629,train20k-17531,unused_pool
train20k-17630,train20k-17532,unused_pool
train20k-17631,train20k-17533,unused_pool
train20k-17632,train20k-17534,unused_pool
train20k-17633,train20k-17535,unused_pool
train20k-17634,train20k-17536,unused_pool
train20k-17635,train20k-17537,unused_pool
train20k-17636,train20k-17538,unused_pool
train20k-17637,train20k-17539,unused_pool
train20k-17638,train20k-17540,unused_pool
train20k-17639,train20k-17541,unused_pool
train20k-17640,train20k-17542,unused_pool
train20k-17641,train20k-17543,unused_pool
train20k-17642,train20k-17544,unused_pool
train20k-17643,train20k-17545,unused_pool
train20k-17644,train20k-17546,unused_pool
train20k-17645,train20k-17547,unused_pool
train20k-17646,train20k-17548,unused_pool
train20k-17647,train20k-17549,unused_pool
train20k-17648,train20k-17550,unused_pool
train20k-17649,train20k-17551,unused_pool
train20k-17650,train20k-17552,unused_pool
train20k-17651,train20k-17553,unused_pool
train20k-17652,train20k-17554,unused_pool
train20k-17653,train20k-17555,unused_pool
train20k-17654,train20k-17556,unused_pool
train20k-17655,train20k-17557,unused_pool
train20k-17656,train20k-17558,unused_pool
train20k-17657,train20k-17559,unused_pool
train20k-17658,train20k-17560,unused_pool
train20k-17660,train20k-17561,unused_pool
train20k-17661,train20k-17562,unused_pool
train20k-17662,train20k-17563,unused_pool
train20k-17663,train20k-17564,unused_pool
train20k-17664,train20k-17565,unused_pool
train20k-17665,train20k-17566,unused_pool
train20k-17666,train20k-17567,unused_pool
train20k-17667,train20k-17568,unused_pool
train20k-17668,train20k-17569,unused_pool
train20k-17669,train20k-17570,unused_pool
train20k-17670,train20k-17571,unused_pool
train20k-17671,train20k-17572,unused_pool
train20k-17672,train20k-17573,unused_pool
train20k-17673,train20k-17574,unused_pool
train20k-17674,train20k-17575,unused_pool
train20k-17675,train20k-17576,unused_pool
train20k-17676,train20k-17577,unused_pool
train20k-17677,train20k-17578,unused_pool
train20k-17678,train20k-17579,unused_pool
train20k-17679,train20k-17580,unused_pool
train20k-17680,train20k-17581,unused_pool
train20k-17681,train20k-17582,unused_pool
train20k-17682,train20k-17583,unused_pool
train20k-17683,train20k-17584,unused_pool
train20k-17684,train20k-17585,unused_pool
train20k-17685,train20k-17586,unused_pool
train20k-17686,train20k-17587,unused_pool
train20k-17687,train20k-17588,unused_pool
train20k-17688,train20k-17589,unused_pool
train20k-17689,train20k-17590,unused_pool
train20k-17690,train20k-17591,unused_pool
train20k-17691,train20k-17592,unused_pool
train20k-17692,train20k-17593,unused_pool
train20k-17693,train20k-17594,unused_pool
train20k-17694,train20k-17595,unused_pool
train20k-17695,train20k-17596,unused_pool
train20k-17696,train20k-17597,unused_pool
train20k-17697,train20k-17598,unused_pool
train20k-17698,train20k-17599,unused_pool
train20k-17699,train20k-17600,unused_pool
train20k-17700,train20k-17601,unused_pool
train20k-17701,train20k-17602,unused_pool
train20k-17702,train20k-17603,unused_pool
train20k-17703,train20k-17604,unused_pool
train20k-17704,train20k-17605,unused_pool
train20k-17705,train20k-17606,unused_pool
train20k-17706,train20k-17607,unused_pool
train20k-17707,train20k-17608,unused_pool
train20k-17708,train20k-17609,unused_pool
train20k-17709,train20k-17610,unused_pool
train20k-17710,train20k-17611,unused_pool
train20k-17711,train20k-17612,unused_pool
train20k-17712,train20k-17613,unused_pool
train20k-17713,train20k-17614,unused_pool
train20k-17714,train20k-17615,unused_pool
train20k-17715,train20k-17616,unused_pool
train20k-17716,train20k-17617,unused_pool
train20k-17717,train20k-17618,unused_pool
train20k-17718,train20k-17619,unused_pool
train20k-17719,train20k-17620,unused_pool
train20k-17720,train20k-17621,unused_pool
train20k-17721,train20k-17622,unused_pool
train20k-17722,train20k-17623,unused_pool
train20k-17723,train20k-17624,unused_pool
train20k-17724,train20k-17625,unused_pool
train20k-17725,train20k-17626,unused_pool
train20k-17726,train20k-17627,unused_pool
train20k-17727,train20k-17628,unused_pool
train20k-17728,train20k-17629,unused_pool
train20k-17729,train20k-17630,unused_pool
train20k-17730,train20k-17631,unused_pool
train20k-17731,train20k-17632,unused_pool
train20k-17732,train20k-17633,unused_pool
train20k-17733,train20k-17634,unused_pool
train20k-17734,train20k-17635,unused_pool
train20k-17735,train20k-17636,unused_pool
train20k-17736,train20k-17637,unused_pool
train20k-17737,train20k-17638,unused_pool
train20k-17738,train20k-17639,unused_pool
train20k-17739,train20k-17640,unused_pool
train20k-17740,train20k-17641,unused_pool
train20k-17741,train20k-17642,unused_pool
train20k-17742,train20k-17643,unused_pool
train20k-17743,train20k-17644,unused_pool
train20k-17744,train20k-17645,unused_pool
train20k-17745,train20k-17646,unused_pool
train20k-17746,train20k-17647,unused_pool
train20k-17747,train20k-17648,unused_pool
train20k-17748,train20k-17649,unused_pool
train20k-17749,train20k-17650,unused_pool
train20k-17750,train20k-17651,unused_pool
train20k-17751,train20k-17652,unused_pool
train20k-17752,train20k-17653,unused_pool
train20k-17753,train20k-17654,unused_pool
train20k-17754,train20k-17655,unused_pool
train20k-17755,train20k-17656,unused_pool
train20k-17756,train20k-17657,unused_pool
train20k-17757,train20k-17658,unused_pool
train20k-17758,train20k-17659,unused_pool
train20k-17759,train20k-17660,unused_pool
train20k-17760,train20k-17661,unused_pool
train20k-17761,train20k-17662,unused_pool
train20k-17762,train20k-17663,unused_pool
train20k-17763,train20k-17664,unused_pool
train20k-17764,train20k-17665,unused_pool
train20k-17765,train20k-17666,unused_pool
train20k-17766,train20k-17667,unused_pool
train20k-17767,train20k-17668,unused_pool
train20k-17768,train20k-17669,unused_pool
train20k-17769,train20k-17670,unused_pool
train20k-17770,train20k-17671,unused_pool
train20k-17771,train20k-17672,unused_pool
train20k-17772,train20k-17673,unused_pool
train20k-17773,train20k-17674,unused_pool
train20k-17774,train20k-17675,unused_pool
train20k-17775,train20k-17676,unused_pool
train20k-17776,train20k-17677,unused_pool
train20k-17777,train20k-17678,unused_pool
train20k-17778,train20k-17679,unused_pool
train20k-17779,train20k-17680,unused_pool
train20k-17780,train20k-17681,unused_pool
train20k-17781,train20k-17682,unused_pool
train20k-17782,train20k-17683,unused_pool
train20k-17783,train20k-17684,unused_pool
train20k-17784,train20k-17685,unused_pool
train20k-17785,train20k-17686,unused_pool
train20k-17786,train20k-17687,unused_pool
train20k-17787,train20k-17688,unused_pool
train20k-17788,train20k-17689,unused_pool
train20k-17789,train20k-17690,unused_pool
train20k-17790,train20k-17691,unused_pool
train20k-17791,train20k-17692,unused_pool
train20k-17792,train20k-17693,unused_pool
train20k-17793,train20k-17694,unused_pool
train20k-17794,train20k-17695,unused_pool
train20k-17795,train20k-17696,unused_pool
train20k-17796,train20k-17697,unused_pool
train20k-17797,train20k-17698,unused_pool
train20k-17798,train20k-17699,unused_pool
train20k-17799,train20k-17700,unused_pool
train20k-17800,train20k-17701,unused_pool
train20k-17801,train20k-17702,unused_pool
train20k-17802,train20k-17703,unused_pool
train20k-17803,train20k-17704,unused_pool
train20k-17804,train20k-17705,unused_pool
train20k-17805,train20k-17706,unused_pool
train20k-17806,train20k-17707,unused_pool
train20k-17807,train20k-17708,unused_pool
train20k-17808,train20k-17709,unused_pool
train20k-17809,train20k-17710,unused_pool
train20k-17810,train20k-17711,unused_pool
train20k-17811,train20k-17712,unused_pool
train20k-17812,train20k-17713,unused_pool
train20k-17813,train20k-17714,unused_pool
train20k-17814,train20k-17715,unused_pool
train20k-17815,train20k-17716,unused_pool
train20k-17816,train20k-17717,unused_pool
train20k-17817,train20k-17718,unused_pool
train20k-17818,train20k-17719,unused_pool
train20k-17819,train20k-17720,unused_pool
train20k-17820,train20k-17721,unused_pool
train20k-17821,train20k-17722,unused_pool
train20k-17822,train20k-17723,unused_pool
train20k-17823,train20k-17724,unused_pool
train20k-17824,train20k-17725,unused_pool
train20k-17825,train20k-17726,unused_pool
train20k-17826,train20k-17727,unused_pool
train20k-17827,train20k-17728,unused_pool
train20k-17828,train20k-17729,unused_pool
train20k-17829,train20k-17730,unused_pool
train20k-17830,train20k-17731,unused_pool
train20k-17831,train20k-17732,unused_pool
train20k-17832,train20k-17733,unused_pool
train20k-17833,train20k-17734,unused_pool
train20k-17834,train20k-17735,unused_pool
train20k-17835,train20k-17736,unused_pool
train20k-17836,train20k-17737,unused_pool
train20k-17837,train20k-17738,unused_pool
train20k-17838,train20k-17739,unused_pool
train20k-17839,train20k-17740,unused_pool
train20k-17840,train20k-17741,unused_pool
train20k-17841,train20k-17742,unused_pool
train20k-17842,train20k-17743,unused_pool
train20k-17843,train20k-17744,unused_pool
train20k-17844,train20k-17745,unused_pool
train20k-17845,train20k-17746,unused_pool
train20k-17846,train20k-17747,unused_pool
train20k-17847,train20k-17748,unused_pool
train20k-17848,train20k-17749,unused_pool
train20k-17849,train20k-17750,unused_pool
train20k-17850,train20k-17751,unused_pool
train20k-17851,train20k-17752,unused_pool
train20k-17852,train20k-17753,unused_pool
train20k-17853,train20k-17754,unused_pool
train20k-17854,train20k-17755,unused_pool
train20k-17855,train20k-17756,unused_pool
train20k-17856,train20k-17757,unused_pool
train20k-17857,train20k-17758,unused_pool
train20k-17858,train20k-17759,unused_pool
train20k-17859,train20k-17760,unused_pool
train20k-17860,train20k-17761,unused_pool
train20k-17861,train20k-17762,unused_pool
train20k-17862,train20k-17763,unused_pool
train20k-17863,train20k-17764,unused_pool
train20k-17864,train20k-17765,unused_pool
train20k-17865,train20k-17766,unused_pool
train20k-17866,train20k-17767,unused_pool
train20k-17867,train20k-17768,unused_pool
train20k-17868,train20k-17769,unused_pool
train20k-17869,train20k-17770,unused_pool
train20k-17870,train20k-17771,unused_pool
train20k-17871,train20k-17772,unused_pool
train20k-17872,train20k-17773,unused_pool
train20k-17873,train20k-17774,unused_pool
train20k-17874,train20k-17775,unused_pool
train20k-17875,train20k-17776,unused_pool
train20k-17876,train20k-17777,unused_pool
train20k-17877,train20k-17778,unused_pool
train20k-17878,train20k-17779,unused_pool
train20k-17879,train20k-17780,unused_pool
train20k-17880,train20k-17781,unused_pool
train20k-17881,train20k-17782,unused_pool
train20k-17882,train20k-17783,unused_pool
train20k-17883,train20k-17784,unused_pool
train20k-17884,train20k-17785,unused_pool
train20k-17885,train20k-17786,unused_pool
train20k-17886,train20k-17787,unused_pool
train20k-17887,train20k-17788,unused_pool
train20k-17888,train20k-17789,unused_pool
train20k-17889,train20k-17790,unused_pool
train20k-17890,train20k-17791,unused_pool
train20k-17891,train20k-17792,unused_pool
train20k-17892,train20k-17793,unused_pool
train20k-17893,train20k-17794,unused_pool
train20k-17894,train20k-17795,unused_pool
train20k-17895,train20k-17796,unused_pool
train20k-17896,train20k-17797,unused_pool
train20k-17897,train20k-17798,unused_pool
train20k-17898,train20k-17799,unused_pool
train20k-17899,train20k-17800,unused_pool
train20k-17900,train20k-17801,unused_pool
train20k-17901,train20k-17802,unused_pool
train20k-17902,train20k-17803,unused_pool
train20k-17903,train20k-17804,unused_pool
train20k-17904,train20k-17805,unused_pool
train20k-17905,train20k-17806,unused_pool
train20k-17906,train20k-17807,unused_pool
train20k-17907,train20k-17808,unused_pool
train20k-17908,train20k-17809,unused_pool
train20k-17909,train20k-17810,unused_pool
train20k-17910,train20k-17811,unused_pool
train20k-17911,train20k-17812,unused_pool
train20k-17912,train20k-17813,unused_pool
train20k-17913,train20k-17814,unused_pool
train20k-17914,train20k-17815,unused_pool
train20k-17915,train20k-17816,unused_pool
train20k-17916,train20k-17817,unused_pool
train20k-17917,train20k-17818,unused_pool
train20k-17918,train20k-17819,unused_pool
train20k-17919,train20k-17820,unused_pool
train20k-17920,train20k-17821,unused_pool
train20k-17921,train20k-17822,unused_pool
train20k-17922,train20k-17823,unused_pool
train20k-17923,train20k-17824,unused_pool
train20k-17924,train20k-17825,unused_pool
train20k-17925,train20k-17826,unused_pool
train20k-17926,train20k-17827,unused_pool
train20k-17927,train20k-17828,unused_pool
train20k-17928,train20k-17829,unused_pool
train20k-17929,train20k-17830,unused_pool
train20k-17930,train20k-17831,unused_pool
train20k-17931,train20k-17832,unused_pool
train20k-17932,train20k-17833,unused_pool
train20k-17933,train20k-17834,unused_pool
train20k-17934,train20k-17835,unused_pool
train20k-17935,train20k-17836,unused_pool
train20k-17936,train20k-17837,unused_pool
train20k-17937,train20k-17838,unused_pool
train20k-17938,train20k-17839,unused_pool
train20k-17939,train20k-17840,unused_pool
train20k-17940,train20k-17841,unused_pool
train20k-17941,train20k-17842,unused_pool
train20k-17942,train20k-17843,unused_pool
train20k-17943,train20k-17844,unused_pool
train20k-17944,train20k-17845,unused_pool
train20k-17945,train20k-17846,unused_pool
train20k-17946,train20k-17847,unused_pool
train20k-17947,train20k-17848,unused_pool
train20k-17948,train20k-17849,unused_pool
train20k-17949,train20k-17850,unused_pool
train20k-17950,train20k-17851,unused_pool
train20k-17951,train20k-17852,unused_pool
train20k-17952,train20k-17853,unused_pool
train20k-17953,train20k-17854,unused_pool
train20k-17954,train20k-17855,unused_pool
train20k-17955,train20k-17856,unused_pool
train20k-17956,train20k-17857,unused_pool
train20k-17957,train20k-17858,unused_pool
train20k-17958,train20k-17859,unused_pool
train20k-17959,train20k-17860,unused_pool
train20k-17960,train20k-17861,unused_pool
train20k-17961,train20k-17862,unused_pool
train20k-17962,train20k-17863,unused_pool
train20k-17963,train20k-17864,unused_pool
train20k-17965,train20k-17865,unused_pool
train20k-17966,train20k-17866,unused_pool
train20k-17967,train20k-17867,unused_pool
train20k-17968,train20k-17868,unused_pool
train20k-17969,train20k-17869,unused_pool
train20k-17970,train20k-17870,unused_pool
train20k-17971,train20k-17871,unused_pool
train20k-17972,train20k-17872,unused_pool
train20k-17973,train20k-17873,unused_pool
train20k-17974,train20k-17874,unused_pool
train20k-17975,train20k-17875,unused_pool
train20k-17976,train20k-17876,unused_pool
train20k-17977,train20k-17877,unused_pool
train20k-17978,train20k-17878,unused_pool
train20k-17979,train20k-17879,unused_pool
train20k-17980,train20k-17880,unused_pool
train20k-17981,train20k-17881,unused_pool
train20k-17982,train20k-17882,unused_pool
train20k-17983,train20k-17883,unused_pool
train20k-17984,train20k-17884,unused_pool
train20k-17985,train20k-17885,unused_pool
train20k-17986,train20k-17886,unused_pool
train20k-17987,train20k-17887,unused_pool
train20k-17988,train20k-17888,unused_pool
train20k-17989,train20k-17889,unused_pool
train20k-17990,train20k-17890,unused_pool
train20k-17992,train20k-17891,unused_pool
train20k-17993,train20k-17892,unused_pool
train20k-17994,train20k-17893,unused_pool
train20k-17995,train20k-17894,unused_pool
train20k-17996,train20k-17895,unused_pool
train20k-17997,train20k-17896,unused_pool
train20k-17998,train20k-17897,unused_pool
train20k-17999,train20k-17898,unused_pool
train20k-18000,train20k-17899,unused_pool
train20k-18001,train20k-17900,unused_pool
train20k-18002,train20k-17901,unused_pool
train20k-18003,train20k-17902,unused_pool
train20k-18004,train20k-17903,unused_pool
train20k-18005,train20k-17904,unused_pool
train20k-18006,train20k-17905,unused_pool
train20k-18007,train20k-17906,unused_pool
train20k-18008,train20k-17907,unused_pool
train20k-18009,train20k-17908,unused_pool
train20k-18010,train20k-17909,unused_pool
train20k-18011,train20k-17910,unused_pool
train20k-18012,train20k-17911,unused_pool
train20k-18013,train20k-17912,unused_pool
train20k-18014,train20k-17913,unused_pool
train20k-18015,train20k-17914,unused_pool
train20k-18016,train20k-17915,unused_pool
train20k-18017,train20k-17916,unused_pool
train20k-18018,train20k-17917,unused_pool
train20k-18019,train20k-17918,unused_pool
train20k-18020,train20k-17919,unused_pool
train20k-18021,train20k-17920,unused_pool
train20k-18022,train20k-17921,unused_pool
train20k-18023,train20k-17922,unused_pool
train20k-18024,train20k-17923,unused_pool
train20k-18025,train20k-17924,unused_pool
train20k-18026,train20k-17925,unused_pool
train20k-18027,train20k-17926,unused_pool
train20k-18028,train20k-17927,unused_pool
train20k-18029,train20k-17928,unused_pool
train20k-18030,train20k-17929,unused_pool
train20k-18031,train20k-17930,unused_pool
train20k-18032,train20k-17931,unused_pool
train20k-18033,train20k-17932,unused_pool
train20k-18034,train20k-17933,unused_pool
train20k-18036,train20k-17934,unused_pool
train20k-18037,train20k-17935,unused_pool
train20k-18038,train20k-17936,unused_pool
train20k-18039,train20k-17937,unused_pool
train20k-18040,train20k-17938,unused_pool
train20k-18041,train20k-17939,unused_pool
train20k-18042,train20k-17940,unused_pool
train20k-18043,train20k-17941,unused_pool
train20k-18044,train20k-17942,unused_pool
train20k-18045,train20k-17943,unused_pool
train20k-18046,train20k-17944,unused_pool
train20k-18047,train20k-17945,unused_pool
train20k-18048,train20k-17946,unused_pool
train20k-18049,train20k-17947,unused_pool
train20k-18050,train20k-17948,unused_pool
train20k-18051,train20k-17949,unused_pool
train20k-18052,train20k-17950,unused_pool
train20k-18054,train20k-17951,unused_pool
train20k-18055,train20k-17952,unused_pool
train20k-18056,train20k-17953,unused_pool
train20k-18057,train20k-17954,unused_pool
train20k-18058,train20k-17955,unused_pool
train20k-18059,train20k-17956,unused_pool
train20k-18060,train20k-17957,unused_pool
train20k-18061,train20k-17958,unused_pool
train20k-18062,train20k-17959,unused_pool
train20k-18063,train20k-17960,unused_pool
train20k-18064,train20k-17961,unused_pool
train20k-18065,train20k-17962,unused_pool
train20k-18066,train20k-17963,unused_pool
train20k-18067,train20k-17964,unused_pool
train20k-18068,train20k-17965,unused_pool
train20k-18069,train20k-17966,unused_pool
train20k-18070,train20k-17967,unused_pool
train20k-18071,train20k-17968,unused_pool
train20k-18072,train20k-17969,unused_pool
train20k-18073,train20k-17970,unused_pool
train20k-18074,train20k-17971,unused_pool
train20k-18075,train20k-17972,unused_pool
train20k-18076,train20k-17973,unused_pool
train20k-18077,train20k-17974,unused_pool
train20k-18078,train20k-17975,unused_pool
train20k-18079,train20k-17976,unused_pool
train20k-18080,train20k-17977,unused_pool
train20k-18081,train20k-17978,unused_pool
train20k-18082,train20k-17979,unused_pool
train20k-18083,train20k-17980,unused_pool
train20k-18084,train20k-17981,unused_pool
train20k-18085,train20k-17982,unused_pool
train20k-18086,train20k-17983,unused_pool
train20k-18087,train20k-17984,unused_pool
train20k-18088,train20k-17985,unused_pool
train20k-18089,train20k-17986,unused_pool
train20k-18090,train20k-17987,unused_pool
train20k-18091,train20k-17988,unused_pool
train20k-18092,train20k-17989,unused_pool
train20k-18093,train20k-17990,unused_pool
train20k-18094,train20k-17991,unused_pool
train20k-18095,train20k-17992,unused_pool
train20k-18096,train20k-17993,unused_pool
train20k-18097,train20k-17994,unused_pool
train20k-18098,train20k-17995,unused_pool
train20k-18099,train20k-17996,unused_pool
train20k-18100,train20k-17997,unused_pool
train20k-18101,train20k-17998,unused_pool
train20k-18102,train20k-17999,unused_pool
train20k-18103,train20k-18000,unused_pool
train20k-18104,train20k-18001,unused_pool
train20k-18105,train20k-18002,unused_pool
train20k-18106,train20k-18003,unused_pool
train20k-18107,train20k-18004,unused_pool
train20k-18108,train20k-18005,unused_pool
train20k-18109,train20k-18006,unused_pool
train20k-18110,train20k-18007,unused_pool
train20k-18111,train20k-18008,unused_pool
train20k-18112,train20k-18009,unused_pool
train20k-18113,train20k-18010,unused_pool
train20k-18114,train20k-18011,unused_pool
train20k-18115,train20k-18012,unused_pool
train20k-18116,train20k-18013,unused_pool
train20k-18117,train20k-18014,unused_pool
train20k-18118,train20k-18015,unused_pool
train20k-18119,train20k-18016,unused_pool
train20k-18120,train20k-18017,unused_pool
train20k-18121,train20k-18018,unused_pool
train20k-18122,train20k-18019,unused_pool
train20k-18123,train20k-18020,unused_pool
train20k-18124,train20k-18021,unused_pool
train20k-18125,train20k-18022,unused_pool
train20k-18126,train20k-18023,unused_pool
train20k-18127,train20k-18024,unused_pool
train20k-18128,train20k-18025,unused_pool
train20k-18129,train20k-18026,unused_pool
train20k-18130,train20k-18027,unused_pool
train20k-18131,train20k-18028,unused_pool
train20k-18132,train20k-18029,unused_pool
train20k-18133,train20k-18030,unused_pool
train20k-18134,train20k-18031,unused_pool
train20k-18135,train20k-18032,unused_pool
train20k-18136,train20k-18033,unused_pool
train20k-18137,train20k-18034,unused_pool
train20k-18138,train20k-18035,unused_pool
train20k-18139,train20k-18036,unused_pool
train20k-18140,train20k-18037,unused_pool
train20k-18141,train20k-18038,unused_pool
train20k-18142,train20k-18039,unused_pool
train20k-18143,train20k-18040,unused_pool
train20k-18144,train20k-18041,unused_pool
train20k-18145,train20k-18042,unused_pool
train20k-18146,train20k-18043,unused_pool
train20k-18147,train20k-18044,unused_pool
train20k-18148,train20k-18045,unused_pool
train20k-18149,train20k-18046,unused_pool
train20k-18150,train20k-18047,unused_pool
train20k-18151,train20k-18048,unused_pool
train20k-18152,train20k-18049,unused_pool
train20k-18153,train20k-18050,unused_pool
train20k-18154,train20k-18051,unused_pool
train20k-18155,train20k-18052,unused_pool
train20k-18156,train20k-18053,unused_pool
train20k-18157,train20k-18054,unused_pool
train20k-18158,train20k-18055,unused_pool
train20k-18159,train20k-18056,unused_pool
train20k-18160,train20k-18057,unused_pool
train20k-18161,train20k-18058,unused_pool
train20k-18162,train20k-18059,unused_pool
train20k-18163,train20k-18060,unused_pool
train20k-18164,train20k-18061,unused_pool
train20k-18165,train20k-18062,unused_pool
train20k-18166,train20k-18063,unused_pool
train20k-18167,train20k-18064,unused_pool
train20k-18168,train20k-18065,unused_pool
train20k-18169,train20k-18066,unused_pool
train20k-18170,train20k-18067,unused_pool
train20k-18171,train20k-18068,unused_pool
train20k-18172,train20k-18069,unused_pool
train20k-18173,train20k-18070,unused_pool
train20k-18174,train20k-18071,unused_pool
train20k-18175,train20k-18072,unused_pool
train20k-18176,train20k-18073,unused_pool
train20k-18177,train20k-18074,unused_pool
train20k-18179,train20k-18075,unused_pool
train20k-18180,train20k-18076,unused_pool
train20k-18181,train20k-18077,unused_pool
train20k-18182,train20k-18078,unused_pool
train20k-18183,train20k-18079,unused_pool
train20k-18184,train20k-18080,unused_pool
train20k-18185,train20k-18081,unused_pool
train20k-18186,train20k-18082,unused_pool
train20k-18187,train20k-18083,unused_pool
train20k-18188,train20k-18084,unused_pool
train20k-18189,train20k-18085,unused_pool
train20k-18190,train20k-18086,unused_pool
train20k-18191,train20k-18087,unused_pool
train20k-18192,train20k-18088,unused_pool
train20k-18193,train20k-18089,unused_pool
train20k-18194,train20k-18090,unused_pool
train20k-18195,train20k-18091,unused_pool
train20k-18196,train20k-18092,unused_pool
train20k-18197,train20k-18093,unused_pool
train20k-18198,train20k-18094,unused_pool
train20k-18199,train20k-18095,unused_pool
train20k-18200,train20k-18096,unused_pool
train20k-18201,train20k-18097,unused_pool
train20k-18202,train20k-18098,unused_pool
train20k-18203,train20k-18099,unused_pool
train20k-18204,train20k-18100,unused_pool
train20k-18205,train20k-18101,unused_pool
train20k-18206,train20k-18102,unused_pool
train20k-18207,train20k-18103,unused_pool
train20k-18208,train20k-18104,unused_pool
train20k-18209,train20k-18105,unused_pool
train20k-18210,train20k-18106,unused_pool
train20k-18211,train20k-18107,unused_pool
train20k-18212,train20k-18108,unused_pool
train20k-18213,train20k-18109,unused_pool
train20k-18214,train20k-18110,unused_pool
train20k-18215,train20k-18111,unused_pool
train20k-18216,train20k-18112,unused_pool
train20k-18217,train20k-18113,unused_pool
train20k-18218,train20k-18114,unused_pool
train20k-18219,train20k-18115,unused_pool
train20k-18220,train20k-18116,unused_pool
train20k-18221,train20k-18117,unused_pool
train20k-18222,train20k-18118,unused_pool
train20k-18223,train20k-18119,unused_pool
train20k-18224,train20k-18120,unused_pool
train20k-18225,train20k-18121,unused_pool
train20k-18226,train20k-18122,unused_pool
train20k-18227,train20k-18123,unused_pool
train20k-18228,train20k-18124,unused_pool
train20k-18229,train20k-18125,unused_pool
train20k-18230,train20k-18126,unused_pool
train20k-18231,train20k-18127,unused_pool
train20k-18232,train20k-18128,unused_pool
train20k-18233,train20k-18129,unused_pool
train20k-18234,train20k-18130,unused_pool
train20k-18235,train20k-18131,unused_pool
train20k-18236,train20k-18132,unused_pool
train20k-18237,train20k-18133,unused_pool
train20k-18238,train20k-18134,unused_pool
train20k-18239,train20k-18135,unused_pool
train20k-18240,train20k-18136,unused_pool
train20k-18241,train20k-18137,unused_pool
train20k-18242,train20k-18138,unused_pool
train20k-18243,train20k-18139,unused_pool
train20k-18244,train20k-18140,unused_pool
train20k-18245,train20k-18141,unused_pool
train20k-18246,train20k-18142,unused_pool
train20k-18247,train20k-18143,unused_pool
train20k-18248,train20k-18144,unused_pool
train20k-18249,train20k-18145,unused_pool
train20k-18250,train20k-18146,unused_pool
train20k-18251,train20k-18147,unused_pool
train20k-18252,train20k-18148,unused_pool
train20k-18253,train20k-18149,unused_pool
train20k-18254,train20k-18150,unused_pool
train20k-18255,train20k-18151,unused_pool
train20k-18256,train20k-18152,unused_pool
train20k-18257,train20k-18153,unused_pool
train20k-18258,train20k-18154,unused_pool
train20k-18259,train20k-18155,unused_pool
train20k-18260,train20k-18156,unused_pool
train20k-18261,train20k-18157,unused_pool
train20k-18262,train20k-18158,unused_pool
train20k-18263,train20k-18159,unused_pool
train20k-18264,train20k-18160,unused_pool
train20k-18265,train20k-18161,unused_pool
train20k-18266,train20k-18162,unused_pool
train20k-18267,train20k-18163,unused_pool
train20k-18268,train20k-18164,unused_pool
train20k-18269,train20k-18165,unused_pool
train20k-18270,train20k-18166,unused_pool
train20k-18271,train20k-18167,unused_pool
train20k-18272,train20k-18168,unused_pool
train20k-18273,train20k-18169,unused_pool
train20k-18274,train20k-18170,unused_pool
train20k-18275,train20k-18171,unused_pool
train20k-18276,train20k-18172,unused_pool
train20k-18277,train20k-18173,unused_pool
train20k-18278,train20k-18174,unused_pool
train20k-18279,train20k-18175,unused_pool
train20k-18280,train20k-18176,unused_pool
train20k-18281,train20k-18177,unused_pool
train20k-18282,train20k-18178,unused_pool
train20k-18283,train20k-18179,unused_pool
train20k-18284,train20k-18180,unused_pool
train20k-18285,train20k-18181,unused_pool
train20k-18286,train20k-18182,unused_pool
train20k-18287,train20k-18183,unused_pool
train20k-18288,train20k-18184,unused_pool
train20k-18289,train20k-18185,unused_pool
train20k-18290,train20k-18186,unused_pool
train20k-18291,train20k-18187,unused_pool
train20k-18292,train20k-18188,unused_pool
train20k-18293,train20k-18189,unused_pool
train20k-18294,train20k-18190,unused_pool
train20k-18295,train20k-18191,unused_pool
train20k-18296,train20k-18192,unused_pool
train20k-18297,train20k-18193,unused_pool
train20k-18298,train20k-18194,unused_pool
train20k-18299,train20k-18195,unused_pool
train20k-18301,train20k-18196,unused_pool
train20k-18302,train20k-18197,unused_pool
train20k-18303,train20k-18198,unused_pool
train20k-18304,train20k-18199,unused_pool
train20k-18305,train20k-18200,unused_pool
train20k-18306,train20k-18201,unused_pool
train20k-18307,train20k-18202,unused_pool
train20k-18308,train20k-18203,unused_pool
train20k-18309,train20k-18204,unused_pool
train20k-18310,train20k-18205,unused_pool
train20k-18311,train20k-18206,unused_pool
train20k-18312,train20k-18207,unused_pool
train20k-18313,train20k-18208,unused_pool
train20k-18314,train20k-18209,unused_pool
train20k-18315,train20k-18210,unused_pool
train20k-18316,train20k-18211,unused_pool
train20k-18317,train20k-18212,unused_pool
train20k-18318,train20k-18213,unused_pool
train20k-18319,train20k-18214,unused_pool
train20k-18320,train20k-18215,unused_pool
train20k-18321,train20k-18216,unused_pool
train20k-18322,train20k-18217,unused_pool
train20k-18323,train20k-18218,unused_pool
train20k-18324,train20k-18219,unused_pool
train20k-18325,train20k-18220,unused_pool
train20k-18326,train20k-18221,unused_pool
train20k-18327,train20k-18222,unused_pool
train20k-18328,train20k-18223,unused_pool
train20k-18329,train20k-18224,unused_pool
train20k-18330,train20k-18225,unused_pool
train20k-18331,train20k-18226,unused_pool
train20k-18332,train20k-18227,unused_pool
train20k-18333,train20k-18228,unused_pool
train20k-18334,train20k-18229,unused_pool
train20k-18335,train20k-18230,unused_pool
train20k-18336,train20k-18231,unused_pool
train20k-18337,train20k-18232,unused_pool
train20k-18338,train20k-18233,unused_pool
train20k-18339,train20k-18234,unused_pool
train20k-18340,train20k-18235,unused_pool
train20k-18341,train20k-18236,unused_pool
train20k-18342,train20k-18237,unused_pool
train20k-18343,train20k-18238,unused_pool
train20k-18344,train20k-18239,unused_pool
train20k-18345,train20k-18240,unused_pool
train20k-18346,train20k-18241,unused_pool
train20k-18347,train20k-18242,unused_pool
train20k-18348,train20k-18243,unused_pool
train20k-18349,train20k-18244,unused_pool
train20k-18350,train20k-18245,unused_pool
train20k-18351,train20k-18246,unused_pool
train20k-18352,train20k-18247,unused_pool
train20k-18353,train20k-18248,unused_pool
train20k-18354,train20k-18249,unused_pool
train20k-18355,train20k-18250,unused_pool
train20k-18356,train20k-18251,unused_pool
train20k-18357,train20k-18252,unused_pool
train20k-18358,train20k-18253,unused_pool
train20k-18359,train20k-18254,unused_pool
train20k-18360,train20k-18255,unused_pool
train20k-18361,train20k-18256,unused_pool
train20k-18363,train20k-18257,unused_pool
train20k-18364,train20k-18258,unused_pool
train20k-18365,train20k-18259,unused_pool
train20k-18366,train20k-18260,unused_pool
train20k-18367,train20k-18261,unused_pool
train20k-18368,train20k-18262,unused_pool
train20k-18369,train20k-18263,unused_pool
train20k-18370,train20k-18264,unused_pool
train20k-18371,train20k-18265,unused_pool
train20k-18372,train20k-18266,unused_pool
train20k-18373,train20k-18267,unused_pool
train20k-18374,train20k-18268,unused_pool
train20k-18375,train20k-18269,unused_pool
train20k-18376,train20k-18270,unused_pool
train20k-18377,train20k-18271,unused_pool
train20k-18378,train20k-18272,unused_pool
train20k-18379,train20k-18273,unused_pool
train20k-18380,train20k-18274,unused_pool
train20k-18381,train20k-18275,unused_pool
train20k-18382,train20k-18276,unused_pool
train20k-18383,train20k-18277,unused_pool
train20k-18384,train20k-18278,unused_pool
train20k-18385,train20k-18279,unused_pool
train20k-18386,train20k-18280,unused_pool
train20k-18387,train20k-18281,unused_pool
train20k-18388,train20k-18282,unused_pool
train20k-18389,train20k-18283,unused_pool
train20k-18390,train20k-18284,unused_pool
train20k-18391,train20k-18285,unused_pool
train20k-18392,train20k-18286,unused_pool
train20k-18393,train20k-18287,unused_pool
train20k-18394,train20k-18288,unused_pool
train20k-18395,train20k-18289,unused_pool
train20k-18396,train20k-18290,unused_pool
train20k-18397,train20k-18291,unused_pool
train20k-18398,train20k-18292,unused_pool
train20k-18399,train20k-18293,unused_pool
train20k-18400,train20k-18294,unused_pool
train20k-18401,train20k-18295,unused_pool
train20k-18402,train20k-18296,unused_pool
train20k-18403,train20k-18297,unused_pool
train20k-18404,train20k-18298,unused_pool
train20k-18405,train20k-18299,unused_pool
train20k-18406,train20k-18300,unused_pool
train20k-18407,train20k-18301,unused_pool
train20k-18408,train20k-18302,unused_pool
train20k-18409,train20k-18303,unused_pool
train20k-18410,train20k-18304,unused_pool
train20k-18411,train20k-18305,unused_pool
train20k-18412,train20k-18306,unused_pool
train20k-18413,train20k-18307,unused_pool
train20k-18414,train20k-18308,unused_pool
train20k-18415,train20k-18309,unused_pool
train20k-18416,train20k-18310,unused_pool
train20k-18417,train20k-18311,unused_pool
train20k-18418,train20k-18312,unused_pool
train20k-18419,train20k-18313,unused_pool
train20k-18420,train20k-18314,unused_pool
train20k-18421,train20k-18315,unused_pool
train20k-18422,train20k-18316,unused_pool
train20k-18423,train20k-18317,unused_pool
train20k-18424,train20k-18318,unused_pool
train20k-18425,train20k-18319,unused_pool
train20k-18426,train20k-18320,unused_pool
train20k-18427,train20k-18321,unused_pool
train20k-18428,train20k-18322,unused_pool
train20k-18429,train20k-18323,unused_pool
train20k-18430,train20k-18324,unused_pool
train20k-18431,train20k-18325,unused_pool
train20k-18432,train20k-18326,unused_pool
train20k-18433,train20k-18327,unused_pool
train20k-18434,train20k-18328,unused_pool
train20k-18435,train20k-18329,unused_pool
train20k-18436,train20k-18330,unused_pool
train20k-18437,train20k-18331,unused_pool
train20k-18438,train20k-18332,unused_pool
train20k-18439,train20k-18333,unused_pool
train20k-18440,train20k-18334,unused_pool
train20k-18441,train20k-18335,unused_pool
train20k-18442,train20k-18336,unused_pool
train20k-18443,train20k-18337,unused_pool
train20k-18444,train20k-18338,unused_pool
train20k-18445,train20k-18339,unused_pool
train20k-18446,train20k-18340,unused_pool
train20k-18447,train20k-18341,unused_pool
train20k-18448,train20k-18342,unused_pool
train20k-18449,train20k-18343,unused_pool
train20k-18450,train20k-18344,unused_pool
train20k-18451,train20k-18345,unused_pool
train20k-18452,train20k-18346,unused_pool
train20k-18453,train20k-18347,unused_pool
train20k-18454,train20k-18348,unused_pool
train20k-18455,train20k-18349,unused_pool
train20k-18456,train20k-18350,unused_pool
train20k-18457,train20k-18351,unused_pool
train20k-18458,train20k-18352,unused_pool
train20k-18459,train20k-18353,unused_pool
train20k-18460,train20k-18354,unused_pool
train20k-18461,train20k-18355,unused_pool
train20k-18462,train20k-18356,unused_pool
train20k-18463,train20k-18357,unused_pool
train20k-18464,train20k-18358,unused_pool
train20k-18465,train20k-18359,unused_pool
train20k-18466,train20k-18360,unused_pool
train20k-18467,train20k-18361,unused_pool
train20k-18468,train20k-18362,unused_pool
train20k-18469,train20k-18363,unused_pool
train20k-18470,train20k-18364,unused_pool
train20k-18471,train20k-18365,unused_pool
train20k-18472,train20k-18366,unused_pool
train20k-18473,train20k-18367,unused_pool
train20k-18474,train20k-18368,unused_pool
train20k-18475,train20k-18369,unused_pool
train20k-18476,train20k-18370,unused_pool
train20k-18477,train20k-18371,unused_pool
train20k-18478,train20k-18372,unused_pool
train20k-18479,train20k-18373,unused_pool
train20k-18480,train20k-18374,unused_pool
train20k-18481,train20k-18375,unused_pool
train20k-18482,train20k-18376,unused_pool
train20k-18483,train20k-18377,unused_pool
train20k-18484,train20k-18378,unused_pool
train20k-18485,train20k-18379,unused_pool
train20k-18487,train20k-18380,unused_pool
train20k-18488,train20k-18381,unused_pool
train20k-18489,train20k-18382,unused_pool
train20k-18490,train20k-18383,unused_pool
train20k-18491,train20k-18384,unused_pool
train20k-18492,train20k-18385,unused_pool
train20k-18493,train20k-18386,unused_pool
train20k-18494,train20k-18387,unused_pool
train20k-18495,train20k-18388,unused_pool
train20k-18496,train20k-18389,unused_pool
train20k-18497,train20k-18390,unused_pool
train20k-18498,train20k-18391,unused_pool
train20k-18499,train20k-18392,unused_pool
train20k-18500,train20k-18393,unused_pool
train20k-18501,train20k-18394,unused_pool
train20k-18502,train20k-18395,unused_pool
train20k-18503,train20k-18396,unused_pool
train20k-18504,train20k-18397,unused_pool
train20k-18505,train20k-18398,unused_pool
train20k-18506,train20k-18399,unused_pool
train20k-18507,train20k-18400,unused_pool
train20k-18508,train20k-18401,unused_pool
train20k-18509,train20k-18402,unused_pool
train20k-18510,train20k-18403,unused_pool
train20k-18511,train20k-18404,unused_pool
train20k-18512,train20k-18405,unused_pool
train20k-18513,train20k-18406,unused_pool
train20k-18514,train20k-18407,unused_pool
train20k-18515,train20k-18408,unused_pool
train20k-18516,train20k-18409,unused_pool
train20k-18517,train20k-18410,unused_pool
train20k-18518,train20k-18411,unused_pool
train20k-18519,train20k-18412,unused_pool
train20k-18520,train20k-18413,unused_pool
train20k-18521,train20k-18414,unused_pool
train20k-18522,train20k-18415,unused_pool
train20k-18523,train20k-18416,unused_pool
train20k-18524,train20k-18417,unused_pool
train20k-18525,train20k-18418,unused_pool
train20k-18526,train20k-18419,unused_pool
train20k-18527,train20k-18420,unused_pool
train20k-18528,train20k-18421,unused_pool
train20k-18529,train20k-18422,unused_pool
train20k-18530,train20k-18423,unused_pool
train20k-18531,train20k-18424,unused_pool
train20k-18532,train20k-18425,unused_pool
train20k-18533,train20k-18426,unused_pool
train20k-18534,train20k-18427,unused_pool
train20k-18535,train20k-18428,unused_pool
train20k-18536,train20k-18429,unused_pool
train20k-18537,train20k-18430,unused_pool
train20k-18538,train20k-18431,unused_pool
train20k-18539,train20k-18432,unused_pool
train20k-18540,train20k-18433,unused_pool
train20k-18541,train20k-18434,unused_pool
train20k-18542,train20k-18435,unused_pool
train20k-18543,train20k-18436,unused_pool
train20k-18544,train20k-18437,unused_pool
train20k-18545,train20k-18438,unused_pool
train20k-18546,train20k-18439,unused_pool
train20k-18547,train20k-18440,unused_pool
train20k-18548,train20k-18441,unused_pool
train20k-18549,train20k-18442,unused_pool
train20k-18550,train20k-18443,unused_pool
train20k-18551,train20k-18444,unused_pool
train20k-18552,train20k-18445,unused_pool
train20k-18553,train20k-18446,unused_pool
train20k-18554,train20k-18447,unused_pool
train20k-18555,train20k-18448,unused_pool
train20k-18556,train20k-18449,unused_pool
train20k-18557,train20k-18450,unused_pool
train20k-18558,train20k-18451,unused_pool
train20k-18559,train20k-18452,unused_pool
train20k-18560,train20k-18453,unused_pool
train20k-18561,train20k-18454,unused_pool
train20k-18562,train20k-18455,unused_pool
train20k-18563,train20k-18456,unused_pool
train20k-18564,train20k-18457,unused_pool
train20k-18565,train20k-18458,unused_pool
train20k-18566,train20k-18459,unused_pool
train20k-18567,train20k-18460,unused_pool
train20k-18568,train20k-18461,unused_pool
train20k-18569,train20k-18462,unused_pool
train20k-18570,train20k-18463,unused_pool
train20k-18571,train20k-18464,unused_pool
train20k-18572,train20k-18465,unused_pool
train20k-18573,train20k-18466,unused_pool
train20k-18574,train20k-18467,unused_pool
train20k-18575,train20k-18468,unused_pool
train20k-18576,train20k-18469,unused_pool
train20k-18577,train20k-18470,unused_pool
train20k-18578,train20k-18471,unused_pool
train20k-18579,train20k-18472,unused_pool
train20k-18580,train20k-18473,unused_pool
train20k-18581,train20k-18474,unused_pool
train20k-18582,train20k-18475,unused_pool
train20k-18583,train20k-18476,unused_pool
train20k-18584,train20k-18477,unused_pool
train20k-18585,train20k-18478,unused_pool
train20k-18586,train20k-18479,unused_pool
train20k-18587,train20k-18480,unused_pool
train20k-18588,train20k-18481,unused_pool
train20k-18589,train20k-18482,unused_pool
train20k-18590,train20k-18483,unused_pool
train20k-18591,train20k-18484,unused_pool
train20k-18592,train20k-18485,unused_pool
train20k-18593,train20k-18486,unused_pool
train20k-18594,train20k-18487,unused_pool
train20k-18595,train20k-18488,unused_pool
train20k-18596,train20k-18489,unused_pool
train20k-18597,train20k-18490,unused_pool
train20k-18598,train20k-18491,unused_pool
train20k-18599,train20k-18492,unused_pool
train20k-18600,train20k-18493,unused_pool
train20k-18601,train20k-18494,unused_pool
train20k-18602,train20k-18495,unused_pool
train20k-18603,train20k-18496,unused_pool
train20k-18604,train20k-18497,unused_pool
train20k-18605,train20k-18498,unused_pool
train20k-18606,train20k-18499,unused_pool
train20k-18607,train20k-18500,unused_pool
train20k-18608,train20k-18501,unused_pool
train20k-18609,train20k-18502,unused_pool
train20k-18610,train20k-18503,unused_pool
train20k-18611,train20k-18504,unused_pool
train20k-18612,train20k-18505,unused_pool
train20k-18613,train20k-18506,unused_pool
train20k-18614,train20k-18507,unused_pool
train20k-18615,train20k-18508,unused_pool
train20k-18616,train20k-18509,unused_pool
train20k-18617,train20k-18510,unused_pool
train20k-18618,train20k-18511,unused_pool
train20k-18619,train20k-18512,unused_pool
train20k-18620,train20k-18513,unused_pool
train20k-18621,train20k-18514,unused_pool
train20k-18622,train20k-18515,unused_pool
train20k-18623,train20k-18516,unused_pool
train20k-18624,train20k-18517,unused_pool
train20k-18625,train20k-18518,unused_pool
train20k-18626,train20k-18519,unused_pool
train20k-18627,train20k-18520,unused_pool
train20k-18628,train20k-18521,unused_pool
train20k-18629,train20k-18522,unused_pool
train20k-18630,train20k-18523,unused_pool
train20k-18631,train20k-18524,unused_pool
train20k-18632,train20k-18525,unused_pool
train20k-18633,train20k-18526,unused_pool
train20k-18634,train20k-18527,unused_pool
train20k-18635,train20k-18528,unused_pool
train20k-18636,train20k-18529,unused_pool
train20k-18637,train20k-18530,unused_pool
train20k-18638,train20k-18531,unused_pool
train20k-18639,train20k-18532,unused_pool
train20k-18640,train20k-18533,unused_pool
train20k-18641,train20k-18534,unused_pool
train20k-18642,train20k-18535,unused_pool
train20k-18643,train20k-18536,unused_pool
train20k-18644,train20k-18537,unused_pool
train20k-18645,train20k-18538,unused_pool
train20k-18646,train20k-18539,unused_pool
train20k-18647,train20k-18540,unused_pool
train20k-18648,train20k-18541,unused_pool
train20k-18649,train20k-18542,unused_pool
train20k-18650,train20k-18543,unused_pool
train20k-18651,train20k-18544,unused_pool
train20k-18652,train20k-18545,unused_pool
train20k-18653,train20k-18546,unused_pool
train20k-18654,train20k-18547,unused_pool
train20k-18655,train20k-18548,unused_pool
train20k-18656,train20k-18549,unused_pool
train20k-18657,train20k-18550,unused_pool
train20k-18658,train20k-18551,unused_pool
train20k-18659,train20k-18552,unused_pool
train20k-18660,train20k-18553,unused_pool
train20k-18661,train20k-18554,unused_pool
train20k-18662,train20k-18555,unused_pool
train20k-18663,train20k-18556,unused_pool
train20k-18664,train20k-18557,unused_pool
train20k-18665,train20k-18558,unused_pool
train20k-18666,train20k-18559,unused_pool
train20k-18667,train20k-18560,unused_pool
train20k-18668,train20k-18561,unused_pool
train20k-18669,train20k-18562,unused_pool
train20k-18670,train20k-18563,unused_pool
train20k-18671,train20k-18564,unused_pool
train20k-18672,train20k-18565,unused_pool
train20k-18673,train20k-18566,unused_pool
train20k-18674,train20k-18567,unused_pool
train20k-18675,train20k-18568,unused_pool
train20k-18676,train20k-18569,unused_pool
train20k-18677,train20k-18570,unused_pool
train20k-18678,train20k-18571,unused_pool
train20k-18679,train20k-18572,unused_pool
train20k-18680,train20k-18573,unused_pool
train20k-18681,train20k-18574,unused_pool
train20k-18682,train20k-18575,unused_pool
train20k-18683,train20k-18576,unused_pool
train20k-18684,train20k-18577,unused_pool
train20k-18685,train20k-18578,unused_pool
train20k-18686,train20k-18579,unused_pool
train20k-18687,train20k-18580,unused_pool
train20k-18688,train20k-18581,unused_pool
train20k-18689,train20k-18582,unused_pool
train20k-18690,train20k-18583,unused_pool
train20k-18691,train20k-18584,unused_pool
train20k-18692,train20k-18585,unused_pool
train20k-18693,train20k-18586,unused_pool
train20k-18694,train20k-18587,unused_pool
train20k-18695,train20k-18588,unused_pool
train20k-18696,train20k-18589,unused_pool
train20k-18697,train20k-18590,unused_pool
train20k-18698,train20k-18591,unused_pool
train20k-18699,train20k-18592,unused_pool
train20k-18700,train20k-18593,unused_pool
train20k-18701,train20k-18594,unused_pool
train20k-18702,train20k-18595,unused_pool
train20k-18703,train20k-18596,unused_pool
train20k-18704,train20k-18597,unused_pool
train20k-18705,train20k-18598,unused_pool
train20k-18706,train20k-18599,unused_pool
train20k-18707,train20k-18600,unused_pool
train20k-18708,train20k-18601,unused_pool
train20k-18709,train20k-18602,unused_pool
train20k-18710,train20k-18603,unused_pool
train20k-18711,train20k-18604,unused_pool
train20k-18712,train20k-18605,unused_pool
train20k-18713,train20k-18606,unused_pool
train20k-18714,train20k-18607,unused_pool
train20k-18715,train20k-18608,unused_pool
train20k-18716,train20k-18609,unused_pool
train20k-18717,train20k-18610,unused_pool
train20k-18718,train20k-18611,unused_pool
train20k-18719,train20k-18612,unused_pool
train20k-18720,train20k-18613,unused_pool
train20k-18721,train20k-18614,unused_pool
train20k-18722,train20k-18615,unused_pool
train20k-18723,train20k-18616,unused_pool
train20k-18724,train20k-18617,unused_pool
train20k-18725,train20k-18618,unused_pool
train20k-18726,train20k-18619,unused_pool
train20k-18727,train20k-18620,unused_pool
train20k-18728,train20k-18621,unused_pool
train20k-18729,train20k-18622,unused_pool
train20k-18730,train20k-18623,unused_pool
train20k-18731,train20k-18624,unused_pool
train20k-18732,train20k-18625,unused_pool
train20k-18733,train20k-18626,unused_pool
train20k-18734,train20k-18627,unused_pool
train20k-18735,train20k-18628,unused_pool
train20k-18736,train20k-18629,unused_pool
train20k-18737,train20k-18630,unused_pool
train20k-18738,train20k-18631,unused_pool
train20k-18739,train20k-18632,unused_pool
train20k-18740,train20k-18633,unused_pool
train20k-18741,train20k-18634,unused_pool
train20k-18742,train20k-18635,unused_pool
train20k-18743,train20k-18636,unused_pool
train20k-18744,train20k-18637,unused_pool
train20k-18745,train20k-18638,unused_pool
train20k-18746,train20k-18639,unused_pool
train20k-18747,train20k-18640,unused_pool
train20k-18748,train20k-18641,unused_pool
train20k-18749,train20k-18642,unused_pool
train20k-18750,train20k-18643,unused_pool
train20k-18751,train20k-18644,unused_pool
train20k-18752,train20k-18645,unused_pool
train20k-18753,train20k-18646,unused_pool
train20k-18754,train20k-18647,unused_pool
train20k-18755,train20k-18648,unused_pool
train20k-18756,train20k-18649,unused_pool
train20k-18757,train20k-18650,unused_pool
train20k-18758,train20k-18651,unused_pool
train20k-18759,train20k-18652,unused_pool
train20k-18760,train20k-18653,unused_pool
train20k-18761,train20k-18654,unused_pool
train20k-18762,train20k-18655,unused_pool
train20k-18763,train20k-18656,unused_pool
train20k-18764,train20k-18657,unused_pool
train20k-18765,train20k-18658,unused_pool
train20k-18766,train20k-18659,unused_pool
train20k-18767,train20k-18660,unused_pool
train20k-18768,train20k-18661,unused_pool
train20k-18769,train20k-18662,unused_pool
train20k-18770,train20k-18663,unused_pool
train20k-18771,train20k-18664,unused_pool
train20k-18772,train20k-18665,unused_pool
train20k-18773,train20k-18666,unused_pool
train20k-18774,train20k-18667,unused_pool
train20k-18775,train20k-18668,unused_pool
train20k-18776,train20k-18669,unused_pool
train20k-18777,train20k-18670,unused_pool
train20k-18778,train20k-18671,unused_pool
train20k-18779,train20k-18672,unused_pool
train20k-18780,train20k-18673,unused_pool
train20k-18781,train20k-18674,unused_pool
train20k-18782,train20k-18675,unused_pool
train20k-18783,train20k-18676,unused_pool
train20k-18784,train20k-18677,unused_pool
train20k-18785,train20k-18678,unused_pool
train20k-18786,train20k-18679,unused_pool
train20k-18787,train20k-18680,unused_pool
train20k-18788,train20k-18681,unused_pool
train20k-18789,train20k-18682,unused_pool
train20k-18790,train20k-18683,unused_pool
train20k-18791,train20k-18684,unused_pool
train20k-18792,train20k-18685,unused_pool
train20k-18793,train20k-18686,unused_pool
train20k-18794,train20k-18687,unused_pool
train20k-18795,train20k-18688,unused_pool
train20k-18796,train20k-18689,unused_pool
train20k-18797,train20k-18690,unused_pool
train20k-18798,train20k-18691,unused_pool
train20k-18799,train20k-18692,unused_pool
train20k-18800,train20k-18693,unused_pool
train20k-18801,train20k-18694,unused_pool
train20k-18802,train20k-18695,unused_pool
train20k-18803,train20k-18696,unused_pool
train20k-18804,train20k-18697,unused_pool
train20k-18805,train20k-18698,unused_pool
train20k-18806,train20k-18699,unused_pool
train20k-18807,train20k-18700,unused_pool
train20k-18808,train20k-18701,unused_pool
train20k-18809,train20k-18702,unused_pool
train20k-18810,train20k-18703,unused_pool
train20k-18811,train20k-18704,unused_pool
train20k-18812,train20k-18705,unused_pool
train20k-18813,train20k-18706,unused_pool
train20k-18814,train20k-18707,unused_pool
train20k-18815,train20k-18708,unused_pool
train20k-18816,train20k-18709,unused_pool
train20k-18817,train20k-18710,unused_pool
train20k-18818,train20k-18711,unused_pool
train20k-18819,train20k-18712,unused_pool
train20k-18820,train20k-18713,unused_pool
train20k-18821,train20k-18714,unused_pool
train20k-18822,train20k-18715,unused_pool
train20k-18823,train20k-18716,unused_pool
train20k-18824,train20k-18717,unused_pool
train20k-18825,train20k-18718,unused_pool
train20k-18826,train20k-18719,unused_pool
train20k-18827,train20k-18720,unused_pool
train20k-18828,train20k-18721,unused_pool
train20k-18829,train20k-18722,unused_pool
train20k-18830,train20k-18723,unused_pool
train20k-18831,train20k-18724,unused_pool
train20k-18832,train20k-18725,unused_pool
train20k-18833,train20k-18726,unused_pool
train20k-18834,train20k-18727,unused_pool
train20k-18835,train20k-18728,unused_pool
train20k-18836,train20k-18729,unused_pool
train20k-18837,train20k-18730,unused_pool
train20k-18838,train20k-18731,unused_pool
train20k-18839,train20k-18732,unused_pool
train20k-18840,train20k-18733,unused_pool
train20k-18841,train20k-18734,unused_pool
train20k-18842,train20k-18735,unused_pool
train20k-18843,train20k-18736,unused_pool
train20k-18844,train20k-18737,unused_pool
train20k-18845,train20k-18738,unused_pool
train20k-18846,train20k-18739,unused_pool
train20k-18847,train20k-18740,unused_pool
train20k-18848,train20k-18741,unused_pool
train20k-18849,train20k-18742,unused_pool
train20k-18850,train20k-18743,unused_pool
train20k-18851,train20k-18744,unused_pool
train20k-18852,train20k-18745,unused_pool
train20k-18853,train20k-18746,unused_pool
train20k-18854,train20k-18747,unused_pool
train20k-18855,train20k-18748,unused_pool
train20k-18856,train20k-18749,unused_pool
train20k-18857,train20k-18750,unused_pool
train20k-18858,train20k-18751,unused_pool
train20k-18859,train20k-18752,unused_pool
train20k-18860,train20k-18753,unused_pool
train20k-18861,train20k-18754,unused_pool
train20k-18862,train20k-18755,unused_pool
train20k-18863,train20k-18756,unused_pool
train20k-18864,train20k-18757,unused_pool
train20k-18865,train20k-18758,unused_pool
train20k-18866,train20k-18759,unused_pool
train20k-18867,train20k-18760,unused_pool
train20k-18868,train20k-18761,unused_pool
train20k-18869,train20k-18762,unused_pool
train20k-18870,train20k-18763,unused_pool
train20k-18871,train20k-18764,unused_pool
train20k-18872,train20k-18765,unused_pool
train20k-18873,train20k-18766,unused_pool
train20k-18874,train20k-18767,unused_pool
train20k-18875,train20k-18768,unused_pool
train20k-18876,train20k-18769,unused_pool
train20k-18877,train20k-18770,unused_pool
train20k-18878,train20k-18771,unused_pool
train20k-18879,train20k-18772,unused_pool
train20k-18880,train20k-18773,unused_pool
train20k-18881,train20k-18774,unused_pool
train20k-18882,train20k-18775,unused_pool
train20k-18883,train20k-18776,unused_pool
train20k-18884,train20k-18777,unused_pool
train20k-18885,train20k-18778,unused_pool
train20k-18886,train20k-18779,unused_pool
train20k-18887,train20k-18780,unused_pool
train20k-18888,train20k-18781,unused_pool
train20k-18889,train20k-18782,unused_pool
train20k-18890,train20k-18783,unused_pool
train20k-18891,train20k-18784,unused_pool
train20k-18892,train20k-18785,unused_pool
train20k-18893,train20k-18786,unused_pool
train20k-18894,train20k-18787,unused_pool
train20k-18895,train20k-18788,unused_pool
train20k-18896,train20k-18789,unused_pool
train20k-18897,train20k-18790,unused_pool
train20k-18898,train20k-18791,unused_pool
train20k-18899,train20k-18792,unused_pool
train20k-18900,train20k-18793,unused_pool
train20k-18901,train20k-18794,unused_pool
train20k-18902,train20k-18795,unused_pool
train20k-18903,train20k-18796,unused_pool
train20k-18904,train20k-18797,unused_pool
train20k-18905,train20k-18798,unused_pool
train20k-18906,train20k-18799,unused_pool
train20k-18907,train20k-18800,unused_pool
train20k-18908,train20k-18801,unused_pool
train20k-18909,train20k-18802,unused_pool
train20k-18910,train20k-18803,unused_pool
train20k-18911,train20k-18804,unused_pool
train20k-18912,train20k-18805,unused_pool
train20k-18913,train20k-18806,unused_pool
train20k-18914,train20k-18807,unused_pool
train20k-18915,train20k-18808,unused_pool
train20k-18916,train20k-18809,unused_pool
train20k-18917,train20k-18810,unused_pool
train20k-18918,train20k-18811,unused_pool
train20k-18919,train20k-18812,unused_pool
train20k-18920,train20k-18813,unused_pool
train20k-18921,train20k-18814,unused_pool
train20k-18922,train20k-18815,unused_pool
train20k-18923,train20k-18816,unused_pool
train20k-18924,train20k-18817,unused_pool
train20k-18925,train20k-18818,unused_pool
train20k-18926,train20k-18819,unused_pool
train20k-18927,train20k-18820,unused_pool
train20k-18928,train20k-18821,unused_pool
train20k-18929,train20k-18822,unused_pool
train20k-18930,train20k-18823,unused_pool
train20k-18931,train20k-18824,unused_pool
train20k-18932,train20k-18825,unused_pool
train20k-18933,train20k-18826,unused_pool
train20k-18934,train20k-18827,unused_pool
train20k-18935,train20k-18828,unused_pool
train20k-18936,train20k-18829,unused_pool
train20k-18937,train20k-18830,unused_pool
train20k-18938,train20k-18831,unused_pool
train20k-18939,train20k-18832,unused_pool
train20k-18940,train20k-18833,unused_pool
train20k-18941,train20k-18834,unused_pool
train20k-18942,train20k-18835,unused_pool
train20k-18943,train20k-18836,unused_pool
train20k-18944,train20k-18837,unused_pool
train20k-18945,train20k-18838,unused_pool
train20k-18946,train20k-18839,unused_pool
train20k-18947,train20k-18840,unused_pool
train20k-18948,train20k-18841,unused_pool
train20k-18949,train20k-18842,unused_pool
train20k-18950,train20k-18843,unused_pool
train20k-18951,train20k-18844,unused_pool
train20k-18952,train20k-18845,unused_pool
train20k-18953,train20k-18846,unused_pool
train20k-18954,train20k-18847,unused_pool
train20k-18955,train20k-18848,unused_pool
train20k-18956,train20k-18849,unused_pool
train20k-18957,train20k-18850,unused_pool
train20k-18958,train20k-18851,unused_pool
train20k-18959,train20k-18852,unused_pool
train20k-18960,train20k-18853,unused_pool
train20k-18961,train20k-18854,unused_pool
train20k-18962,train20k-18855,unused_pool
train20k-18963,train20k-18856,unused_pool
train20k-18964,train20k-18857,unused_pool
train20k-18965,train20k-18858,unused_pool
train20k-18966,train20k-18859,unused_pool
train20k-18967,train20k-18860,unused_pool
train20k-18968,train20k-18861,unused_pool
train20k-18969,train20k-18862,unused_pool
train20k-18970,train20k-18863,unused_pool
train20k-18971,train20k-18864,unused_pool
train20k-18972,train20k-18865,unused_pool
train20k-18973,train20k-18866,unused_pool
train20k-18974,train20k-18867,unused_pool
train20k-18975,train20k-18868,unused_pool
train20k-18976,train20k-18869,unused_pool
train20k-18977,train20k-18870,unused_pool
train20k-18978,train20k-18871,unused_pool
train20k-18979,train20k-18872,unused_pool
train20k-18980,train20k-18873,unused_pool
train20k-18981,train20k-18874,unused_pool
train20k-18982,train20k-18875,unused_pool
train20k-18983,train20k-18876,unused_pool
train20k-18984,train20k-18877,unused_pool
train20k-18985,train20k-18878,unused_pool
train20k-18986,train20k-18879,unused_pool
train20k-18987,train20k-18880,unused_pool
train20k-18988,train20k-18881,unused_pool
train20k-18989,train20k-18882,unused_pool
train20k-18990,train20k-18883,unused_pool
train20k-18991,train20k-18884,unused_pool
train20k-18992,train20k-18885,unused_pool
train20k-18993,train20k-18886,unused_pool
train20k-18994,train20k-18887,unused_pool
train20k-18995,train20k-18888,unused_pool
train20k-18996,train20k-18889,unused_pool
train20k-18997,train20k-18890,unused_pool
train20k-18998,train20k-18891,unused_pool
train20k-18999,train20k-18892,unused_pool
train20k-19000,train20k-18893,unused_pool
train20k-19001,train20k-18894,unused_pool
train20k-19002,train20k-18895,unused_pool
train20k-19003,train20k-18896,unused_pool
train20k-19004,train20k-18897,unused_pool
train20k-19005,train20k-18898,unused_pool
train20k-19006,train20k-18899,unused_pool
train20k-19007,train20k-18900,unused_pool
train20k-19008,train20k-18901,unused_pool
train20k-19009,train20k-18902,unused_pool
train20k-19010,train20k-18903,unused_pool
train20k-19011,train20k-18904,unused_pool
train20k-19012,train20k-18905,unused_pool
train20k-19013,train20k-18906,unused_pool
train20k-19014,train20k-18907,unused_pool
train20k-19015,train20k-18908,unused_pool
train20k-19016,train20k-18909,unused_pool
train20k-19017,train20k-18910,unused_pool
train20k-19018,train20k-18911,unused_pool
train20k-19019,train20k-18912,unused_pool
train20k-19020,train20k-18913,unused_pool
train20k-19021,train20k-18914,unused_pool
train20k-19022,train20k-18915,unused_pool
train20k-19023,train20k-18916,unused_pool
train20k-19024,train20k-18917,unused_pool
train20k-19025,train20k-18918,unused_pool
train20k-19026,train20k-18919,unused_pool
train20k-19027,train20k-18920,unused_pool
train20k-19028,train20k-18921,unused_pool
train20k-19029,train20k-18922,unused_pool
train20k-19030,train20k-18923,unused_pool
train20k-19031,train20k-18924,unused_pool
train20k-19032,train20k-18925,unused_pool
train20k-19033,train20k-18926,unused_pool
train20k-19034,train20k-18927,unused_pool
train20k-19035,train20k-18928,unused_pool
train20k-19036,train20k-18929,unused_pool
train20k-19037,train20k-18930,unused_pool
train20k-19038,train20k-18931,unused_pool
train20k-19039,train20k-18932,unused_pool
train20k-19040,train20k-18933,unused_pool
train20k-19041,train20k-18934,unused_pool
train20k-19042,train20k-18935,unused_pool
train20k-19043,train20k-18936,unused_pool
train20k-19044,train20k-18937,unused_pool
train20k-19045,train20k-18938,unused_pool
train20k-19046,train20k-18939,unused_pool
train20k-19047,train20k-18940,unused_pool
train20k-19048,train20k-18941,unused_pool
train20k-19049,train20k-18942,unused_pool
train20k-19050,train20k-18943,unused_pool
train20k-19051,train20k-18944,unused_pool
train20k-19052,train20k-18945,unused_pool
train20k-19053,train20k-18946,unused_pool
train20k-19054,train20k-18947,unused_pool
train20k-19055,train20k-18948,unused_pool
train20k-19056,train20k-18949,unused_pool
train20k-19057,train20k-18950,unused_pool
train20k-19058,train20k-18951,unused_pool
train20k-19059,train20k-18952,unused_pool
train20k-19060,train20k-18953,unused_pool
train20k-19061,train20k-18954,unused_pool
train20k-19062,train20k-18955,unused_pool
train20k-19063,train20k-18956,unused_pool
train20k-19064,train20k-18957,unused_pool
train20k-19065,train20k-18958,unused_pool
train20k-19066,train20k-18959,unused_pool
train20k-19067,train20k-18960,unused_pool
train20k-19068,train20k-18961,unused_pool
train20k-19069,train20k-18962,unused_pool
train20k-19071,train20k-18963,unused_pool
train20k-19072,train20k-18964,unused_pool
train20k-19073,train20k-18965,unused_pool
train20k-19074,train20k-18966,unused_pool
train20k-19075,train20k-18967,unused_pool
train20k-19076,train20k-18968,unused_pool
train20k-19077,train20k-18969,unused_pool
train20k-19078,train20k-18970,unused_pool
train20k-19079,train20k-18971,unused_pool
train20k-19080,train20k-18972,unused_pool
train20k-19081,train20k-18973,unused_pool
train20k-19082,train20k-18974,unused_pool
train20k-19083,train20k-18975,unused_pool
train20k-19084,train20k-18976,unused_pool
train20k-19085,train20k-18977,unused_pool
train20k-19086,train20k-18978,unused_pool
train20k-19087,train20k-18979,unused_pool
train20k-19088,train20k-18980,unused_pool
train20k-19089,train20k-18981,unused_pool
train20k-19090,train20k-18982,unused_pool
train20k-19091,train20k-18983,unused_pool
train20k-19092,train20k-18984,unused_pool
train20k-19093,train20k-18985,unused_pool
train20k-19094,train20k-18986,unused_pool
train20k-19095,train20k-18987,unused_pool
train20k-19096,train20k-18988,unused_pool
train20k-19097,train20k-18989,unused_pool
train20k-19098,train20k-18990,unused_pool
train20k-19099,train20k-18991,unused_pool
train20k-19100,train20k-18992,unused_pool
train20k-19101,train20k-18993,unused_pool
train20k-19102,train20k-18994,unused_pool
train20k-19103,train20k-18995,unused_pool
train20k-19104,train20k-18996,unused_pool
train20k-19105,train20k-18997,unused_pool
train20k-19106,train20k-18998,unused_pool
train20k-19107,train20k-18999,unused_pool
train20k-19108,train20k-19000,unused_pool
train20k-19109,train20k-19001,unused_pool
train20k-19110,train20k-19002,unused_pool
train20k-19111,train20k-19003,unused_pool
train20k-19112,train20k-19004,unused_pool
train20k-19113,train20k-19005,unused_pool
train20k-19114,train20k-19006,unused_pool
train20k-19115,train20k-19007,unused_pool
train20k-19116,train20k-19008,unused_pool
train20k-19117,train20k-19009,unused_pool
train20k-19118,train20k-19010,unused_pool
train20k-19119,train20k-19011,unused_pool
train20k-19120,train20k-19012,unused_pool
train20k-19121,train20k-19013,unused_pool
train20k-19122,train20k-19014,unused_pool
train20k-19123,train20k-19015,unused_pool
train20k-19124,train20k-19016,unused_pool
train20k-19125,train20k-19017,unused_pool
train20k-19126,train20k-19018,unused_pool
train20k-19127,train20k-19019,unused_pool
train20k-19128,train20k-19020,unused_pool
train20k-19129,train20k-19021,unused_pool
train20k-19130,train20k-19022,unused_pool
train20k-19131,train20k-19023,unused_pool
train20k-19132,train20k-19024,unused_pool
train20k-19133,train20k-19025,unused_pool
train20k-19134,train20k-19026,unused_pool
train20k-19135,train20k-19027,unused_pool
train20k-19136,train20k-19028,unused_pool
train20k-19137,train20k-19029,unused_pool
train20k-19138,train20k-19030,unused_pool
train20k-19139,train20k-19031,unused_pool
train20k-19140,train20k-19032,unused_pool
train20k-19141,train20k-19033,unused_pool
train20k-19142,train20k-19034,unused_pool
train20k-19143,train20k-19035,unused_pool
train20k-19144,train20k-19036,unused_pool
train20k-19145,train20k-19037,unused_pool
train20k-19146,train20k-19038,unused_pool
train20k-19147,train20k-19039,unused_pool
train20k-19148,train20k-19040,unused_pool
train20k-19149,train20k-19041,unused_pool
train20k-19150,train20k-19042,unused_pool
train20k-19151,train20k-19043,unused_pool
train20k-19152,train20k-19044,unused_pool
train20k-19153,train20k-19045,unused_pool
train20k-19154,train20k-19046,unused_pool
train20k-19155,train20k-19047,unused_pool
train20k-19156,train20k-19048,unused_pool
train20k-19157,train20k-19049,unused_pool
train20k-19158,train20k-19050,unused_pool
train20k-19159,train20k-19051,unused_pool
train20k-19160,train20k-19052,unused_pool
train20k-19161,train20k-19053,unused_pool
train20k-19162,train20k-19054,unused_pool
train20k-19163,train20k-19055,unused_pool
train20k-19164,train20k-19056,unused_pool
train20k-19165,train20k-19057,unused_pool
train20k-19166,train20k-19058,unused_pool
train20k-19167,train20k-19059,unused_pool
train20k-19168,train20k-19060,unused_pool
train20k-19169,train20k-19061,unused_pool
train20k-19170,train20k-19062,unused_pool
train20k-19171,train20k-19063,unused_pool
train20k-19172,train20k-19064,unused_pool
train20k-19173,train20k-19065,unused_pool
train20k-19174,train20k-19066,unused_pool
train20k-19175,train20k-19067,unused_pool
train20k-19176,train20k-19068,unused_pool
train20k-19177,train20k-19069,unused_pool
train20k-19178,train20k-19070,unused_pool
train20k-19179,train20k-19071,unused_pool
train20k-19180,train20k-19072,unused_pool
train20k-19181,train20k-19073,unused_pool
train20k-19182,train20k-19074,unused_pool
train20k-19183,train20k-19075,unused_pool
train20k-19184,train20k-19076,unused_pool
train20k-19185,train20k-19077,unused_pool
train20k-19186,train20k-19078,unused_pool
train20k-19187,train20k-19079,unused_pool
train20k-19188,train20k-19080,unused_pool
train20k-19189,train20k-19081,unused_pool
train20k-19190,train20k-19082,unused_pool
train20k-19191,train20k-19083,unused_pool
train20k-19192,train20k-19084,unused_pool
train20k-19193,train20k-19085,unused_pool
train20k-19194,train20k-19086,unused_pool
train20k-19195,train20k-19087,unused_pool
train20k-19196,train20k-19088,unused_pool
train20k-19197,train20k-19089,unused_pool
train20k-19198,train20k-19090,unused_pool
train20k-19199,train20k-19091,unused_pool
train20k-19200,train20k-19092,unused_pool
train20k-19201,train20k-19093,unused_pool
train20k-19202,train20k-19094,unused_pool
train20k-19203,train20k-19095,unused_pool
train20k-19204,train20k-19096,unused_pool
train20k-19205,train20k-19097,unused_pool
train20k-19206,train20k-19098,unused_pool
train20k-19207,train20k-19099,unused_pool
train20k-19208,train20k-19100,unused_pool
train20k-19209,train20k-19101,unused_pool
train20k-19210,train20k-19102,unused_pool
train20k-19211,train20k-19103,unused_pool
train20k-19212,train20k-19104,unused_pool
train20k-19213,train20k-19105,unused_pool
train20k-19214,train20k-19106,unused_pool
train20k-19215,train20k-19107,unused_pool
train20k-19216,train20k-19108,unused_pool
train20k-19217,train20k-19109,unused_pool
train20k-19218,train20k-19110,unused_pool
train20k-19219,train20k-19111,unused_pool
train20k-19220,train20k-19112,unused_pool
train20k-19221,train20k-19113,unused_pool
train20k-19222,train20k-19114,unused_pool
train20k-19223,train20k-19115,unused_pool
train20k-19224,train20k-19116,unused_pool
train20k-19225,train20k-19117,unused_pool
train20k-19226,train20k-19118,unused_pool
train20k-19227,train20k-19119,unused_pool
train20k-19228,train20k-19120,unused_pool
train20k-19229,train20k-19121,unused_pool
train20k-19230,train20k-19122,unused_pool
train20k-19231,train20k-19123,unused_pool
train20k-19232,train20k-19124,unused_pool
train20k-19233,train20k-19125,unused_pool
train20k-19234,train20k-19126,unused_pool
train20k-19235,train20k-19127,unused_pool
train20k-19236,train20k-19128,unused_pool
train20k-19237,train20k-19129,unused_pool
train20k-19238,train20k-19130,unused_pool
train20k-19239,train20k-19131,unused_pool
train20k-19240,train20k-19132,unused_pool
train20k-19241,train20k-19133,unused_pool
train20k-19242,train20k-19134,unused_pool
train20k-19243,train20k-19135,unused_pool
train20k-19244,train20k-19136,unused_pool
train20k-19245,train20k-19137,unused_pool
train20k-19246,train20k-19138,unused_pool
train20k-19247,train20k-19139,unused_pool
train20k-19248,train20k-19140,unused_pool
train20k-19249,train20k-19141,unused_pool
train20k-19250,train20k-19142,unused_pool
train20k-19251,train20k-19143,unused_pool
train20k-19252,train20k-19144,unused_pool
train20k-19253,train20k-19145,unused_pool
train20k-19254,train20k-19146,unused_pool
train20k-19255,train20k-19147,unused_pool
train20k-19256,train20k-19148,unused_pool
train20k-19257,train20k-19149,unused_pool
train20k-19258,train20k-19150,unused_pool
train20k-19259,train20k-19151,unused_pool
train20k-19260,train20k-19152,unused_pool
train20k-19261,train20k-19153,unused_pool
train20k-19262,train20k-19154,unused_pool
train20k-19263,train20k-19155,unused_pool
train20k-19264,train20k-19156,unused_pool
train20k-19265,train20k-19157,unused_pool
train20k-19266,train20k-19158,unused_pool
train20k-19267,train20k-19159,unused_pool
train20k-19268,train20k-19160,unused_pool
train20k-19269,train20k-19161,unused_pool
train20k-19270,train20k-19162,unused_pool
train20k-19271,train20k-19163,unused_pool
train20k-19272,train20k-19164,unused_pool
train20k-19273,train20k-19165,unused_pool
train20k-19274,train20k-19166,unused_pool
train20k-19275,train20k-19167,unused_pool
train20k-19276,train20k-19168,unused_pool
train20k-19277,train20k-19169,unused_pool
train20k-19278,train20k-19170,unused_pool
train20k-19279,train20k-19171,unused_pool
train20k-19280,train20k-19172,unused_pool
train20k-19281,train20k-19173,unused_pool
train20k-19282,train20k-19174,unused_pool
train20k-19283,train20k-19175,unused_pool
train20k-19284,train20k-19176,unused_pool
train20k-19285,train20k-19177,unused_pool
train20k-19286,train20k-19178,unused_pool
train20k-19287,train20k-19179,unused_pool
train20k-19288,train20k-19180,unused_pool
train20k-19289,train20k-19181,unused_pool
train20k-19290,train20k-19182,unused_pool
train20k-19291,train20k-19183,unused_pool
train20k-19292,train20k-19184,unused_pool
train20k-19293,train20k-19185,unused_pool
train20k-19294,train20k-19186,unused_pool
train20k-19295,train20k-19187,unused_pool
train20k-19296,train20k-19188,unused_pool
train20k-19297,train20k-19189,unused_pool
train20k-19298,train20k-19190,unused_pool
train20k-19299,train20k-19191,unused_pool
train20k-19300,train20k-19192,unused_pool
train20k-19301,train20k-19193,unused_pool
train20k-19302,train20k-19194,unused_pool
train20k-19303,train20k-19195,unused_pool
train20k-19304,train20k-19196,unused_pool
train20k-19305,train20k-19197,unused_pool
train20k-19306,train20k-19198,unused_pool
train20k-19307,train20k-19199,unused_pool
train20k-19308,train20k-19200,unused_pool
train20k-19309,train20k-19201,unused_pool
train20k-19310,train20k-19202,unused_pool
train20k-19311,train20k-19203,unused_pool
train20k-19312,train20k-19204,unused_pool
train20k-19313,train20k-19205,unused_pool
train20k-19314,train20k-19206,unused_pool
train20k-19315,train20k-19207,unused_pool
train20k-19316,train20k-19208,unused_pool
train20k-19317,train20k-19209,unused_pool
train20k-19318,train20k-19210,unused_pool
train20k-19319,train20k-19211,unused_pool
train20k-19320,train20k-19212,unused_pool
train20k-19321,train20k-19213,unused_pool
train20k-19322,train20k-19214,unused_pool
train20k-19323,train20k-19215,unused_pool
train20k-19324,train20k-19216,unused_pool
train20k-19325,train20k-19217,unused_pool
train20k-19326,train20k-19218,unused_pool
train20k-19327,train20k-19219,unused_pool
train20k-19328,train20k-19220,unused_pool
train20k-19329,train20k-19221,unused_pool
train20k-19330,train20k-19222,unused_pool
train20k-19331,train20k-19223,unused_pool
train20k-19332,train20k-19224,unused_pool
train20k-19333,train20k-19225,unused_pool
train20k-19334,train20k-19226,unused_pool
train20k-19335,train20k-19227,unused_pool
train20k-19336,train20k-19228,unused_pool
train20k-19337,train20k-19229,unused_pool
train20k-19338,train20k-19230,unused_pool
train20k-19339,train20k-19231,unused_pool
train20k-19340,train20k-19232,unused_pool
train20k-19341,train20k-19233,unused_pool
train20k-19342,train20k-19234,unused_pool
train20k-19343,train20k-19235,unused_pool
train20k-19344,train20k-19236,unused_pool
train20k-19345,train20k-19237,unused_pool
train20k-19346,train20k-19238,unused_pool
train20k-19347,train20k-19239,unused_pool
train20k-19348,train20k-19240,unused_pool
train20k-19349,train20k-19241,unused_pool
train20k-19350,train20k-19242,unused_pool
train20k-19351,train20k-19243,unused_pool
train20k-19352,train20k-19244,unused_pool
train20k-19353,train20k-19245,unused_pool
train20k-19354,train20k-19246,unused_pool
train20k-19355,train20k-19247,unused_pool
train20k-19356,train20k-19248,unused_pool
train20k-19357,train20k-19249,unused_pool
train20k-19358,train20k-19250,unused_pool
train20k-19359,train20k-19251,unused_pool
train20k-19360,train20k-19252,unused_pool
train20k-19361,train20k-19253,unused_pool
train20k-19362,train20k-19254,unused_pool
train20k-19363,train20k-19255,unused_pool
train20k-19364,train20k-19256,unused_pool
train20k-19365,train20k-19257,unused_pool
train20k-19366,train20k-19258,unused_pool
train20k-19367,train20k-19259,unused_pool
train20k-19368,train20k-19260,unused_pool
train20k-19369,train20k-19261,unused_pool
train20k-19370,train20k-19262,unused_pool
train20k-19371,train20k-19263,unused_pool
train20k-19372,train20k-19264,unused_pool
train20k-19373,train20k-19265,unused_pool
train20k-19374,train20k-19266,unused_pool
train20k-19375,train20k-19267,unused_pool
train20k-19376,train20k-19268,unused_pool
train20k-19377,train20k-19269,unused_pool
train20k-19378,train20k-19270,unused_pool
train20k-19379,train20k-19271,unused_pool
train20k-19380,train20k-19272,unused_pool
train20k-19381,train20k-19273,unused_pool
train20k-19382,train20k-19274,unused_pool
train20k-19383,train20k-19275,unused_pool
train20k-19384,train20k-19276,unused_pool
train20k-19385,train20k-19277,unused_pool
train20k-19386,train20k-19278,unused_pool
train20k-19387,train20k-19279,unused_pool
train20k-19388,train20k-19280,unused_pool
train20k-19389,train20k-19281,unused_pool
train20k-19390,train20k-19282,unused_pool
train20k-19391,train20k-19283,unused_pool
train20k-19392,train20k-19284,unused_pool
train20k-19393,train20k-19285,unused_pool
train20k-19394,train20k-19286,unused_pool
train20k-19395,train20k-19287,unused_pool
train20k-19396,train20k-19288,unused_pool
train20k-19397,train20k-19289,unused_pool
train20k-19398,train20k-19290,unused_pool
train20k-19399,train20k-19291,unused_pool
train20k-19400,train20k-19292,unused_pool
train20k-19401,train20k-19293,unused_pool
train20k-19402,train20k-19294,unused_pool
train20k-19403,train20k-19295,unused_pool
train20k-19404,train20k-19296,unused_pool
train20k-19405,train20k-19297,unused_pool
train20k-19406,train20k-19298,unused_pool
train20k-19407,train20k-19299,unused_pool
train20k-19408,train20k-19300,unused_pool
train20k-19409,train20k-19301,unused_pool
train20k-19410,train20k-19302,unused_pool
train20k-19411,train20k-19303,unused_pool
train20k-19412,train20k-19304,unused_pool
train20k-19413,train20k-19305,unused_pool
train20k-19414,train20k-19306,unused_pool
train20k-19415,train20k-19307,unused_pool
train20k-19416,train20k-19308,unused_pool
train20k-19417,train20k-19309,unused_pool
train20k-19418,train20k-19310,unused_pool
train20k-19419,train20k-19311,unused_pool
train20k-19420,train20k-19312,unused_pool
train20k-19421,train20k-19313,unused_pool
train20k-19422,train20k-19314,unused_pool
train20k-19423,train20k-19315,unused_pool
train20k-19424,train20k-19316,unused_pool
train20k-19425,train20k-19317,unused_pool
train20k-19426,train20k-19318,unused_pool
train20k-19427,train20k-19319,unused_pool
train20k-19428,train20k-19320,unused_pool
train20k-19429,train20k-19321,unused_pool
train20k-19430,train20k-19322,unused_pool
train20k-19431,train20k-19323,unused_pool
train20k-19432,train20k-19324,unused_pool
train20k-19433,train20k-19325,unused_pool
train20k-19434,train20k-19326,unused_pool
train20k-19435,train20k-19327,unused_pool
train20k-19436,train20k-19328,unused_pool
train20k-19437,train20k-19329,unused_pool
train20k-19438,train20k-19330,unused_pool
train20k-19439,train20k-19331,unused_pool
train20k-19440,train20k-19332,unused_pool
train20k-19441,train20k-19333,unused_pool
train20k-19442,train20k-19334,unused_pool
train20k-19443,train20k-19335,unused_pool
train20k-19444,train20k-19336,unused_pool
train20k-19445,train20k-19337,unused_pool
train20k-19446,train20k-19338,unused_pool
train20k-19447,train20k-19339,unused_pool
train20k-19448,train20k-19340,unused_pool
train20k-19449,train20k-19341,unused_pool
train20k-19450,train20k-19342,unused_pool
train20k-19451,train20k-19343,unused_pool
train20k-19452,train20k-19344,unused_pool
train20k-19453,train20k-19345,unused_pool
train20k-19454,train20k-19346,unused_pool
train20k-19455,train20k-19347,unused_pool
train20k-19456,train20k-19348,unused_pool
train20k-19457,train20k-19349,unused_pool
train20k-19458,train20k-19350,unused_pool
train20k-19459,train20k-19351,unused_pool
train20k-19460,train20k-19352,unused_pool
train20k-19461,train20k-19353,unused_pool
train20k-19462,train20k-19354,unused_pool
train20k-19463,train20k-19355,unused_pool
train20k-19464,train20k-19356,unused_pool
train20k-19465,train20k-19357,unused_pool
train20k-19466,train20k-19358,unused_pool
train20k-19467,train20k-19359,unused_pool
train20k-19468,train20k-19360,unused_pool
train20k-19469,train20k-19361,unused_pool
train20k-19470,train20k-19362,unused_pool
train20k-19471,train20k-19363,unused_pool
train20k-19472,train20k-19364,unused_pool
train20k-19473,train20k-19365,unused_pool
train20k-19474,train20k-19366,unused_pool
train20k-19475,train20k-19367,unused_pool
train20k-19476,train20k-19368,unused_pool
train20k-19477,train20k-19369,unused_pool
train20k-19478,train20k-19370,unused_pool
train20k-19479,train20k-19371,unused_pool
train20k-19480,train20k-19372,unused_pool
train20k-19481,train20k-19373,unused_pool
train20k-19482,train20k-19374,unused_pool
train20k-19483,train20k-19375,unused_pool
train20k-19484,train20k-19376,unused_pool
train20k-19485,train20k-19377,unused_pool
train20k-19486,train20k-19378,unused_pool
train20k-19487,train20k-19379,unused_pool
train20k-19488,train20k-19380,unused_pool
train20k-19489,train20k-19381,unused_pool
train20k-19490,train20k-19382,unused_pool
train20k-19491,train20k-19383,unused_pool
train20k-19492,train20k-19384,unused_pool
train20k-19493,train20k-19385,unused_pool
train20k-19494,train20k-19386,unused_pool
train20k-19495,train20k-19387,unused_pool
train20k-19496,train20k-19388,unused_pool
train20k-19497,train20k-19389,unused_pool
train20k-19498,train20k-19390,unused_pool
train20k-19499,train20k-19391,unused_pool
train20k-19500,train20k-19392,unused_pool
train20k-19501,train20k-19393,unused_pool
train20k-19502,train20k-19394,unused_pool
train20k-19503,train20k-19395,unused_pool
train20k-19504,train20k-19396,unused_pool
train20k-19505,train20k-19397,unused_pool
train20k-19506,train20k-19398,unused_pool
train20k-19507,train20k-19399,unused_pool
train20k-19508,train20k-19400,unused_pool
train20k-19509,train20k-19401,unused_pool
train20k-19510,train20k-19402,unused_pool
train20k-19511,train20k-19403,unused_pool
train20k-19512,train20k-19404,unused_pool
train20k-19513,train20k-19405,unused_pool
train20k-19514,train20k-19406,unused_pool
train20k-19515,train20k-19407,unused_pool
train20k-19516,train20k-19408,unused_pool
train20k-19517,train20k-19409,unused_pool
train20k-19518,train20k-19410,unused_pool
train20k-19519,train20k-19411,unused_pool
train20k-19520,train20k-19412,unused_pool
train20k-19521,train20k-19413,unused_pool
train20k-19522,train20k-19414,unused_pool
train20k-19523,train20k-19415,unused_pool
train20k-19524,train20k-19416,unused_pool
train20k-19525,train20k-19417,unused_pool
train20k-19526,train20k-19418,unused_pool
train20k-19527,train20k-19419,unused_pool
train20k-19528,train20k-19420,unused_pool
train20k-19529,train20k-19421,unused_pool
train20k-19530,train20k-19422,unused_pool
train20k-19531,train20k-19423,unused_pool
train20k-19532,train20k-19424,unused_pool
train20k-19533,train20k-19425,unused_pool
train20k-19534,train20k-19426,unused_pool
train20k-19535,train20k-19427,unused_pool
train20k-19536,train20k-19428,unused_pool
train20k-19537,train20k-19429,unused_pool
train20k-19538,train20k-19430,unused_pool
train20k-19539,train20k-19431,unused_pool
train20k-19540,train20k-19432,unused_pool
train20k-19541,train20k-19433,unused_pool
train20k-19542,train20k-19434,unused_pool
train20k-19543,train20k-19435,unused_pool
train20k-19544,train20k-19436,unused_pool
train20k-19545,train20k-19437,unused_pool
train20k-19546,train20k-19438,unused_pool
train20k-19547,train20k-19439,unused_pool
train20k-19548,train20k-19440,unused_pool
train20k-19549,train20k-19441,unused_pool
train20k-19550,train20k-19442,unused_pool
train20k-19551,train20k-19443,unused_pool
train20k-19552,train20k-19444,unused_pool
train20k-19553,train20k-19445,unused_pool
train20k-19554,train20k-19446,unused_pool
train20k-19555,train20k-19447,unused_pool
train20k-19556,train20k-19448,unused_pool
train20k-19557,train20k-19449,unused_pool
train20k-19558,train20k-19450,unused_pool
train20k-19559,train20k-19451,unused_pool
train20k-19560,train20k-19452,unused_pool
train20k-19561,train20k-19453,unused_pool
train20k-19562,train20k-19454,unused_pool
train20k-19563,train20k-19455,unused_pool
train20k-19564,train20k-19456,unused_pool
train20k-19565,train20k-19457,unused_pool
train20k-19566,train20k-19458,unused_pool
train20k-19567,train20k-19459,unused_pool
train20k-19568,train20k-19460,unused_pool
train20k-19569,train20k-19461,unused_pool
train20k-19570,train20k-19462,unused_pool
train20k-19571,train20k-19463,unused_pool
train20k-19572,train20k-19464,unused_pool
train20k-19573,train20k-19465,unused_pool
train20k-19574,train20k-19466,unused_pool
train20k-19575,train20k-19467,unused_pool
train20k-19576,train20k-19468,unused_pool
train20k-19577,train20k-19469,unused_pool
train20k-19578,train20k-19470,unused_pool
train20k-19579,train20k-19471,unused_pool
train20k-19580,train20k-19472,unused_pool
train20k-19581,train20k-19473,unused_pool
train20k-19582,train20k-19474,unused_pool
train20k-19583,train20k-19475,unused_pool
train20k-19584,train20k-19476,unused_pool
train20k-19585,train20k-19477,unused_pool
train20k-19586,train20k-19478,unused_pool
train20k-19587,train20k-19479,unused_pool
train20k-19588,train20k-19480,unused_pool
train20k-19589,train20k-19481,unused_pool
train20k-19590,train20k-19482,unused_pool
train20k-19591,train20k-19483,unused_pool
train20k-19592,train20k-19484,unused_pool
train20k-19593,train20k-19485,unused_pool
train20k-19594,train20k-19486,unused_pool
train20k-19595,train20k-19487,unused_pool
train20k-19596,train20k-19488,unused_pool
train20k-19597,train20k-19489,unused_pool
train20k-19598,train20k-19490,unused_pool
train20k-19599,train20k-19491,unused_pool
train20k-19600,train20k-19492,unused_pool
train20k-19601,train20k-19493,unused_pool
train20k-19602,train20k-19494,unused_pool
train20k-19603,train20k-19495,unused_pool
train20k-19604,train20k-19496,unused_pool
train20k-19605,train20k-19497,unused_pool
train20k-19606,train20k-19498,unused_pool
train20k-19607,train20k-19499,unused_pool
train20k-19608,train20k-19500,unused_pool
train20k-19609,train20k-19501,unused_pool
train20k-19610,train20k-19502,unused_pool
train20k-19611,train20k-19503,unused_pool
train20k-19612,train20k-19504,unused_pool
train20k-19613,train20k-19505,unused_pool
train20k-19614,train20k-19506,unused_pool
train20k-19615,train20k-19507,unused_pool
train20k-19616,train20k-19508,unused_pool
train20k-19617,train20k-19509,unused_pool
train20k-19618,train20k-19510,unused_pool
train20k-19619,train20k-19511,unused_pool
train20k-19620,train20k-19512,unused_pool
train20k-19621,train20k-19513,unused_pool
train20k-19622,train20k-19514,unused_pool
train20k-19623,train20k-19515,unused_pool
train20k-19624,train20k-19516,unused_pool
train20k-19625,train20k-19517,unused_pool
train20k-19626,train20k-19518,unused_pool
train20k-19627,train20k-19519,unused_pool
train20k-19628,train20k-19520,unused_pool
train20k-19629,train20k-19521,unused_pool
train20k-19630,train20k-19522,unused_pool
train20k-19631,train20k-19523,unused_pool
train20k-19632,train20k-19524,unused_pool
train20k-19633,train20k-19525,unused_pool
train20k-19634,train20k-19526,unused_pool
train20k-19635,train20k-19527,unused_pool
train20k-19636,train20k-19528,unused_pool
train20k-19637,train20k-19529,unused_pool
train20k-19638,train20k-19530,unused_pool
train20k-19639,train20k-19531,unused_pool
train20k-19640,train20k-19532,unused_pool
train20k-19641,train20k-19533,unused_pool
train20k-19642,train20k-19534,unused_pool
train20k-19643,train20k-19535,unused_pool
train20k-19644,train20k-19536,unused_pool
train20k-19645,train20k-19537,unused_pool
train20k-19646,train20k-19538,unused_pool
train20k-19647,train20k-19539,unused_pool
train20k-19648,train20k-19540,unused_pool
train20k-19649,train20k-19541,unused_pool
train20k-19650,train20k-19542,unused_pool
train20k-19651,train20k-19543,unused_pool
train20k-19652,train20k-19544,unused_pool
train20k-19653,train20k-19545,unused_pool
train20k-19654,train20k-19546,unused_pool
train20k-19655,train20k-19547,unused_pool
train20k-19656,train20k-19548,unused_pool
train20k-19657,train20k-19549,unused_pool
train20k-19658,train20k-19550,unused_pool
train20k-19659,train20k-19551,unused_pool
train20k-19660,train20k-19552,unused_pool
train20k-19661,train20k-19553,unused_pool
train20k-19662,train20k-19554,unused_pool
train20k-19663,train20k-19555,unused_pool
train20k-19664,train20k-19556,unused_pool
train20k-19665,train20k-19557,unused_pool
train20k-19666,train20k-19558,unused_pool
train20k-19667,train20k-19559,unused_pool
train20k-19668,train20k-19560,unused_pool
train20k-19669,train20k-19561,unused_pool
train20k-19670,train20k-19562,unused_pool
train20k-19671,train20k-19563,unused_pool
train20k-19672,train20k-19564,unused_pool
train20k-19673,train20k-19565,unused_pool
train20k-19674,train20k-19566,unused_pool
train20k-19675,train20k-19567,unused_pool
train20k-19676,train20k-19568,unused_pool
train20k-19677,train20k-19569,unused_pool
train20k-19678,train20k-19570,unused_pool
train20k-19679,train20k-19571,unused_pool
train20k-19680,train20k-19572,unused_pool
train20k-19681,train20k-19573,unused_pool
train20k-19682,train20k-19574,unused_pool
train20k-19683,train20k-19575,unused_pool
train20k-19684,train20k-19576,unused_pool
train20k-19685,train20k-19577,unused_pool
train20k-19686,train20k-19578,unused_pool
train20k-19687,train20k-19579,unused_pool
train20k-19688,train20k-19580,unused_pool
train20k-19689,train20k-19581,unused_pool
train20k-19690,train20k-19582,unused_pool
train20k-19691,train20k-19583,unused_pool
train20k-19692,train20k-19584,unused_pool
train20k-19693,train20k-19585,unused_pool
train20k-19694,train20k-19586,unused_pool
train20k-19695,train20k-19587,unused_pool
train20k-19696,train20k-19588,unused_pool
train20k-19697,train20k-19589,unused_pool
train20k-19698,train20k-19590,unused_pool
train20k-19699,train20k-19591,unused_pool
train20k-19700,train20k-19592,unused_pool
train20k-19701,train20k-19593,unused_pool
train20k-19702,train20k-19594,unused_pool
train20k-19703,train20k-19595,unused_pool
train20k-19704,train20k-19596,unused_pool
train20k-19705,train20k-19597,unused_pool
train20k-19706,train20k-19598,unused_pool
train20k-19707,train20k-19599,unused_pool
train20k-19708,train20k-19600,unused_pool
train20k-19709,train20k-19601,unused_pool
train20k-19710,train20k-19602,unused_pool
train20k-19711,train20k-19603,unused_pool
train20k-19712,train20k-19604,unused_pool
train20k-19713,train20k-19605,unused_pool
train20k-19714,train20k-19606,unused_pool
train20k-19715,train20k-19607,unused_pool
train20k-19716,train20k-19608,unused_pool
train20k-19717,train20k-19609,unused_pool
train20k-19718,train20k-19610,unused_pool
train20k-19719,train20k-19611,unused_pool
train20k-19720,train20k-19612,unused_pool
train20k-19721,train20k-19613,unused_pool
train20k-19722,train20k-19614,unused_pool
train20k-19723,train20k-19615,unused_pool
train20k-19724,train20k-19616,unused_pool
train20k-19725,train20k-19617,unused_pool
train20k-19726,train20k-19618,unused_pool
train20k-19727,train20k-19619,unused_pool
train20k-19728,train20k-19620,unused_pool
train20k-19729,train20k-19621,unused_pool
train20k-19730,train20k-19622,unused_pool
train20k-19731,train20k-19623,unused_pool
train20k-19732,train20k-19624,unused_pool
train20k-19733,train20k-19625,unused_pool
train20k-19734,train20k-19626,unused_pool
train20k-19735,train20k-19627,unused_pool
train20k-19736,train20k-19628,unused_pool
train20k-19737,train20k-19629,unused_pool
train20k-19738,train20k-19630,unused_pool
train20k-19739,train20k-19631,unused_pool
train20k-19740,train20k-19632,unused_pool
train20k-19741,train20k-19633,unused_pool
train20k-19742,train20k-19634,unused_pool
train20k-19743,train20k-19635,unused_pool
train20k-19744,train20k-19636,unused_pool
train20k-19745,train20k-19637,unused_pool
train20k-19746,train20k-19638,unused_pool
train20k-19747,train20k-19639,unused_pool
train20k-19748,train20k-19640,unused_pool
train20k-19749,train20k-19641,unused_pool
train20k-19750,train20k-19642,unused_pool
train20k-19751,train20k-19643,unused_pool
train20k-19752,train20k-19644,unused_pool
train20k-19753,train20k-19645,unused_pool
train20k-19754,train20k-19646,unused_pool
train20k-19755,train20k-19647,unused_pool
train20k-19756,train20k-19648,unused_pool
train20k-19757,train20k-19649,unused_pool
train20k-19758,train20k-19650,unused_pool
train20k-19759,train20k-19651,unused_pool
train20k-19760,train20k-19652,unused_pool
train20k-19761,train20k-19653,unused_pool
train20k-19762,train20k-19654,unused_pool
train20k-19763,train20k-19655,unused_pool
train20k-19764,train20k-19656,unused_pool
train20k-19765,train20k-19657,unused_pool
train20k-19766,train20k-19658,unused_pool
train20k-19767,train20k-19659,unused_pool
train20k-19768,train20k-19660,unused_pool
train20k-19769,train20k-19661,unused_pool
train20k-19770,train20k-19662,unused_pool
train20k-19771,train20k-19663,unused_pool
train20k-19772,train20k-19664,unused_pool
train20k-19773,train20k-19665,unused_pool
train20k-19774,train20k-19666,unused_pool
train20k-19775,train20k-19667,unused_pool
train20k-19776,train20k-19668,unused_pool
train20k-19777,train20k-19669,unused_pool
train20k-19778,train20k-19670,unused_pool
train20k-19779,train20k-19671,unused_pool
train20k-19780,train20k-19672,unused_pool
train20k-19781,train20k-19673,unused_pool
train20k-19782,train20k-19674,unused_pool
train20k-19783,train20k-19675,unused_pool
train20k-19784,train20k-19676,unused_pool
train20k-19785,train20k-19677,unused_pool
train20k-19786,train20k-19678,unused_pool
train20k-19787,train20k-19679,unused_pool
train20k-19788,train20k-19680,unused_pool
train20k-19789,train20k-19681,unused_pool
train20k-19790,train20k-19682,unused_pool
train20k-19791,train20k-19683,unused_pool
train20k-19792,train20k-19684,unused_pool
train20k-19793,train20k-19685,unused_pool
train20k-19794,train20k-19686,unused_pool
train20k-19795,train20k-19687,unused_pool
train20k-19796,train20k-19688,unused_pool
train20k-19797,train20k-19689,unused_pool
train20k-19798,train20k-19690,unused_pool
train20k-19799,train20k-19691,unused_pool
train20k-19800,train20k-19692,unused_pool
train20k-19801,train20k-19693,unused_pool
train20k-19802,train20k-19694,unused_pool
train20k-19803,train20k-19695,unused_pool
train20k-19804,train20k-19696,unused_pool
train20k-19805,train20k-19697,unused_pool
train20k-19806,train20k-19698,unused_pool
train20k-19807,train20k-19699,unused_pool
train20k-19808,train20k-19700,unused_pool
train20k-19809,train20k-19701,unused_pool
train20k-19810,train20k-19702,unused_pool
train20k-19811,train20k-19703,unused_pool
train20k-19812,train20k-19704,unused_pool
train20k-19813,train20k-19705,unused_pool
train20k-19814,train20k-19706,unused_pool
train20k-19815,train20k-19707,unused_pool
train20k-19816,train20k-19708,unused_pool
train20k-19817,train20k-19709,unused_pool
train20k-19818,train20k-19710,unused_pool
train20k-19819,train20k-19711,unused_pool
train20k-19820,train20k-19712,unused_pool
train20k-19821,train20k-19713,unused_pool
train20k-19822,train20k-19714,unused_pool
train20k-19823,train20k-19715,unused_pool
train20k-19824,train20k-19716,unused_pool
train20k-19825,train20k-19717,unused_pool
train20k-19826,train20k-19718,unused_pool
train20k-19828,train20k-19719,unused_pool
train20k-19829,train20k-19720,unused_pool
train20k-19830,train20k-19721,unused_pool
train20k-19831,train20k-19722,unused_pool
train20k-19832,train20k-19723,unused_pool
train20k-19833,train20k-19724,unused_pool
train20k-19834,train20k-19725,unused_pool
train20k-19835,train20k-19726,unused_pool
train20k-19836,train20k-19727,unused_pool
train20k-19837,train20k-19728,unused_pool
train20k-19838,train20k-19729,unused_pool
train20k-19839,train20k-19730,unused_pool
train20k-19840,train20k-19731,unused_pool
train20k-19841,train20k-19732,unused_pool
train20k-19842,train20k-19733,unused_pool
train20k-19843,train20k-19734,unused_pool
train20k-19844,train20k-19735,unused_pool
train20k-19845,train20k-19736,unused_pool
train20k-19846,train20k-19737,unused_pool
train20k-19847,train20k-19738,unused_pool
train20k-19848,train20k-19739,unused_pool
train20k-19849,train20k-19740,unused_pool
train20k-19850,train20k-19741,unused_pool
train20k-19851,train20k-19742,unused_pool
train20k-19852,train20k-19743,unused_pool
train20k-19853,train20k-19744,unused_pool
train20k-19854,train20k-19745,unused_pool
train20k-19855,train20k-19746,unused_pool
train20k-19856,train20k-19747,unused_pool
train20k-19857,train20k-19748,unused_pool
train20k-19858,train20k-19749,unused_pool
train20k-19859,train20k-19750,unused_pool
train20k-19860,train20k-19751,unused_pool
train20k-19861,train20k-19752,unused_pool
train20k-19862,train20k-19753,unused_pool
train20k-19863,train20k-19754,unused_pool
train20k-19864,train20k-19755,unused_pool
train20k-19865,train20k-19756,unused_pool
train20k-19866,train20k-19757,unused_pool
train20k-19867,train20k-19758,unused_pool
train20k-19868,train20k-19759,unused_pool
train20k-19869,train20k-19760,unused_pool
train20k-19870,train20k-19761,unused_pool
train20k-19871,train20k-19762,unused_pool
train20k-19872,train20k-19763,unused_pool
train20k-19873,train20k-19764,unused_pool
train20k-19874,train20k-19765,unused_pool
train20k-19875,train20k-19766,unused_pool
train20k-19876,train20k-19767,unused_pool
train20k-19877,train20k-19768,unused_pool
train20k-19878,train20k-19769,unused_pool
train20k-19879,train20k-19770,unused_pool
train20k-19880,train20k-19771,unused_pool
train20k-19881,train20k-19772,unused_pool
train20k-19882,train20k-19773,unused_pool
train20k-19883,train20k-19774,unused_pool
train20k-19884,train20k-19775,unused_pool
train20k-19885,train20k-19776,unused_pool
train20k-19886,train20k-19777,unused_pool
train20k-19887,train20k-19778,unused_pool
train20k-19888,train20k-19779,unused_pool
train20k-19889,train20k-19780,unused_pool
train20k-19890,train20k-19781,unused_pool
train20k-19891,train20k-19782,unused_pool
train20k-19892,train20k-19783,unused_pool
train20k-19893,train20k-19784,unused_pool
train20k-19894,train20k-19785,unused_pool
train20k-19895,train20k-19786,unused_pool
train20k-19896,train20k-19787,unused_pool
train20k-19897,train20k-19788,unused_pool
train20k-19898,train20k-19789,unused_pool
train20k-19899,train20k-19790,unused_pool
train20k-19900,train20k-19791,unused_pool
train20k-19901,train20k-19792,unused_pool
train20k-19902,train20k-19793,unused_pool
train20k-19903,train20k-19794,unused_pool
train20k-19904,train20k-19795,unused_pool
train20k-19905,train20k-19796,unused_pool
train20k-19906,train20k-19797,unused_pool
train20k-19907,train20k-19798,unused_pool
train20k-19908,train20k-19799,unused_pool
train20k-19909,train20k-19800,unused_pool
train20k-19910,train20k-19801,unused_pool
train20k-19911,train20k-19802,unused_pool
train20k-19912,train20k-19803,unused_pool
train20k-19913,train20k-19804,unused_pool
train20k-19914,train20k-19805,unused_pool
train20k-19915,train20k-19806,unused_pool
train20k-19916,train20k-19807,unused_pool
train20k-19917,train20k-19808,unused_pool
train20k-19918,train20k-19809,unused_pool
train20k-19919,train20k-19810,unused_pool
train20k-19920,train20k-19811,unused_pool
train20k-19921,train20k-19812,unused_pool
train20k-19922,train20k-19813,unused_pool
train20k-19923,train20k-19814,unused_pool
train20k-19924,train20k-19815,unused_pool
train20k-19925,train20k-19816,unused_pool
train20k-19926,train20k-19817,unused_pool
train20k-19927,train20k-19818,unused_pool
train20k-19928,train20k-19819,unused_pool
train20k-19929,train20k-19820,unused_pool
train20k-19930,train20k-19821,unused_pool
train20k-19931,train20k-19822,unused_pool
train20k-19932,train20k-19823,unused_pool
train20k-19933,train20k-19824,unused_pool
train20k-19934,train20k-19825,unused_pool
train20k-19935,train20k-19826,unused_pool
train20k-19936,train20k-19827,unused_pool
train20k-19937,train20k-19828,unused_pool
train20k-19938,train20k-19829,unused_pool
train20k-19939,train20k-19830,unused_pool
train20k-19940,train20k-19831,unused_pool
train20k-19941,train20k-19832,unused_pool
train20k-19942,train20k-19833,unused_pool
train20k-19943,train20k-19834,unused_pool
train20k-19944,train20k-19835,unused_pool
train20k-19945,train20k-19836,unused_pool
train20k-19946,train20k-19837,unused_pool
train20k-19947,train20k-19838,unused_pool
train20k-19948,train20k-19839,unused_pool
train20k-19949,train20k-19840,unused_pool
train20k-19950,train20k-19841,unused_pool
train20k-19951,train20k-19842,unused_pool
train20k-19952,train20k-19843,unused_pool
train20k-19953,train20k-19844,unused_pool
train20k-19954,train20k-19845,unused_pool
train20k-19955,train20k-19846,unused_pool
train20k-19956,train20k-19847,unused_pool
train20k-19957,train20k-19848,unused_pool
train20k-19958,train20k-19849,unused_pool
train20k-19959,train20k-19850,unused_pool
train20k-19960,train20k-19851,unused_pool
train20k-19961,train20k-19852,unused_pool
train20k-19962,train20k-19853,unused_pool
train20k-19963,train20k-19854,unused_pool
train20k-19964,train20k-19855,unused_pool
train20k-19965,train20k-19856,unused_pool
train20k-19966,train20k-19857,unused_pool
train20k-19967,train20k-19858,unused_pool
train20k-19968,train20k-19859,unused_pool
train20k-19969,train20k-19860,unused_pool
train20k-19970,train20k-19861,unused_pool
train20k-19971,train20k-19862,unused_pool
train20k-19972,train20k-19863,unused_pool
train20k-19973,train20k-19864,unused_pool
train20k-19974,train20k-19865,unused_pool
train20k-19975,train20k-19866,unused_pool
train20k-19976,train20k-19867,unused_pool
train20k-19977,train20k-19868,unused_pool
train20k-19978,train20k-19869,unused_pool
train20k-19979,train20k-19870,unused_pool
train20k-19980,train20k-19871,unused_pool
train20k-19981,train20k-19872,unused_pool
train20k-19982,train20k-19873,unused_pool
train20k-19983,train20k-19874,unused_pool
train20k-19984,train20k-19875,unused_pool
train20k-19985,train20k-19876,unused_pool
train20k-19986,train20k-19877,unused_pool
train20k-19987,train20k-19878,unused_pool
train20k-19988,train20k-19879,unused_pool
train20k-19989,train20k-19880,unused_pool
train20k-19990,train20k-19881,unused_pool
train20k-19991,train20k-19882,unused_pool
train20k-19992,train20k-19883,unused_pool
train20k-19993,train20k-19884,unused_pool
train20k-19994,train20k-19885,unused_pool
train20k-19995,train20k-19886,unused_pool
train20k-19996,train20k-19887,unused_pool
train20k-19997,train20k-19888,unused_pool
train20k-19998,train20k-19889,unused_pool
train20k-19999,train20k-19890,unused_pool
train20k-20000,train20k-19891,unused_pool
