query_id,query_text,canonical_brand_query,brand_family_id,namespace_scope,intent_scope,intent_id,qrel_policy,query_variant_family,variant_operator,severity,language_tag,review_status,generator_version
brandq1-00001-v01,7-Eleven,7-Eleven,brand:7_eleven,"[""convenience_store""]",BRAND,brand:7_eleven:convenience_store,FAMILY_NAMESPACE,BRAND_CANONICAL,brand_canonical,CLEAN,lang_en,authored,manual_brand_authored_v1
brandq1-00001-v02,cửa hàng tiện lợi 7-Eleven,7-Eleven,brand:7_eleven,"[""convenience_store""]",BRAND,brand:7_eleven:convenience_store,FAMILY_NAMESPACE,BRAND_NAMESPACE,brand_namespace_form,CLEAN,lang_mixed,authored,manual_brand_authored_v1
brandq1-00001-v03,7 Eleven,7-Eleven,brand:7_eleven,"[""convenience_store""]",BRAND,brand:7_eleven:convenience_store,FAMILY_NAMESPACE,BRAND_CASE_PUNCT,brand_case_punct,SINGLE,lang_en,authored,manual_brand_authored_v1
brandq1-00001-v04,7-Elevne,7-Eleven,brand:7_eleven,"[""convenience_store""]",BRAND,brand:7_eleven:convenience_store,FAMILY_NAMESPACE,BRAND_MECHANICAL_TYPO,brand_mechanical_typo,SINGLE,lang_en,authored,manual_brand_authored_v1
brandq1-00002-v01,ABBank ATM,ABBank ATM,brand:abbank,"[""atm""]",BRAND,brand:abbank:atm,FAMILY_NAMESPACE,BRAND_CANONICAL,brand_canonical,CLEAN,lang_en,authored,manual_brand_authored_v1
brandq1-00002-v02,ATM ABBank,ABBank ATM,brand:abbank,"[""atm""]",BRAND,brand:abbank:atm,FAMILY_NAMESPACE,BRAND_NAMESPACE,brand_namespace_form,CLEAN,lang_en,authored,manual_brand_authored_v1
brandq1-00002-v03,ABBakn ATM,ABBank ATM,brand:abbank,"[""atm""]",BRAND,brand:abbank:atm,FAMILY_NAMESPACE,BRAND_MECHANICAL_TYPO,brand_mechanical_typo,SINGLE,lang_en,authored,manual_brand_authored_v1
brandq1-00003-v01,ngân hàng ABBank,ngân hàng ABBank,brand:abbank,"[""bank""]",BRAND,brand:abbank:bank,FAMILY_NAMESPACE,BRAND_CANONICAL,brand_canonical,CLEAN,lang_mixed,authored,manual_brand_authored_v1
brandq1-00003-v02,ABBank ngân hàng,ngân hàng ABBank,brand:abbank,"[""bank""]",BRAND,brand:abbank:bank,FAMILY_NAMESPACE,BRAND_NAMESPACE,brand_namespace_form,CLEAN,lang_mixed,authored,manual_brand_authored_v1
brandq1-00003-v03,ngân hàng ABBnak,ngân hàng ABBank,brand:abbank,"[""bank""]",BRAND,brand:abbank:bank,FAMILY_NAMESPACE,BRAND_MECHANICAL_TYPO,brand_mechanical_typo,SINGLE,lang_mixed,authored,manual_brand_authored_v1
brandq1-00003-v04,ngan hang ABBank,ngân hàng ABBank,brand:abbank,"[""bank""]",BRAND,brand:abbank:bank,FAMILY_NAMESPACE,BRAND_ORTHOGRAPHIC_IME,brand_orthographic_ime,SINGLE,lang_mixed,authored,manual_brand_authored_v1
brandq1-00004-v01,ABC Pharmacy,ABC Pharmacy,brand:abc_pharmacy,"[""pharmacy""]",BRAND,brand:abc_pharmacy:pharmacy,FAMILY_NAMESPACE,BRAND_CANONICAL,brand_canonical,CLEAN,lang_en,authored,manual_brand_authored_v1
brandq1-00004-v02,nhà thuốc ABC Pharmacy,ABC Pharmacy,brand:abc_pharmacy,"[""pharmacy""]",BRAND,brand:abc_pharmacy:pharmacy,FAMILY_NAMESPACE,BRAND_NAMESPACE,brand_namespace_form,CLEAN,lang_mixed,authored,manual_brand_authored_v1
brandq1-00004-v03,ABC Pharamcy,ABC Pharmacy,brand:abc_pharmacy,"[""pharmacy""]",BRAND,brand:abc_pharmacy:pharmacy,FAMILY_NAMESPACE,BRAND_MECHANICAL_TYPO,brand_mechanical_typo,SINGLE,lang_en,authored,manual_brand_authored_v1
brandq1-00004-v04,ABCPharmacy,ABC Pharmacy,brand:abc_pharmacy,"[""pharmacy""]",BRAND,brand:abc_pharmacy:pharmacy,FAMILY_NAMESPACE,BRAND_SPACE_VARIANT,brand_space_variant,SINGLE,lang_en,authored,manual_brand_authored_v1
brandq1-00005-v01,ACB ATM,ACB ATM,brand:acb,"[""atm""]",BRAND,brand:acb:atm,FAMILY_NAMESPACE,BRAND_CANONICAL,brand_canonical,CLEAN,lang_en,authored,manual_brand_authored_v1
brandq1-00005-v02,ATM ACB,ACB ATM,brand:acb,"[""atm""]",BRAND,brand:acb:atm,FAMILY_NAMESPACE,BRAND_NAMESPACE,brand_namespace_form,CLEAN,lang_en,authored,manual_brand_authored_v1
brandq1-00006-v01,ngân hàng ACB,ngân hàng ACB,brand:acb,"[""bank""]",BRAND,brand:acb:bank,FAMILY_NAMESPACE,BRAND_CANONICAL,brand_canonical,CLEAN,lang_mixed,authored,manual_brand_authored_v1
brandq1-00006-v02,ACB ngân hàng,ngân hàng ACB,brand:acb,"[""bank""]",BRAND,brand:acb:bank,FAMILY_NAMESPACE,BRAND_NAMESPACE,brand_namespace_form,CLEAN,lang_mixed,authored,manual_brand_authored_v1
brandq1-00006-v03,ngan hang ACB,ngân hàng ACB,brand:acb,"[""bank""]",BRAND,brand:acb:bank,FAMILY_NAMESPACE,BRAND_ORTHOGRAPHIC_IME,brand_orthographic_ime,SINGLE,lang_mixed,authored,manual_brand_authored_v1
brandq1-00007-v01,Adidas,Adidas,brand:adidas,"[""retail""]",BRAND,brand:adidas:retail,FAMILY_NAMESPACE,BRAND_CANONICAL,brand_canonical,CLEAN,lang_en,authored,manual_brand_authored_v1
brandq1-00007-v02,cửa hàng Adidas,Adidas,brand:adidas,"[""retail""]",BRAND,brand:adidas:retail,FAMILY_NAMESPACE,BRAND_NAMESPACE,brand_namespace_form,CLEAN,lang_mixed,authored,manual_brand_authored_v1
brandq1-00007-v03,Addias,Adidas,brand:adidas,"[""retail""]",BRAND,brand:adidas:retail,FAMILY_NAMESPACE,BRAND_MECHANICAL_TYPO,brand_mechanical_typo,SINGLE,lang_en,authored,manual_brand_authored_v1
brandq1-00008-v01,Adidas Originals,Adidas Originals,brand:adidas_originals,"[""retail""]",BRAND,brand:adidas_originals:retail,FAMILY_NAMESPACE,BRAND_CANONICAL,brand_canonical,CLEAN,lang_en,authored,manual_brand_authored_v1
brandq1-00008-v02,cửa hàng Adidas Originals,Adidas Originals,brand:adidas_originals,"[""retail""]",BRAND,brand:adidas_originals:retail,FAMILY_NAMESPACE,BRAND_NAMESPACE,brand_namespace_form,CLEAN,lang_mixed,authored,manual_brand_authored_v1
brandq1-00008-v03,Adidas Orginals,Adidas Originals,brand:adidas_originals,"[""retail""]",BRAND,brand:adidas_originals:retail,FAMILY_NAMESPACE,BRAND_MECHANICAL_TYPO,brand_mechanical_typo,SINGLE,lang_en,authored,manual_brand_authored_v1
brandq1-00009-v01,Agribank ATM,Agribank ATM,brand:agribank,"[""atm""]",BRAND,brand:agribank:atm,FAMILY_NAMESPACE,BRAND_CANONICAL,brand_canonical,CLEAN,lang_en,authored,manual_brand_authored_v1
brandq1-00009-v02,ATM Agribank,Agribank ATM,brand:agribank,"[""atm""]",BRAND,brand:agribank:atm,FAMILY_NAMESPACE,BRAND_NAMESPACE,brand_namespace_form,CLEAN,lang_en,authored,manual_brand_authored_v1
brandq1-00009-v03,Argibank ATM,Agribank ATM,brand:agribank,"[""atm""]",BRAND,brand:agribank:atm,FAMILY_NAMESPACE,BRAND_MECHANICAL_TYPO,brand_mechanical_typo,SINGLE,lang_en,authored,manual_brand_authored_v1
brandq1-00010-v01,ngân hàng Agribank,ngân hàng Agribank,brand:agribank,"[""bank""]",BRAND,brand:agribank:bank,FAMILY_NAMESPACE,BRAND_CANONICAL,brand_canonical,CLEAN,lang_mixed,authored,manual_brand_authored_v1
brandq1-00010-v02,Agribank ngân hàng,ngân hàng Agribank,brand:agribank,"[""bank""]",BRAND,brand:agribank:bank,FAMILY_NAMESPACE,BRAND_NAMESPACE,brand_namespace_form,CLEAN,lang_mixed,authored,manual_brand_authored_v1
brandq1-00010-v03,ngân hàng Agribakn,ngân hàng Agribank,brand:agribank,"[""bank""]",BRAND,brand:agribank:bank,FAMILY_NAMESPACE,BRAND_MECHANICAL_TYPO,brand_mechanical_typo,SINGLE,lang_mixed,authored,manual_brand_authored_v1
brandq1-00010-v04,ngan hang Agribank,ngân hàng Agribank,brand:agribank,"[""bank""]",BRAND,brand:agribank:bank,FAMILY_NAMESPACE,BRAND_ORTHOGRAPHIC_IME,brand_orthographic_ime,SINGLE,lang_mixed,authored,manual_brand_authored_v1
brandq1-00011-v01,Airbnb,Airbnb,brand:airbnb,"[""hotel""]",BRAND,brand:airbnb:hotel,FAMILY_NAMESPACE,BRAND_CANONICAL,brand_canonical,CLEAN,lang_en,authored,manual_brand_authored_v1
brandq1-00011-v02,khách sạn Airbnb,Airbnb,brand:airbnb,"[""hotel""]",BRAND,brand:airbnb:hotel,FAMILY_NAMESPACE,BRAND_NAMESPACE,brand_namespace_form,CLEAN,lang_mixed,authored,manual_brand_authored_v1
brandq1-00011-v03,Airbmb,Airbnb,brand:airbnb,"[""hotel""]",BRAND,brand:airbnb:hotel,FAMILY_NAMESPACE,BRAND_MECHANICAL_TYPO,brand_mechanical_typo,SINGLE,lang_en,authored,manual_brand_authored_v1
brandq1-00012-v01,Aldo,Aldo,brand:aldo,"[""retail""]",BRAND,brand:aldo:retail,FAMILY_NAMESPACE,BRAND_CANONICAL,brand_canonical,CLEAN,lang_en,authored,manual_brand_authored_v1
brandq1-00012-v02,cửa hàng Aldo,Aldo,brand:aldo,"[""retail""]",BRAND,brand:aldo:retail,FAMILY_NAMESPACE,BRAND_NAMESPACE,brand_namespace_form,CLEAN,lang_mixed,authored,manual_brand_authored_v1
brandq1-00012-v03,Alod,Aldo,brand:aldo,"[""retail""]",BRAND,brand:aldo:retail,FAMILY_NAMESPACE,BRAND_MECHANICAL_TYPO,brand_mechanical_typo,SINGLE,lang_en,authored,manual_brand_authored_v1
brandq1-00013-v01,AN NGỌC ĐIỀN,AN NGỌC ĐIỀN,brand:an_ngoc_dien,"[""retail""]",BRAND,brand:an_ngoc_dien:retail,FAMILY_NAMESPACE,BRAND_CANONICAL,brand_canonical,CLEAN,lang_vi,authored,manual_brand_authored_v1
brandq1-00013-v02,cửa hàng AN NGỌC ĐIỀN,AN NGỌC ĐIỀN,brand:an_ngoc_dien,"[""retail""]",BRAND,brand:an_ngoc_dien:retail,FAMILY_NAMESPACE,BRAND_NAMESPACE,brand_namespace_form,CLEAN,lang_vi,authored,manual_brand_authored_v1
brandq1-00013-v03,AN NGOC DIEN,AN NGỌC ĐIỀN,brand:an_ngoc_dien,"[""retail""]",BRAND,brand:an_ngoc_dien:retail,FAMILY_NAMESPACE,BRAND_ORTHOGRAPHIC_IME,brand_orthographic_ime,SINGLE,lang_vi,authored,manual_brand_authored_v1
brandq1-00013-v04,AN NỌGC ĐIỀN,AN NGỌC ĐIỀN,brand:an_ngoc_dien,"[""retail""]",BRAND,brand:an_ngoc_dien:retail,FAMILY_NAMESPACE,BRAND_MECHANICAL_TYPO,brand_mechanical_typo,SINGLE,lang_vi,authored,manual_brand_authored_v1
brandq1-00014-v01,An Phu Hotel,An Phu Hotel,brand:an_phu_hotel,"[""hotel""]",BRAND,brand:an_phu_hotel:hotel,FAMILY_NAMESPACE,BRAND_CANONICAL,brand_canonical,CLEAN,lang_en,authored,manual_brand_authored_v1
brandq1-00014-v02,khách sạn An Phu Hotel,An Phu Hotel,brand:an_phu_hotel,"[""hotel""]",BRAND,brand:an_phu_hotel:hotel,FAMILY_NAMESPACE,BRAND_NAMESPACE,brand_namespace_form,CLEAN,lang_mixed,authored,manual_brand_authored_v1
brandq1-00014-v03,An Phu Htoel,An Phu Hotel,brand:an_phu_hotel,"[""hotel""]",BRAND,brand:an_phu_hotel:hotel,FAMILY_NAMESPACE,BRAND_MECHANICAL_TYPO,brand_mechanical_typo,SINGLE,lang_en,authored,manual_brand_authored_v1
brandq1-00015-v01,Apple,Apple,brand:apple,"[""retail""]",BRAND,brand:apple:retail,FAMILY_NAMESPACE,BRAND_CANONICAL,brand_canonical,CLEAN,lang_en,authored,manual_brand_authored_v1
brandq1-00015-v02,cửa hàng Apple,Apple,brand:apple,"[""retail""]",BRAND,brand:apple:retail,FAMILY_NAMESPACE,BRAND_NAMESPACE,brand_namespace_form,CLEAN,lang_mixed,authored,manual_brand_authored_v1
brandq1-00015-v03,Aplpe,Apple,brand:apple,"[""retail""]",BRAND,brand:apple:retail,FAMILY_NAMESPACE,BRAND_MECHANICAL_TYPO,brand_mechanical_typo,SINGLE,lang_en,authored,manual_brand_authored_v1
brandq1-00017-v01,ATM Vietin Bank,ATM Vietin Bank,brand:atm_vietin_bank,"[""atm""]",BRAND,brand:atm_vietin_bank:atm,FAMILY_NAMESPACE,BRAND_CANONICAL,brand_canonical,CLEAN,lang_en,authored,manual_brand_authored_v1
brandq1-00017-v02,ATM Vietni Bank,ATM Vietin Bank,brand:atm_vietin_bank,"[""atm""]",BRAND,brand:atm_vietin_bank:atm,FAMILY_NAMESPACE,BRAND_MECHANICAL_TYPO,brand_mechanical_typo,SINGLE,lang_en,authored,manual_brand_authored_v1
brandq1-00017-v03,ATM VietinBank,ATM Vietin Bank,brand:atm_vietin_bank,"[""atm""]",BRAND,brand:atm_vietin_bank:atm,FAMILY_NAMESPACE,BRAND_SPACE_VARIANT,brand_space_variant,SINGLE,lang_en,authored,manual_brand_authored_v1
brandq1-00018-v01,Audi,Audi,brand:audi,"[""retail""]",BRAND,brand:audi:retail,FAMILY_NAMESPACE,BRAND_CANONICAL,brand_canonical,CLEAN,lang_en,authored,manual_brand_authored_v1
brandq1-00018-v02,cửa hàng Audi,Audi,brand:audi,"[""retail""]",BRAND,brand:audi:retail,FAMILY_NAMESPACE,BRAND_NAMESPACE,brand_namespace_form,CLEAN,lang_mixed,authored,manual_brand_authored_v1
brandq1-00018-v03,Adui,Audi,brand:audi,"[""retail""]",BRAND,brand:audi:retail,FAMILY_NAMESPACE,BRAND_MECHANICAL_TYPO,brand_mechanical_typo,SINGLE,lang_en,authored,manual_brand_authored_v1
brandq1-00019-v01,Bac A Bank,Bac A Bank,brand:bac_a_bank,"[""bank""]",BRAND,brand:bac_a_bank:bank,FAMILY_NAMESPACE,BRAND_CANONICAL,brand_canonical,CLEAN,lang_en,authored,manual_brand_authored_v1
brandq1-00019-v02,ngân hàng Bac A Bank,Bac A Bank,brand:bac_a_bank,"[""bank""]",BRAND,brand:bac_a_bank:bank,FAMILY_NAMESPACE,BRAND_NAMESPACE,brand_namespace_form,CLEAN,lang_mixed,authored,manual_brand_authored_v1
brandq1-00019-v03,Bac A Bnak,Bac A Bank,brand:bac_a_bank,"[""bank""]",BRAND,brand:bac_a_bank:bank,FAMILY_NAMESPACE,BRAND_MECHANICAL_TYPO,brand_mechanical_typo,SINGLE,lang_en,authored,manual_brand_authored_v1
brandq1-00020-v01,cửa hàng tiện lợi Bách Hóa XANH,cửa hàng tiện lợi Bách Hóa XANH,brand:bach_hoa_xanh,"[""convenience_store""]",BRAND,brand:bach_hoa_xanh:convenience_store,FAMILY_NAMESPACE,BRAND_CANONICAL,brand_canonical,CLEAN,lang_vi,authored,manual_brand_authored_v1
brandq1-00020-v02,Bách Hóa XANH cửa hàng tiện lợi,cửa hàng tiện lợi Bách Hóa XANH,brand:bach_hoa_xanh,"[""convenience_store""]",BRAND,brand:bach_hoa_xanh:convenience_store,FAMILY_NAMESPACE,BRAND_NAMESPACE,brand_namespace_form,CLEAN,lang_vi,authored,manual_brand_authored_v1
brandq1-00020-v03,cua hang tien loi Bach Hoa XANH,cửa hàng tiện lợi Bách Hóa XANH,brand:bach_hoa_xanh,"[""convenience_store""]",BRAND,brand:bach_hoa_xanh:convenience_store,FAMILY_NAMESPACE,BRAND_ORTHOGRAPHIC_IME,brand_orthographic_ime,SINGLE,lang_vi,authored,manual_brand_authored_v1
brandq1-00020-v04,cửa hàng tiện lợi Bách Hóa XNAH,cửa hàng tiện lợi Bách Hóa XANH,brand:bach_hoa_xanh,"[""convenience_store""]",BRAND,brand:bach_hoa_xanh:convenience_store,FAMILY_NAMESPACE,BRAND_MECHANICAL_TYPO,brand_mechanical_typo,SINGLE,lang_vi,authored,manual_brand_authored_v1
brandq1-00021-v01,cửa hàng Bách Hóa XANH,cửa hàng Bách Hóa XANH,brand:bach_hoa_xanh,"[""retail""]",BRAND,brand:bach_hoa_xanh:retail,FAMILY_NAMESPACE,BRAND_CANONICAL,brand_canonical,CLEAN,lang_vi,authored,manual_brand_authored_v1
brandq1-00021-v02,Bách Hóa XANH cửa hàng,cửa hàng Bách Hóa XANH,brand:bach_hoa_xanh,"[""retail""]",BRAND,brand:bach_hoa_xanh:retail,FAMILY_NAMESPACE,BRAND_NAMESPACE,brand_namespace_form,CLEAN,lang_vi,authored,manual_brand_authored_v1
brandq1-00021-v03,cua hang Bach Hoa XANH,cửa hàng Bách Hóa XANH,brand:bach_hoa_xanh,"[""retail""]",BRAND,brand:bach_hoa_xanh:retail,FAMILY_NAMESPACE,BRAND_ORTHOGRAPHIC_IME,brand_orthographic_ime,SINGLE,lang_vi,authored,manual_brand_authored_v1
brandq1-00021-v04,cửa hàng Bách Hóa XAHN,cửa hàng Bách Hóa XANH,brand:bach_hoa_xanh,"[""retail""]",BRAND,brand:bach_hoa_xanh:retail,FAMILY_NAMESPACE,BRAND_MECHANICAL_TYPO,brand_mechanical_typo,SINGLE,lang_vi,authored,manual_brand_authored_v1
brandq1-00022-v01,siêu thị Bách Hóa XANH,siêu thị Bách Hóa XANH,brand:bach_hoa_xanh,"[""supermarket""]",BRAND,brand:bach_hoa_xanh:supermarket,FAMILY_NAMESPACE,BRAND_CANONICAL,brand_canonical,CLEAN,lang_vi,authored,manual_brand_authored_v1
brandq1-00022-v02,Bách Hóa XANH siêu thị,siêu thị Bách Hóa XANH,brand:bach_hoa_xanh,"[""supermarket""]",BRAND,brand:bach_hoa_xanh:supermarket,FAMILY_NAMESPACE,BRAND_NAMESPACE,brand_namespace_form,CLEAN,lang_vi,authored,manual_brand_authored_v1
brandq1-00022-v03,sieu thi Bach Hoa XANH,siêu thị Bách Hóa XANH,brand:bach_hoa_xanh,"[""supermarket""]",BRAND,brand:bach_hoa_xanh:supermarket,FAMILY_NAMESPACE,BRAND_ORTHOGRAPHIC_IME,brand_orthographic_ime,SINGLE,lang_vi,authored,manual_brand_authored_v1
brandq1-00022-v04,siêu thị Bách Hóa XANJ,siêu thị Bách Hóa XANH,brand:bach_hoa_xanh,"[""supermarket""]",BRAND,brand:bach_hoa_xanh:supermarket,FAMILY_NAMESPACE,BRAND_MECHANICAL_TYPO,brand_mechanical_typo,SINGLE,lang_vi,authored,manual_brand_authored_v1
brandq1-00023-v01,Banana Republic,Banana Republic,brand:banana_republic,"[""retail""]",BRAND,brand:banana_republic:retail,FAMILY_NAMESPACE,BRAND_CANONICAL,brand_canonical,CLEAN,lang_en,authored,manual_brand_authored_v1
brandq1-00023-v02,cửa hàng Banana Republic,Banana Republic,brand:banana_republic,"[""retail""]",BRAND,brand:banana_republic:retail,FAMILY_NAMESPACE,BRAND_NAMESPACE,brand_namespace_form,CLEAN,lang_mixed,authored,manual_brand_authored_v1
brandq1-00023-v03,BananaRepublic,Banana Republic,brand:banana_republic,"[""retail""]",BRAND,brand:banana_republic:retail,FAMILY_NAMESPACE,BRAND_SPACE_VARIANT,brand_space_variant,SINGLE,lang_en,authored,manual_brand_authored_v1
brandq1-00023-v04,Banana Repubic,Banana Republic,brand:banana_republic,"[""retail""]",BRAND,brand:banana_republic:retail,FAMILY_NAMESPACE,BRAND_MECHANICAL_TYPO,brand_mechanical_typo,SINGLE,lang_en,authored,manual_brand_authored_v1
brandq1-00024-v01,BAOVIET Bank,BAOVIET Bank,brand:baoviet_bank,"[""bank""]",BRAND,brand:baoviet_bank:bank,FAMILY_NAMESPACE,BRAND_CANONICAL,brand_canonical,CLEAN,lang_en,authored,manual_brand_authored_v1
brandq1-00024-v02,ngân hàng BAOVIET Bank,BAOVIET Bank,brand:baoviet_bank,"[""bank""]",BRAND,brand:baoviet_bank:bank,FAMILY_NAMESPACE,BRAND_NAMESPACE,brand_namespace_form,CLEAN,lang_mixed,authored,manual_brand_authored_v1
brandq1-00024-v03,BAOVIET Bnak,BAOVIET Bank,brand:baoviet_bank,"[""bank""]",BRAND,brand:baoviet_bank:bank,FAMILY_NAMESPACE,BRAND_MECHANICAL_TYPO,brand_mechanical_typo,SINGLE,lang_en,authored,manual_brand_authored_v1
brandq1-00024-v04,BAOVIETBank,BAOVIET Bank,brand:baoviet_bank,"[""bank""]",BRAND,brand:baoviet_bank:bank,FAMILY_NAMESPACE,BRAND_SPACE_VARIANT,brand_space_variant,SINGLE,lang_en,authored,manual_brand_authored_v1
brandq1-00025-v01,Bata,Bata,brand:bata,"[""retail""]",BRAND,brand:bata:retail,FAMILY_NAMESPACE,BRAND_CANONICAL,brand_canonical,CLEAN,lang_en,authored,manual_brand_authored_v1
brandq1-00025-v02,cửa hàng Bata,Bata,brand:bata,"[""retail""]",BRAND,brand:bata:retail,FAMILY_NAMESPACE,BRAND_NAMESPACE,brand_namespace_form,CLEAN,lang_mixed,authored,manual_brand_authored_v1
brandq1-00025-v03,Btaa,Bata,brand:bata,"[""retail""]",BRAND,brand:bata:retail,FAMILY_NAMESPACE,BRAND_MECHANICAL_TYPO,brand_mechanical_typo,SINGLE,lang_en,authored,manual_brand_authored_v1
brandq1-00026-v01,bb.q Chicken,bb.q Chicken,brand:bb_q_chicken,"[""restaurant""]",BRAND,brand:bb_q_chicken:restaurant,FAMILY_NAMESPACE,BRAND_CANONICAL,brand_canonical,CLEAN,lang_en,authored,manual_brand_authored_v1
brandq1-00026-v02,nhà hàng bb.q Chicken,bb.q Chicken,brand:bb_q_chicken,"[""restaurant""]",BRAND,brand:bb_q_chicken:restaurant,FAMILY_NAMESPACE,BRAND_NAMESPACE,brand_namespace_form,CLEAN,lang_mixed,authored,manual_brand_authored_v1
brandq1-00026-v03,bb q Chicken,bb.q Chicken,brand:bb_q_chicken,"[""restaurant""]",BRAND,brand:bb_q_chicken:restaurant,FAMILY_NAMESPACE,BRAND_CASE_PUNCT,brand_case_punct,SINGLE,lang_en,authored,manual_brand_authored_v1
brandq1-00026-v04,bb.q Chikcen,bb.q Chicken,brand:bb_q_chicken,"[""restaurant""]",BRAND,brand:bb_q_chicken:restaurant,FAMILY_NAMESPACE,BRAND_MECHANICAL_TYPO,brand_mechanical_typo,SINGLE,lang_en,authored,manual_brand_authored_v1
brandq1-00027-v01,Bell1,Bell1,brand:bell1,"[""retail""]",BRAND,brand:bell1:retail,FAMILY_NAMESPACE,BRAND_CANONICAL,brand_canonical,CLEAN,lang_en,authored,manual_brand_authored_v1
brandq1-00027-v02,cửa hàng Bell1,Bell1,brand:bell1,"[""retail""]",BRAND,brand:bell1:retail,FAMILY_NAMESPACE,BRAND_NAMESPACE,brand_namespace_form,CLEAN,lang_mixed,authored,manual_brand_authored_v1
brandq1-00027-v03,Bel1,Bell1,brand:bell1,"[""retail""]",BRAND,brand:bell1:retail,FAMILY_NAMESPACE,BRAND_MECHANICAL_TYPO,brand_mechanical_typo,SINGLE,lang_en,authored,manual_brand_authored_v1
brandq1-00028-v01,Bia Hơi Hà Nội,Bia Hơi Hà Nội,brand:bia_hoi_ha_noi,"[""restaurant""]",BRAND,brand:bia_hoi_ha_noi:restaurant,FAMILY_NAMESPACE,BRAND_CANONICAL,brand_canonical,CLEAN,lang_vi,authored,manual_brand_authored_v1
brandq1-00028-v02,nhà hàng Bia Hơi Hà Nội,Bia Hơi Hà Nội,brand:bia_hoi_ha_noi,"[""restaurant""]",BRAND,brand:bia_hoi_ha_noi:restaurant,FAMILY_NAMESPACE,BRAND_NAMESPACE,brand_namespace_form,CLEAN,lang_vi,authored,manual_brand_authored_v1
brandq1-00028-v03,Bia Hoi Ha Noi,Bia Hơi Hà Nội,brand:bia_hoi_ha_noi,"[""restaurant""]",BRAND,brand:bia_hoi_ha_noi:restaurant,FAMILY_NAMESPACE,BRAND_ORTHOGRAPHIC_IME,brand_orthographic_ime,SINGLE,lang_vi,authored,manual_brand_authored_v1
brandq1-00028-v04,Bia Hơi Hả Nội,Bia Hơi Hà Nội,brand:bia_hoi_ha_noi,"[""restaurant""]",BRAND,brand:bia_hoi_ha_noi:restaurant,FAMILY_NAMESPACE,BRAND_PHONETIC,brand_phonetic,SINGLE,lang_vi,authored,manual_brand_authored_v1
brandq1-00029-v01,BIDV ATM,BIDV ATM,brand:bidv,"[""atm""]",BRAND,brand:bidv:atm,FAMILY_NAMESPACE,BRAND_CANONICAL,brand_canonical,CLEAN,lang_en,authored,manual_brand_authored_v1
brandq1-00029-v02,ATM ngân hàng BIDV,BIDV ATM,brand:bidv,"[""atm""]",BRAND,brand:bidv:atm,FAMILY_NAMESPACE,BRAND_NAMESPACE,brand_namespace_form,CLEAN,lang_mixed,authored,manual_brand_authored_v1
brandq1-00030-v01,ngân hàng BIDV,ngân hàng BIDV,brand:bidv,"[""bank""]",BRAND,brand:bidv:bank,FAMILY_NAMESPACE,BRAND_CANONICAL,brand_canonical,CLEAN,lang_mixed,authored,manual_brand_authored_v1
brandq1-00030-v02,BIDV ngân hàng,ngân hàng BIDV,brand:bidv,"[""bank""]",BRAND,brand:bidv:bank,FAMILY_NAMESPACE,BRAND_NAMESPACE,brand_namespace_form,CLEAN,lang_mixed,authored,manual_brand_authored_v1
brandq1-00030-v03,ngan hang BIDV,ngân hàng BIDV,brand:bidv,"[""bank""]",BRAND,brand:bidv:bank,FAMILY_NAMESPACE,BRAND_ORTHOGRAPHIC_IME,brand_orthographic_ime,SINGLE,lang_mixed,authored,manual_brand_authored_v1
brandq1-00031-v01,Big C,Big C,brand:big_c,"[""supermarket""]",BRAND,brand:big_c:supermarket,FAMILY_NAMESPACE,BRAND_CANONICAL,brand_canonical,CLEAN,lang_en,authored,manual_brand_authored_v1
brandq1-00031-v02,siêu thị Big C,Big C,brand:big_c,"[""supermarket""]",BRAND,brand:big_c:supermarket,FAMILY_NAMESPACE,BRAND_NAMESPACE,brand_namespace_form,CLEAN,lang_mixed,authored,manual_brand_authored_v1
brandq1-00031-v03,BigC,Big C,brand:big_c,"[""supermarket""]",BRAND,brand:big_c:supermarket,FAMILY_NAMESPACE,BRAND_SPACE_VARIANT,brand_space_variant,SINGLE,lang_en,authored,manual_brand_authored_v1
brandq1-00031-v04,Bgi C,Big C,brand:big_c,"[""supermarket""]",BRAND,brand:big_c:supermarket,FAMILY_NAMESPACE,BRAND_MECHANICAL_TYPO,brand_mechanical_typo,SINGLE,lang_en,authored,manual_brand_authored_v1
brandq1-00032-v01,Bikini Bottom Express,Bikini Bottom Express,brand:bikini_bottom_express,"[""restaurant""]",BRAND,brand:bikini_bottom_express:restaurant,FAMILY_NAMESPACE,BRAND_CANONICAL,brand_canonical,CLEAN,lang_en,authored,manual_brand_authored_v1
brandq1-00032-v02,nhà hàng Bikini Bottom Express,Bikini Bottom Express,brand:bikini_bottom_express,"[""restaurant""]",BRAND,brand:bikini_bottom_express:restaurant,FAMILY_NAMESPACE,BRAND_NAMESPACE,brand_namespace_form,CLEAN,lang_mixed,authored,manual_brand_authored_v1
brandq1-00032-v03,Bikini Bototm Express,Bikini Bottom Express,brand:bikini_bottom_express,"[""restaurant""]",BRAND,brand:bikini_bottom_express:restaurant,FAMILY_NAMESPACE,BRAND_MECHANICAL_TYPO,brand_mechanical_typo,SINGLE,lang_en,authored,manual_brand_authored_v1
brandq1-00033-v01,BitcoinVN,BitcoinVN,brand:bitcoinvn,"[""atm""]",BRAND,brand:bitcoinvn:atm,FAMILY_NAMESPACE,BRAND_CANONICAL,brand_canonical,CLEAN,lang_en,authored,manual_brand_authored_v1
brandq1-00033-v02,BitcoinVN ATM,BitcoinVN,brand:bitcoinvn,"[""atm""]",BRAND,brand:bitcoinvn:atm,FAMILY_NAMESPACE,BRAND_NAMESPACE,brand_namespace_form,CLEAN,lang_en,authored,manual_brand_authored_v1
brandq1-00033-v03,BitocinVN,BitcoinVN,brand:bitcoinvn,"[""atm""]",BRAND,brand:bitcoinvn:atm,FAMILY_NAMESPACE,BRAND_MECHANICAL_TYPO,brand_mechanical_typo,SINGLE,lang_en,authored,manual_brand_authored_v1
brandq1-00034-v01,BMW,BMW,brand:bmw,"[""retail""]",BRAND,brand:bmw:retail,FAMILY_NAMESPACE,BRAND_CANONICAL,brand_canonical,CLEAN,lang_en,authored,manual_brand_authored_v1
brandq1-00034-v02,cửa hàng BMW,BMW,brand:bmw,"[""retail""]",BRAND,brand:bmw:retail,FAMILY_NAMESPACE,BRAND_NAMESPACE,brand_namespace_form,CLEAN,lang_mixed,authored,manual_brand_authored_v1
brandq1-00035-v01,Boost Juice,Boost Juice,brand:boost_juice,"[""cafe""]",BRAND,brand:boost_juice:cafe,FAMILY_NAMESPACE,BRAND_CANONICAL,brand_canonical,CLEAN,lang_en,authored,manual_brand_authored_v1
brandq1-00035-v02,cà phê Boost Juice,Boost Juice,brand:boost_juice,"[""cafe""]",BRAND,brand:boost_juice:cafe,FAMILY_NAMESPACE,BRAND_NAMESPACE,brand_namespace_form,CLEAN,lang_mixed,authored,manual_brand_authored_v1
brandq1-00035-v03,Bosot Juice,Boost Juice,brand:boost_juice,"[""cafe""]",BRAND,brand:boost_juice:cafe,FAMILY_NAMESPACE,BRAND_MECHANICAL_TYPO,brand_mechanical_typo,SINGLE,lang_en,authored,manual_brand_authored_v1
brandq1-00036-v01,BreadTalk,BreadTalk,brand:breadtalk,"[""retail""]",BRAND,brand:breadtalk:retail,FAMILY_NAMESPACE,BRAND_CANONICAL,brand_canonical,CLEAN,lang_en,authored,manual_brand_authored_v1
brandq1-00036-v02,cửa hàng BreadTalk,BreadTalk,brand:breadtalk,"[""retail""]",BRAND,brand:breadtalk:retail,FAMILY_NAMESPACE,BRAND_NAMESPACE,brand_namespace_form,CLEAN,lang_mixed,authored,manual_brand_authored_v1
brandq1-00036-v03,Bread Talk,BreadTalk,brand:breadtalk,"[""retail""]",BRAND,brand:breadtalk:retail,FAMILY_NAMESPACE,BRAND_SPACE_VARIANT,brand_space_variant,SINGLE,lang_en,authored,manual_brand_authored_v1
brandq1-00036-v04,BraedTalk,BreadTalk,brand:breadtalk,"[""retail""]",BRAND,brand:breadtalk:retail,FAMILY_NAMESPACE,BRAND_MECHANICAL_TYPO,brand_mechanical_typo,SINGLE,lang_en,authored,manual_brand_authored_v1
brandq1-00037-v01,Buffalo Wild Wings,Buffalo Wild Wings,brand:buffalo_wild_wings,"[""restaurant""]",BRAND,brand:buffalo_wild_wings:restaurant,FAMILY_NAMESPACE,BRAND_CANONICAL,brand_canonical,CLEAN,lang_en,authored,manual_brand_authored_v1
brandq1-00037-v02,nhà hàng Buffalo Wild Wings,Buffalo Wild Wings,brand:buffalo_wild_wings,"[""restaurant""]",BRAND,brand:buffalo_wild_wings:restaurant,FAMILY_NAMESPACE,BRAND_NAMESPACE,brand_namespace_form,CLEAN,lang_mixed,authored,manual_brand_authored_v1
brandq1-00037-v03,Buffalo Wid Wings,Buffalo Wild Wings,brand:buffalo_wild_wings,"[""restaurant""]",BRAND,brand:buffalo_wild_wings:restaurant,FAMILY_NAMESPACE,BRAND_MECHANICAL_TYPO,brand_mechanical_typo,SINGLE,lang_en,authored,manual_brand_authored_v1
brandq1-00038-v01,Burger King,Burger King,brand:burger_king,"[""restaurant""]",BRAND,brand:burger_king:restaurant,FAMILY_NAMESPACE,BRAND_CANONICAL,brand_canonical,CLEAN,lang_en,authored,manual_brand_authored_v1
brandq1-00038-v02,nhà hàng Burger King,Burger King,brand:burger_king,"[""restaurant""]",BRAND,brand:burger_king:restaurant,FAMILY_NAMESPACE,BRAND_NAMESPACE,brand_namespace_form,CLEAN,lang_mixed,authored,manual_brand_authored_v1
brandq1-00038-v03,Bugrer King,Burger King,brand:burger_king,"[""restaurant""]",BRAND,brand:burger_king:restaurant,FAMILY_NAMESPACE,BRAND_MECHANICAL_TYPO,brand_mechanical_typo,SINGLE,lang_en,authored,manual_brand_authored_v1
brandq1-00039-v01,cây xăng Caltex,cây xăng Caltex,brand:caltex,"[""fuel""]",BRAND,brand:caltex:fuel,FAMILY_NAMESPACE,BRAND_CANONICAL,brand_canonical,CLEAN,lang_mixed,authored,manual_brand_authored_v1
brandq1-00039-v02,Caltex cây xăng,cây xăng Caltex,brand:caltex,"[""fuel""]",BRAND,brand:caltex:fuel,FAMILY_NAMESPACE,BRAND_NAMESPACE,brand_namespace_form,CLEAN,lang_mixed,authored,manual_brand_authored_v1
brandq1-00039-v03,cay xang Caltex,cây xăng Caltex,brand:caltex,"[""fuel""]",BRAND,brand:caltex:fuel,FAMILY_NAMESPACE,BRAND_ORTHOGRAPHIC_IME,brand_orthographic_ime,SINGLE,lang_mixed,authored,manual_brand_authored_v1
brandq1-00039-v04,cây xăng Catlex,cây xăng Caltex,brand:caltex,"[""fuel""]",BRAND,brand:caltex:fuel,FAMILY_NAMESPACE,BRAND_MECHANICAL_TYPO,brand_mechanical_typo,SINGLE,lang_mixed,authored,manual_brand_authored_v1
brandq1-00040-v01,cửa hàng Caltex,cửa hàng Caltex,brand:caltex,"[""retail""]",BRAND,brand:caltex:retail,FAMILY_NAMESPACE,BRAND_CANONICAL,brand_canonical,CLEAN,lang_mixed,authored,manual_brand_authored_v1
brandq1-00040-v02,Caltex cửa hàng,cửa hàng Caltex,brand:caltex,"[""retail""]",BRAND,brand:caltex:retail,FAMILY_NAMESPACE,BRAND_NAMESPACE,brand_namespace_form,CLEAN,lang_mixed,authored,manual_brand_authored_v1
brandq1-00040-v03,cua hang Caltex,cửa hàng Caltex,brand:caltex,"[""retail""]",BRAND,brand:caltex:retail,FAMILY_NAMESPACE,BRAND_ORTHOGRAPHIC_IME,brand_orthographic_ime,SINGLE,lang_mixed,authored,manual_brand_authored_v1
brandq1-00040-v04,cửa hàng Caletx,cửa hàng Caltex,brand:caltex,"[""retail""]",BRAND,brand:caltex:retail,FAMILY_NAMESPACE,BRAND_MECHANICAL_TYPO,brand_mechanical_typo,SINGLE,lang_mixed,authored,manual_brand_authored_v1
brandq1-00041-v01,Calvin Klein,Calvin Klein,brand:calvin_klein,"[""retail""]",BRAND,brand:calvin_klein:retail,FAMILY_NAMESPACE,BRAND_CANONICAL,brand_canonical,CLEAN,lang_en,authored,manual_brand_authored_v1
brandq1-00041-v02,cửa hàng Calvin Klein,Calvin Klein,brand:calvin_klein,"[""retail""]",BRAND,brand:calvin_klein:retail,FAMILY_NAMESPACE,BRAND_NAMESPACE,brand_namespace_form,CLEAN,lang_mixed,authored,manual_brand_authored_v1
brandq1-00041-v03,Calvin Kelin,Calvin Klein,brand:calvin_klein,"[""retail""]",BRAND,brand:calvin_klein:retail,FAMILY_NAMESPACE,BRAND_MECHANICAL_TYPO,brand_mechanical_typo,SINGLE,lang_en,authored,manual_brand_authored_v1
brandq1-00043-v01,Canifa,Canifa,brand:canifa,"[""retail""]",BRAND,brand:canifa:retail,FAMILY_NAMESPACE,BRAND_CANONICAL,brand_canonical,CLEAN,lang_en,authored,manual_brand_authored_v1
brandq1-00043-v02,cửa hàng Canifa,Canifa,brand:canifa,"[""retail""]",BRAND,brand:canifa:retail,FAMILY_NAMESPACE,BRAND_NAMESPACE,brand_namespace_form,CLEAN,lang_mixed,authored,manual_brand_authored_v1
brandq1-00043-v03,Canfia,Canifa,brand:canifa,"[""retail""]",BRAND,brand:canifa:retail,FAMILY_NAMESPACE,BRAND_MECHANICAL_TYPO,brand_mechanical_typo,SINGLE,lang_en,authored,manual_brand_authored_v1
brandq1-00044-v01,Carl's Jr.,Carl's Jr.,brand:carl_s_jr,"[""restaurant""]",BRAND,brand:carl_s_jr:restaurant,FAMILY_NAMESPACE,BRAND_CANONICAL,brand_canonical,CLEAN,lang_en,authored,manual_brand_authored_v1
brandq1-00044-v02,nhà hàng Carl's Jr.,Carl's Jr.,brand:carl_s_jr,"[""restaurant""]",BRAND,brand:carl_s_jr:restaurant,FAMILY_NAMESPACE,BRAND_NAMESPACE,brand_namespace_form,CLEAN,lang_mixed,authored,manual_brand_authored_v1
brandq1-00044-v03,Carls Jr,Carl's Jr.,brand:carl_s_jr,"[""restaurant""]",BRAND,brand:carl_s_jr:restaurant,FAMILY_NAMESPACE,BRAND_CASE_PUNCT,brand_case_punct,SINGLE,lang_en,authored,manual_brand_authored_v1
brandq1-00044-v04,Calr's Jr.,Carl's Jr.,brand:carl_s_jr,"[""restaurant""]",BRAND,brand:carl_s_jr:restaurant,FAMILY_NAMESPACE,BRAND_MECHANICAL_TYPO,brand_mechanical_typo,SINGLE,lang_en,authored,manual_brand_authored_v1
brandq1-00045-v01,Castrol,Castrol,brand:castrol,"[""fuel""]",BRAND,brand:castrol:fuel,FAMILY_NAMESPACE,BRAND_CANONICAL,brand_canonical,CLEAN,lang_en,authored,manual_brand_authored_v1
brandq1-00045-v02,cây xăng Castrol,Castrol,brand:castrol,"[""fuel""]",BRAND,brand:castrol:fuel,FAMILY_NAMESPACE,BRAND_NAMESPACE,brand_namespace_form,CLEAN,lang_mixed,authored,manual_brand_authored_v1
brandq1-00045-v03,Catsrol,Castrol,brand:castrol,"[""fuel""]",BRAND,brand:castrol:fuel,FAMILY_NAMESPACE,BRAND_MECHANICAL_TYPO,brand_mechanical_typo,SINGLE,lang_en,authored,manual_brand_authored_v1
brandq1-00046-v01,CellphoneS,CellphoneS,brand:cellphones,"[""retail""]",BRAND,brand:cellphones:retail,FAMILY_NAMESPACE,BRAND_CANONICAL,brand_canonical,CLEAN,lang_en,authored,manual_brand_authored_v1
brandq1-00046-v02,cửa hàng CellphoneS,CellphoneS,brand:cellphones,"[""retail""]",BRAND,brand:cellphones:retail,FAMILY_NAMESPACE,BRAND_NAMESPACE,brand_namespace_form,CLEAN,lang_mixed,authored,manual_brand_authored_v1
brandq1-00046-v03,Cellphone S,CellphoneS,brand:cellphones,"[""retail""]",BRAND,brand:cellphones:retail,FAMILY_NAMESPACE,BRAND_SPACE_VARIANT,brand_space_variant,SINGLE,lang_en,authored,manual_brand_authored_v1
brandq1-00046-v04,CellphnoeS,CellphoneS,brand:cellphones,"[""retail""]",BRAND,brand:cellphones:retail,FAMILY_NAMESPACE,BRAND_MECHANICAL_TYPO,brand_mechanical_typo,SINGLE,lang_en,authored,manual_brand_authored_v1
brandq1-00047-v01,Chanel,Chanel,brand:chanel,"[""retail""]",BRAND,brand:chanel:retail,FAMILY_NAMESPACE,BRAND_CANONICAL,brand_canonical,CLEAN,lang_en,authored,manual_brand_authored_v1
brandq1-00047-v02,cửa hàng Chanel,Chanel,brand:chanel,"[""retail""]",BRAND,brand:chanel:retail,FAMILY_NAMESPACE,BRAND_NAMESPACE,brand_namespace_form,CLEAN,lang_mixed,authored,manual_brand_authored_v1
brandq1-00047-v03,Chnael,Chanel,brand:chanel,"[""retail""]",BRAND,brand:chanel:retail,FAMILY_NAMESPACE,BRAND_MECHANICAL_TYPO,brand_mechanical_typo,SINGLE,lang_en,authored,manual_brand_authored_v1
brandq1-00048-v01,Chevrolet,Chevrolet,brand:chevrolet,"[""retail""]",BRAND,brand:chevrolet:retail,FAMILY_NAMESPACE,BRAND_CANONICAL,brand_canonical,CLEAN,lang_en,authored,manual_brand_authored_v1
brandq1-00048-v02,cửa hàng Chevrolet,Chevrolet,brand:chevrolet,"[""retail""]",BRAND,brand:chevrolet:retail,FAMILY_NAMESPACE,BRAND_NAMESPACE,brand_namespace_form,CLEAN,lang_mixed,authored,manual_brand_authored_v1
brandq1-00048-v03,Chevorlet,Chevrolet,brand:chevrolet,"[""retail""]",BRAND,brand:chevrolet:retail,FAMILY_NAMESPACE,BRAND_MECHANICAL_TYPO,brand_mechanical_typo,SINGLE,lang_en,authored,manual_brand_authored_v1
brandq1-00049-v01,cửa hàng tiện lợi Circle K,cửa hàng tiện lợi Circle K,brand:circle_k,"[""convenience_store""]",BRAND,brand:circle_k:convenience_store,FAMILY_NAMESPACE,BRAND_CANONICAL,brand_canonical,CLEAN,lang_mixed,authored,manual_brand_authored_v1
brandq1-00049-v02,Circle K cửa hàng tiện lợi,cửa hàng tiện lợi Circle K,brand:circle_k,"[""convenience_store""]",BRAND,brand:circle_k:convenience_store,FAMILY_NAMESPACE,BRAND_NAMESPACE,brand_namespace_form,CLEAN,lang_mixed,authored,manual_brand_authored_v1
brandq1-00049-v03,cua hang tien loi Circle K,cửa hàng tiện lợi Circle K,brand:circle_k,"[""convenience_store""]",BRAND,brand:circle_k:convenience_store,FAMILY_NAMESPACE,BRAND_ORTHOGRAPHIC_IME,brand_orthographic_ime,SINGLE,lang_mixed,authored,manual_brand_authored_v1
brandq1-00049-v04,cửa hàng tiện lợi Cirlce K,cửa hàng tiện lợi Circle K,brand:circle_k,"[""convenience_store""]",BRAND,brand:circle_k:convenience_store,FAMILY_NAMESPACE,BRAND_MECHANICAL_TYPO,brand_mechanical_typo,SINGLE,lang_mixed,authored,manual_brand_authored_v1
brandq1-00050-v01,siêu thị Circle K,siêu thị Circle K,brand:circle_k,"[""supermarket""]",BRAND,brand:circle_k:supermarket,FAMILY_NAMESPACE,BRAND_CANONICAL,brand_canonical,CLEAN,lang_mixed,authored,manual_brand_authored_v1
brandq1-00050-v02,Circle K siêu thị,siêu thị Circle K,brand:circle_k,"[""supermarket""]",BRAND,brand:circle_k:supermarket,FAMILY_NAMESPACE,BRAND_NAMESPACE,brand_namespace_form,CLEAN,lang_mixed,authored,manual_brand_authored_v1
brandq1-00050-v03,sieu thi Circle K,siêu thị Circle K,brand:circle_k,"[""supermarket""]",BRAND,brand:circle_k:supermarket,FAMILY_NAMESPACE,BRAND_ORTHOGRAPHIC_IME,brand_orthographic_ime,SINGLE,lang_mixed,authored,manual_brand_authored_v1
brandq1-00050-v04,siêu thị Circel K,siêu thị Circle K,brand:circle_k,"[""supermarket""]",BRAND,brand:circle_k:supermarket,FAMILY_NAMESPACE,BRAND_MECHANICAL_TYPO,brand_mechanical_typo,SINGLE,lang_mixed,authored,manual_brand_authored_v1
brandq1-00051-v01,Citi Fruit,Citi Fruit,brand:citi_fruit,"[""retail""]",BRAND,brand:citi_fruit:retail,FAMILY_NAMESPACE,BRAND_CANONICAL,brand_canonical,CLEAN,lang_en,authored,manual_brand_authored_v1
brandq1-00051-v02,cửa hàng Citi Fruit,Citi Fruit,brand:citi_fruit,"[""retail""]",BRAND,brand:citi_fruit:retail,FAMILY_NAMESPACE,BRAND_NAMESPACE,brand_namespace_form,CLEAN,lang_mixed,authored,manual_brand_authored_v1
brandq1-00051-v03,Citi Fuit,Citi Fruit,brand:citi_fruit,"[""retail""]",BRAND,brand:citi_fruit:retail,FAMILY_NAMESPACE,BRAND_MECHANICAL_TYPO,brand_mechanical_typo,SINGLE,lang_en,authored,manual_brand_authored_v1
brandq1-00052-v01,Citibank,Citibank,brand:citibank,"[""atm""]",BRAND,brand:citibank:atm,FAMILY_NAMESPACE,BRAND_CANONICAL,brand_canonical,CLEAN,lang_en,authored,manual_brand_authored_v1
brandq1-00052-v02,Citibank ATM,Citibank,brand:citibank,"[""atm""]",BRAND,brand:citibank:atm,FAMILY_NAMESPACE,BRAND_NAMESPACE,brand_namespace_form,CLEAN,lang_en,authored,manual_brand_authored_v1
brandq1-00052-v03,Citibakn,Citibank,brand:citibank,"[""atm""]",BRAND,brand:citibank:atm,FAMILY_NAMESPACE,BRAND_MECHANICAL_TYPO,brand_mechanical_typo,SINGLE,lang_en,authored,manual_brand_authored_v1
brandq1-00053-v01,cửa hàng tiện lợi Co.op Food,cửa hàng tiện lợi Co.op Food,brand:co_op_food,"[""convenience_store""]",BRAND,brand:co_op_food:convenience_store,FAMILY_NAMESPACE,BRAND_CANONICAL,brand_canonical,CLEAN,lang_mixed,authored,manual_brand_authored_v1
brandq1-00053-v02,Co.op Food cửa hàng tiện lợi,cửa hàng tiện lợi Co.op Food,brand:co_op_food,"[""convenience_store""]",BRAND,brand:co_op_food:convenience_store,FAMILY_NAMESPACE,BRAND_NAMESPACE,brand_namespace_form,CLEAN,lang_mixed,authored,manual_brand_authored_v1
brandq1-00053-v03,cửa hàng tiện lợi Coop Food,cửa hàng tiện lợi Co.op Food,brand:co_op_food,"[""convenience_store""]",BRAND,brand:co_op_food:convenience_store,FAMILY_NAMESPACE,BRAND_CASE_PUNCT,brand_case_punct,SINGLE,lang_mixed,authored,manual_brand_authored_v1
brandq1-00053-v04,cửa hàng tiện lợi Co.op Fodo,cửa hàng tiện lợi Co.op Food,brand:co_op_food,"[""convenience_store""]",BRAND,brand:co_op_food:convenience_store,FAMILY_NAMESPACE,BRAND_MECHANICAL_TYPO,brand_mechanical_typo,SINGLE,lang_mixed,authored,manual_brand_authored_v1
brandq1-00054-v01,cửa hàng Co.op Food,cửa hàng Co.op Food,brand:co_op_food,"[""retail""]",BRAND,brand:co_op_food:retail,FAMILY_NAMESPACE,BRAND_CANONICAL,brand_canonical,CLEAN,lang_mixed,authored,manual_brand_authored_v1
brandq1-00054-v02,Co.op Food cửa hàng,cửa hàng Co.op Food,brand:co_op_food,"[""retail""]",BRAND,brand:co_op_food:retail,FAMILY_NAMESPACE,BRAND_NAMESPACE,brand_namespace_form,CLEAN,lang_mixed,authored,manual_brand_authored_v1
brandq1-00054-v03,cửa hàng Coop Food,cửa hàng Co.op Food,brand:co_op_food,"[""retail""]",BRAND,brand:co_op_food:retail,FAMILY_NAMESPACE,BRAND_CASE_PUNCT,brand_case_punct,SINGLE,lang_mixed,authored,manual_brand_authored_v1
brandq1-00054-v04,cửa hàng Co.op Fiod,cửa hàng Co.op Food,brand:co_op_food,"[""retail""]",BRAND,brand:co_op_food:retail,FAMILY_NAMESPACE,BRAND_MECHANICAL_TYPO,brand_mechanical_typo,SINGLE,lang_mixed,authored,manual_brand_authored_v1
brandq1-00055-v01,siêu thị Co.op Food,siêu thị Co.op Food,brand:co_op_food,"[""supermarket""]",BRAND,brand:co_op_food:supermarket,FAMILY_NAMESPACE,BRAND_CANONICAL,brand_canonical,CLEAN,lang_mixed,authored,manual_brand_authored_v1
brandq1-00055-v02,Co.op Food siêu thị,siêu thị Co.op Food,brand:co_op_food,"[""supermarket""]",BRAND,brand:co_op_food:supermarket,FAMILY_NAMESPACE,BRAND_NAMESPACE,brand_namespace_form,CLEAN,lang_mixed,authored,manual_brand_authored_v1
brandq1-00055-v03,sieu thi Co.op Food,siêu thị Co.op Food,brand:co_op_food,"[""supermarket""]",BRAND,brand:co_op_food:supermarket,FAMILY_NAMESPACE,BRAND_ORTHOGRAPHIC_IME,brand_orthographic_ime,SINGLE,lang_mixed,authored,manual_brand_authored_v1
brandq1-00055-v04,siêu thị Co.op Fod,siêu thị Co.op Food,brand:co_op_food,"[""supermarket""]",BRAND,brand:co_op_food:supermarket,FAMILY_NAMESPACE,BRAND_MECHANICAL_TYPO,brand_mechanical_typo,SINGLE,lang_mixed,authored,manual_brand_authored_v1
brandq1-00056-v01,CoCo,CoCo,brand:coco,"[""cafe""]",BRAND,brand:coco:cafe,FAMILY_NAMESPACE,BRAND_CANONICAL,brand_canonical,CLEAN,lang_en,authored,manual_brand_authored_v1
brandq1-00056-v02,cà phê CoCo,CoCo,brand:coco,"[""cafe""]",BRAND,brand:coco:cafe,FAMILY_NAMESPACE,BRAND_NAMESPACE,brand_namespace_form,CLEAN,lang_mixed,authored,manual_brand_authored_v1
brandq1-00057-v01,Coco Island,Coco Island,brand:coco_island,"[""hotel""]",BRAND,brand:coco_island:hotel,FAMILY_NAMESPACE,BRAND_CANONICAL,brand_canonical,CLEAN,lang_en,authored,manual_brand_authored_v1
brandq1-00057-v02,khách sạn Coco Island,Coco Island,brand:coco_island,"[""hotel""]",BRAND,brand:coco_island:hotel,FAMILY_NAMESPACE,BRAND_NAMESPACE,brand_namespace_form,CLEAN,lang_mixed,authored,manual_brand_authored_v1
brandq1-00057-v03,Coco Islnad,Coco Island,brand:coco_island,"[""hotel""]",BRAND,brand:coco_island:hotel,FAMILY_NAMESPACE,BRAND_MECHANICAL_TYPO,brand_mechanical_typo,SINGLE,lang_en,authored,manual_brand_authored_v1
brandq1-00058-v01,Coffee Time,Coffee Time,brand:coffee_time,"[""cafe""]",BRAND,brand:coffee_time:cafe,FAMILY_NAMESPACE,BRAND_CANONICAL,brand_canonical,CLEAN,lang_en,authored,manual_brand_authored_v1
brandq1-00058-v02,cà phê Coffee Time,Coffee Time,brand:coffee_time,"[""cafe""]",BRAND,brand:coffee_time:cafe,FAMILY_NAMESPACE,BRAND_NAMESPACE,brand_namespace_form,CLEAN,lang_mixed,authored,manual_brand_authored_v1
brandq1-00058-v03,Cofefe Time,Coffee Time,brand:coffee_time,"[""cafe""]",BRAND,brand:coffee_time:cafe,FAMILY_NAMESPACE,BRAND_MECHANICAL_TYPO,brand_mechanical_typo,SINGLE,lang_en,authored,manual_brand_authored_v1
brandq1-00059-v01,Comeco,Comeco,brand:comeco,"[""fuel""]",BRAND,brand:comeco:fuel,FAMILY_NAMESPACE,BRAND_CANONICAL,brand_canonical,CLEAN,lang_en,authored,manual_brand_authored_v1
brandq1-00059-v02,cây xăng Comeco,Comeco,brand:comeco,"[""fuel""]",BRAND,brand:comeco:fuel,FAMILY_NAMESPACE,BRAND_NAMESPACE,brand_namespace_form,CLEAN,lang_mixed,authored,manual_brand_authored_v1
brandq1-00059-v03,Coemco,Comeco,brand:comeco,"[""fuel""]",BRAND,brand:comeco:fuel,FAMILY_NAMESPACE,BRAND_MECHANICAL_TYPO,brand_mechanical_typo,SINGLE,lang_en,authored,manual_brand_authored_v1
brandq1-00060-v01,Commonwealth Bank,Commonwealth Bank,brand:commonwealth_bank,"[""bank""]",BRAND,brand:commonwealth_bank:bank,FAMILY_NAMESPACE,BRAND_CANONICAL,brand_canonical,CLEAN,lang_en,authored,manual_brand_authored_v1
brandq1-00060-v02,ngân hàng Commonwealth Bank,Commonwealth Bank,brand:commonwealth_bank,"[""bank""]",BRAND,brand:commonwealth_bank:bank,FAMILY_NAMESPACE,BRAND_NAMESPACE,brand_namespace_form,CLEAN,lang_mixed,authored,manual_brand_authored_v1
brandq1-00060-v03,Commonwelath Bank,Commonwealth Bank,brand:commonwealth_bank,"[""bank""]",BRAND,brand:commonwealth_bank:bank,FAMILY_NAMESPACE,BRAND_MECHANICAL_TYPO,brand_mechanical_typo,SINGLE,lang_en,authored,manual_brand_authored_v1
brandq1-00061-v01,Cộng Cà Phê,Cộng Cà Phê,brand:cong_ca_phe,"[""cafe""]",BRAND,brand:cong_ca_phe:cafe,FAMILY_NAMESPACE,BRAND_CANONICAL,brand_canonical,CLEAN,lang_vi,authored,manual_brand_authored_v1
brandq1-00061-v02,cà phê Cộng Cà Phê,Cộng Cà Phê,brand:cong_ca_phe,"[""cafe""]",BRAND,brand:cong_ca_phe:cafe,FAMILY_NAMESPACE,BRAND_NAMESPACE,brand_namespace_form,CLEAN,lang_vi,authored,manual_brand_authored_v1
brandq1-00061-v03,Cong Ca Phe,Cộng Cà Phê,brand:cong_ca_phe,"[""cafe""]",BRAND,brand:cong_ca_phe:cafe,FAMILY_NAMESPACE,BRAND_ORTHOGRAPHIC_IME,brand_orthographic_ime,SINGLE,lang_vi,authored,manual_brand_authored_v1
brandq1-00061-v04,Cộgn Cà Phê,Cộng Cà Phê,brand:cong_ca_phe,"[""cafe""]",BRAND,brand:cong_ca_phe:cafe,FAMILY_NAMESPACE,BRAND_MECHANICAL_TYPO,brand_mechanical_typo,SINGLE,lang_vi,authored,manual_brand_authored_v1
brandq1-00062-v01,Converse,Converse,brand:converse,"[""retail""]",BRAND,brand:converse:retail,FAMILY_NAMESPACE,BRAND_CANONICAL,brand_canonical,CLEAN,lang_en,authored,manual_brand_authored_v1
brandq1-00062-v02,cửa hàng Converse,Converse,brand:converse,"[""retail""]",BRAND,brand:converse:retail,FAMILY_NAMESPACE,BRAND_NAMESPACE,brand_namespace_form,CLEAN,lang_mixed,authored,manual_brand_authored_v1
brandq1-00062-v03,Convrese,Converse,brand:converse,"[""retail""]",BRAND,brand:converse:retail,FAMILY_NAMESPACE,BRAND_MECHANICAL_TYPO,brand_mechanical_typo,SINGLE,lang_en,authored,manual_brand_authored_v1
brandq1-00063-v01,Crocs,Crocs,brand:crocs,"[""retail""]",BRAND,brand:crocs:retail,FAMILY_NAMESPACE,BRAND_CANONICAL,brand_canonical,CLEAN,lang_en,authored,manual_brand_authored_v1
brandq1-00063-v02,cửa hàng Crocs,Crocs,brand:crocs,"[""retail""]",BRAND,brand:crocs:retail,FAMILY_NAMESPACE,BRAND_NAMESPACE,brand_namespace_form,CLEAN,lang_mixed,authored,manual_brand_authored_v1
brandq1-00063-v03,Corcs,Crocs,brand:crocs,"[""retail""]",BRAND,brand:crocs:retail,FAMILY_NAMESPACE,BRAND_MECHANICAL_TYPO,brand_mechanical_typo,SINGLE,lang_en,authored,manual_brand_authored_v1
brandq1-00064-v01,Crowne Plaza,Crowne Plaza,brand:crowne_plaza,"[""hotel""]",BRAND,brand:crowne_plaza:hotel,FAMILY_NAMESPACE,BRAND_CANONICAL,brand_canonical,CLEAN,lang_en,authored,manual_brand_authored_v1
brandq1-00064-v02,khách sạn Crowne Plaza,Crowne Plaza,brand:crowne_plaza,"[""hotel""]",BRAND,brand:crowne_plaza:hotel,FAMILY_NAMESPACE,BRAND_NAMESPACE,brand_namespace_form,CLEAN,lang_mixed,authored,manual_brand_authored_v1
brandq1-00064-v03,Crowne Palza,Crowne Plaza,brand:crowne_plaza,"[""hotel""]",BRAND,brand:crowne_plaza:hotel,FAMILY_NAMESPACE,BRAND_MECHANICAL_TYPO,brand_mechanical_typo,SINGLE,lang_en,authored,manual_brand_authored_v1
brandq1-00065-v01,Dairy Queen,Dairy Queen,brand:dairy_queen,"[""restaurant""]",BRAND,brand:dairy_queen:restaurant,FAMILY_NAMESPACE,BRAND_CANONICAL,brand_canonical,CLEAN,lang_en,authored,manual_brand_authored_v1
brandq1-00065-v02,nhà hàng Dairy Queen,Dairy Queen,brand:dairy_queen,"[""restaurant""]",BRAND,brand:dairy_queen:restaurant,FAMILY_NAMESPACE,BRAND_NAMESPACE,brand_namespace_form,CLEAN,lang_mixed,authored,manual_brand_authored_v1
brandq1-00065-v03,Dairy Qeuen,Dairy Queen,brand:dairy_queen,"[""restaurant""]",BRAND,brand:dairy_queen:restaurant,FAMILY_NAMESPACE,BRAND_MECHANICAL_TYPO,brand_mechanical_typo,SINGLE,lang_en,authored,manual_brand_authored_v1
brandq1-00066-v01,DDS Petro,DDS Petro,brand:dds_petro,"[""fuel""]",BRAND,brand:dds_petro:fuel,FAMILY_NAMESPACE,BRAND_CANONICAL,brand_canonical,CLEAN,lang_en,authored,manual_brand_authored_v1
brandq1-00066-v02,cây xăng DDS Petro,DDS Petro,brand:dds_petro,"[""fuel""]",BRAND,brand:dds_petro:fuel,FAMILY_NAMESPACE,BRAND_NAMESPACE,brand_namespace_form,CLEAN,lang_mixed,authored,manual_brand_authored_v1
brandq1-00066-v03,DDS Perto,DDS Petro,brand:dds_petro,"[""fuel""]",BRAND,brand:dds_petro:fuel,FAMILY_NAMESPACE,BRAND_MECHANICAL_TYPO,brand_mechanical_typo,SINGLE,lang_en,authored,manual_brand_authored_v1
brandq1-00067-v01,Decathlon,Decathlon,brand:decathlon,"[""retail""]",BRAND,brand:decathlon:retail,FAMILY_NAMESPACE,BRAND_CANONICAL,brand_canonical,CLEAN,lang_en,authored,manual_brand_authored_v1
brandq1-00067-v02,cửa hàng Decathlon,Decathlon,brand:decathlon,"[""retail""]",BRAND,brand:decathlon:retail,FAMILY_NAMESPACE,BRAND_NAMESPACE,brand_namespace_form,CLEAN,lang_mixed,authored,manual_brand_authored_v1
brandq1-00067-v03,Decatholn,Decathlon,brand:decathlon,"[""retail""]",BRAND,brand:decathlon:retail,FAMILY_NAMESPACE,BRAND_MECHANICAL_TYPO,brand_mechanical_typo,SINGLE,lang_en,authored,manual_brand_authored_v1
brandq1-00068-v01,cửa hàng Điện Máy Xanh,cửa hàng Điện Máy Xanh,brand:dien_may_xanh,"[""retail""]",BRAND,brand:dien_may_xanh:retail,FAMILY_NAMESPACE,BRAND_CANONICAL,brand_canonical,CLEAN,lang_vi,authored,manual_brand_authored_v1
brandq1-00068-v02,Điện Máy Xanh cửa hàng,cửa hàng Điện Máy Xanh,brand:dien_may_xanh,"[""retail""]",BRAND,brand:dien_may_xanh:retail,FAMILY_NAMESPACE,BRAND_NAMESPACE,brand_namespace_form,CLEAN,lang_vi,authored,manual_brand_authored_v1
brandq1-00068-v03,cua hang Dien May Xanh,cửa hàng Điện Máy Xanh,brand:dien_may_xanh,"[""retail""]",BRAND,brand:dien_may_xanh:retail,FAMILY_NAMESPACE,BRAND_ORTHOGRAPHIC_IME,brand_orthographic_ime,SINGLE,lang_vi,authored,manual_brand_authored_v1
brandq1-00068-v04,cửa hàng Điện Máy Xnah,cửa hàng Điện Máy Xanh,brand:dien_may_xanh,"[""retail""]",BRAND,brand:dien_may_xanh:retail,FAMILY_NAMESPACE,BRAND_MECHANICAL_TYPO,brand_mechanical_typo,SINGLE,lang_vi,authored,manual_brand_authored_v1
brandq1-00069-v01,siêu thị Điện Máy Xanh,siêu thị Điện Máy Xanh,brand:dien_may_xanh,"[""supermarket""]",BRAND,brand:dien_may_xanh:supermarket,FAMILY_NAMESPACE,BRAND_CANONICAL,brand_canonical,CLEAN,lang_vi,authored,manual_brand_authored_v1
brandq1-00069-v02,Điện Máy Xanh siêu thị,siêu thị Điện Máy Xanh,brand:dien_may_xanh,"[""supermarket""]",BRAND,brand:dien_may_xanh:supermarket,FAMILY_NAMESPACE,BRAND_NAMESPACE,brand_namespace_form,CLEAN,lang_vi,authored,manual_brand_authored_v1
brandq1-00069-v03,sieu thi Dien May Xanh,siêu thị Điện Máy Xanh,brand:dien_may_xanh,"[""supermarket""]",BRAND,brand:dien_may_xanh:supermarket,FAMILY_NAMESPACE,BRAND_ORTHOGRAPHIC_IME,brand_orthographic_ime,SINGLE,lang_vi,authored,manual_brand_authored_v1
brandq1-00069-v04,siêu thị Điện Máy Xah,siêu thị Điện Máy Xanh,brand:dien_may_xanh,"[""supermarket""]",BRAND,brand:dien_may_xanh:supermarket,FAMILY_NAMESPACE,BRAND_MECHANICAL_TYPO,brand_mechanical_typo,SINGLE,lang_vi,authored,manual_brand_authored_v1
brandq1-00070-v01,cà phê Ding Tea,cà phê Ding Tea,brand:ding_tea,"[""cafe""]",BRAND,brand:ding_tea:cafe,FAMILY_NAMESPACE,BRAND_CANONICAL,brand_canonical,CLEAN,lang_mixed,authored,manual_brand_authored_v1
brandq1-00070-v02,Ding Tea cà phê,cà phê Ding Tea,brand:ding_tea,"[""cafe""]",BRAND,brand:ding_tea:cafe,FAMILY_NAMESPACE,BRAND_NAMESPACE,brand_namespace_form,CLEAN,lang_mixed,authored,manual_brand_authored_v1
brandq1-00070-v03,ca phe Ding Tea,cà phê Ding Tea,brand:ding_tea,"[""cafe""]",BRAND,brand:ding_tea:cafe,FAMILY_NAMESPACE,BRAND_ORTHOGRAPHIC_IME,brand_orthographic_ime,SINGLE,lang_mixed,authored,manual_brand_authored_v1
brandq1-00070-v04,cà phê Dign Tea,cà phê Ding Tea,brand:ding_tea,"[""cafe""]",BRAND,brand:ding_tea:cafe,FAMILY_NAMESPACE,BRAND_MECHANICAL_TYPO,brand_mechanical_typo,SINGLE,lang_mixed,authored,manual_brand_authored_v1
brandq1-00071-v01,cửa hàng Ding Tea,cửa hàng Ding Tea,brand:ding_tea,"[""retail""]",BRAND,brand:ding_tea:retail,FAMILY_NAMESPACE,BRAND_CANONICAL,brand_canonical,CLEAN,lang_mixed,authored,manual_brand_authored_v1
brandq1-00071-v02,Ding Tea cửa hàng,cửa hàng Ding Tea,brand:ding_tea,"[""retail""]",BRAND,brand:ding_tea:retail,FAMILY_NAMESPACE,BRAND_NAMESPACE,brand_namespace_form,CLEAN,lang_mixed,authored,manual_brand_authored_v1
brandq1-00071-v03,cua hang Ding Tea,cửa hàng Ding Tea,brand:ding_tea,"[""retail""]",BRAND,brand:ding_tea:retail,FAMILY_NAMESPACE,BRAND_ORTHOGRAPHIC_IME,brand_orthographic_ime,SINGLE,lang_mixed,authored,manual_brand_authored_v1
brandq1-00071-v04,cửa hàng Dnig Tea,cửa hàng Ding Tea,brand:ding_tea,"[""retail""]",BRAND,brand:ding_tea:retail,FAMILY_NAMESPACE,BRAND_MECHANICAL_TYPO,brand_mechanical_typo,SINGLE,lang_mixed,authored,manual_brand_authored_v1
brandq1-00072-v01,Domino's,Domino's,brand:domino_s,"[""restaurant""]",BRAND,brand:domino_s:restaurant,FAMILY_NAMESPACE,BRAND_CANONICAL,brand_canonical,CLEAN,lang_en,authored,manual_brand_authored_v1
brandq1-00072-v02,nhà hàng Domino's,Domino's,brand:domino_s,"[""restaurant""]",BRAND,brand:domino_s:restaurant,FAMILY_NAMESPACE,BRAND_NAMESPACE,brand_namespace_form,CLEAN,lang_mixed,authored,manual_brand_authored_v1
brandq1-00072-v03,Dominos,Domino's,brand:domino_s,"[""restaurant""]",BRAND,brand:domino_s:restaurant,FAMILY_NAMESPACE,BRAND_CASE_PUNCT,brand_case_punct,SINGLE,lang_en,authored,manual_brand_authored_v1
brandq1-00072-v04,Domnio's,Domino's,brand:domino_s,"[""restaurant""]",BRAND,brand:domino_s:restaurant,FAMILY_NAMESPACE,BRAND_MECHANICAL_TYPO,brand_mechanical_typo,SINGLE,lang_en,authored,manual_brand_authored_v1
brandq1-00073-v01,Đông Á,Đông Á,brand:dong_a,"[""atm""]",BRAND,brand:dong_a:atm,FAMILY_NAMESPACE,BRAND_CANONICAL,brand_canonical,CLEAN,lang_vi,authored,manual_brand_authored_v1
brandq1-00073-v02,Đông Á ATM,Đông Á,brand:dong_a,"[""atm""]",BRAND,brand:dong_a:atm,FAMILY_NAMESPACE,BRAND_NAMESPACE,brand_namespace_form,CLEAN,lang_vi,authored,manual_brand_authored_v1
brandq1-00073-v03,Dong A,Đông Á,brand:dong_a,"[""atm""]",BRAND,brand:dong_a:atm,FAMILY_NAMESPACE,BRAND_ORTHOGRAPHIC_IME,brand_orthographic_ime,SINGLE,lang_vi,authored,manual_brand_authored_v1
brandq1-00073-v04,Đôgn Á,Đông Á,brand:dong_a,"[""atm""]",BRAND,brand:dong_a:atm,FAMILY_NAMESPACE,BRAND_MECHANICAL_TYPO,brand_mechanical_typo,SINGLE,lang_vi,authored,manual_brand_authored_v1
brandq1-00074-v01,DongaBank ATM,DongaBank ATM,brand:dongabank,"[""atm""]",BRAND,brand:dongabank:atm,FAMILY_NAMESPACE,BRAND_CANONICAL,brand_canonical,CLEAN,lang_en,authored,manual_brand_authored_v1
brandq1-00074-v02,ATM DongaBank,DongaBank ATM,brand:dongabank,"[""atm""]",BRAND,brand:dongabank:atm,FAMILY_NAMESPACE,BRAND_NAMESPACE,brand_namespace_form,CLEAN,lang_en,authored,manual_brand_authored_v1
brandq1-00074-v03,DongBank ATM,DongaBank ATM,brand:dongabank,"[""atm""]",BRAND,brand:dongabank:atm,FAMILY_NAMESPACE,BRAND_MECHANICAL_TYPO,brand_mechanical_typo,SINGLE,lang_en,authored,manual_brand_authored_v1
brandq1-00075-v01,ngân hàng DongaBank,ngân hàng DongaBank,brand:dongabank,"[""bank""]",BRAND,brand:dongabank:bank,FAMILY_NAMESPACE,BRAND_CANONICAL,brand_canonical,CLEAN,lang_mixed,authored,manual_brand_authored_v1
brandq1-00075-v02,DongaBank ngân hàng,ngân hàng DongaBank,brand:dongabank,"[""bank""]",BRAND,brand:dongabank:bank,FAMILY_NAMESPACE,BRAND_NAMESPACE,brand_namespace_form,CLEAN,lang_mixed,authored,manual_brand_authored_v1
brandq1-00075-v03,ngan hang DongaBank,ngân hàng DongaBank,brand:dongabank,"[""bank""]",BRAND,brand:dongabank:bank,FAMILY_NAMESPACE,BRAND_ORTHOGRAPHIC_IME,brand_orthographic_ime,SINGLE,lang_mixed,authored,manual_brand_authored_v1
brandq1-00075-v04,ngân hàng DongaBnak,ngân hàng DongaBank,brand:dongabank,"[""bank""]",BRAND,brand:dongabank:bank,FAMILY_NAMESPACE,BRAND_MECHANICAL_TYPO,brand_mechanical_typo,SINGLE,lang_mixed,authored,manual_brand_authored_v1
brandq1-00076-v01,Dynasty House,Dynasty House,brand:dynasty_house,"[""restaurant""]",BRAND,brand:dynasty_house:restaurant,FAMILY_NAMESPACE,BRAND_CANONICAL,brand_canonical,CLEAN,lang_en,authored,manual_brand_authored_v1
brandq1-00076-v02,nhà hàng Dynasty House,Dynasty House,brand:dynasty_house,"[""restaurant""]",BRAND,brand:dynasty_house:restaurant,FAMILY_NAMESPACE,BRAND_NAMESPACE,brand_namespace_form,CLEAN,lang_mixed,authored,manual_brand_authored_v1
brandq1-00076-v03,Dynsaty House,Dynasty House,brand:dynasty_house,"[""restaurant""]",BRAND,brand:dynasty_house:restaurant,FAMILY_NAMESPACE,BRAND_MECHANICAL_TYPO,brand_mechanical_typo,SINGLE,lang_en,authored,manual_brand_authored_v1
brandq1-00077-v01,Ecco,Ecco,brand:ecco,"[""retail""]",BRAND,brand:ecco:retail,FAMILY_NAMESPACE,BRAND_CANONICAL,brand_canonical,CLEAN,lang_en,authored,manual_brand_authored_v1
brandq1-00077-v02,cửa hàng Ecco,Ecco,brand:ecco,"[""retail""]",BRAND,brand:ecco:retail,FAMILY_NAMESPACE,BRAND_NAMESPACE,brand_namespace_form,CLEAN,lang_mixed,authored,manual_brand_authored_v1
brandq1-00077-v03,Ecoc,Ecco,brand:ecco,"[""retail""]",BRAND,brand:ecco:retail,FAMILY_NAMESPACE,BRAND_MECHANICAL_TYPO,brand_mechanical_typo,SINGLE,lang_en,authored,manual_brand_authored_v1
brandq1-00078-v01,Eneos,Eneos,brand:eneos,"[""fuel""]",BRAND,brand:eneos:fuel,FAMILY_NAMESPACE,BRAND_CANONICAL,brand_canonical,CLEAN,lang_en,authored,manual_brand_authored_v1
brandq1-00078-v02,cây xăng Eneos,Eneos,brand:eneos,"[""fuel""]",BRAND,brand:eneos:fuel,FAMILY_NAMESPACE,BRAND_NAMESPACE,brand_namespace_form,CLEAN,lang_mixed,authored,manual_brand_authored_v1
brandq1-00078-v03,Emeos,Eneos,brand:eneos,"[""fuel""]",BRAND,brand:eneos:fuel,FAMILY_NAMESPACE,BRAND_MECHANICAL_TYPO,brand_mechanical_typo,SINGLE,lang_en,authored,manual_brand_authored_v1
brandq1-00079-v01,Engu Pouches,Engu Pouches,brand:engu_pouches,"[""retail""]",BRAND,brand:engu_pouches:retail,FAMILY_NAMESPACE,BRAND_CANONICAL,brand_canonical,CLEAN,lang_en,authored,manual_brand_authored_v1
brandq1-00079-v02,cửa hàng Engu Pouches,Engu Pouches,brand:engu_pouches,"[""retail""]",BRAND,brand:engu_pouches:retail,FAMILY_NAMESPACE,BRAND_NAMESPACE,brand_namespace_form,CLEAN,lang_mixed,authored,manual_brand_authored_v1
brandq1-00079-v03,Engu Pouhces,Engu Pouches,brand:engu_pouches,"[""retail""]",BRAND,brand:engu_pouches:retail,FAMILY_NAMESPACE,BRAND_MECHANICAL_TYPO,brand_mechanical_typo,SINGLE,lang_en,authored,manual_brand_authored_v1
brandq1-00080-v01,Eva de Eva,Eva de Eva,brand:eva_de_eva,"[""retail""]",BRAND,brand:eva_de_eva:retail,FAMILY_NAMESPACE,BRAND_CANONICAL,brand_canonical,CLEAN,lang_en,authored,manual_brand_authored_v1
brandq1-00080-v02,cửa hàng Eva de Eva,Eva de Eva,brand:eva_de_eva,"[""retail""]",BRAND,brand:eva_de_eva:retail,FAMILY_NAMESPACE,BRAND_NAMESPACE,brand_namespace_form,CLEAN,lang_mixed,authored,manual_brand_authored_v1
brandq1-00080-v03,Eva de Eav,Eva de Eva,brand:eva_de_eva,"[""retail""]",BRAND,brand:eva_de_eva:retail,FAMILY_NAMESPACE,BRAND_MECHANICAL_TYPO,brand_mechanical_typo,SINGLE,lang_en,authored,manual_brand_authored_v1
brandq1-00081-v01,Eximbank ATM,Eximbank ATM,brand:eximbank,"[""atm""]",BRAND,brand:eximbank:atm,FAMILY_NAMESPACE,BRAND_CANONICAL,brand_canonical,CLEAN,lang_en,authored,manual_brand_authored_v1
brandq1-00081-v02,ATM Eximbank,Eximbank ATM,brand:eximbank,"[""atm""]",BRAND,brand:eximbank:atm,FAMILY_NAMESPACE,BRAND_NAMESPACE,brand_namespace_form,CLEAN,lang_en,authored,manual_brand_authored_v1
brandq1-00081-v03,Eximbakn ATM,Eximbank ATM,brand:eximbank,"[""atm""]",BRAND,brand:eximbank:atm,FAMILY_NAMESPACE,BRAND_MECHANICAL_TYPO,brand_mechanical_typo,SINGLE,lang_en,authored,manual_brand_authored_v1
brandq1-00082-v01,ngân hàng Eximbank,ngân hàng Eximbank,brand:eximbank,"[""bank""]",BRAND,brand:eximbank:bank,FAMILY_NAMESPACE,BRAND_CANONICAL,brand_canonical,CLEAN,lang_mixed,authored,manual_brand_authored_v1
brandq1-00082-v02,Eximbank ngân hàng,ngân hàng Eximbank,brand:eximbank,"[""bank""]",BRAND,brand:eximbank:bank,FAMILY_NAMESPACE,BRAND_NAMESPACE,brand_namespace_form,CLEAN,lang_mixed,authored,manual_brand_authored_v1
brandq1-00082-v03,ngan hang Eximbank,ngân hàng Eximbank,brand:eximbank,"[""bank""]",BRAND,brand:eximbank:bank,FAMILY_NAMESPACE,BRAND_ORTHOGRAPHIC_IME,brand_orthographic_ime,SINGLE,lang_mixed,authored,manual_brand_authored_v1
brandq1-00082-v04,ngân hàng Eximabnk,ngân hàng Eximbank,brand:eximbank,"[""bank""]",BRAND,brand:eximbank:bank,FAMILY_NAMESPACE,BRAND_MECHANICAL_TYPO,brand_mechanical_typo,SINGLE,lang_mixed,authored,manual_brand_authored_v1
brandq1-00083-v01,FAHASA,FAHASA,brand:fahasa,"[""retail""]",BRAND,brand:fahasa:retail,FAMILY_NAMESPACE,BRAND_CANONICAL,brand_canonical,CLEAN,lang_en,authored,manual_brand_authored_v1
brandq1-00083-v02,cửa hàng FAHASA,FAHASA,brand:fahasa,"[""retail""]",BRAND,brand:fahasa:retail,FAMILY_NAMESPACE,BRAND_NAMESPACE,brand_namespace_form,CLEAN,lang_mixed,authored,manual_brand_authored_v1
brandq1-00083-v03,FAAHSA,FAHASA,brand:fahasa,"[""retail""]",BRAND,brand:fahasa:retail,FAMILY_NAMESPACE,BRAND_MECHANICAL_TYPO,brand_mechanical_typo,SINGLE,lang_en,authored,manual_brand_authored_v1
brandq1-00084-v01,cửa hàng tiện lợi FamilyMart,cửa hàng tiện lợi FamilyMart,brand:familymart,"[""convenience_store""]",BRAND,brand:familymart:convenience_store,FAMILY_NAMESPACE,BRAND_CANONICAL,brand_canonical,CLEAN,lang_mixed,authored,manual_brand_authored_v1
brandq1-00084-v02,FamilyMart cửa hàng tiện lợi,cửa hàng tiện lợi FamilyMart,brand:familymart,"[""convenience_store""]",BRAND,brand:familymart:convenience_store,FAMILY_NAMESPACE,BRAND_NAMESPACE,brand_namespace_form,CLEAN,lang_mixed,authored,manual_brand_authored_v1
brandq1-00084-v03,cua hang tien loi FamilyMart,cửa hàng tiện lợi FamilyMart,brand:familymart,"[""convenience_store""]",BRAND,brand:familymart:convenience_store,FAMILY_NAMESPACE,BRAND_ORTHOGRAPHIC_IME,brand_orthographic_ime,SINGLE,lang_mixed,authored,manual_brand_authored_v1
brandq1-00084-v04,cửa hàng tiện lợi FamilyMatr,cửa hàng tiện lợi FamilyMart,brand:familymart,"[""convenience_store""]",BRAND,brand:familymart:convenience_store,FAMILY_NAMESPACE,BRAND_MECHANICAL_TYPO,brand_mechanical_typo,SINGLE,lang_mixed,authored,manual_brand_authored_v1
brandq1-00085-v01,siêu thị FamilyMart,siêu thị FamilyMart,brand:familymart,"[""supermarket""]",BRAND,brand:familymart:supermarket,FAMILY_NAMESPACE,BRAND_CANONICAL,brand_canonical,CLEAN,lang_mixed,authored,manual_brand_authored_v1
brandq1-00085-v02,FamilyMart siêu thị,siêu thị FamilyMart,brand:familymart,"[""supermarket""]",BRAND,brand:familymart:supermarket,FAMILY_NAMESPACE,BRAND_NAMESPACE,brand_namespace_form,CLEAN,lang_mixed,authored,manual_brand_authored_v1
brandq1-00085-v03,sieu thi FamilyMart,siêu thị FamilyMart,brand:familymart,"[""supermarket""]",BRAND,brand:familymart:supermarket,FAMILY_NAMESPACE,BRAND_ORTHOGRAPHIC_IME,brand_orthographic_ime,SINGLE,lang_mixed,authored,manual_brand_authored_v1
brandq1-00085-v04,siêu thị FaimlyMart,siêu thị FamilyMart,brand:familymart,"[""supermarket""]",BRAND,brand:familymart:supermarket,FAMILY_NAMESPACE,BRAND_MECHANICAL_TYPO,brand_mechanical_typo,SINGLE,lang_mixed,authored,manual_brand_authored_v1
brandq1-00086-v01,Fila,Fila,brand:fila,"[""retail""]",BRAND,brand:fila:retail,FAMILY_NAMESPACE,BRAND_CANONICAL,brand_canonical,CLEAN,lang_en,authored,manual_brand_authored_v1
brandq1-00086-v02,cửa hàng Fila,Fila,brand:fila,"[""retail""]",BRAND,brand:fila:retail,FAMILY_NAMESPACE,BRAND_NAMESPACE,brand_namespace_form,CLEAN,lang_mixed,authored,manual_brand_authored_v1
brandq1-00086-v03,Fial,Fila,brand:fila,"[""retail""]",BRAND,brand:fila:retail,FAMILY_NAMESPACE,BRAND_MECHANICAL_TYPO,brand_mechanical_typo,SINGLE,lang_en,authored,manual_brand_authored_v1
brandq1-00087-v01,FLC,FLC,brand:flc,"[""hotel""]",BRAND,brand:flc:hotel,FAMILY_NAMESPACE,BRAND_CANONICAL,brand_canonical,CLEAN,lang_en,authored,manual_brand_authored_v1
brandq1-00087-v02,khách sạn FLC,FLC,brand:flc,"[""hotel""]",BRAND,brand:flc:hotel,FAMILY_NAMESPACE,BRAND_NAMESPACE,brand_namespace_form,CLEAN,lang_mixed,authored,manual_brand_authored_v1
brandq1-00088-v01,FMC,FMC,brand:fmc,"[""fuel""]",BRAND,brand:fmc:fuel,FAMILY_NAMESPACE,BRAND_CANONICAL,brand_canonical,CLEAN,lang_en,authored,manual_brand_authored_v1
brandq1-00088-v02,cây xăng FMC,FMC,brand:fmc,"[""fuel""]",BRAND,brand:fmc:fuel,FAMILY_NAMESPACE,BRAND_NAMESPACE,brand_namespace_form,CLEAN,lang_mixed,authored,manual_brand_authored_v1
brandq1-00089-v01,Ford,Ford,brand:ford,"[""retail""]",BRAND,brand:ford:retail,FAMILY_NAMESPACE,BRAND_CANONICAL,brand_canonical,CLEAN,lang_en,authored,manual_brand_authored_v1
brandq1-00089-v02,cửa hàng Ford,Ford,brand:ford,"[""retail""]",BRAND,brand:ford:retail,FAMILY_NAMESPACE,BRAND_NAMESPACE,brand_namespace_form,CLEAN,lang_mixed,authored,manual_brand_authored_v1
brandq1-00089-v03,Frod,Ford,brand:ford,"[""retail""]",BRAND,brand:ford:retail,FAMILY_NAMESPACE,BRAND_MECHANICAL_TYPO,brand_mechanical_typo,SINGLE,lang_en,authored,manual_brand_authored_v1
brandq1-00090-v01,Four Seasons,Four Seasons,brand:four_seasons,"[""hotel""]",BRAND,brand:four_seasons:hotel,FAMILY_NAMESPACE,BRAND_CANONICAL,brand_canonical,CLEAN,lang_en,authored,manual_brand_authored_v1
brandq1-00090-v02,khách sạn Four Seasons,Four Seasons,brand:four_seasons,"[""hotel""]",BRAND,brand:four_seasons:hotel,FAMILY_NAMESPACE,BRAND_NAMESPACE,brand_namespace_form,CLEAN,lang_mixed,authored,manual_brand_authored_v1
brandq1-00090-v03,Four Seaosns,Four Seasons,brand:four_seasons,"[""hotel""]",BRAND,brand:four_seasons:hotel,FAMILY_NAMESPACE,BRAND_MECHANICAL_TYPO,brand_mechanical_typo,SINGLE,lang_en,authored,manual_brand_authored_v1
brandq1-00091-v01,FPT,FPT,brand:fpt,"[""retail""]",BRAND,brand:fpt:retail,FAMILY_NAMESPACE,BRAND_CANONICAL,brand_canonical,CLEAN,lang_en,authored,manual_brand_authored_v1
brandq1-00091-v02,cửa hàng FPT,FPT,brand:fpt,"[""retail""]",BRAND,brand:fpt:retail,FAMILY_NAMESPACE,BRAND_NAMESPACE,brand_namespace_form,CLEAN,lang_mixed,authored,manual_brand_authored_v1
brandq1-00092-v01,FujiMart,FujiMart,brand:fujimart,"[""supermarket""]",BRAND,brand:fujimart:supermarket,FAMILY_NAMESPACE,BRAND_CANONICAL,brand_canonical,CLEAN,lang_en,authored,manual_brand_authored_v1
brandq1-00092-v02,siêu thị FujiMart,FujiMart,brand:fujimart,"[""supermarket""]",BRAND,brand:fujimart:supermarket,FAMILY_NAMESPACE,BRAND_NAMESPACE,brand_namespace_form,CLEAN,lang_mixed,authored,manual_brand_authored_v1
brandq1-00092-v03,Fuji Mart,FujiMart,brand:fujimart,"[""supermarket""]",BRAND,brand:fujimart:supermarket,FAMILY_NAMESPACE,BRAND_SPACE_VARIANT,brand_space_variant,SINGLE,lang_en,authored,manual_brand_authored_v1
brandq1-00092-v04,FjuiMart,FujiMart,brand:fujimart,"[""supermarket""]",BRAND,brand:fujimart:supermarket,FAMILY_NAMESPACE,BRAND_MECHANICAL_TYPO,brand_mechanical_typo,SINGLE,lang_en,authored,manual_brand_authored_v1
brandq1-00093-v01,Gap,Gap,brand:gap,"[""retail""]",BRAND,brand:gap:retail,FAMILY_NAMESPACE,BRAND_CANONICAL,brand_canonical,CLEAN,lang_en,authored,manual_brand_authored_v1
brandq1-00093-v02,cửa hàng Gap,Gap,brand:gap,"[""retail""]",BRAND,brand:gap:retail,FAMILY_NAMESPACE,BRAND_NAMESPACE,brand_namespace_form,CLEAN,lang_mixed,authored,manual_brand_authored_v1
brandq1-00094-v01,Giant,Giant,brand:giant,"[""retail""]",BRAND,brand:giant:retail,FAMILY_NAMESPACE,BRAND_CANONICAL,brand_canonical,CLEAN,lang_en,authored,manual_brand_authored_v1
brandq1-00094-v02,cửa hàng Giant,Giant,brand:giant,"[""retail""]",BRAND,brand:giant:retail,FAMILY_NAMESPACE,BRAND_NAMESPACE,brand_namespace_form,CLEAN,lang_mixed,authored,manual_brand_authored_v1
brandq1-00094-v03,Ginat,Giant,brand:giant,"[""retail""]",BRAND,brand:giant:retail,FAMILY_NAMESPACE,BRAND_MECHANICAL_TYPO,brand_mechanical_typo,SINGLE,lang_en,authored,manual_brand_authored_v1
brandq1-00095-v01,Giordano,Giordano,brand:giordano,"[""retail""]",BRAND,brand:giordano:retail,FAMILY_NAMESPACE,BRAND_CANONICAL,brand_canonical,CLEAN,lang_en,authored,manual_brand_authored_v1
brandq1-00095-v02,cửa hàng Giordano,Giordano,brand:giordano,"[""retail""]",BRAND,brand:giordano:retail,FAMILY_NAMESPACE,BRAND_NAMESPACE,brand_namespace_form,CLEAN,lang_mixed,authored,manual_brand_authored_v1
brandq1-00095-v03,Giodrano,Giordano,brand:giordano,"[""retail""]",BRAND,brand:giordano:retail,FAMILY_NAMESPACE,BRAND_MECHANICAL_TYPO,brand_mechanical_typo,SINGLE,lang_en,authored,manual_brand_authored_v1
brandq1-00096-v01,Go,Go,brand:go,"[""supermarket""]",BRAND,brand:go:supermarket,FAMILY_NAMESPACE,BRAND_CANONICAL,brand_canonical,CLEAN,lang_en,authored,manual_brand_authored_v1
brandq1-00096-v02,siêu thị Go,Go,brand:go,"[""supermarket""]",BRAND,brand:go:supermarket,FAMILY_NAMESPACE,BRAND_NAMESPACE,brand_namespace_form,CLEAN,lang_mixed,authored,manual_brand_authored_v1
brandq1-00097-v01,Gong Cha,Gong Cha,brand:gong_cha,"[""cafe""]",BRAND,brand:gong_cha:cafe,FAMILY_NAMESPACE,BRAND_CANONICAL,brand_canonical,CLEAN,lang_en,authored,manual_brand_authored_v1
brandq1-00097-v02,cà phê Gong Cha,Gong Cha,brand:gong_cha,"[""cafe""]",BRAND,brand:gong_cha:cafe,FAMILY_NAMESPACE,BRAND_NAMESPACE,brand_namespace_form,CLEAN,lang_mixed,authored,manual_brand_authored_v1
brandq1-00097-v03,Gong Cah,Gong Cha,brand:gong_cha,"[""cafe""]",BRAND,brand:gong_cha:cafe,FAMILY_NAMESPACE,BRAND_MECHANICAL_TYPO,brand_mechanical_typo,SINGLE,lang_en,authored,manual_brand_authored_v1
brandq1-00098-v01,GPBank,GPBank,brand:gpbank,"[""bank""]",BRAND,brand:gpbank:bank,FAMILY_NAMESPACE,BRAND_CANONICAL,brand_canonical,CLEAN,lang_en,authored,manual_brand_authored_v1
brandq1-00098-v02,ngân hàng GPBank,GPBank,brand:gpbank,"[""bank""]",BRAND,brand:gpbank:bank,FAMILY_NAMESPACE,BRAND_NAMESPACE,brand_namespace_form,CLEAN,lang_mixed,authored,manual_brand_authored_v1
brandq1-00098-v03,GP Bank,GPBank,brand:gpbank,"[""bank""]",BRAND,brand:gpbank:bank,FAMILY_NAMESPACE,BRAND_SPACE_VARIANT,brand_space_variant,SINGLE,lang_en,authored,manual_brand_authored_v1
brandq1-00098-v04,GPBnak,GPBank,brand:gpbank,"[""bank""]",BRAND,brand:gpbank:bank,FAMILY_NAMESPACE,BRAND_MECHANICAL_TYPO,brand_mechanical_typo,SINGLE,lang_en,authored,manual_brand_authored_v1
brandq1-00099-v01,GS25,GS25,brand:gs25,"[""convenience_store""]",BRAND,brand:gs25:convenience_store,FAMILY_NAMESPACE,BRAND_CANONICAL,brand_canonical,CLEAN,lang_en,authored,manual_brand_authored_v1
brandq1-00099-v02,cửa hàng tiện lợi GS25,GS25,brand:gs25,"[""convenience_store""]",BRAND,brand:gs25:convenience_store,FAMILY_NAMESPACE,BRAND_NAMESPACE,brand_namespace_form,CLEAN,lang_mixed,authored,manual_brand_authored_v1
brandq1-00099-v03,GS 25,GS25,brand:gs25,"[""convenience_store""]",BRAND,brand:gs25:convenience_store,FAMILY_NAMESPACE,BRAND_SPACE_VARIANT,brand_space_variant,SINGLE,lang_en,authored,manual_brand_authored_v1
brandq1-00100-v01,Guardian,Guardian,brand:guardian,"[""pharmacy""]",BRAND,brand:guardian:pharmacy,FAMILY_NAMESPACE,BRAND_CANONICAL,brand_canonical,CLEAN,lang_en,authored,manual_brand_authored_v1
brandq1-00100-v02,nhà thuốc Guardian,Guardian,brand:guardian,"[""pharmacy""]",BRAND,brand:guardian:pharmacy,FAMILY_NAMESPACE,BRAND_NAMESPACE,brand_namespace_form,CLEAN,lang_mixed,authored,manual_brand_authored_v1
brandq1-00100-v03,Guaridan,Guardian,brand:guardian,"[""pharmacy""]",BRAND,brand:guardian:pharmacy,FAMILY_NAMESPACE,BRAND_MECHANICAL_TYPO,brand_mechanical_typo,SINGLE,lang_en,authored,manual_brand_authored_v1
brandq1-00101-v01,H&M,H&M,brand:h_m,"[""retail""]",BRAND,brand:h_m:retail,FAMILY_NAMESPACE,BRAND_CANONICAL,brand_canonical,CLEAN,lang_en,authored,manual_brand_authored_v1
brandq1-00101-v02,cửa hàng H&M,H&M,brand:h_m,"[""retail""]",BRAND,brand:h_m:retail,FAMILY_NAMESPACE,BRAND_NAMESPACE,brand_namespace_form,CLEAN,lang_mixed,authored,manual_brand_authored_v1
brandq1-00101-v03,H M,H&M,brand:h_m,"[""retail""]",BRAND,brand:h_m:retail,FAMILY_NAMESPACE,BRAND_CASE_PUNCT,brand_case_punct,SINGLE,lang_en,authored,manual_brand_authored_v1
brandq1-00102-v01,H Mart,H Mart,brand:h_mart,"[""convenience_store""]",BRAND,brand:h_mart:convenience_store,FAMILY_NAMESPACE,BRAND_CANONICAL,brand_canonical,CLEAN,lang_en,authored,manual_brand_authored_v1
brandq1-00102-v02,cửa hàng tiện lợi H Mart,H Mart,brand:h_mart,"[""convenience_store""]",BRAND,brand:h_mart:convenience_store,FAMILY_NAMESPACE,BRAND_NAMESPACE,brand_namespace_form,CLEAN,lang_mixed,authored,manual_brand_authored_v1
brandq1-00102-v03,HMart,H Mart,brand:h_mart,"[""convenience_store""]",BRAND,brand:h_mart:convenience_store,FAMILY_NAMESPACE,BRAND_SPACE_VARIANT,brand_space_variant,SINGLE,lang_en,authored,manual_brand_authored_v1
brandq1-00103-v01,Hai Linh,Hai Linh,brand:hai_linh,"[""fuel""]",BRAND,brand:hai_linh:fuel,FAMILY_NAMESPACE,BRAND_CANONICAL,brand_canonical,CLEAN,lang_en,authored,manual_brand_authored_v1
brandq1-00103-v02,cây xăng Hai Linh,Hai Linh,brand:hai_linh,"[""fuel""]",BRAND,brand:hai_linh:fuel,FAMILY_NAMESPACE,BRAND_NAMESPACE,brand_namespace_form,CLEAN,lang_mixed,authored,manual_brand_authored_v1
brandq1-00103-v03,Hai Lnih,Hai Linh,brand:hai_linh,"[""fuel""]",BRAND,brand:hai_linh:fuel,FAMILY_NAMESPACE,BRAND_MECHANICAL_TYPO,brand_mechanical_typo,SINGLE,lang_en,authored,manual_brand_authored_v1
brandq1-00104-v01,Haidilao Hot Pot,Haidilao Hot Pot,brand:haidilao_hot_pot,"[""restaurant""]",BRAND,brand:haidilao_hot_pot:restaurant,FAMILY_NAMESPACE,BRAND_CANONICAL,brand_canonical,CLEAN,lang_en,authored,manual_brand_authored_v1
brandq1-00104-v02,nhà hàng Haidilao Hot Pot,Haidilao Hot Pot,brand:haidilao_hot_pot,"[""restaurant""]",BRAND,brand:haidilao_hot_pot:restaurant,FAMILY_NAMESPACE,BRAND_NAMESPACE,brand_namespace_form,CLEAN,lang_mixed,authored,manual_brand_authored_v1
brandq1-00104-v03,Haidilao Hot Pto,Haidilao Hot Pot,brand:haidilao_hot_pot,"[""restaurant""]",BRAND,brand:haidilao_hot_pot:restaurant,FAMILY_NAMESPACE,BRAND_MECHANICAL_TYPO,brand_mechanical_typo,SINGLE,lang_en,authored,manual_brand_authored_v1
brandq1-00105-v01,Harley-Davidson,Harley-Davidson,brand:harley_davidson,"[""retail""]",BRAND,brand:harley_davidson:retail,FAMILY_NAMESPACE,BRAND_CANONICAL,brand_canonical,CLEAN,lang_en,authored,manual_brand_authored_v1
brandq1-00105-v02,cửa hàng Harley-Davidson,Harley-Davidson,brand:harley_davidson,"[""retail""]",BRAND,brand:harley_davidson:retail,FAMILY_NAMESPACE,BRAND_NAMESPACE,brand_namespace_form,CLEAN,lang_mixed,authored,manual_brand_authored_v1
brandq1-00105-v03,Harley Davidson,Harley-Davidson,brand:harley_davidson,"[""retail""]",BRAND,brand:harley_davidson:retail,FAMILY_NAMESPACE,BRAND_CASE_PUNCT,brand_case_punct,SINGLE,lang_en,authored,manual_brand_authored_v1
brandq1-00105-v04,Harley-Davdison,Harley-Davidson,brand:harley_davidson,"[""retail""]",BRAND,brand:harley_davidson:retail,FAMILY_NAMESPACE,BRAND_MECHANICAL_TYPO,brand_mechanical_typo,SINGLE,lang_en,authored,manual_brand_authored_v1
brandq1-00106-v01,HDBank ATM,HDBank ATM,brand:hdbank,"[""atm""]",BRAND,brand:hdbank:atm,FAMILY_NAMESPACE,BRAND_CANONICAL,brand_canonical,CLEAN,lang_en,authored,manual_brand_authored_v1
brandq1-00106-v02,ATM HDBank,HDBank ATM,brand:hdbank,"[""atm""]",BRAND,brand:hdbank:atm,FAMILY_NAMESPACE,BRAND_NAMESPACE,brand_namespace_form,CLEAN,lang_en,authored,manual_brand_authored_v1
brandq1-00106-v03,HDBnak ATM,HDBank ATM,brand:hdbank,"[""atm""]",BRAND,brand:hdbank:atm,FAMILY_NAMESPACE,BRAND_MECHANICAL_TYPO,brand_mechanical_typo,SINGLE,lang_en,authored,manual_brand_authored_v1
brandq1-00107-v01,ngân hàng HDBank,ngân hàng HDBank,brand:hdbank,"[""bank""]",BRAND,brand:hdbank:bank,FAMILY_NAMESPACE,BRAND_CANONICAL,brand_canonical,CLEAN,lang_mixed,authored,manual_brand_authored_v1
brandq1-00107-v02,HDBank ngân hàng,ngân hàng HDBank,brand:hdbank,"[""bank""]",BRAND,brand:hdbank:bank,FAMILY_NAMESPACE,BRAND_NAMESPACE,brand_namespace_form,CLEAN,lang_mixed,authored,manual_brand_authored_v1
brandq1-00107-v03,ngan hang HDBank,ngân hàng HDBank,brand:hdbank,"[""bank""]",BRAND,brand:hdbank:bank,FAMILY_NAMESPACE,BRAND_ORTHOGRAPHIC_IME,brand_orthographic_ime,SINGLE,lang_mixed,authored,manual_brand_authored_v1
brandq1-00107-v04,ngân hàng HDBnak,ngân hàng HDBank,brand:hdbank,"[""bank""]",BRAND,brand:hdbank:bank,FAMILY_NAMESPACE,BRAND_MECHANICAL_TYPO,brand_mechanical_typo,SINGLE,lang_mixed,authored,manual_brand_authored_v1
brandq1-00108-v01,HiềnTrang,HiềnTrang,brand:hientrang,"[""cafe""]",BRAND,brand:hientrang:cafe,FAMILY_NAMESPACE,BRAND_CANONICAL,brand_canonical,CLEAN,lang_vi,authored,manual_brand_authored_v1
brandq1-00108-v02,cà phê HiềnTrang,HiềnTrang,brand:hientrang,"[""cafe""]",BRAND,brand:hientrang:cafe,FAMILY_NAMESPACE,BRAND_NAMESPACE,brand_namespace_form,CLEAN,lang_vi,authored,manual_brand_authored_v1
brandq1-00108-v03,Hiền Trang,HiềnTrang,brand:hientrang,"[""cafe""]",BRAND,brand:hientrang:cafe,FAMILY_NAMESPACE,BRAND_SPACE_VARIANT,brand_space_variant,SINGLE,lang_vi,authored,manual_brand_authored_v1
brandq1-00108-v04,HienTrang,HiềnTrang,brand:hientrang,"[""cafe""]",BRAND,brand:hientrang:cafe,FAMILY_NAMESPACE,BRAND_ORTHOGRAPHIC_IME,brand_orthographic_ime,SINGLE,lang_vi,authored,manual_brand_authored_v1
brandq1-00109-v01,Highlands Coffee,Highlands Coffee,brand:highlands_coffee,"[""cafe""]",BRAND,brand:highlands_coffee:cafe,FAMILY_NAMESPACE,BRAND_CANONICAL,brand_canonical,CLEAN,lang_en,authored,manual_brand_authored_v1
brandq1-00109-v02,cà phê Highlands Coffee,Highlands Coffee,brand:highlands_coffee,"[""cafe""]",BRAND,brand:highlands_coffee:cafe,FAMILY_NAMESPACE,BRAND_NAMESPACE,brand_namespace_form,CLEAN,lang_mixed,authored,manual_brand_authored_v1
brandq1-00109-v03,Highlands Cofefe,Highlands Coffee,brand:highlands_coffee,"[""cafe""]",BRAND,brand:highlands_coffee:cafe,FAMILY_NAMESPACE,BRAND_MECHANICAL_TYPO,brand_mechanical_typo,SINGLE,lang_en,authored,manual_brand_authored_v1
brandq1-00110-v01,Hilton,Hilton,brand:hilton,"[""hotel""]",BRAND,brand:hilton:hotel,FAMILY_NAMESPACE,BRAND_CANONICAL,brand_canonical,CLEAN,lang_en,authored,manual_brand_authored_v1
brandq1-00110-v02,khách sạn Hilton,Hilton,brand:hilton,"[""hotel""]",BRAND,brand:hilton:hotel,FAMILY_NAMESPACE,BRAND_NAMESPACE,brand_namespace_form,CLEAN,lang_mixed,authored,manual_brand_authored_v1
brandq1-00110-v03,Hitlon,Hilton,brand:hilton,"[""hotel""]",BRAND,brand:hilton:hotel,FAMILY_NAMESPACE,BRAND_MECHANICAL_TYPO,brand_mechanical_typo,SINGLE,lang_en,authored,manual_brand_authored_v1
brandq1-00111-v01,Hilton Garden Inn,Hilton Garden Inn,brand:hilton_garden_inn,"[""hotel""]",BRAND,brand:hilton_garden_inn:hotel,FAMILY_NAMESPACE,BRAND_CANONICAL,brand_canonical,CLEAN,lang_en,authored,manual_brand_authored_v1
brandq1-00111-v02,khách sạn Hilton Garden Inn,Hilton Garden Inn,brand:hilton_garden_inn,"[""hotel""]",BRAND,brand:hilton_garden_inn:hotel,FAMILY_NAMESPACE,BRAND_NAMESPACE,brand_namespace_form,CLEAN,lang_mixed,authored,manual_brand_authored_v1
brandq1-00111-v03,Hilton Garedn Inn,Hilton Garden Inn,brand:hilton_garden_inn,"[""hotel""]",BRAND,brand:hilton_garden_inn:hotel,FAMILY_NAMESPACE,BRAND_MECHANICAL_TYPO,brand_mechanical_typo,SINGLE,lang_en,authored,manual_brand_authored_v1
brandq1-00112-v01,HK Oil,HK Oil,brand:hk_oil,"[""fuel""]",BRAND,brand:hk_oil:fuel,FAMILY_NAMESPACE,BRAND_CANONICAL,brand_canonical,CLEAN,lang_en,authored,manual_brand_authored_v1
brandq1-00112-v02,cây xăng HK Oil,HK Oil,brand:hk_oil,"[""fuel""]",BRAND,brand:hk_oil:fuel,FAMILY_NAMESPACE,BRAND_NAMESPACE,brand_namespace_form,CLEAN,lang_mixed,authored,manual_brand_authored_v1
brandq1-00112-v03,HKOil,HK Oil,brand:hk_oil,"[""fuel""]",BRAND,brand:hk_oil:fuel,FAMILY_NAMESPACE,BRAND_SPACE_VARIANT,brand_space_variant,SINGLE,lang_en,authored,manual_brand_authored_v1
brandq1-00113-v01,HOÀNG MINH CHÂU,HOÀNG MINH CHÂU,brand:hoang_minh_chau,"[""hotel""]",BRAND,brand:hoang_minh_chau:hotel,FAMILY_NAMESPACE,BRAND_CANONICAL,brand_canonical,CLEAN,lang_vi,authored,manual_brand_authored_v1
brandq1-00113-v02,khách sạn HOÀNG MINH CHÂU,HOÀNG MINH CHÂU,brand:hoang_minh_chau,"[""hotel""]",BRAND,brand:hoang_minh_chau:hotel,FAMILY_NAMESPACE,BRAND_NAMESPACE,brand_namespace_form,CLEAN,lang_vi,authored,manual_brand_authored_v1
brandq1-00113-v03,HOANG MINH CHAU,HOÀNG MINH CHÂU,brand:hoang_minh_chau,"[""hotel""]",BRAND,brand:hoang_minh_chau:hotel,FAMILY_NAMESPACE,BRAND_ORTHOGRAPHIC_IME,brand_orthographic_ime,SINGLE,lang_vi,authored,manual_brand_authored_v1
brandq1-00113-v04,HOÀNG MNIH CHÂU,HOÀNG MINH CHÂU,brand:hoang_minh_chau,"[""hotel""]",BRAND,brand:hoang_minh_chau:hotel,FAMILY_NAMESPACE,BRAND_MECHANICAL_TYPO,brand_mechanical_typo,SINGLE,lang_vi,authored,manual_brand_authored_v1
brandq1-00114-v01,HOCMONPETRO,HOCMONPETRO,brand:hocmonpetro,"[""fuel""]",BRAND,brand:hocmonpetro:fuel,FAMILY_NAMESPACE,BRAND_CANONICAL,brand_canonical,CLEAN,lang_en,authored,manual_brand_authored_v1
brandq1-00114-v02,cây xăng HOCMONPETRO,HOCMONPETRO,brand:hocmonpetro,"[""fuel""]",BRAND,brand:hocmonpetro:fuel,FAMILY_NAMESPACE,BRAND_NAMESPACE,brand_namespace_form,CLEAN,lang_mixed,authored,manual_brand_authored_v1
brandq1-00114-v03,HOC MON PETRO,HOCMONPETRO,brand:hocmonpetro,"[""fuel""]",BRAND,brand:hocmonpetro:fuel,FAMILY_NAMESPACE,BRAND_SPACE_VARIANT,brand_space_variant,SINGLE,lang_en,authored,manual_brand_authored_v1
brandq1-00114-v04,HOCMOPNETRO,HOCMONPETRO,brand:hocmonpetro,"[""fuel""]",BRAND,brand:hocmonpetro:fuel,FAMILY_NAMESPACE,BRAND_MECHANICAL_TYPO,brand_mechanical_typo,SINGLE,lang_en,authored,manual_brand_authored_v1
brandq1-00115-v01,Holiday Inn,Holiday Inn,brand:holiday_inn,"[""hotel""]",BRAND,brand:holiday_inn:hotel,FAMILY_NAMESPACE,BRAND_CANONICAL,brand_canonical,CLEAN,lang_en,authored,manual_brand_authored_v1
brandq1-00115-v02,khách sạn Holiday Inn,Holiday Inn,brand:holiday_inn,"[""hotel""]",BRAND,brand:holiday_inn:hotel,FAMILY_NAMESPACE,BRAND_NAMESPACE,brand_namespace_form,CLEAN,lang_mixed,authored,manual_brand_authored_v1
brandq1-00115-v03,Holuday Inn,Holiday Inn,brand:holiday_inn,"[""hotel""]",BRAND,brand:holiday_inn:hotel,FAMILY_NAMESPACE,BRAND_MECHANICAL_TYPO,brand_mechanical_typo,SINGLE,lang_en,authored,manual_brand_authored_v1
brandq1-00116-v01,@HOME,@HOME,brand:home,"[""hotel""]",BRAND,brand:home:hotel,FAMILY_NAMESPACE,BRAND_CANONICAL,brand_canonical,CLEAN,lang_en,authored,manual_brand_authored_v1
brandq1-00116-v02,khách sạn @HOME,@HOME,brand:home,"[""hotel""]",BRAND,brand:home:hotel,FAMILY_NAMESPACE,BRAND_NAMESPACE,brand_namespace_form,CLEAN,lang_mixed,authored,manual_brand_authored_v1
brandq1-00116-v03,HOME,@HOME,brand:home,"[""hotel""]",BRAND,brand:home:hotel,FAMILY_NAMESPACE,BRAND_CASE_PUNCT,brand_case_punct,SINGLE,lang_en,needs_review,manual_brand_authored_v1
brandq1-00117-v01,Honda,Honda,brand:honda,"[""retail""]",BRAND,brand:honda:retail,FAMILY_NAMESPACE,BRAND_CANONICAL,brand_canonical,CLEAN,lang_en,authored,manual_brand_authored_v1
brandq1-00117-v02,cửa hàng Honda,Honda,brand:honda,"[""retail""]",BRAND,brand:honda:retail,FAMILY_NAMESPACE,BRAND_NAMESPACE,brand_namespace_form,CLEAN,lang_mixed,authored,manual_brand_authored_v1
brandq1-00117-v03,Hodna,Honda,brand:honda,"[""retail""]",BRAND,brand:honda:retail,FAMILY_NAMESPACE,BRAND_MECHANICAL_TYPO,brand_mechanical_typo,SINGLE,lang_en,authored,manual_brand_authored_v1
brandq1-00118-v01,Hồng Lam,Hồng Lam,brand:hong_lam,"[""retail""]",BRAND,brand:hong_lam:retail,FAMILY_NAMESPACE,BRAND_CANONICAL,brand_canonical,CLEAN,lang_vi,authored,manual_brand_authored_v1
brandq1-00118-v02,cửa hàng Hồng Lam,Hồng Lam,brand:hong_lam,"[""retail""]",BRAND,brand:hong_lam:retail,FAMILY_NAMESPACE,BRAND_NAMESPACE,brand_namespace_form,CLEAN,lang_vi,authored,manual_brand_authored_v1
brandq1-00118-v03,Hong Lam,Hồng Lam,brand:hong_lam,"[""retail""]",BRAND,brand:hong_lam:retail,FAMILY_NAMESPACE,BRAND_ORTHOGRAPHIC_IME,brand_orthographic_ime,SINGLE,lang_vi,authored,manual_brand_authored_v1
brandq1-00118-v04,Hồng Lma,Hồng Lam,brand:hong_lam,"[""retail""]",BRAND,brand:hong_lam:retail,FAMILY_NAMESPACE,BRAND_MECHANICAL_TYPO,brand_mechanical_typo,SINGLE,lang_vi,authored,manual_brand_authored_v1
brandq1-00119-v01,Hotel Indigo,Hotel Indigo,brand:hotel_indigo,"[""hotel""]",BRAND,brand:hotel_indigo:hotel,FAMILY_NAMESPACE,BRAND_CANONICAL,brand_canonical,CLEAN,lang_en,authored,manual_brand_authored_v1
brandq1-00119-v02,khách sạn Hotel Indigo,Hotel Indigo,brand:hotel_indigo,"[""hotel""]",BRAND,brand:hotel_indigo:hotel,FAMILY_NAMESPACE,BRAND_NAMESPACE,brand_namespace_form,CLEAN,lang_mixed,authored,manual_brand_authored_v1
brandq1-00119-v03,Hotel Idnigo,Hotel Indigo,brand:hotel_indigo,"[""hotel""]",BRAND,brand:hotel_indigo:hotel,FAMILY_NAMESPACE,BRAND_MECHANICAL_TYPO,brand_mechanical_typo,SINGLE,lang_en,authored,manual_brand_authored_v1
brandq1-00120-v01,Hotraco,Hotraco,brand:hotraco,"[""fuel""]",BRAND,brand:hotraco:fuel,FAMILY_NAMESPACE,BRAND_CANONICAL,brand_canonical,CLEAN,lang_en,authored,manual_brand_authored_v1
brandq1-00120-v02,cây xăng Hotraco,Hotraco,brand:hotraco,"[""fuel""]",BRAND,brand:hotraco:fuel,FAMILY_NAMESPACE,BRAND_NAMESPACE,brand_namespace_form,CLEAN,lang_mixed,authored,manual_brand_authored_v1
brandq1-00120-v03,Htoraco,Hotraco,brand:hotraco,"[""fuel""]",BRAND,brand:hotraco:fuel,FAMILY_NAMESPACE,BRAND_MECHANICAL_TYPO,brand_mechanical_typo,SINGLE,lang_en,authored,manual_brand_authored_v1
brandq1-00121-v01,HP,HP,brand:hp,"[""fuel""]",BRAND,brand:hp:fuel,FAMILY_NAMESPACE,BRAND_CANONICAL,brand_canonical,CLEAN,lang_en,authored,manual_brand_authored_v1
brandq1-00121-v02,cây xăng HP,HP,brand:hp,"[""fuel""]",BRAND,brand:hp:fuel,FAMILY_NAMESPACE,BRAND_NAMESPACE,brand_namespace_form,CLEAN,lang_mixed,authored,manual_brand_authored_v1
brandq1-00122-v01,HSBC ATM,HSBC ATM,brand:hsbc,"[""atm""]",BRAND,brand:hsbc:atm,FAMILY_NAMESPACE,BRAND_CANONICAL,brand_canonical,CLEAN,lang_en,authored,manual_brand_authored_v1
brandq1-00122-v02,ATM HSBC,HSBC ATM,brand:hsbc,"[""atm""]",BRAND,brand:hsbc:atm,FAMILY_NAMESPACE,BRAND_NAMESPACE,brand_namespace_form,CLEAN,lang_en,authored,manual_brand_authored_v1
brandq1-00123-v01,ngân hàng HSBC,ngân hàng HSBC,brand:hsbc,"[""bank""]",BRAND,brand:hsbc:bank,FAMILY_NAMESPACE,BRAND_CANONICAL,brand_canonical,CLEAN,lang_mixed,authored,manual_brand_authored_v1
brandq1-00123-v02,HSBC ngân hàng,ngân hàng HSBC,brand:hsbc,"[""bank""]",BRAND,brand:hsbc:bank,FAMILY_NAMESPACE,BRAND_NAMESPACE,brand_namespace_form,CLEAN,lang_mixed,authored,manual_brand_authored_v1
brandq1-00123-v03,ngan hang HSBC,ngân hàng HSBC,brand:hsbc,"[""bank""]",BRAND,brand:hsbc:bank,FAMILY_NAMESPACE,BRAND_ORTHOGRAPHIC_IME,brand_orthographic_ime,SINGLE,lang_mixed,authored,manual_brand_authored_v1
brandq1-00124-v01,Hugo Boss,Hugo Boss,brand:hugo_boss,"[""retail""]",BRAND,brand:hugo_boss:retail,FAMILY_NAMESPACE,BRAND_CANONICAL,brand_canonical,CLEAN,lang_en,authored,manual_brand_authored_v1
brandq1-00124-v02,cửa hàng Hugo Boss,Hugo Boss,brand:hugo_boss,"[""retail""]",BRAND,brand:hugo_boss:retail,FAMILY_NAMESPACE,BRAND_NAMESPACE,brand_namespace_form,CLEAN,lang_mixed,authored,manual_brand_authored_v1
brandq1-00124-v03,Hugo Bss,Hugo Boss,brand:hugo_boss,"[""retail""]",BRAND,brand:hugo_boss:retail,FAMILY_NAMESPACE,BRAND_MECHANICAL_TYPO,brand_mechanical_typo,SINGLE,lang_en,authored,manual_brand_authored_v1
brandq1-00125-v01,Hyatt Regency,Hyatt Regency,brand:hyatt_regency,"[""hotel""]",BRAND,brand:hyatt_regency:hotel,FAMILY_NAMESPACE,BRAND_CANONICAL,brand_canonical,CLEAN,lang_en,authored,manual_brand_authored_v1
brandq1-00125-v02,khách sạn Hyatt Regency,Hyatt Regency,brand:hyatt_regency,"[""hotel""]",BRAND,brand:hyatt_regency:hotel,FAMILY_NAMESPACE,BRAND_NAMESPACE,brand_namespace_form,CLEAN,lang_mixed,authored,manual_brand_authored_v1
brandq1-00125-v03,Hyatt Regnecy,Hyatt Regency,brand:hyatt_regency,"[""hotel""]",BRAND,brand:hyatt_regency:hotel,FAMILY_NAMESPACE,BRAND_MECHANICAL_TYPO,brand_mechanical_typo,SINGLE,lang_en,authored,manual_brand_authored_v1
brandq1-00126-v01,Hyundai,Hyundai,brand:hyundai,"[""retail""]",BRAND,brand:hyundai:retail,FAMILY_NAMESPACE,BRAND_CANONICAL,brand_canonical,CLEAN,lang_en,authored,manual_brand_authored_v1
brandq1-00126-v02,cửa hàng Hyundai,Hyundai,brand:hyundai,"[""retail""]",BRAND,brand:hyundai:retail,FAMILY_NAMESPACE,BRAND_NAMESPACE,brand_namespace_form,CLEAN,lang_mixed,authored,manual_brand_authored_v1
brandq1-00126-v03,Huyndai,Hyundai,brand:hyundai,"[""retail""]",BRAND,brand:hyundai:retail,FAMILY_NAMESPACE,BRAND_MECHANICAL_TYPO,brand_mechanical_typo,SINGLE,lang_en,authored,manual_brand_authored_v1
brandq1-00127-v01,Ibis,Ibis,brand:ibis,"[""hotel""]",BRAND,brand:ibis:hotel,FAMILY_NAMESPACE,BRAND_CANONICAL,brand_canonical,CLEAN,lang_en,authored,manual_brand_authored_v1
brandq1-00127-v02,khách sạn Ibis,Ibis,brand:ibis,"[""hotel""]",BRAND,brand:ibis:hotel,FAMILY_NAMESPACE,BRAND_NAMESPACE,brand_namespace_form,CLEAN,lang_mixed,authored,manual_brand_authored_v1
brandq1-00127-v03,Iibs,Ibis,brand:ibis,"[""hotel""]",BRAND,brand:ibis:hotel,FAMILY_NAMESPACE,BRAND_MECHANICAL_TYPO,brand_mechanical_typo,SINGLE,lang_en,authored,manual_brand_authored_v1
brandq1-00128-v01,Independant,Independant,brand:independant,"[""fuel""]",BRAND,brand:independant:fuel,FAMILY_NAMESPACE,BRAND_CANONICAL,brand_canonical,CLEAN,lang_en,authored,manual_brand_authored_v1
brandq1-00128-v02,cây xăng Independant,Independant,brand:independant,"[""fuel""]",BRAND,brand:independant:fuel,FAMILY_NAMESPACE,BRAND_NAMESPACE,brand_namespace_form,CLEAN,lang_mixed,authored,manual_brand_authored_v1
brandq1-00128-v03,Indepednant,Independant,brand:independant,"[""fuel""]",BRAND,brand:independant:fuel,FAMILY_NAMESPACE,BRAND_MECHANICAL_TYPO,brand_mechanical_typo,SINGLE,lang_en,authored,manual_brand_authored_v1
brandq1-00129-v01,InterContinental,InterContinental,brand:intercontinental,"[""hotel""]",BRAND,brand:intercontinental:hotel,FAMILY_NAMESPACE,BRAND_CANONICAL,brand_canonical,CLEAN,lang_en,authored,manual_brand_authored_v1
brandq1-00129-v02,khách sạn InterContinental,InterContinental,brand:intercontinental,"[""hotel""]",BRAND,brand:intercontinental:hotel,FAMILY_NAMESPACE,BRAND_NAMESPACE,brand_namespace_form,CLEAN,lang_mixed,authored,manual_brand_authored_v1
brandq1-00129-v03,InterContinetnal,InterContinental,brand:intercontinental,"[""hotel""]",BRAND,brand:intercontinental:hotel,FAMILY_NAMESPACE,BRAND_MECHANICAL_TYPO,brand_mechanical_typo,SINGLE,lang_en,authored,manual_brand_authored_v1
brandq1-00130-v01,Ippudo,Ippudo,brand:ippudo,"[""restaurant""]",BRAND,brand:ippudo:restaurant,FAMILY_NAMESPACE,BRAND_CANONICAL,brand_canonical,CLEAN,lang_en,authored,manual_brand_authored_v1
brandq1-00130-v02,nhà hàng Ippudo,Ippudo,brand:ippudo,"[""restaurant""]",BRAND,brand:ippudo:restaurant,FAMILY_NAMESPACE,BRAND_NAMESPACE,brand_namespace_form,CLEAN,lang_mixed,authored,manual_brand_authored_v1
brandq1-00130-v03,Ippduo,Ippudo,brand:ippudo,"[""restaurant""]",BRAND,brand:ippudo:restaurant,FAMILY_NAMESPACE,BRAND_MECHANICAL_TYPO,brand_mechanical_typo,SINGLE,lang_en,authored,manual_brand_authored_v1
brandq1-00131-v01,Jaguar,Jaguar,brand:jaguar,"[""retail""]",BRAND,brand:jaguar:retail,FAMILY_NAMESPACE,BRAND_CANONICAL,brand_canonical,CLEAN,lang_en,authored,manual_brand_authored_v1
brandq1-00131-v02,cửa hàng Jaguar,Jaguar,brand:jaguar,"[""retail""]",BRAND,brand:jaguar:retail,FAMILY_NAMESPACE,BRAND_NAMESPACE,brand_namespace_form,CLEAN,lang_mixed,authored,manual_brand_authored_v1
brandq1-00131-v03,Jaugar,Jaguar,brand:jaguar,"[""retail""]",BRAND,brand:jaguar:retail,FAMILY_NAMESPACE,BRAND_MECHANICAL_TYPO,brand_mechanical_typo,SINGLE,lang_en,authored,manual_brand_authored_v1
brandq1-00132-v01,Jollibee,Jollibee,brand:jollibee,"[""restaurant""]",BRAND,brand:jollibee:restaurant,FAMILY_NAMESPACE,BRAND_CANONICAL,brand_canonical,CLEAN,lang_en,authored,manual_brand_authored_v1
brandq1-00132-v02,nhà hàng Jollibee,Jollibee,brand:jollibee,"[""restaurant""]",BRAND,brand:jollibee:restaurant,FAMILY_NAMESPACE,BRAND_NAMESPACE,brand_namespace_form,CLEAN,lang_mixed,authored,manual_brand_authored_v1
brandq1-00132-v03,Jollbiee,Jollibee,brand:jollibee,"[""restaurant""]",BRAND,brand:jollibee:restaurant,FAMILY_NAMESPACE,BRAND_MECHANICAL_TYPO,brand_mechanical_typo,SINGLE,lang_en,authored,manual_brand_authored_v1
brandq1-00133-v01,JW Marriott,JW Marriott,brand:jw_marriott,"[""hotel""]",BRAND,brand:jw_marriott:hotel,FAMILY_NAMESPACE,BRAND_CANONICAL,brand_canonical,CLEAN,lang_en,authored,manual_brand_authored_v1
brandq1-00133-v02,khách sạn JW Marriott,JW Marriott,brand:jw_marriott,"[""hotel""]",BRAND,brand:jw_marriott:hotel,FAMILY_NAMESPACE,BRAND_NAMESPACE,brand_namespace_form,CLEAN,lang_mixed,authored,manual_brand_authored_v1
brandq1-00133-v03,JW Marriot,JW Marriott,brand:jw_marriott,"[""hotel""]",BRAND,brand:jw_marriott:hotel,FAMILY_NAMESPACE,BRAND_MECHANICAL_TYPO,brand_mechanical_typo,SINGLE,lang_en,authored,manual_brand_authored_v1
brandq1-00134-v01,JYSK,JYSK,brand:jysk,"[""retail""]",BRAND,brand:jysk:retail,FAMILY_NAMESPACE,BRAND_CANONICAL,brand_canonical,CLEAN,lang_en,authored,manual_brand_authored_v1
brandq1-00134-v02,cửa hàng JYSK,JYSK,brand:jysk,"[""retail""]",BRAND,brand:jysk:retail,FAMILY_NAMESPACE,BRAND_NAMESPACE,brand_namespace_form,CLEAN,lang_mixed,authored,manual_brand_authored_v1
brandq1-00135-v01,cửa hàng tiện lợi K-Market,cửa hàng tiện lợi K-Market,brand:k_market,"[""convenience_store""]",BRAND,brand:k_market:convenience_store,FAMILY_NAMESPACE,BRAND_CANONICAL,brand_canonical,CLEAN,lang_mixed,authored,manual_brand_authored_v1
brandq1-00135-v02,K-Market cửa hàng tiện lợi,cửa hàng tiện lợi K-Market,brand:k_market,"[""convenience_store""]",BRAND,brand:k_market:convenience_store,FAMILY_NAMESPACE,BRAND_NAMESPACE,brand_namespace_form,CLEAN,lang_mixed,authored,manual_brand_authored_v1
brandq1-00135-v03,cửa hàng tiện lợi K Market,cửa hàng tiện lợi K-Market,brand:k_market,"[""convenience_store""]",BRAND,brand:k_market:convenience_store,FAMILY_NAMESPACE,BRAND_CASE_PUNCT,brand_case_punct,SINGLE,lang_mixed,authored,manual_brand_authored_v1
brandq1-00136-v01,siêu thị K-Market,siêu thị K-Market,brand:k_market,"[""supermarket""]",BRAND,brand:k_market:supermarket,FAMILY_NAMESPACE,BRAND_CANONICAL,brand_canonical,CLEAN,lang_mixed,authored,manual_brand_authored_v1
brandq1-00136-v02,K-Market siêu thị,siêu thị K-Market,brand:k_market,"[""supermarket""]",BRAND,brand:k_market:supermarket,FAMILY_NAMESPACE,BRAND_NAMESPACE,brand_namespace_form,CLEAN,lang_mixed,authored,manual_brand_authored_v1
brandq1-00136-v03,sieu thi K-Market,siêu thị K-Market,brand:k_market,"[""supermarket""]",BRAND,brand:k_market:supermarket,FAMILY_NAMESPACE,BRAND_ORTHOGRAPHIC_IME,brand_orthographic_ime,SINGLE,lang_mixed,authored,manual_brand_authored_v1
brandq1-00137-v01,cửa hàng tiện lợi K Mart,cửa hàng tiện lợi K Mart,brand:k_mart,"[""convenience_store""]",BRAND,brand:k_mart:convenience_store,FAMILY_NAMESPACE,BRAND_CANONICAL,brand_canonical,CLEAN,lang_mixed,authored,manual_brand_authored_v1
brandq1-00137-v02,K Mart cửa hàng tiện lợi,cửa hàng tiện lợi K Mart,brand:k_mart,"[""convenience_store""]",BRAND,brand:k_mart:convenience_store,FAMILY_NAMESPACE,BRAND_NAMESPACE,brand_namespace_form,CLEAN,lang_mixed,authored,manual_brand_authored_v1
brandq1-00137-v03,cua hang tien loi K Mart,cửa hàng tiện lợi K Mart,brand:k_mart,"[""convenience_store""]",BRAND,brand:k_mart:convenience_store,FAMILY_NAMESPACE,BRAND_ORTHOGRAPHIC_IME,brand_orthographic_ime,SINGLE,lang_mixed,authored,manual_brand_authored_v1
brandq1-00138-v01,siêu thị K Mart,siêu thị K Mart,brand:k_mart,"[""supermarket""]",BRAND,brand:k_mart:supermarket,FAMILY_NAMESPACE,BRAND_CANONICAL,brand_canonical,CLEAN,lang_mixed,authored,manual_brand_authored_v1
brandq1-00138-v02,K Mart siêu thị,siêu thị K Mart,brand:k_mart,"[""supermarket""]",BRAND,brand:k_mart:supermarket,FAMILY_NAMESPACE,BRAND_NAMESPACE,brand_namespace_form,CLEAN,lang_mixed,authored,manual_brand_authored_v1
brandq1-00138-v03,sieu thi K Mart,siêu thị K Mart,brand:k_mart,"[""supermarket""]",BRAND,brand:k_mart:supermarket,FAMILY_NAMESPACE,BRAND_ORTHOGRAPHIC_IME,brand_orthographic_ime,SINGLE,lang_mixed,authored,manual_brand_authored_v1
brandq1-00139-v01,KAI Coffee,KAI Coffee,brand:kai_coffee,"[""cafe""]",BRAND,brand:kai_coffee:cafe,FAMILY_NAMESPACE,BRAND_CANONICAL,brand_canonical,CLEAN,lang_en,authored,manual_brand_authored_v1
brandq1-00139-v02,cà phê KAI Coffee,KAI Coffee,brand:kai_coffee,"[""cafe""]",BRAND,brand:kai_coffee:cafe,FAMILY_NAMESPACE,BRAND_NAMESPACE,brand_namespace_form,CLEAN,lang_mixed,authored,manual_brand_authored_v1
brandq1-00139-v03,KAI Cofefe,KAI Coffee,brand:kai_coffee,"[""cafe""]",BRAND,brand:kai_coffee:cafe,FAMILY_NAMESPACE,BRAND_MECHANICAL_TYPO,brand_mechanical_typo,SINGLE,lang_en,authored,manual_brand_authored_v1
brandq1-00140-v01,KFC,KFC,brand:kfc,"[""restaurant""]",BRAND,brand:kfc:restaurant,FAMILY_NAMESPACE,BRAND_CANONICAL,brand_canonical,CLEAN,lang_en,authored,manual_brand_authored_v1
brandq1-00140-v02,nhà hàng KFC,KFC,brand:kfc,"[""restaurant""]",BRAND,brand:kfc:restaurant,FAMILY_NAMESPACE,BRAND_NAMESPACE,brand_namespace_form,CLEAN,lang_mixed,authored,manual_brand_authored_v1
brandq1-00141-v01,Kia,Kia,brand:kia,"[""retail""]",BRAND,brand:kia:retail,FAMILY_NAMESPACE,BRAND_CANONICAL,brand_canonical,CLEAN,lang_en,authored,manual_brand_authored_v1
brandq1-00141-v02,cửa hàng Kia,Kia,brand:kia,"[""retail""]",BRAND,brand:kia:retail,FAMILY_NAMESPACE,BRAND_NAMESPACE,brand_namespace_form,CLEAN,lang_mixed,authored,manual_brand_authored_v1
brandq1-00142-v01,Kienlongbank ATM,Kienlongbank ATM,brand:kienlongbank,"[""atm""]",BRAND,brand:kienlongbank:atm,FAMILY_NAMESPACE,BRAND_CANONICAL,brand_canonical,CLEAN,lang_en,authored,manual_brand_authored_v1
brandq1-00142-v02,ATM Kienlongbank,Kienlongbank ATM,brand:kienlongbank,"[""atm""]",BRAND,brand:kienlongbank:atm,FAMILY_NAMESPACE,BRAND_NAMESPACE,brand_namespace_form,CLEAN,lang_en,authored,manual_brand_authored_v1
brandq1-00142-v03,Kienlognbank ATM,Kienlongbank ATM,brand:kienlongbank,"[""atm""]",BRAND,brand:kienlongbank:atm,FAMILY_NAMESPACE,BRAND_MECHANICAL_TYPO,brand_mechanical_typo,SINGLE,lang_en,authored,manual_brand_authored_v1
brandq1-00143-v01,ngân hàng Kienlongbank,ngân hàng Kienlongbank,brand:kienlongbank,"[""bank""]",BRAND,brand:kienlongbank:bank,FAMILY_NAMESPACE,BRAND_CANONICAL,brand_canonical,CLEAN,lang_mixed,authored,manual_brand_authored_v1
brandq1-00143-v02,Kienlongbank ngân hàng,ngân hàng Kienlongbank,brand:kienlongbank,"[""bank""]",BRAND,brand:kienlongbank:bank,FAMILY_NAMESPACE,BRAND_NAMESPACE,brand_namespace_form,CLEAN,lang_mixed,authored,manual_brand_authored_v1
brandq1-00143-v03,ngan hang Kienlongbank,ngân hàng Kienlongbank,brand:kienlongbank,"[""bank""]",BRAND,brand:kienlongbank:bank,FAMILY_NAMESPACE,BRAND_ORTHOGRAPHIC_IME,brand_orthographic_ime,SINGLE,lang_mixed,authored,manual_brand_authored_v1
brandq1-00143-v04,ngân hàng Kienlognbank,ngân hàng Kienlongbank,brand:kienlongbank,"[""bank""]",BRAND,brand:kienlongbank:bank,FAMILY_NAMESPACE,BRAND_MECHANICAL_TYPO,brand_mechanical_typo,SINGLE,lang_mixed,authored,manual_brand_authored_v1
brandq1-00144-v01,King BBQ,King BBQ,brand:king_bbq,"[""restaurant""]",BRAND,brand:king_bbq:restaurant,FAMILY_NAMESPACE,BRAND_CANONICAL,brand_canonical,CLEAN,lang_en,authored,manual_brand_authored_v1
brandq1-00144-v02,nhà hàng King BBQ,King BBQ,brand:king_bbq,"[""restaurant""]",BRAND,brand:king_bbq:restaurant,FAMILY_NAMESPACE,BRAND_NAMESPACE,brand_namespace_form,CLEAN,lang_mixed,authored,manual_brand_authored_v1
brandq1-00144-v03,King BQB,King BBQ,brand:king_bbq,"[""restaurant""]",BRAND,brand:king_bbq:restaurant,FAMILY_NAMESPACE,BRAND_MECHANICAL_TYPO,brand_mechanical_typo,SINGLE,lang_en,authored,manual_brand_authored_v1
brandq1-00145-v01,KTC,KTC,brand:ktc,"[""fuel""]",BRAND,brand:ktc:fuel,FAMILY_NAMESPACE,BRAND_CANONICAL,brand_canonical,CLEAN,lang_en,authored,manual_brand_authored_v1
brandq1-00145-v02,cây xăng KTC,KTC,brand:ktc,"[""fuel""]",BRAND,brand:ktc:fuel,FAMILY_NAMESPACE,BRAND_NAMESPACE,brand_namespace_form,CLEAN,lang_mixed,authored,manual_brand_authored_v1
brandq1-00146-v01,KTM,KTM,brand:ktm,"[""retail""]",BRAND,brand:ktm:retail,FAMILY_NAMESPACE,BRAND_CANONICAL,brand_canonical,CLEAN,lang_en,authored,manual_brand_authored_v1
brandq1-00146-v02,cửa hàng KTM,KTM,brand:ktm,"[""retail""]",BRAND,brand:ktm:retail,FAMILY_NAMESPACE,BRAND_NAMESPACE,brand_namespace_form,CLEAN,lang_mixed,authored,manual_brand_authored_v1
brandq1-00147-v01,Levi's,Levi's,brand:levi_s,"[""retail""]",BRAND,brand:levi_s:retail,FAMILY_NAMESPACE,BRAND_CANONICAL,brand_canonical,CLEAN,lang_en,authored,manual_brand_authored_v1
brandq1-00147-v02,cửa hàng Levi's,Levi's,brand:levi_s,"[""retail""]",BRAND,brand:levi_s:retail,FAMILY_NAMESPACE,BRAND_NAMESPACE,brand_namespace_form,CLEAN,lang_mixed,authored,manual_brand_authored_v1
brandq1-00147-v03,Levis,Levi's,brand:levi_s,"[""retail""]",BRAND,brand:levi_s:retail,FAMILY_NAMESPACE,BRAND_CASE_PUNCT,brand_case_punct,SINGLE,lang_en,authored,manual_brand_authored_v1
brandq1-00148-v01,Lexus,Lexus,brand:lexus,"[""retail""]",BRAND,brand:lexus:retail,FAMILY_NAMESPACE,BRAND_CANONICAL,brand_canonical,CLEAN,lang_en,authored,manual_brand_authored_v1
brandq1-00148-v02,cửa hàng Lexus,Lexus,brand:lexus,"[""retail""]",BRAND,brand:lexus:retail,FAMILY_NAMESPACE,BRAND_NAMESPACE,brand_namespace_form,CLEAN,lang_mixed,authored,manual_brand_authored_v1
brandq1-00148-v03,Lxeus,Lexus,brand:lexus,"[""retail""]",BRAND,brand:lexus:retail,FAMILY_NAMESPACE,BRAND_MECHANICAL_TYPO,brand_mechanical_typo,SINGLE,lang_en,authored,manual_brand_authored_v1
brandq1-00149-v01,Lock & Lock,Lock & Lock,brand:lock_lock,"[""retail""]",BRAND,brand:lock_lock:retail,FAMILY_NAMESPACE,BRAND_CANONICAL,brand_canonical,CLEAN,lang_en,authored,manual_brand_authored_v1
brandq1-00149-v02,cửa hàng Lock & Lock,Lock & Lock,brand:lock_lock,"[""retail""]",BRAND,brand:lock_lock:retail,FAMILY_NAMESPACE,BRAND_NAMESPACE,brand_namespace_form,CLEAN,lang_mixed,authored,manual_brand_authored_v1
brandq1-00149-v03,Lock Lock,Lock & Lock,brand:lock_lock,"[""retail""]",BRAND,brand:lock_lock:retail,FAMILY_NAMESPACE,BRAND_CASE_PUNCT,brand_case_punct,SINGLE,lang_en,authored,manual_brand_authored_v1
brandq1-00150-v01,Long Châu,Long Châu,brand:long_chau,"[""pharmacy""]",BRAND,brand:long_chau:pharmacy,FAMILY_NAMESPACE,BRAND_CANONICAL,brand_canonical,CLEAN,lang_vi,authored,manual_brand_authored_v1
brandq1-00150-v02,nhà thuốc Long Châu,Long Châu,brand:long_chau,"[""pharmacy""]",BRAND,brand:long_chau:pharmacy,FAMILY_NAMESPACE,BRAND_NAMESPACE,brand_namespace_form,CLEAN,lang_vi,authored,manual_brand_authored_v1
brandq1-00150-v03,Long Chau,Long Châu,brand:long_chau,"[""pharmacy""]",BRAND,brand:long_chau:pharmacy,FAMILY_NAMESPACE,BRAND_ORTHOGRAPHIC_IME,brand_orthographic_ime,SINGLE,lang_vi,authored,manual_brand_authored_v1
brandq1-00150-v04,Long Câhu,Long Châu,brand:long_chau,"[""pharmacy""]",BRAND,brand:long_chau:pharmacy,FAMILY_NAMESPACE,BRAND_MECHANICAL_TYPO,brand_mechanical_typo,SINGLE,lang_vi,authored,manual_brand_authored_v1
brandq1-00151-v01,Lotte Department Store,Lotte Department Store,brand:lotte_department_store,"[""retail""]",BRAND,brand:lotte_department_store:retail,FAMILY_NAMESPACE,BRAND_CANONICAL,brand_canonical,CLEAN,lang_en,authored,manual_brand_authored_v1
brandq1-00151-v02,cửa hàng Lotte Department Store,Lotte Department Store,brand:lotte_department_store,"[""retail""]",BRAND,brand:lotte_department_store:retail,FAMILY_NAMESPACE,BRAND_NAMESPACE,brand_namespace_form,CLEAN,lang_mixed,authored,manual_brand_authored_v1
brandq1-00151-v03,Lotte Departmnet Store,Lotte Department Store,brand:lotte_department_store,"[""retail""]",BRAND,brand:lotte_department_store:retail,FAMILY_NAMESPACE,BRAND_MECHANICAL_TYPO,brand_mechanical_typo,SINGLE,lang_en,authored,manual_brand_authored_v1
brandq1-00152-v01,Lotte Hotels & Resorts,Lotte Hotels & Resorts,brand:lotte_hotels_resorts,"[""hotel""]",BRAND,brand:lotte_hotels_resorts:hotel,FAMILY_NAMESPACE,BRAND_CANONICAL,brand_canonical,CLEAN,lang_en,authored,manual_brand_authored_v1
brandq1-00152-v02,khách sạn Lotte Hotels & Resorts,Lotte Hotels & Resorts,brand:lotte_hotels_resorts,"[""hotel""]",BRAND,brand:lotte_hotels_resorts:hotel,FAMILY_NAMESPACE,BRAND_NAMESPACE,brand_namespace_form,CLEAN,lang_mixed,authored,manual_brand_authored_v1
brandq1-00152-v03,Lotte Hotels Resorts,Lotte Hotels & Resorts,brand:lotte_hotels_resorts,"[""hotel""]",BRAND,brand:lotte_hotels_resorts:hotel,FAMILY_NAMESPACE,BRAND_CASE_PUNCT,brand_case_punct,SINGLE,lang_en,authored,manual_brand_authored_v1
brandq1-00153-v01,Lotteria,Lotteria,brand:lotteria,"[""restaurant""]",BRAND,brand:lotteria:restaurant,FAMILY_NAMESPACE,BRAND_CANONICAL,brand_canonical,CLEAN,lang_en,authored,manual_brand_authored_v1
brandq1-00153-v02,nhà hàng Lotteria,Lotteria,brand:lotteria,"[""restaurant""]",BRAND,brand:lotteria:restaurant,FAMILY_NAMESPACE,BRAND_NAMESPACE,brand_namespace_form,CLEAN,lang_mixed,authored,manual_brand_authored_v1
brandq1-00153-v03,Lottreia,Lotteria,brand:lotteria,"[""restaurant""]",BRAND,brand:lotteria:restaurant,FAMILY_NAMESPACE,BRAND_MECHANICAL_TYPO,brand_mechanical_typo,SINGLE,lang_en,authored,manual_brand_authored_v1
brandq1-00154-v01,Loving Hut,Loving Hut,brand:loving_hut,"[""restaurant""]",BRAND,brand:loving_hut:restaurant,FAMILY_NAMESPACE,BRAND_CANONICAL,brand_canonical,CLEAN,lang_en,authored,manual_brand_authored_v1
brandq1-00154-v02,nhà hàng Loving Hut,Loving Hut,brand:loving_hut,"[""restaurant""]",BRAND,brand:loving_hut:restaurant,FAMILY_NAMESPACE,BRAND_NAMESPACE,brand_namespace_form,CLEAN,lang_mixed,authored,manual_brand_authored_v1
brandq1-00154-v03,Loving Htu,Loving Hut,brand:loving_hut,"[""restaurant""]",BRAND,brand:loving_hut:restaurant,FAMILY_NAMESPACE,BRAND_MECHANICAL_TYPO,brand_mechanical_typo,SINGLE,lang_en,authored,manual_brand_authored_v1
brandq1-00155-v01,LPBank,LPBank,brand:lpbank,"[""bank""]",BRAND,brand:lpbank:bank,FAMILY_NAMESPACE,BRAND_CANONICAL,brand_canonical,CLEAN,lang_en,authored,manual_brand_authored_v1
brandq1-00155-v02,ngân hàng LPBank,LPBank,brand:lpbank,"[""bank""]",BRAND,brand:lpbank:bank,FAMILY_NAMESPACE,BRAND_NAMESPACE,brand_namespace_form,CLEAN,lang_mixed,authored,manual_brand_authored_v1
brandq1-00155-v03,LP Bank,LPBank,brand:lpbank,"[""bank""]",BRAND,brand:lpbank:bank,FAMILY_NAMESPACE,BRAND_SPACE_VARIANT,brand_space_variant,SINGLE,lang_en,authored,manual_brand_authored_v1
brandq1-00156-v01,Lush,Lush,brand:lush,"[""retail""]",BRAND,brand:lush:retail,FAMILY_NAMESPACE,BRAND_CANONICAL,brand_canonical,CLEAN,lang_en,authored,manual_brand_authored_v1
brandq1-00156-v02,cửa hàng Lush,Lush,brand:lush,"[""retail""]",BRAND,brand:lush:retail,FAMILY_NAMESPACE,BRAND_NAMESPACE,brand_namespace_form,CLEAN,lang_mixed,authored,manual_brand_authored_v1
brandq1-00156-v03,Luhs,Lush,brand:lush,"[""retail""]",BRAND,brand:lush:retail,FAMILY_NAMESPACE,BRAND_MECHANICAL_TYPO,brand_mechanical_typo,SINGLE,lang_en,authored,manual_brand_authored_v1
brandq1-00157-v01,Mango,Mango,brand:mango,"[""retail""]",BRAND,brand:mango:retail,FAMILY_NAMESPACE,BRAND_CANONICAL,brand_canonical,CLEAN,lang_en,authored,manual_brand_authored_v1
brandq1-00157-v02,cửa hàng Mango,Mango,brand:mango,"[""retail""]",BRAND,brand:mango:retail,FAMILY_NAMESPACE,BRAND_NAMESPACE,brand_namespace_form,CLEAN,lang_mixed,authored,manual_brand_authored_v1
brandq1-00157-v03,Mnago,Mango,brand:mango,"[""retail""]",BRAND,brand:mango:retail,FAMILY_NAMESPACE,BRAND_MECHANICAL_TYPO,brand_mechanical_typo,SINGLE,lang_en,authored,manual_brand_authored_v1
brandq1-00158-v01,Maritime Bank ATM,Maritime Bank ATM,brand:maritime_bank,"[""atm""]",BRAND,brand:maritime_bank:atm,FAMILY_NAMESPACE,BRAND_CANONICAL,brand_canonical,CLEAN,lang_en,authored,manual_brand_authored_v1
brandq1-00158-v02,ATM Maritime Bank,Maritime Bank ATM,brand:maritime_bank,"[""atm""]",BRAND,brand:maritime_bank:atm,FAMILY_NAMESPACE,BRAND_NAMESPACE,brand_namespace_form,CLEAN,lang_en,authored,manual_brand_authored_v1
brandq1-00158-v03,Maritime Bnak ATM,Maritime Bank ATM,brand:maritime_bank,"[""atm""]",BRAND,brand:maritime_bank:atm,FAMILY_NAMESPACE,BRAND_MECHANICAL_TYPO,brand_mechanical_typo,SINGLE,lang_en,authored,manual_brand_authored_v1
brandq1-00159-v01,ngân hàng Maritime Bank,ngân hàng Maritime Bank,brand:maritime_bank,"[""bank""]",BRAND,brand:maritime_bank:bank,FAMILY_NAMESPACE,BRAND_CANONICAL,brand_canonical,CLEAN,lang_mixed,authored,manual_brand_authored_v1
brandq1-00159-v02,Maritime Bank ngân hàng,ngân hàng Maritime Bank,brand:maritime_bank,"[""bank""]",BRAND,brand:maritime_bank:bank,FAMILY_NAMESPACE,BRAND_NAMESPACE,brand_namespace_form,CLEAN,lang_mixed,authored,manual_brand_authored_v1
brandq1-00159-v03,ngan hang Maritime Bank,ngân hàng Maritime Bank,brand:maritime_bank,"[""bank""]",BRAND,brand:maritime_bank:bank,FAMILY_NAMESPACE,BRAND_ORTHOGRAPHIC_IME,brand_orthographic_ime,SINGLE,lang_mixed,authored,manual_brand_authored_v1
brandq1-00160-v01,Marriott,Marriott,brand:marriott,"[""hotel""]",BRAND,brand:marriott:hotel,FAMILY_NAMESPACE,BRAND_CANONICAL,brand_canonical,CLEAN,lang_en,authored,manual_brand_authored_v1
brandq1-00160-v02,khách sạn Marriott,Marriott,brand:marriott,"[""hotel""]",BRAND,brand:marriott:hotel,FAMILY_NAMESPACE,BRAND_NAMESPACE,brand_namespace_form,CLEAN,lang_mixed,authored,manual_brand_authored_v1
brandq1-00160-v03,Marriot,Marriott,brand:marriott,"[""hotel""]",BRAND,brand:marriott:hotel,FAMILY_NAMESPACE,BRAND_MECHANICAL_TYPO,brand_mechanical_typo,SINGLE,lang_en,authored,manual_brand_authored_v1
brandq1-00161-v01,Marugame Seimen,Marugame Seimen,brand:marugame_seimen,"[""restaurant""]",BRAND,brand:marugame_seimen:restaurant,FAMILY_NAMESPACE,BRAND_CANONICAL,brand_canonical,CLEAN,lang_en,authored,manual_brand_authored_v1
brandq1-00161-v02,nhà hàng Marugame Seimen,Marugame Seimen,brand:marugame_seimen,"[""restaurant""]",BRAND,brand:marugame_seimen:restaurant,FAMILY_NAMESPACE,BRAND_NAMESPACE,brand_namespace_form,CLEAN,lang_mixed,authored,manual_brand_authored_v1
brandq1-00161-v03,Marugame Siemen,Marugame Seimen,brand:marugame_seimen,"[""restaurant""]",BRAND,brand:marugame_seimen:restaurant,FAMILY_NAMESPACE,BRAND_MECHANICAL_TYPO,brand_mechanical_typo,SINGLE,lang_en,authored,manual_brand_authored_v1
brandq1-00162-v01,Mazda,Mazda,brand:mazda,"[""retail""]",BRAND,brand:mazda:retail,FAMILY_NAMESPACE,BRAND_CANONICAL,brand_canonical,CLEAN,lang_en,authored,manual_brand_authored_v1
brandq1-00162-v02,cửa hàng Mazda,Mazda,brand:mazda,"[""retail""]",BRAND,brand:mazda:retail,FAMILY_NAMESPACE,BRAND_NAMESPACE,brand_namespace_form,CLEAN,lang_mixed,authored,manual_brand_authored_v1
brandq1-00162-v03,Mzada,Mazda,brand:mazda,"[""retail""]",BRAND,brand:mazda:retail,FAMILY_NAMESPACE,BRAND_MECHANICAL_TYPO,brand_mechanical_typo,SINGLE,lang_en,authored,manual_brand_authored_v1
brandq1-00163-v01,MB ATM,MB ATM,brand:mb,"[""atm""]",BRAND,brand:mb:atm,FAMILY_NAMESPACE,BRAND_CANONICAL,brand_canonical,CLEAN,lang_en,authored,manual_brand_authored_v1
brandq1-00163-v02,ATM MB,MB ATM,brand:mb,"[""atm""]",BRAND,brand:mb:atm,FAMILY_NAMESPACE,BRAND_NAMESPACE,brand_namespace_form,CLEAN,lang_en,authored,manual_brand_authored_v1
brandq1-00164-v01,ngân hàng MB,ngân hàng MB,brand:mb,"[""bank""]",BRAND,brand:mb:bank,FAMILY_NAMESPACE,BRAND_CANONICAL,brand_canonical,CLEAN,lang_mixed,authored,manual_brand_authored_v1
brandq1-00164-v02,MB ngân hàng,ngân hàng MB,brand:mb,"[""bank""]",BRAND,brand:mb:bank,FAMILY_NAMESPACE,BRAND_NAMESPACE,brand_namespace_form,CLEAN,lang_mixed,authored,manual_brand_authored_v1
brandq1-00164-v03,ngan hang MB,ngân hàng MB,brand:mb,"[""bank""]",BRAND,brand:mb:bank,FAMILY_NAMESPACE,BRAND_ORTHOGRAPHIC_IME,brand_orthographic_ime,SINGLE,lang_mixed,authored,manual_brand_authored_v1
brandq1-00165-v01,MBBank ATM,MBBank ATM,brand:mbbank,"[""atm""]",BRAND,brand:mbbank:atm,FAMILY_NAMESPACE,BRAND_CANONICAL,brand_canonical,CLEAN,lang_en,authored,manual_brand_authored_v1
brandq1-00165-v02,ATM MBBank,MBBank ATM,brand:mbbank,"[""atm""]",BRAND,brand:mbbank:atm,FAMILY_NAMESPACE,BRAND_NAMESPACE,brand_namespace_form,CLEAN,lang_en,authored,manual_brand_authored_v1
brandq1-00165-v03,MBBnak ATM,MBBank ATM,brand:mbbank,"[""atm""]",BRAND,brand:mbbank:atm,FAMILY_NAMESPACE,BRAND_MECHANICAL_TYPO,brand_mechanical_typo,SINGLE,lang_en,authored,manual_brand_authored_v1
brandq1-00166-v01,ngân hàng MBBank,ngân hàng MBBank,brand:mbbank,"[""bank""]",BRAND,brand:mbbank:bank,FAMILY_NAMESPACE,BRAND_CANONICAL,brand_canonical,CLEAN,lang_mixed,authored,manual_brand_authored_v1
brandq1-00166-v02,MBBank ngân hàng,ngân hàng MBBank,brand:mbbank,"[""bank""]",BRAND,brand:mbbank:bank,FAMILY_NAMESPACE,BRAND_NAMESPACE,brand_namespace_form,CLEAN,lang_mixed,authored,manual_brand_authored_v1
brandq1-00166-v03,ngan hang MBBank,ngân hàng MBBank,brand:mbbank,"[""bank""]",BRAND,brand:mbbank:bank,FAMILY_NAMESPACE,BRAND_ORTHOGRAPHIC_IME,brand_orthographic_ime,SINGLE,lang_mixed,authored,manual_brand_authored_v1
brandq1-00166-v04,ngân hàng MBBnak,ngân hàng MBBank,brand:mbbank,"[""bank""]",BRAND,brand:mbbank:bank,FAMILY_NAMESPACE,BRAND_MECHANICAL_TYPO,brand_mechanical_typo,SINGLE,lang_mixed,authored,manual_brand_authored_v1
brandq1-00167-v01,MBV,MBV,brand:mbv,"[""bank""]",BRAND,brand:mbv:bank,FAMILY_NAMESPACE,BRAND_CANONICAL,brand_canonical,CLEAN,lang_en,authored,manual_brand_authored_v1
brandq1-00167-v02,ngân hàng MBV,MBV,brand:mbv,"[""bank""]",BRAND,brand:mbv:bank,FAMILY_NAMESPACE,BRAND_NAMESPACE,brand_namespace_form,CLEAN,lang_mixed,authored,manual_brand_authored_v1
brandq1-00168-v01,McDonald's,McDonald's,brand:mcdonald_s,"[""restaurant""]",BRAND,brand:mcdonald_s:restaurant,FAMILY_NAMESPACE,BRAND_CANONICAL,brand_canonical,CLEAN,lang_en,authored,manual_brand_authored_v1
brandq1-00168-v02,nhà hàng McDonald's,McDonald's,brand:mcdonald_s,"[""restaurant""]",BRAND,brand:mcdonald_s:restaurant,FAMILY_NAMESPACE,BRAND_NAMESPACE,brand_namespace_form,CLEAN,lang_mixed,authored,manual_brand_authored_v1
brandq1-00168-v03,McDonalds,McDonald's,brand:mcdonald_s,"[""restaurant""]",BRAND,brand:mcdonald_s:restaurant,FAMILY_NAMESPACE,BRAND_CASE_PUNCT,brand_case_punct,SINGLE,lang_en,authored,manual_brand_authored_v1
brandq1-00169-v01,cửa hàng MediaMart,cửa hàng MediaMart,brand:mediamart,"[""retail""]",BRAND,brand:mediamart:retail,FAMILY_NAMESPACE,BRAND_CANONICAL,brand_canonical,CLEAN,lang_mixed,authored,manual_brand_authored_v1
brandq1-00169-v02,MediaMart cửa hàng,cửa hàng MediaMart,brand:mediamart,"[""retail""]",BRAND,brand:mediamart:retail,FAMILY_NAMESPACE,BRAND_NAMESPACE,brand_namespace_form,CLEAN,lang_mixed,authored,manual_brand_authored_v1
brandq1-00169-v03,cửa hàng Media Mart,cửa hàng MediaMart,brand:mediamart,"[""retail""]",BRAND,brand:mediamart:retail,FAMILY_NAMESPACE,BRAND_SPACE_VARIANT,brand_space_variant,SINGLE,lang_mixed,authored,manual_brand_authored_v1
brandq1-00170-v01,siêu thị MediaMart,siêu thị MediaMart,brand:mediamart,"[""supermarket""]",BRAND,brand:mediamart:supermarket,FAMILY_NAMESPACE,BRAND_CANONICAL,brand_canonical,CLEAN,lang_mixed,authored,manual_brand_authored_v1
brandq1-00170-v02,MediaMart siêu thị,siêu thị MediaMart,brand:mediamart,"[""supermarket""]",BRAND,brand:mediamart:supermarket,FAMILY_NAMESPACE,BRAND_NAMESPACE,brand_namespace_form,CLEAN,lang_mixed,authored,manual_brand_authored_v1
brandq1-00170-v03,sieu thi MediaMart,siêu thị MediaMart,brand:mediamart,"[""supermarket""]",BRAND,brand:mediamart:supermarket,FAMILY_NAMESPACE,BRAND_ORTHOGRAPHIC_IME,brand_orthographic_ime,SINGLE,lang_mixed,authored,manual_brand_authored_v1
brandq1-00171-v01,Meliá,Meliá,brand:melia,"[""hotel""]",BRAND,brand:melia:hotel,FAMILY_NAMESPACE,BRAND_CANONICAL,brand_canonical,CLEAN,lang_en,authored,manual_brand_authored_v1
brandq1-00171-v02,khách sạn Meliá,Meliá,brand:melia,"[""hotel""]",BRAND,brand:melia:hotel,FAMILY_NAMESPACE,BRAND_NAMESPACE,brand_namespace_form,CLEAN,lang_mixed,authored,manual_brand_authored_v1
brandq1-00171-v03,Melia,Meliá,brand:melia,"[""hotel""]",BRAND,brand:melia:hotel,FAMILY_NAMESPACE,BRAND_ORTHOGRAPHIC_IME,brand_orthographic_ime,SINGLE,lang_en,authored,manual_brand_authored_v1
brandq1-00172-v01,Mercedes-Benz,Mercedes-Benz,brand:mercedes_benz,"[""retail""]",BRAND,brand:mercedes_benz:retail,FAMILY_NAMESPACE,BRAND_CANONICAL,brand_canonical,CLEAN,lang_en,authored,manual_brand_authored_v1
brandq1-00172-v02,cửa hàng Mercedes-Benz,Mercedes-Benz,brand:mercedes_benz,"[""retail""]",BRAND,brand:mercedes_benz:retail,FAMILY_NAMESPACE,BRAND_NAMESPACE,brand_namespace_form,CLEAN,lang_mixed,authored,manual_brand_authored_v1
brandq1-00172-v03,Mercedes Benz,Mercedes-Benz,brand:mercedes_benz,"[""retail""]",BRAND,brand:mercedes_benz:retail,FAMILY_NAMESPACE,BRAND_CASE_PUNCT,brand_case_punct,SINGLE,lang_en,authored,manual_brand_authored_v1
brandq1-00172-v04,Mercedes-Bnez,Mercedes-Benz,brand:mercedes_benz,"[""retail""]",BRAND,brand:mercedes_benz:retail,FAMILY_NAMESPACE,BRAND_MECHANICAL_TYPO,brand_mechanical_typo,SINGLE,lang_en,authored,manual_brand_authored_v1
brandq1-00173-v01,Mercure,Mercure,brand:mercure,"[""hotel""]",BRAND,brand:mercure:hotel,FAMILY_NAMESPACE,BRAND_CANONICAL,brand_canonical,CLEAN,lang_en,authored,manual_brand_authored_v1
brandq1-00173-v02,khách sạn Mercure,Mercure,brand:mercure,"[""hotel""]",BRAND,brand:mercure:hotel,FAMILY_NAMESPACE,BRAND_NAMESPACE,brand_namespace_form,CLEAN,lang_mixed,authored,manual_brand_authored_v1
brandq1-00173-v03,Mecure,Mercure,brand:mercure,"[""hotel""]",BRAND,brand:mercure:hotel,FAMILY_NAMESPACE,BRAND_MECHANICAL_TYPO,brand_mechanical_typo,SINGLE,lang_en,authored,manual_brand_authored_v1
brandq1-00174-v01,MHB,MHB,brand:mhb,"[""bank""]",BRAND,brand:mhb:bank,FAMILY_NAMESPACE,BRAND_CANONICAL,brand_canonical,CLEAN,lang_en,authored,manual_brand_authored_v1
brandq1-00174-v02,ngân hàng MHB,MHB,brand:mhb,"[""bank""]",BRAND,brand:mhb:bank,FAMILY_NAMESPACE,BRAND_NAMESPACE,brand_namespace_form,CLEAN,lang_mixed,authored,manual_brand_authored_v1
brandq1-00175-v01,Miniso,Miniso,brand:miniso,"[""retail""]",BRAND,brand:miniso:retail,FAMILY_NAMESPACE,BRAND_CANONICAL,brand_canonical,CLEAN,lang_en,authored,manual_brand_authored_v1
brandq1-00175-v02,cửa hàng Miniso,Miniso,brand:miniso,"[""retail""]",BRAND,brand:miniso:retail,FAMILY_NAMESPACE,BRAND_NAMESPACE,brand_namespace_form,CLEAN,lang_mixed,authored,manual_brand_authored_v1
brandq1-00175-v03,Mniiso,Miniso,brand:miniso,"[""retail""]",BRAND,brand:miniso:retail,FAMILY_NAMESPACE,BRAND_MECHANICAL_TYPO,brand_mechanical_typo,SINGLE,lang_en,authored,manual_brand_authored_v1
brandq1-00176-v01,cửa hàng tiện lợi Ministop,cửa hàng tiện lợi Ministop,brand:ministop,"[""convenience_store""]",BRAND,brand:ministop:convenience_store,FAMILY_NAMESPACE,BRAND_CANONICAL,brand_canonical,CLEAN,lang_mixed,authored,manual_brand_authored_v1
brandq1-00176-v02,Ministop cửa hàng tiện lợi,cửa hàng tiện lợi Ministop,brand:ministop,"[""convenience_store""]",BRAND,brand:ministop:convenience_store,FAMILY_NAMESPACE,BRAND_NAMESPACE,brand_namespace_form,CLEAN,lang_mixed,authored,manual_brand_authored_v1
brandq1-00176-v03,cua hang tien loi Ministop,cửa hàng tiện lợi Ministop,brand:ministop,"[""convenience_store""]",BRAND,brand:ministop:convenience_store,FAMILY_NAMESPACE,BRAND_ORTHOGRAPHIC_IME,brand_orthographic_ime,SINGLE,lang_mixed,authored,manual_brand_authored_v1
brandq1-00177-v01,siêu thị Ministop,siêu thị Ministop,brand:ministop,"[""supermarket""]",BRAND,brand:ministop:supermarket,FAMILY_NAMESPACE,BRAND_CANONICAL,brand_canonical,CLEAN,lang_mixed,authored,manual_brand_authored_v1
brandq1-00177-v02,Ministop siêu thị,siêu thị Ministop,brand:ministop,"[""supermarket""]",BRAND,brand:ministop:supermarket,FAMILY_NAMESPACE,BRAND_NAMESPACE,brand_namespace_form,CLEAN,lang_mixed,authored,manual_brand_authored_v1
brandq1-00177-v03,sieu thi Ministop,siêu thị Ministop,brand:ministop,"[""supermarket""]",BRAND,brand:ministop:supermarket,FAMILY_NAMESPACE,BRAND_ORTHOGRAPHIC_IME,brand_orthographic_ime,SINGLE,lang_mixed,authored,manual_brand_authored_v1
brandq1-00178-v01,Mipec,Mipec,brand:mipec,"[""fuel""]",BRAND,brand:mipec:fuel,FAMILY_NAMESPACE,BRAND_CANONICAL,brand_canonical,CLEAN,lang_en,authored,manual_brand_authored_v1
brandq1-00178-v02,cây xăng Mipec,Mipec,brand:mipec,"[""fuel""]",BRAND,brand:mipec:fuel,FAMILY_NAMESPACE,BRAND_NAMESPACE,brand_namespace_form,CLEAN,lang_mixed,authored,manual_brand_authored_v1
brandq1-00178-v03,Mpiec,Mipec,brand:mipec,"[""fuel""]",BRAND,brand:mipec:fuel,FAMILY_NAMESPACE,BRAND_MECHANICAL_TYPO,brand_mechanical_typo,SINGLE,lang_en,authored,manual_brand_authored_v1
brandq1-00179-v01,MIPECORP,MIPECORP,brand:mipecorp,"[""fuel""]",BRAND,brand:mipecorp:fuel,FAMILY_NAMESPACE,BRAND_CANONICAL,brand_canonical,CLEAN,lang_en,authored,manual_brand_authored_v1
brandq1-00179-v02,cây xăng MIPECORP,MIPECORP,brand:mipecorp,"[""fuel""]",BRAND,brand:mipecorp:fuel,FAMILY_NAMESPACE,BRAND_NAMESPACE,brand_namespace_form,CLEAN,lang_mixed,authored,manual_brand_authored_v1
brandq1-00179-v03,MIPECOPR,MIPECORP,brand:mipecorp,"[""fuel""]",BRAND,brand:mipecorp:fuel,FAMILY_NAMESPACE,BRAND_MECHANICAL_TYPO,brand_mechanical_typo,SINGLE,lang_en,authored,manual_brand_authored_v1
brandq1-00180-v01,Mitsubishi,Mitsubishi,brand:mitsubishi,"[""retail""]",BRAND,brand:mitsubishi:retail,FAMILY_NAMESPACE,BRAND_CANONICAL,brand_canonical,CLEAN,lang_en,authored,manual_brand_authored_v1
brandq1-00180-v02,cửa hàng Mitsubishi,Mitsubishi,brand:mitsubishi,"[""retail""]",BRAND,brand:mitsubishi:retail,FAMILY_NAMESPACE,BRAND_NAMESPACE,brand_namespace_form,CLEAN,lang_mixed,authored,manual_brand_authored_v1
brandq1-00180-v03,Mitsubihsi,Mitsubishi,brand:mitsubishi,"[""retail""]",BRAND,brand:mitsubishi:retail,FAMILY_NAMESPACE,BRAND_MECHANICAL_TYPO,brand_mechanical_typo,SINGLE,lang_en,authored,manual_brand_authored_v1
brandq1-00181-v01,cà phê Mixue,cà phê Mixue,brand:mixue,"[""cafe""]",BRAND,brand:mixue:cafe,FAMILY_NAMESPACE,BRAND_CANONICAL,brand_canonical,CLEAN,lang_mixed,authored,manual_brand_authored_v1
brandq1-00181-v02,Mixue cà phê,cà phê Mixue,brand:mixue,"[""cafe""]",BRAND,brand:mixue:cafe,FAMILY_NAMESPACE,BRAND_NAMESPACE,brand_namespace_form,CLEAN,lang_mixed,authored,manual_brand_authored_v1
brandq1-00181-v03,ca phe Mixue,cà phê Mixue,brand:mixue,"[""cafe""]",BRAND,brand:mixue:cafe,FAMILY_NAMESPACE,BRAND_ORTHOGRAPHIC_IME,brand_orthographic_ime,SINGLE,lang_mixed,authored,manual_brand_authored_v1
brandq1-00182-v01,cửa hàng Mixue,cửa hàng Mixue,brand:mixue,"[""retail""]",BRAND,brand:mixue:retail,FAMILY_NAMESPACE,BRAND_CANONICAL,brand_canonical,CLEAN,lang_mixed,authored,manual_brand_authored_v1
brandq1-00182-v02,Mixue cửa hàng,cửa hàng Mixue,brand:mixue,"[""retail""]",BRAND,brand:mixue:retail,FAMILY_NAMESPACE,BRAND_NAMESPACE,brand_namespace_form,CLEAN,lang_mixed,authored,manual_brand_authored_v1
brandq1-00182-v03,cua hang Mixue,cửa hàng Mixue,brand:mixue,"[""retail""]",BRAND,brand:mixue:retail,FAMILY_NAMESPACE,BRAND_ORTHOGRAPHIC_IME,brand_orthographic_ime,SINGLE,lang_mixed,authored,manual_brand_authored_v1
brandq1-00183-v01,Mixue Ice Cream & Tea,Mixue Ice Cream & Tea,brand:mixue_ice_cream_tea,"[""cafe""]",BRAND,brand:mixue_ice_cream_tea:cafe,FAMILY_NAMESPACE,BRAND_CANONICAL,brand_canonical,CLEAN,lang_en,authored,manual_brand_authored_v1
brandq1-00183-v02,cà phê Mixue Ice Cream & Tea,Mixue Ice Cream & Tea,brand:mixue_ice_cream_tea,"[""cafe""]",BRAND,brand:mixue_ice_cream_tea:cafe,FAMILY_NAMESPACE,BRAND_NAMESPACE,brand_namespace_form,CLEAN,lang_mixed,authored,manual_brand_authored_v1
brandq1-00183-v03,Mixue Ice Cream Tea,Mixue Ice Cream & Tea,brand:mixue_ice_cream_tea,"[""cafe""]",BRAND,brand:mixue_ice_cream_tea:cafe,FAMILY_NAMESPACE,BRAND_CASE_PUNCT,brand_case_punct,SINGLE,lang_en,authored,manual_brand_authored_v1
brandq1-00184-v01,Miya Jewellery & Clothes,Miya Jewellery & Clothes,brand:miya_jewellery_clothes,"[""retail""]",BRAND,brand:miya_jewellery_clothes:retail,FAMILY_NAMESPACE,BRAND_CANONICAL,brand_canonical,CLEAN,lang_en,authored,manual_brand_authored_v1
brandq1-00184-v02,cửa hàng Miya Jewellery & Clothes,Miya Jewellery & Clothes,brand:miya_jewellery_clothes,"[""retail""]",BRAND,brand:miya_jewellery_clothes:retail,FAMILY_NAMESPACE,BRAND_NAMESPACE,brand_namespace_form,CLEAN,lang_mixed,authored,manual_brand_authored_v1
brandq1-00184-v03,Miya Jewellery Clothes,Miya Jewellery & Clothes,brand:miya_jewellery_clothes,"[""retail""]",BRAND,brand:miya_jewellery_clothes:retail,FAMILY_NAMESPACE,BRAND_CASE_PUNCT,brand_case_punct,SINGLE,lang_en,authored,manual_brand_authored_v1
brandq1-00185-v01,Mobifone,Mobifone,brand:mobifone,"[""retail""]",BRAND,brand:mobifone:retail,FAMILY_NAMESPACE,BRAND_CANONICAL,brand_canonical,CLEAN,lang_en,authored,manual_brand_authored_v1
brandq1-00185-v02,cửa hàng Mobifone,Mobifone,brand:mobifone,"[""retail""]",BRAND,brand:mobifone:retail,FAMILY_NAMESPACE,BRAND_NAMESPACE,brand_namespace_form,CLEAN,lang_mixed,authored,manual_brand_authored_v1
brandq1-00185-v03,Mobifnoe,Mobifone,brand:mobifone,"[""retail""]",BRAND,brand:mobifone:retail,FAMILY_NAMESPACE,BRAND_MECHANICAL_TYPO,brand_mechanical_typo,SINGLE,lang_en,authored,manual_brand_authored_v1
brandq1-00186-v01,Mothercare,Mothercare,brand:mothercare,"[""retail""]",BRAND,brand:mothercare:retail,FAMILY_NAMESPACE,BRAND_CANONICAL,brand_canonical,CLEAN,lang_en,authored,manual_brand_authored_v1
brandq1-00186-v02,cửa hàng Mothercare,Mothercare,brand:mothercare,"[""retail""]",BRAND,brand:mothercare:retail,FAMILY_NAMESPACE,BRAND_NAMESPACE,brand_namespace_form,CLEAN,lang_mixed,authored,manual_brand_authored_v1
brandq1-00186-v03,Mothrecare,Mothercare,brand:mothercare,"[""retail""]",BRAND,brand:mothercare:retail,FAMILY_NAMESPACE,BRAND_MECHANICAL_TYPO,brand_mechanical_typo,SINGLE,lang_en,authored,manual_brand_authored_v1
brandq1-00187-v01,Mövenpick,Mövenpick,brand:movenpick,"[""hotel""]",BRAND,brand:movenpick:hotel,FAMILY_NAMESPACE,BRAND_CANONICAL,brand_canonical,CLEAN,lang_en,authored,manual_brand_authored_v1
brandq1-00187-v02,khách sạn Mövenpick,Mövenpick,brand:movenpick,"[""hotel""]",BRAND,brand:movenpick:hotel,FAMILY_NAMESPACE,BRAND_NAMESPACE,brand_namespace_form,CLEAN,lang_mixed,authored,manual_brand_authored_v1
brandq1-00187-v03,Movenpick,Mövenpick,brand:movenpick,"[""hotel""]",BRAND,brand:movenpick:hotel,FAMILY_NAMESPACE,BRAND_ORTHOGRAPHIC_IME,brand_orthographic_ime,SINGLE,lang_en,authored,manual_brand_authored_v1
brandq1-00188-v01,MR.DIY,MR.DIY,brand:mr_diy,"[""retail""]",BRAND,brand:mr_diy:retail,FAMILY_NAMESPACE,BRAND_CANONICAL,brand_canonical,CLEAN,lang_en,authored,manual_brand_authored_v1
brandq1-00188-v02,cửa hàng MR.DIY,MR.DIY,brand:mr_diy,"[""retail""]",BRAND,brand:mr_diy:retail,FAMILY_NAMESPACE,BRAND_NAMESPACE,brand_namespace_form,CLEAN,lang_mixed,authored,manual_brand_authored_v1
brandq1-00188-v03,MR DIY,MR.DIY,brand:mr_diy,"[""retail""]",BRAND,brand:mr_diy:retail,FAMILY_NAMESPACE,BRAND_CASE_PUNCT,brand_case_punct,SINGLE,lang_en,authored,manual_brand_authored_v1
brandq1-00189-v01,MSB ATM,MSB ATM,brand:msb,"[""atm""]",BRAND,brand:msb:atm,FAMILY_NAMESPACE,BRAND_CANONICAL,brand_canonical,CLEAN,lang_en,authored,manual_brand_authored_v1
brandq1-00189-v02,ATM MSB,MSB ATM,brand:msb,"[""atm""]",BRAND,brand:msb:atm,FAMILY_NAMESPACE,BRAND_NAMESPACE,brand_namespace_form,CLEAN,lang_en,authored,manual_brand_authored_v1
brandq1-00190-v01,ngân hàng MSB,ngân hàng MSB,brand:msb,"[""bank""]",BRAND,brand:msb:bank,FAMILY_NAMESPACE,BRAND_CANONICAL,brand_canonical,CLEAN,lang_mixed,authored,manual_brand_authored_v1
brandq1-00190-v02,MSB ngân hàng,ngân hàng MSB,brand:msb,"[""bank""]",BRAND,brand:msb:bank,FAMILY_NAMESPACE,BRAND_NAMESPACE,brand_namespace_form,CLEAN,lang_mixed,authored,manual_brand_authored_v1
brandq1-00190-v03,ngan hang MSB,ngân hàng MSB,brand:msb,"[""bank""]",BRAND,brand:msb:bank,FAMILY_NAMESPACE,BRAND_ORTHOGRAPHIC_IME,brand_orthographic_ime,SINGLE,lang_mixed,authored,manual_brand_authored_v1
brandq1-00191-v01,Mường Thanh,Mường Thanh,brand:muong_thanh,"[""hotel""]",BRAND,brand:muong_thanh:hotel,FAMILY_NAMESPACE,BRAND_CANONICAL,brand_canonical,CLEAN,lang_vi,authored,manual_brand_authored_v1
brandq1-00191-v02,khách sạn Mường Thanh,Mường Thanh,brand:muong_thanh,"[""hotel""]",BRAND,brand:muong_thanh:hotel,FAMILY_NAMESPACE,BRAND_NAMESPACE,brand_namespace_form,CLEAN,lang_vi,authored,manual_brand_authored_v1
brandq1-00191-v03,Muong Thanh,Mường Thanh,brand:muong_thanh,"[""hotel""]",BRAND,brand:muong_thanh:hotel,FAMILY_NAMESPACE,BRAND_ORTHOGRAPHIC_IME,brand_orthographic_ime,SINGLE,lang_vi,authored,manual_brand_authored_v1
brandq1-00191-v04,Mường Tahnh,Mường Thanh,brand:muong_thanh,"[""hotel""]",BRAND,brand:muong_thanh:hotel,FAMILY_NAMESPACE,BRAND_MECHANICAL_TYPO,brand_mechanical_typo,SINGLE,lang_vi,authored,manual_brand_authored_v1
brandq1-00192-v01,Nam A Bank ATM,Nam A Bank ATM,brand:nam_a_bank,"[""atm""]",BRAND,brand:nam_a_bank:atm,FAMILY_NAMESPACE,BRAND_CANONICAL,brand_canonical,CLEAN,lang_en,authored,manual_brand_authored_v1
brandq1-00192-v02,ATM Nam A Bank,Nam A Bank ATM,brand:nam_a_bank,"[""atm""]",BRAND,brand:nam_a_bank:atm,FAMILY_NAMESPACE,BRAND_NAMESPACE,brand_namespace_form,CLEAN,lang_en,authored,manual_brand_authored_v1
brandq1-00192-v03,Nam A Bnak ATM,Nam A Bank ATM,brand:nam_a_bank,"[""atm""]",BRAND,brand:nam_a_bank:atm,FAMILY_NAMESPACE,BRAND_MECHANICAL_TYPO,brand_mechanical_typo,SINGLE,lang_en,authored,manual_brand_authored_v1
brandq1-00193-v01,ngân hàng Nam A Bank,ngân hàng Nam A Bank,brand:nam_a_bank,"[""bank""]",BRAND,brand:nam_a_bank:bank,FAMILY_NAMESPACE,BRAND_CANONICAL,brand_canonical,CLEAN,lang_mixed,authored,manual_brand_authored_v1
brandq1-00193-v02,Nam A Bank ngân hàng,ngân hàng Nam A Bank,brand:nam_a_bank,"[""bank""]",BRAND,brand:nam_a_bank:bank,FAMILY_NAMESPACE,BRAND_NAMESPACE,brand_namespace_form,CLEAN,lang_mixed,authored,manual_brand_authored_v1
brandq1-00193-v03,ngan hang Nam A Bank,ngân hàng Nam A Bank,brand:nam_a_bank,"[""bank""]",BRAND,brand:nam_a_bank:bank,FAMILY_NAMESPACE,BRAND_ORTHOGRAPHIC_IME,brand_orthographic_ime,SINGLE,lang_mixed,authored,manual_brand_authored_v1
brandq1-00194-v01,Nam An Market,Nam An Market,brand:nam_an_market,"[""supermarket""]",BRAND,brand:nam_an_market:supermarket,FAMILY_NAMESPACE,BRAND_CANONICAL,brand_canonical,CLEAN,lang_en,authored,manual_brand_authored_v1
brandq1-00194-v02,siêu thị Nam An Market,Nam An Market,brand:nam_an_market,"[""supermarket""]",BRAND,brand:nam_an_market:supermarket,FAMILY_NAMESPACE,BRAND_NAMESPACE,brand_namespace_form,CLEAN,lang_mixed,authored,manual_brand_authored_v1
brandq1-00194-v03,Nam An Makret,Nam An Market,brand:nam_an_market,"[""supermarket""]",BRAND,brand:nam_an_market:supermarket,FAMILY_NAMESPACE,BRAND_MECHANICAL_TYPO,brand_mechanical_typo,SINGLE,lang_en,authored,manual_brand_authored_v1
brandq1-00195-v01,NCB,NCB,brand:ncb,"[""bank""]",BRAND,brand:ncb:bank,FAMILY_NAMESPACE,BRAND_CANONICAL,brand_canonical,CLEAN,lang_en,authored,manual_brand_authored_v1
brandq1-00195-v02,ngân hàng NCB,NCB,brand:ncb,"[""bank""]",BRAND,brand:ncb:bank,FAMILY_NAMESPACE,BRAND_NAMESPACE,brand_namespace_form,CLEAN,lang_mixed,authored,manual_brand_authored_v1
brandq1-00196-v01,Nesta Hotel,Nesta Hotel,brand:nesta_hotel,"[""hotel""]",BRAND,brand:nesta_hotel:hotel,FAMILY_NAMESPACE,BRAND_CANONICAL,brand_canonical,CLEAN,lang_en,authored,manual_brand_authored_v1
brandq1-00196-v02,khách sạn Nesta Hotel,Nesta Hotel,brand:nesta_hotel,"[""hotel""]",BRAND,brand:nesta_hotel:hotel,FAMILY_NAMESPACE,BRAND_NAMESPACE,brand_namespace_form,CLEAN,lang_mixed,authored,manual_brand_authored_v1
brandq1-00196-v03,Nesta Htoel,Nesta Hotel,brand:nesta_hotel,"[""hotel""]",BRAND,brand:nesta_hotel:hotel,FAMILY_NAMESPACE,BRAND_MECHANICAL_TYPO,brand_mechanical_typo,SINGLE,lang_en,authored,manual_brand_authored_v1
brandq1-00197-v01,New Balance,New Balance,brand:new_balance,"[""retail""]",BRAND,brand:new_balance:retail,FAMILY_NAMESPACE,BRAND_CANONICAL,brand_canonical,CLEAN,lang_en,authored,manual_brand_authored_v1
brandq1-00197-v02,cửa hàng New Balance,New Balance,brand:new_balance,"[""retail""]",BRAND,brand:new_balance:retail,FAMILY_NAMESPACE,BRAND_NAMESPACE,brand_namespace_form,CLEAN,lang_mixed,authored,manual_brand_authored_v1
brandq1-00197-v03,New Balacne,New Balance,brand:new_balance,"[""retail""]",BRAND,brand:new_balance:retail,FAMILY_NAMESPACE,BRAND_MECHANICAL_TYPO,brand_mechanical_typo,SINGLE,lang_en,authored,manual_brand_authored_v1
brandq1-00198-v01,Ngân hàng Chính sách xã hội,Ngân hàng Chính sách xã hội,brand:ngan_hang_chinh_sach_xa_hoi,"[""bank""]",BRAND,brand:ngan_hang_chinh_sach_xa_hoi:bank,FAMILY_NAMESPACE,BRAND_CANONICAL,brand_canonical,CLEAN,lang_vi,authored,manual_brand_authored_v1
brandq1-00198-v02,Ngan hang Chinh sach xa hoi,Ngân hàng Chính sách xã hội,brand:ngan_hang_chinh_sach_xa_hoi,"[""bank""]",BRAND,brand:ngan_hang_chinh_sach_xa_hoi:bank,FAMILY_NAMESPACE,BRAND_ORTHOGRAPHIC_IME,brand_orthographic_ime,SINGLE,lang_vi,authored,manual_brand_authored_v1
brandq1-00199-v01,Ngọc Khánh,Ngọc Khánh,brand:ngoc_khanh,"[""fuel""]",BRAND,brand:ngoc_khanh:fuel,FAMILY_NAMESPACE,BRAND_CANONICAL,brand_canonical,CLEAN,lang_vi,authored,manual_brand_authored_v1
brandq1-00199-v02,cây xăng Ngọc Khánh,Ngọc Khánh,brand:ngoc_khanh,"[""fuel""]",BRAND,brand:ngoc_khanh:fuel,FAMILY_NAMESPACE,BRAND_NAMESPACE,brand_namespace_form,CLEAN,lang_vi,authored,manual_brand_authored_v1
brandq1-00199-v03,Ngoc Khanh,Ngọc Khánh,brand:ngoc_khanh,"[""fuel""]",BRAND,brand:ngoc_khanh:fuel,FAMILY_NAMESPACE,BRAND_ORTHOGRAPHIC_IME,brand_orthographic_ime,SINGLE,lang_vi,authored,manual_brand_authored_v1
brandq1-00199-v04,Ngọc Khnáh,Ngọc Khánh,brand:ngoc_khanh,"[""fuel""]",BRAND,brand:ngoc_khanh:fuel,FAMILY_NAMESPACE,BRAND_MECHANICAL_TYPO,brand_mechanical_typo,SINGLE,lang_vi,authored,manual_brand_authored_v1
brandq1-00200-v01,Ngọc Minh Anh,Ngọc Minh Anh,brand:ngoc_minh_anh,"[""restaurant""]",BRAND,brand:ngoc_minh_anh:restaurant,FAMILY_NAMESPACE,BRAND_CANONICAL,brand_canonical,CLEAN,lang_vi,authored,manual_brand_authored_v1
brandq1-00200-v02,nhà hàng Ngọc Minh Anh,Ngọc Minh Anh,brand:ngoc_minh_anh,"[""restaurant""]",BRAND,brand:ngoc_minh_anh:restaurant,FAMILY_NAMESPACE,BRAND_NAMESPACE,brand_namespace_form,CLEAN,lang_vi,authored,manual_brand_authored_v1
brandq1-00200-v03,Ngoc Minh Anh,Ngọc Minh Anh,brand:ngoc_minh_anh,"[""restaurant""]",BRAND,brand:ngoc_minh_anh:restaurant,FAMILY_NAMESPACE,BRAND_ORTHOGRAPHIC_IME,brand_orthographic_ime,SINGLE,lang_vi,authored,manual_brand_authored_v1
brandq1-00200-v04,Ngọc Mnih Anh,Ngọc Minh Anh,brand:ngoc_minh_anh,"[""restaurant""]",BRAND,brand:ngoc_minh_anh:restaurant,FAMILY_NAMESPACE,BRAND_MECHANICAL_TYPO,brand_mechanical_typo,SINGLE,lang_vi,authored,manual_brand_authored_v1
brandq1-00201-v01,cửa hàng tiện lợi NHƯ Ý,cửa hàng tiện lợi NHƯ Ý,brand:nhu_y,"[""convenience_store""]",BRAND,brand:nhu_y:convenience_store,FAMILY_NAMESPACE,BRAND_CANONICAL,brand_canonical,CLEAN,lang_vi,authored,manual_brand_authored_v1
brandq1-00201-v02,NHƯ Ý cửa hàng tiện lợi,cửa hàng tiện lợi NHƯ Ý,brand:nhu_y,"[""convenience_store""]",BRAND,brand:nhu_y:convenience_store,FAMILY_NAMESPACE,BRAND_NAMESPACE,brand_namespace_form,CLEAN,lang_vi,authored,manual_brand_authored_v1
brandq1-00201-v03,cua hang tien loi NHU Y,cửa hàng tiện lợi NHƯ Ý,brand:nhu_y,"[""convenience_store""]",BRAND,brand:nhu_y:convenience_store,FAMILY_NAMESPACE,BRAND_ORTHOGRAPHIC_IME,brand_orthographic_ime,SINGLE,lang_vi,authored,manual_brand_authored_v1
brandq1-00202-v01,nhà hàng NHƯ Ý,nhà hàng NHƯ Ý,brand:nhu_y,"[""restaurant""]",BRAND,brand:nhu_y:restaurant,FAMILY_NAMESPACE,BRAND_CANONICAL,brand_canonical,CLEAN,lang_vi,authored,manual_brand_authored_v1
brandq1-00202-v02,NHƯ Ý nhà hàng,nhà hàng NHƯ Ý,brand:nhu_y,"[""restaurant""]",BRAND,brand:nhu_y:restaurant,FAMILY_NAMESPACE,BRAND_NAMESPACE,brand_namespace_form,CLEAN,lang_vi,authored,manual_brand_authored_v1
brandq1-00202-v03,nha hang NHU Y,nhà hàng NHƯ Ý,brand:nhu_y,"[""restaurant""]",BRAND,brand:nhu_y:restaurant,FAMILY_NAMESPACE,BRAND_ORTHOGRAPHIC_IME,brand_orthographic_ime,SINGLE,lang_vi,authored,manual_brand_authored_v1
brandq1-00203-v01,cửa hàng NHƯ Ý,cửa hàng NHƯ Ý,brand:nhu_y,"[""retail""]",BRAND,brand:nhu_y:retail,FAMILY_NAMESPACE,BRAND_CANONICAL,brand_canonical,CLEAN,lang_vi,authored,manual_brand_authored_v1
brandq1-00203-v02,NHƯ Ý cửa hàng,cửa hàng NHƯ Ý,brand:nhu_y,"[""retail""]",BRAND,brand:nhu_y:retail,FAMILY_NAMESPACE,BRAND_NAMESPACE,brand_namespace_form,CLEAN,lang_vi,authored,manual_brand_authored_v1
brandq1-00203-v03,cua hang NHU Y,cửa hàng NHƯ Ý,brand:nhu_y,"[""retail""]",BRAND,brand:nhu_y:retail,FAMILY_NAMESPACE,BRAND_ORTHOGRAPHIC_IME,brand_orthographic_ime,SINGLE,lang_vi,authored,manual_brand_authored_v1
brandq1-00204-v01,Nhựa Bình Minh,Nhựa Bình Minh,brand:nhua_binh_minh,"[""retail""]",BRAND,brand:nhua_binh_minh:retail,FAMILY_NAMESPACE,BRAND_CANONICAL,brand_canonical,CLEAN,lang_vi,authored,manual_brand_authored_v1
brandq1-00204-v02,cửa hàng Nhựa Bình Minh,Nhựa Bình Minh,brand:nhua_binh_minh,"[""retail""]",BRAND,brand:nhua_binh_minh:retail,FAMILY_NAMESPACE,BRAND_NAMESPACE,brand_namespace_form,CLEAN,lang_vi,authored,manual_brand_authored_v1
brandq1-00204-v03,Nhua Binh Minh,Nhựa Bình Minh,brand:nhua_binh_minh,"[""retail""]",BRAND,brand:nhua_binh_minh:retail,FAMILY_NAMESPACE,BRAND_ORTHOGRAPHIC_IME,brand_orthographic_ime,SINGLE,lang_vi,authored,manual_brand_authored_v1
brandq1-00204-v04,Nhựa Bìhn Minh,Nhựa Bình Minh,brand:nhua_binh_minh,"[""retail""]",BRAND,brand:nhua_binh_minh:retail,FAMILY_NAMESPACE,BRAND_MECHANICAL_TYPO,brand_mechanical_typo,SINGLE,lang_vi,authored,manual_brand_authored_v1
brandq1-00205-v01,Nike,Nike,brand:nike,"[""retail""]",BRAND,brand:nike:retail,FAMILY_NAMESPACE,BRAND_CANONICAL,brand_canonical,CLEAN,lang_en,authored,manual_brand_authored_v1
brandq1-00205-v02,cửa hàng Nike,Nike,brand:nike,"[""retail""]",BRAND,brand:nike:retail,FAMILY_NAMESPACE,BRAND_NAMESPACE,brand_namespace_form,CLEAN,lang_mixed,authored,manual_brand_authored_v1
brandq1-00205-v03,Nkie,Nike,brand:nike,"[""retail""]",BRAND,brand:nike:retail,FAMILY_NAMESPACE,BRAND_MECHANICAL_TYPO,brand_mechanical_typo,SINGLE,lang_en,authored,manual_brand_authored_v1
brandq1-00206-v01,Nissan,Nissan,brand:nissan,"[""retail""]",BRAND,brand:nissan:retail,FAMILY_NAMESPACE,BRAND_CANONICAL,brand_canonical,CLEAN,lang_en,authored,manual_brand_authored_v1
brandq1-00206-v02,cửa hàng Nissan,Nissan,brand:nissan,"[""retail""]",BRAND,brand:nissan:retail,FAMILY_NAMESPACE,BRAND_NAMESPACE,brand_namespace_form,CLEAN,lang_mixed,authored,manual_brand_authored_v1
brandq1-00206-v03,Nissna,Nissan,brand:nissan,"[""retail""]",BRAND,brand:nissan:retail,FAMILY_NAMESPACE,BRAND_MECHANICAL_TYPO,brand_mechanical_typo,SINGLE,lang_en,authored,manual_brand_authored_v1
brandq1-00207-v01,Novotel,Novotel,brand:novotel,"[""hotel""]",BRAND,brand:novotel:hotel,FAMILY_NAMESPACE,BRAND_CANONICAL,brand_canonical,CLEAN,lang_en,authored,manual_brand_authored_v1
brandq1-00207-v02,khách sạn Novotel,Novotel,brand:novotel,"[""hotel""]",BRAND,brand:novotel:hotel,FAMILY_NAMESPACE,BRAND_NAMESPACE,brand_namespace_form,CLEAN,lang_mixed,authored,manual_brand_authored_v1
brandq1-00207-v03,Novtoel,Novotel,brand:novotel,"[""hotel""]",BRAND,brand:novotel:hotel,FAMILY_NAMESPACE,BRAND_MECHANICAL_TYPO,brand_mechanical_typo,SINGLE,lang_en,authored,manual_brand_authored_v1
brandq1-00208-v01,NSH PETRO,NSH PETRO,brand:nsh_petro,"[""fuel""]",BRAND,brand:nsh_petro:fuel,FAMILY_NAMESPACE,BRAND_CANONICAL,brand_canonical,CLEAN,lang_en,authored,manual_brand_authored_v1
brandq1-00208-v02,cây xăng NSH PETRO,NSH PETRO,brand:nsh_petro,"[""fuel""]",BRAND,brand:nsh_petro:fuel,FAMILY_NAMESPACE,BRAND_NAMESPACE,brand_namespace_form,CLEAN,lang_mixed,authored,manual_brand_authored_v1
brandq1-00208-v03,NSHPETRO,NSH PETRO,brand:nsh_petro,"[""fuel""]",BRAND,brand:nsh_petro:fuel,FAMILY_NAMESPACE,BRAND_SPACE_VARIANT,brand_space_variant,SINGLE,lang_en,authored,manual_brand_authored_v1
brandq1-00209-v01,OCB ATM,OCB ATM,brand:ocb,"[""atm""]",BRAND,brand:ocb:atm,FAMILY_NAMESPACE,BRAND_CANONICAL,brand_canonical,CLEAN,lang_en,authored,manual_brand_authored_v1
brandq1-00209-v02,ATM OCB,OCB ATM,brand:ocb,"[""atm""]",BRAND,brand:ocb:atm,FAMILY_NAMESPACE,BRAND_NAMESPACE,brand_namespace_form,CLEAN,lang_en,authored,manual_brand_authored_v1
brandq1-00210-v01,ngân hàng OCB,ngân hàng OCB,brand:ocb,"[""bank""]",BRAND,brand:ocb:bank,FAMILY_NAMESPACE,BRAND_CANONICAL,brand_canonical,CLEAN,lang_mixed,authored,manual_brand_authored_v1
brandq1-00210-v02,OCB ngân hàng,ngân hàng OCB,brand:ocb,"[""bank""]",BRAND,brand:ocb:bank,FAMILY_NAMESPACE,BRAND_NAMESPACE,brand_namespace_form,CLEAN,lang_mixed,authored,manual_brand_authored_v1
brandq1-00210-v03,ngan hang OCB,ngân hàng OCB,brand:ocb,"[""bank""]",BRAND,brand:ocb:bank,FAMILY_NAMESPACE,BRAND_ORTHOGRAPHIC_IME,brand_orthographic_ime,SINGLE,lang_mixed,authored,manual_brand_authored_v1
brandq1-00211-v01,Ocean Bank ATM,Ocean Bank ATM,brand:ocean_bank,"[""atm""]",BRAND,brand:ocean_bank:atm,FAMILY_NAMESPACE,BRAND_CANONICAL,brand_canonical,CLEAN,lang_en,authored,manual_brand_authored_v1
brandq1-00211-v02,ATM Ocean Bank,Ocean Bank ATM,brand:ocean_bank,"[""atm""]",BRAND,brand:ocean_bank:atm,FAMILY_NAMESPACE,BRAND_NAMESPACE,brand_namespace_form,CLEAN,lang_en,authored,manual_brand_authored_v1
brandq1-00211-v03,Ocean Bnak ATM,Ocean Bank ATM,brand:ocean_bank,"[""atm""]",BRAND,brand:ocean_bank:atm,FAMILY_NAMESPACE,BRAND_MECHANICAL_TYPO,brand_mechanical_typo,SINGLE,lang_en,authored,manual_brand_authored_v1
brandq1-00212-v01,ngân hàng Ocean Bank,ngân hàng Ocean Bank,brand:ocean_bank,"[""bank""]",BRAND,brand:ocean_bank:bank,FAMILY_NAMESPACE,BRAND_CANONICAL,brand_canonical,CLEAN,lang_mixed,authored,manual_brand_authored_v1
brandq1-00212-v02,Ocean Bank ngân hàng,ngân hàng Ocean Bank,brand:ocean_bank,"[""bank""]",BRAND,brand:ocean_bank:bank,FAMILY_NAMESPACE,BRAND_NAMESPACE,brand_namespace_form,CLEAN,lang_mixed,authored,manual_brand_authored_v1
brandq1-00212-v03,ngan hang Ocean Bank,ngân hàng Ocean Bank,brand:ocean_bank,"[""bank""]",BRAND,brand:ocean_bank:bank,FAMILY_NAMESPACE,BRAND_ORTHOGRAPHIC_IME,brand_orthographic_ime,SINGLE,lang_mixed,authored,manual_brand_authored_v1
brandq1-00213-v01,Omoda & Jaecoo,Omoda & Jaecoo,brand:omoda_jaecoo,"[""retail""]",BRAND,brand:omoda_jaecoo:retail,FAMILY_NAMESPACE,BRAND_CANONICAL,brand_canonical,CLEAN,lang_en,authored,manual_brand_authored_v1
brandq1-00213-v02,cửa hàng Omoda & Jaecoo,Omoda & Jaecoo,brand:omoda_jaecoo,"[""retail""]",BRAND,brand:omoda_jaecoo:retail,FAMILY_NAMESPACE,BRAND_NAMESPACE,brand_namespace_form,CLEAN,lang_mixed,authored,manual_brand_authored_v1
brandq1-00213-v03,Omoda Jaecoo,Omoda & Jaecoo,brand:omoda_jaecoo,"[""retail""]",BRAND,brand:omoda_jaecoo:retail,FAMILY_NAMESPACE,BRAND_CASE_PUNCT,brand_case_punct,SINGLE,lang_en,authored,manual_brand_authored_v1
brandq1-00214-v01,Oppo,Oppo,brand:oppo,"[""retail""]",BRAND,brand:oppo:retail,FAMILY_NAMESPACE,BRAND_CANONICAL,brand_canonical,CLEAN,lang_en,authored,manual_brand_authored_v1
brandq1-00214-v02,cửa hàng Oppo,Oppo,brand:oppo,"[""retail""]",BRAND,brand:oppo:retail,FAMILY_NAMESPACE,BRAND_NAMESPACE,brand_namespace_form,CLEAN,lang_mixed,authored,manual_brand_authored_v1
brandq1-00214-v03,Oppp,Oppo,brand:oppo,"[""retail""]",BRAND,brand:oppo:retail,FAMILY_NAMESPACE,BRAND_MECHANICAL_TYPO,brand_mechanical_typo,SINGLE,lang_en,authored,manual_brand_authored_v1
brandq1-00215-v01,OYO,OYO,brand:oyo,"[""hotel""]",BRAND,brand:oyo:hotel,FAMILY_NAMESPACE,BRAND_CANONICAL,brand_canonical,CLEAN,lang_en,authored,manual_brand_authored_v1
brandq1-00215-v02,khách sạn OYO,OYO,brand:oyo,"[""hotel""]",BRAND,brand:oyo:hotel,FAMILY_NAMESPACE,BRAND_NAMESPACE,brand_namespace_form,CLEAN,lang_mixed,authored,manual_brand_authored_v1
brandq1-00216-v01,Pandora,Pandora,brand:pandora,"[""retail""]",BRAND,brand:pandora:retail,FAMILY_NAMESPACE,BRAND_CANONICAL,brand_canonical,CLEAN,lang_en,authored,manual_brand_authored_v1
brandq1-00216-v02,cửa hàng Pandora,Pandora,brand:pandora,"[""retail""]",BRAND,brand:pandora:retail,FAMILY_NAMESPACE,BRAND_NAMESPACE,brand_namespace_form,CLEAN,lang_mixed,authored,manual_brand_authored_v1
brandq1-00216-v03,Padnora,Pandora,brand:pandora,"[""retail""]",BRAND,brand:pandora:retail,FAMILY_NAMESPACE,BRAND_MECHANICAL_TYPO,brand_mechanical_typo,SINGLE,lang_en,authored,manual_brand_authored_v1
brandq1-00217-v01,Paris Baguette,Paris Baguette,brand:paris_baguette,"[""retail""]",BRAND,brand:paris_baguette:retail,FAMILY_NAMESPACE,BRAND_CANONICAL,brand_canonical,CLEAN,lang_en,authored,manual_brand_authored_v1
brandq1-00217-v02,cửa hàng Paris Baguette,Paris Baguette,brand:paris_baguette,"[""retail""]",BRAND,brand:paris_baguette:retail,FAMILY_NAMESPACE,BRAND_NAMESPACE,brand_namespace_form,CLEAN,lang_mixed,authored,manual_brand_authored_v1
brandq1-00217-v03,Paris Baguetet,Paris Baguette,brand:paris_baguette,"[""retail""]",BRAND,brand:paris_baguette:retail,FAMILY_NAMESPACE,BRAND_MECHANICAL_TYPO,brand_mechanical_typo,SINGLE,lang_en,authored,manual_brand_authored_v1
brandq1-00218-v01,Paris Gâteaux,Paris Gâteaux,brand:paris_gateaux,"[""retail""]",BRAND,brand:paris_gateaux:retail,FAMILY_NAMESPACE,BRAND_CANONICAL,brand_canonical,CLEAN,lang_en,authored,manual_brand_authored_v1
brandq1-00218-v02,cửa hàng Paris Gâteaux,Paris Gâteaux,brand:paris_gateaux,"[""retail""]",BRAND,brand:paris_gateaux:retail,FAMILY_NAMESPACE,BRAND_NAMESPACE,brand_namespace_form,CLEAN,lang_mixed,authored,manual_brand_authored_v1
brandq1-00218-v03,Paris Gateaux,Paris Gâteaux,brand:paris_gateaux,"[""retail""]",BRAND,brand:paris_gateaux:retail,FAMILY_NAMESPACE,BRAND_ORTHOGRAPHIC_IME,brand_orthographic_ime,SINGLE,lang_en,authored,manual_brand_authored_v1
brandq1-00219-v01,Parkson,Parkson,brand:parkson,"[""retail""]",BRAND,brand:parkson:retail,FAMILY_NAMESPACE,BRAND_CANONICAL,brand_canonical,CLEAN,lang_en,authored,manual_brand_authored_v1
brandq1-00219-v02,cửa hàng Parkson,Parkson,brand:parkson,"[""retail""]",BRAND,brand:parkson:retail,FAMILY_NAMESPACE,BRAND_NAMESPACE,brand_namespace_form,CLEAN,lang_mixed,authored,manual_brand_authored_v1
brandq1-00219-v03,Pakrson,Parkson,brand:parkson,"[""retail""]",BRAND,brand:parkson:retail,FAMILY_NAMESPACE,BRAND_MECHANICAL_TYPO,brand_mechanical_typo,SINGLE,lang_en,authored,manual_brand_authored_v1
brandq1-00220-v01,Pega,Pega,brand:pega,"[""retail""]",BRAND,brand:pega:retail,FAMILY_NAMESPACE,BRAND_CANONICAL,brand_canonical,CLEAN,lang_en,authored,manual_brand_authored_v1
brandq1-00220-v02,cửa hàng Pega,Pega,brand:pega,"[""retail""]",BRAND,brand:pega:retail,FAMILY_NAMESPACE,BRAND_NAMESPACE,brand_namespace_form,CLEAN,lang_mixed,authored,manual_brand_authored_v1
brandq1-00220-v03,Pgea,Pega,brand:pega,"[""retail""]",BRAND,brand:pega:retail,FAMILY_NAMESPACE,BRAND_MECHANICAL_TYPO,brand_mechanical_typo,SINGLE,lang_en,authored,manual_brand_authored_v1
brandq1-00221-v01,Pepper Lunch,Pepper Lunch,brand:pepper_lunch,"[""restaurant""]",BRAND,brand:pepper_lunch:restaurant,FAMILY_NAMESPACE,BRAND_CANONICAL,brand_canonical,CLEAN,lang_en,authored,manual_brand_authored_v1
brandq1-00221-v02,nhà hàng Pepper Lunch,Pepper Lunch,brand:pepper_lunch,"[""restaurant""]",BRAND,brand:pepper_lunch:restaurant,FAMILY_NAMESPACE,BRAND_NAMESPACE,brand_namespace_form,CLEAN,lang_mixed,authored,manual_brand_authored_v1
brandq1-00221-v03,Pepper Lnuch,Pepper Lunch,brand:pepper_lunch,"[""restaurant""]",BRAND,brand:pepper_lunch:restaurant,FAMILY_NAMESPACE,BRAND_MECHANICAL_TYPO,brand_mechanical_typo,SINGLE,lang_en,authored,manual_brand_authored_v1
brandq1-00222-v01,Petec,Petec,brand:petec,"[""fuel""]",BRAND,brand:petec:fuel,FAMILY_NAMESPACE,BRAND_CANONICAL,brand_canonical,CLEAN,lang_en,authored,manual_brand_authored_v1
brandq1-00222-v02,cây xăng Petec,Petec,brand:petec,"[""fuel""]",BRAND,brand:petec:fuel,FAMILY_NAMESPACE,BRAND_NAMESPACE,brand_namespace_form,CLEAN,lang_mixed,authored,manual_brand_authored_v1
brandq1-00222-v03,Petce,Petec,brand:petec,"[""fuel""]",BRAND,brand:petec:fuel,FAMILY_NAMESPACE,BRAND_MECHANICAL_TYPO,brand_mechanical_typo,SINGLE,lang_en,authored,manual_brand_authored_v1
brandq1-00223-v01,Petimex,Petimex,brand:petimex,"[""fuel""]",BRAND,brand:petimex:fuel,FAMILY_NAMESPACE,BRAND_CANONICAL,brand_canonical,CLEAN,lang_en,authored,manual_brand_authored_v1
brandq1-00223-v02,cây xăng Petimex,Petimex,brand:petimex,"[""fuel""]",BRAND,brand:petimex:fuel,FAMILY_NAMESPACE,BRAND_NAMESPACE,brand_namespace_form,CLEAN,lang_mixed,authored,manual_brand_authored_v1
brandq1-00223-v03,Petimxe,Petimex,brand:petimex,"[""fuel""]",BRAND,brand:petimex:fuel,FAMILY_NAMESPACE,BRAND_MECHANICAL_TYPO,brand_mechanical_typo,SINGLE,lang_en,authored,manual_brand_authored_v1
brandq1-00224-v01,Petro,Petro,brand:petro,"[""fuel""]",BRAND,brand:petro:fuel,FAMILY_NAMESPACE,BRAND_CANONICAL,brand_canonical,CLEAN,lang_en,authored,manual_brand_authored_v1
brandq1-00224-v02,cây xăng Petro,Petro,brand:petro,"[""fuel""]",BRAND,brand:petro:fuel,FAMILY_NAMESPACE,BRAND_NAMESPACE,brand_namespace_form,CLEAN,lang_mixed,authored,manual_brand_authored_v1
brandq1-00224-v03,Perro,Petro,brand:petro,"[""fuel""]",BRAND,brand:petro:fuel,FAMILY_NAMESPACE,BRAND_MECHANICAL_TYPO,brand_mechanical_typo,SINGLE,lang_en,authored,manual_brand_authored_v1
brandq1-00225-v01,Petro 28,Petro 28,brand:petro_28,"[""fuel""]",BRAND,brand:petro_28:fuel,FAMILY_NAMESPACE,BRAND_CANONICAL,brand_canonical,CLEAN,lang_en,authored,manual_brand_authored_v1
brandq1-00225-v02,cây xăng Petro 28,Petro 28,brand:petro_28,"[""fuel""]",BRAND,brand:petro_28:fuel,FAMILY_NAMESPACE,BRAND_NAMESPACE,brand_namespace_form,CLEAN,lang_mixed,authored,manual_brand_authored_v1
brandq1-00225-v03,Petor 28,Petro 28,brand:petro_28,"[""fuel""]",BRAND,brand:petro_28:fuel,FAMILY_NAMESPACE,BRAND_MECHANICAL_TYPO,brand_mechanical_typo,SINGLE,lang_en,authored,manual_brand_authored_v1
brandq1-00226-v01,petro vietnam,petro vietnam,brand:petro_vietnam,"[""fuel""]",BRAND,brand:petro_vietnam:fuel,FAMILY_NAMESPACE,BRAND_CANONICAL,brand_canonical,CLEAN,lang_en,authored,manual_brand_authored_v1
brandq1-00226-v02,cây xăng petro vietnam,petro vietnam,brand:petro_vietnam,"[""fuel""]",BRAND,brand:petro_vietnam:fuel,FAMILY_NAMESPACE,BRAND_NAMESPACE,brand_namespace_form,CLEAN,lang_mixed,authored,manual_brand_authored_v1
brandq1-00226-v03,petro vietanm,petro vietnam,brand:petro_vietnam,"[""fuel""]",BRAND,brand:petro_vietnam:fuel,FAMILY_NAMESPACE,BRAND_MECHANICAL_TYPO,brand_mechanical_typo,SINGLE,lang_en,authored,manual_brand_authored_v1
brandq1-00227-v01,Petrolimex,Petrolimex,brand:petrolimex,"[""fuel""]",BRAND,brand:petrolimex:fuel,FAMILY_NAMESPACE,BRAND_CANONICAL,brand_canonical,CLEAN,lang_en,authored,manual_brand_authored_v1
brandq1-00227-v02,cây xăng Petrolimex,Petrolimex,brand:petrolimex,"[""fuel""]",BRAND,brand:petrolimex:fuel,FAMILY_NAMESPACE,BRAND_NAMESPACE,brand_namespace_form,CLEAN,lang_mixed,authored,manual_brand_authored_v1
brandq1-00227-v03,Petrolimxe,Petrolimex,brand:petrolimex,"[""fuel""]",BRAND,brand:petrolimex:fuel,FAMILY_NAMESPACE,BRAND_MECHANICAL_TYPO,brand_mechanical_typo,SINGLE,lang_en,authored,manual_brand_authored_v1
brandq1-00228-v01,Petrolinex,Petrolinex,brand:petrolinex,"[""fuel""]",BRAND,brand:petrolinex:fuel,FAMILY_NAMESPACE,BRAND_CANONICAL,brand_canonical,CLEAN,lang_en,authored,manual_brand_authored_v1
brandq1-00228-v02,cây xăng Petrolinex,Petrolinex,brand:petrolinex,"[""fuel""]",BRAND,brand:petrolinex:fuel,FAMILY_NAMESPACE,BRAND_NAMESPACE,brand_namespace_form,CLEAN,lang_mixed,authored,manual_brand_authored_v1
brandq1-00228-v03,Petrolienx,Petrolinex,brand:petrolinex,"[""fuel""]",BRAND,brand:petrolinex:fuel,FAMILY_NAMESPACE,BRAND_MECHANICAL_TYPO,brand_mechanical_typo,SINGLE,lang_en,authored,manual_brand_authored_v1
brandq1-00229-v01,Peugeot,Peugeot,brand:peugeot,"[""retail""]",BRAND,brand:peugeot:retail,FAMILY_NAMESPACE,BRAND_CANONICAL,brand_canonical,CLEAN,lang_en,authored,manual_brand_authored_v1
brandq1-00229-v02,cửa hàng Peugeot,Peugeot,brand:peugeot,"[""retail""]",BRAND,brand:peugeot:retail,FAMILY_NAMESPACE,BRAND_NAMESPACE,brand_namespace_form,CLEAN,lang_mixed,authored,manual_brand_authored_v1
brandq1-00229-v03,Peugoet,Peugeot,brand:peugeot,"[""retail""]",BRAND,brand:peugeot:retail,FAMILY_NAMESPACE,BRAND_MECHANICAL_TYPO,brand_mechanical_typo,SINGLE,lang_en,authored,manual_brand_authored_v1
brandq1-00230-v01,Pharmacity,Pharmacity,brand:pharmacity,"[""pharmacy""]",BRAND,brand:pharmacity:pharmacy,FAMILY_NAMESPACE,BRAND_CANONICAL,brand_canonical,CLEAN,lang_en,authored,manual_brand_authored_v1
brandq1-00230-v02,nhà thuốc Pharmacity,Pharmacity,brand:pharmacity,"[""pharmacy""]",BRAND,brand:pharmacity:pharmacy,FAMILY_NAMESPACE,BRAND_NAMESPACE,brand_namespace_form,CLEAN,lang_mixed,authored,manual_brand_authored_v1
brandq1-00230-v03,Pharmaciyt,Pharmacity,brand:pharmacity,"[""pharmacy""]",BRAND,brand:pharmacity:pharmacy,FAMILY_NAMESPACE,BRAND_MECHANICAL_TYPO,brand_mechanical_typo,SINGLE,lang_en,authored,manual_brand_authored_v1
brandq1-00231-v01,Phinholic,Phinholic,brand:phinholic,"[""cafe""]",BRAND,brand:phinholic:cafe,FAMILY_NAMESPACE,BRAND_CANONICAL,brand_canonical,CLEAN,lang_en,authored,manual_brand_authored_v1
brandq1-00231-v02,cà phê Phinholic,Phinholic,brand:phinholic,"[""cafe""]",BRAND,brand:phinholic:cafe,FAMILY_NAMESPACE,BRAND_NAMESPACE,brand_namespace_form,CLEAN,lang_mixed,authored,manual_brand_authored_v1
brandq1-00231-v03,Phinhloic,Phinholic,brand:phinholic,"[""cafe""]",BRAND,brand:phinholic:cafe,FAMILY_NAMESPACE,BRAND_MECHANICAL_TYPO,brand_mechanical_typo,SINGLE,lang_en,authored,manual_brand_authored_v1
brandq1-00232-v01,Phở 24,Phở 24,brand:pho_24,"[""restaurant""]",BRAND,brand:pho_24:restaurant,FAMILY_NAMESPACE,BRAND_CANONICAL,brand_canonical,CLEAN,lang_vi,authored,manual_brand_authored_v1
brandq1-00232-v02,nhà hàng Phở 24,Phở 24,brand:pho_24,"[""restaurant""]",BRAND,brand:pho_24:restaurant,FAMILY_NAMESPACE,BRAND_NAMESPACE,brand_namespace_form,CLEAN,lang_vi,authored,manual_brand_authored_v1
brandq1-00232-v03,Pho 24,Phở 24,brand:pho_24,"[""restaurant""]",BRAND,brand:pho_24:restaurant,FAMILY_NAMESPACE,BRAND_ORTHOGRAPHIC_IME,brand_orthographic_ime,SINGLE,lang_vi,authored,manual_brand_authored_v1
brandq1-00233-v01,khách sạn Phương Nam,khách sạn Phương Nam,brand:phuong_nam,"[""hotel""]",BRAND,brand:phuong_nam:hotel,FAMILY_NAMESPACE,BRAND_CANONICAL,brand_canonical,CLEAN,lang_vi,authored,manual_brand_authored_v1
brandq1-00233-v02,Phương Nam khách sạn,khách sạn Phương Nam,brand:phuong_nam,"[""hotel""]",BRAND,brand:phuong_nam:hotel,FAMILY_NAMESPACE,BRAND_NAMESPACE,brand_namespace_form,CLEAN,lang_vi,authored,manual_brand_authored_v1
brandq1-00233-v03,khach san Phuong Nam,khách sạn Phương Nam,brand:phuong_nam,"[""hotel""]",BRAND,brand:phuong_nam:hotel,FAMILY_NAMESPACE,BRAND_ORTHOGRAPHIC_IME,brand_orthographic_ime,SINGLE,lang_vi,authored,manual_brand_authored_v1
brandq1-00234-v01,cửa hàng Phương Nam,cửa hàng Phương Nam,brand:phuong_nam,"[""retail""]",BRAND,brand:phuong_nam:retail,FAMILY_NAMESPACE,BRAND_CANONICAL,brand_canonical,CLEAN,lang_vi,authored,manual_brand_authored_v1
brandq1-00234-v02,Phương Nam cửa hàng,cửa hàng Phương Nam,brand:phuong_nam,"[""retail""]",BRAND,brand:phuong_nam:retail,FAMILY_NAMESPACE,BRAND_NAMESPACE,brand_namespace_form,CLEAN,lang_vi,authored,manual_brand_authored_v1
brandq1-00234-v03,cua hang Phuong Nam,cửa hàng Phương Nam,brand:phuong_nam,"[""retail""]",BRAND,brand:phuong_nam:retail,FAMILY_NAMESPACE,BRAND_ORTHOGRAPHIC_IME,brand_orthographic_ime,SINGLE,lang_vi,authored,manual_brand_authored_v1
brandq1-00235-v01,Piaggio,Piaggio,brand:piaggio,"[""retail""]",BRAND,brand:piaggio:retail,FAMILY_NAMESPACE,BRAND_CANONICAL,brand_canonical,CLEAN,lang_en,authored,manual_brand_authored_v1
brandq1-00235-v02,cửa hàng Piaggio,Piaggio,brand:piaggio,"[""retail""]",BRAND,brand:piaggio:retail,FAMILY_NAMESPACE,BRAND_NAMESPACE,brand_namespace_form,CLEAN,lang_mixed,authored,manual_brand_authored_v1
brandq1-00235-v03,Piagigo,Piaggio,brand:piaggio,"[""retail""]",BRAND,brand:piaggio:retail,FAMILY_NAMESPACE,BRAND_MECHANICAL_TYPO,brand_mechanical_typo,SINGLE,lang_en,authored,manual_brand_authored_v1
brandq1-00236-v01,Pierre Cardin,Pierre Cardin,brand:pierre_cardin,"[""retail""]",BRAND,brand:pierre_cardin:retail,FAMILY_NAMESPACE,BRAND_CANONICAL,brand_canonical,CLEAN,lang_en,authored,manual_brand_authored_v1
brandq1-00236-v02,cửa hàng Pierre Cardin,Pierre Cardin,brand:pierre_cardin,"[""retail""]",BRAND,brand:pierre_cardin:retail,FAMILY_NAMESPACE,BRAND_NAMESPACE,brand_namespace_form,CLEAN,lang_mixed,authored,manual_brand_authored_v1
brandq1-00236-v03,Pierre Cradin,Pierre Cardin,brand:pierre_cardin,"[""retail""]",BRAND,brand:pierre_cardin:retail,FAMILY_NAMESPACE,BRAND_MECHANICAL_TYPO,brand_mechanical_typo,SINGLE,lang_en,authored,manual_brand_authored_v1
brandq1-00237-v01,Pizza Hut,Pizza Hut,brand:pizza_hut,"[""restaurant""]",BRAND,brand:pizza_hut:restaurant,FAMILY_NAMESPACE,BRAND_CANONICAL,brand_canonical,CLEAN,lang_en,authored,manual_brand_authored_v1
brandq1-00237-v02,nhà hàng Pizza Hut,Pizza Hut,brand:pizza_hut,"[""restaurant""]",BRAND,brand:pizza_hut:restaurant,FAMILY_NAMESPACE,BRAND_NAMESPACE,brand_namespace_form,CLEAN,lang_mixed,authored,manual_brand_authored_v1
brandq1-00237-v03,Pizza Htu,Pizza Hut,brand:pizza_hut,"[""restaurant""]",BRAND,brand:pizza_hut:restaurant,FAMILY_NAMESPACE,BRAND_MECHANICAL_TYPO,brand_mechanical_typo,SINGLE,lang_en,authored,manual_brand_authored_v1
brandq1-00238-v01,Pizza Inn,Pizza Inn,brand:pizza_inn,"[""restaurant""]",BRAND,brand:pizza_inn:restaurant,FAMILY_NAMESPACE,BRAND_CANONICAL,brand_canonical,CLEAN,lang_en,authored,manual_brand_authored_v1
brandq1-00238-v02,nhà hàng Pizza Inn,Pizza Inn,brand:pizza_inn,"[""restaurant""]",BRAND,brand:pizza_inn:restaurant,FAMILY_NAMESPACE,BRAND_NAMESPACE,brand_namespace_form,CLEAN,lang_mixed,authored,manual_brand_authored_v1
brandq1-00238-v03,Pizza In,Pizza Inn,brand:pizza_inn,"[""restaurant""]",BRAND,brand:pizza_inn:restaurant,FAMILY_NAMESPACE,BRAND_MECHANICAL_TYPO,brand_mechanical_typo,SINGLE,lang_en,authored,manual_brand_authored_v1
brandq1-00239-v01,PNJ,PNJ,brand:pnj,"[""retail""]",BRAND,brand:pnj:retail,FAMILY_NAMESPACE,BRAND_CANONICAL,brand_canonical,CLEAN,lang_en,authored,manual_brand_authored_v1
brandq1-00239-v02,cửa hàng PNJ,PNJ,brand:pnj,"[""retail""]",BRAND,brand:pnj:retail,FAMILY_NAMESPACE,BRAND_NAMESPACE,brand_namespace_form,CLEAN,lang_mixed,authored,manual_brand_authored_v1
brandq1-00240-v01,Popeyes,Popeyes,brand:popeyes,"[""restaurant""]",BRAND,brand:popeyes:restaurant,FAMILY_NAMESPACE,BRAND_CANONICAL,brand_canonical,CLEAN,lang_en,authored,manual_brand_authored_v1
brandq1-00240-v02,nhà hàng Popeyes,Popeyes,brand:popeyes,"[""restaurant""]",BRAND,brand:popeyes:restaurant,FAMILY_NAMESPACE,BRAND_NAMESPACE,brand_namespace_form,CLEAN,lang_mixed,authored,manual_brand_authored_v1
brandq1-00240-v03,Popeeys,Popeyes,brand:popeyes,"[""restaurant""]",BRAND,brand:popeyes:restaurant,FAMILY_NAMESPACE,BRAND_MECHANICAL_TYPO,brand_mechanical_typo,SINGLE,lang_en,authored,manual_brand_authored_v1
brandq1-00241-v01,Porsche,Porsche,brand:porsche,"[""retail""]",BRAND,brand:porsche:retail,FAMILY_NAMESPACE,BRAND_CANONICAL,brand_canonical,CLEAN,lang_en,authored,manual_brand_authored_v1
brandq1-00241-v02,cửa hàng Porsche,Porsche,brand:porsche,"[""retail""]",BRAND,brand:porsche:retail,FAMILY_NAMESPACE,BRAND_NAMESPACE,brand_namespace_form,CLEAN,lang_mixed,authored,manual_brand_authored_v1
brandq1-00241-v03,Porshce,Porsche,brand:porsche,"[""retail""]",BRAND,brand:porsche:retail,FAMILY_NAMESPACE,BRAND_MECHANICAL_TYPO,brand_mechanical_typo,SINGLE,lang_en,authored,manual_brand_authored_v1
brandq1-00242-v01,PSP,PSP,brand:psp,"[""fuel""]",BRAND,brand:psp:fuel,FAMILY_NAMESPACE,BRAND_CANONICAL,brand_canonical,CLEAN,lang_en,authored,manual_brand_authored_v1
brandq1-00242-v02,cây xăng PSP,PSP,brand:psp,"[""fuel""]",BRAND,brand:psp:fuel,FAMILY_NAMESPACE,BRAND_NAMESPACE,brand_namespace_form,CLEAN,lang_mixed,authored,manual_brand_authored_v1
brandq1-00243-v01,Public Bank Vietnam,Public Bank Vietnam,brand:public_bank_vietnam,"[""bank""]",BRAND,brand:public_bank_vietnam:bank,FAMILY_NAMESPACE,BRAND_CANONICAL,brand_canonical,CLEAN,lang_en,authored,manual_brand_authored_v1
brandq1-00243-v02,ngân hàng Public Bank Vietnam,Public Bank Vietnam,brand:public_bank_vietnam,"[""bank""]",BRAND,brand:public_bank_vietnam:bank,FAMILY_NAMESPACE,BRAND_NAMESPACE,brand_namespace_form,CLEAN,lang_mixed,authored,manual_brand_authored_v1
brandq1-00243-v03,Public Bank Vietanm,Public Bank Vietnam,brand:public_bank_vietnam,"[""bank""]",BRAND,brand:public_bank_vietnam:bank,FAMILY_NAMESPACE,BRAND_MECHANICAL_TYPO,brand_mechanical_typo,SINGLE,lang_en,authored,manual_brand_authored_v1
brandq1-00244-v01,Pullman,Pullman,brand:pullman,"[""hotel""]",BRAND,brand:pullman:hotel,FAMILY_NAMESPACE,BRAND_CANONICAL,brand_canonical,CLEAN,lang_en,authored,manual_brand_authored_v1
brandq1-00244-v02,khách sạn Pullman,Pullman,brand:pullman,"[""hotel""]",BRAND,brand:pullman:hotel,FAMILY_NAMESPACE,BRAND_NAMESPACE,brand_namespace_form,CLEAN,lang_mixed,authored,manual_brand_authored_v1
brandq1-00244-v03,Pulman,Pullman,brand:pullman,"[""hotel""]",BRAND,brand:pullman:hotel,FAMILY_NAMESPACE,BRAND_MECHANICAL_TYPO,brand_mechanical_typo,SINGLE,lang_en,authored,manual_brand_authored_v1
brandq1-00245-v01,Puma,Puma,brand:puma,"[""retail""]",BRAND,brand:puma:retail,FAMILY_NAMESPACE,BRAND_CANONICAL,brand_canonical,CLEAN,lang_en,authored,manual_brand_authored_v1
brandq1-00245-v02,cửa hàng Puma,Puma,brand:puma,"[""retail""]",BRAND,brand:puma:retail,FAMILY_NAMESPACE,BRAND_NAMESPACE,brand_namespace_form,CLEAN,lang_mixed,authored,manual_brand_authored_v1
brandq1-00245-v03,Puam,Puma,brand:puma,"[""retail""]",BRAND,brand:puma:retail,FAMILY_NAMESPACE,BRAND_MECHANICAL_TYPO,brand_mechanical_typo,SINGLE,lang_en,authored,manual_brand_authored_v1
brandq1-00246-v01,PV,PV,brand:pv,"[""fuel""]",BRAND,brand:pv:fuel,FAMILY_NAMESPACE,BRAND_CANONICAL,brand_canonical,CLEAN,lang_en,authored,manual_brand_authored_v1
brandq1-00246-v02,cây xăng PV,PV,brand:pv,"[""fuel""]",BRAND,brand:pv:fuel,FAMILY_NAMESPACE,BRAND_NAMESPACE,brand_namespace_form,CLEAN,lang_mixed,authored,manual_brand_authored_v1
brandq1-00247-v01,PV Oil,PV Oil,brand:pv_oil,"[""fuel""]",BRAND,brand:pv_oil:fuel,FAMILY_NAMESPACE,BRAND_CANONICAL,brand_canonical,CLEAN,lang_en,authored,manual_brand_authored_v1
brandq1-00247-v02,cây xăng PV Oil,PV Oil,brand:pv_oil,"[""fuel""]",BRAND,brand:pv_oil:fuel,FAMILY_NAMESPACE,BRAND_NAMESPACE,brand_namespace_form,CLEAN,lang_mixed,authored,manual_brand_authored_v1
brandq1-00247-v03,PVOil,PV Oil,brand:pv_oil,"[""fuel""]",BRAND,brand:pv_oil:fuel,FAMILY_NAMESPACE,BRAND_SPACE_VARIANT,brand_space_variant,SINGLE,lang_en,authored,manual_brand_authored_v1
brandq1-00248-v01,PVcomBank ATM,PVcomBank ATM,brand:pvcombank,"[""atm""]",BRAND,brand:pvcombank:atm,FAMILY_NAMESPACE,BRAND_CANONICAL,brand_canonical,CLEAN,lang_en,authored,manual_brand_authored_v1
brandq1-00248-v02,ATM PVcomBank,PVcomBank ATM,brand:pvcombank,"[""atm""]",BRAND,brand:pvcombank:atm,FAMILY_NAMESPACE,BRAND_NAMESPACE,brand_namespace_form,CLEAN,lang_en,authored,manual_brand_authored_v1
brandq1-00248-v03,PVcomBnak ATM,PVcomBank ATM,brand:pvcombank,"[""atm""]",BRAND,brand:pvcombank:atm,FAMILY_NAMESPACE,BRAND_MECHANICAL_TYPO,brand_mechanical_typo,SINGLE,lang_en,authored,manual_brand_authored_v1
brandq1-00249-v01,ngân hàng PVcomBank,ngân hàng PVcomBank,brand:pvcombank,"[""bank""]",BRAND,brand:pvcombank:bank,FAMILY_NAMESPACE,BRAND_CANONICAL,brand_canonical,CLEAN,lang_mixed,authored,manual_brand_authored_v1
brandq1-00249-v02,PVcomBank ngân hàng,ngân hàng PVcomBank,brand:pvcombank,"[""bank""]",BRAND,brand:pvcombank:bank,FAMILY_NAMESPACE,BRAND_NAMESPACE,brand_namespace_form,CLEAN,lang_mixed,authored,manual_brand_authored_v1
brandq1-00249-v03,ngan hang PVcomBank,ngân hàng PVcomBank,brand:pvcombank,"[""bank""]",BRAND,brand:pvcombank:bank,FAMILY_NAMESPACE,BRAND_ORTHOGRAPHIC_IME,brand_orthographic_ime,SINGLE,lang_mixed,authored,manual_brand_authored_v1
brandq1-00250-v01,QUIKSILVER,QUIKSILVER,brand:quiksilver,"[""retail""]",BRAND,brand:quiksilver:retail,FAMILY_NAMESPACE,BRAND_CANONICAL,brand_canonical,CLEAN,lang_en,authored,manual_brand_authored_v1
brandq1-00250-v02,cửa hàng QUIKSILVER,QUIKSILVER,brand:quiksilver,"[""retail""]",BRAND,brand:quiksilver:retail,FAMILY_NAMESPACE,BRAND_NAMESPACE,brand_namespace_form,CLEAN,lang_mixed,authored,manual_brand_authored_v1
brandq1-00250-v03,QUIKSILVRE,QUIKSILVER,brand:quiksilver,"[""retail""]",BRAND,brand:quiksilver:retail,FAMILY_NAMESPACE,BRAND_MECHANICAL_TYPO,brand_mechanical_typo,SINGLE,lang_en,authored,manual_brand_authored_v1
brandq1-00251-v01,Radisson,Radisson,brand:radisson,"[""hotel""]",BRAND,brand:radisson:hotel,FAMILY_NAMESPACE,BRAND_CANONICAL,brand_canonical,CLEAN,lang_en,authored,manual_brand_authored_v1
brandq1-00251-v02,khách sạn Radisson,Radisson,brand:radisson,"[""hotel""]",BRAND,brand:radisson:hotel,FAMILY_NAMESPACE,BRAND_NAMESPACE,brand_namespace_form,CLEAN,lang_mixed,authored,manual_brand_authored_v1
brandq1-00251-v03,Radissno,Radisson,brand:radisson,"[""hotel""]",BRAND,brand:radisson:hotel,FAMILY_NAMESPACE,BRAND_MECHANICAL_TYPO,brand_mechanical_typo,SINGLE,lang_en,authored,manual_brand_authored_v1
brandq1-00252-v01,Reebok,Reebok,brand:reebok,"[""retail""]",BRAND,brand:reebok:retail,FAMILY_NAMESPACE,BRAND_CANONICAL,brand_canonical,CLEAN,lang_en,authored,manual_brand_authored_v1
brandq1-00252-v02,cửa hàng Reebok,Reebok,brand:reebok,"[""retail""]",BRAND,brand:reebok:retail,FAMILY_NAMESPACE,BRAND_NAMESPACE,brand_namespace_form,CLEAN,lang_mixed,authored,manual_brand_authored_v1
brandq1-00252-v03,Rebeok,Reebok,brand:reebok,"[""retail""]",BRAND,brand:reebok:retail,FAMILY_NAMESPACE,BRAND_MECHANICAL_TYPO,brand_mechanical_typo,SINGLE,lang_en,authored,manual_brand_authored_v1
brandq1-00253-v01,Royaltea,Royaltea,brand:royaltea,"[""cafe""]",BRAND,brand:royaltea:cafe,FAMILY_NAMESPACE,BRAND_CANONICAL,brand_canonical,CLEAN,lang_en,authored,manual_brand_authored_v1
brandq1-00253-v02,cà phê Royaltea,Royaltea,brand:royaltea,"[""cafe""]",BRAND,brand:royaltea:cafe,FAMILY_NAMESPACE,BRAND_NAMESPACE,brand_namespace_form,CLEAN,lang_mixed,authored,manual_brand_authored_v1
brandq1-00253-v03,Royal Tea,Royaltea,brand:royaltea,"[""cafe""]",BRAND,brand:royaltea:cafe,FAMILY_NAMESPACE,BRAND_SPACE_VARIANT,brand_space_variant,SINGLE,lang_en,authored,manual_brand_authored_v1
brandq1-00254-v01,Roygent Parks,Roygent Parks,brand:roygent_parks,"[""hotel""]",BRAND,brand:roygent_parks:hotel,FAMILY_NAMESPACE,BRAND_CANONICAL,brand_canonical,CLEAN,lang_en,authored,manual_brand_authored_v1
brandq1-00254-v02,khách sạn Roygent Parks,Roygent Parks,brand:roygent_parks,"[""hotel""]",BRAND,brand:roygent_parks:hotel,FAMILY_NAMESPACE,BRAND_NAMESPACE,brand_namespace_form,CLEAN,lang_mixed,authored,manual_brand_authored_v1
brandq1-00254-v03,Roygent Praks,Roygent Parks,brand:roygent_parks,"[""hotel""]",BRAND,brand:roygent_parks:hotel,FAMILY_NAMESPACE,BRAND_MECHANICAL_TYPO,brand_mechanical_typo,SINGLE,lang_en,authored,manual_brand_authored_v1
brandq1-00255-v01,Ruby Hotel,Ruby Hotel,brand:ruby_hotel,"[""hotel""]",BRAND,brand:ruby_hotel:hotel,FAMILY_NAMESPACE,BRAND_CANONICAL,brand_canonical,CLEAN,lang_en,authored,manual_brand_authored_v1
brandq1-00255-v02,khách sạn Ruby Hotel,Ruby Hotel,brand:ruby_hotel,"[""hotel""]",BRAND,brand:ruby_hotel:hotel,FAMILY_NAMESPACE,BRAND_NAMESPACE,brand_namespace_form,CLEAN,lang_mixed,authored,manual_brand_authored_v1
brandq1-00255-v03,Ruby Htoel,Ruby Hotel,brand:ruby_hotel,"[""hotel""]",BRAND,brand:ruby_hotel:hotel,FAMILY_NAMESPACE,BRAND_MECHANICAL_TYPO,brand_mechanical_typo,SINGLE,lang_en,authored,manual_brand_authored_v1
brandq1-00256-v01,S. E. G,S. E. G,brand:s_e_g,"[""fuel""]",BRAND,brand:s_e_g:fuel,FAMILY_NAMESPACE,BRAND_CANONICAL,brand_canonical,CLEAN,lang_en,authored,manual_brand_authored_v1
brandq1-00256-v02,cây xăng S. E. G,S. E. G,brand:s_e_g,"[""fuel""]",BRAND,brand:s_e_g:fuel,FAMILY_NAMESPACE,BRAND_NAMESPACE,brand_namespace_form,CLEAN,lang_mixed,authored,manual_brand_authored_v1
brandq1-00256-v03,SEG,S. E. G,brand:s_e_g,"[""fuel""]",BRAND,brand:s_e_g:fuel,FAMILY_NAMESPACE,BRAND_CASE_PUNCT,brand_case_punct,SINGLE,lang_en,authored,manual_brand_authored_v1
brandq1-00257-v01,Sacombank ATM,Sacombank ATM,brand:sacombank,"[""atm""]",BRAND,brand:sacombank:atm,FAMILY_NAMESPACE,BRAND_CANONICAL,brand_canonical,CLEAN,lang_en,authored,manual_brand_authored_v1
brandq1-00257-v02,ATM Sacombank,Sacombank ATM,brand:sacombank,"[""atm""]",BRAND,brand:sacombank:atm,FAMILY_NAMESPACE,BRAND_NAMESPACE,brand_namespace_form,CLEAN,lang_en,authored,manual_brand_authored_v1
brandq1-00257-v03,Sacomabnk ATM,Sacombank ATM,brand:sacombank,"[""atm""]",BRAND,brand:sacombank:atm,FAMILY_NAMESPACE,BRAND_MECHANICAL_TYPO,brand_mechanical_typo,SINGLE,lang_en,authored,manual_brand_authored_v1
brandq1-00258-v01,ngân hàng Sacombank,ngân hàng Sacombank,brand:sacombank,"[""bank""]",BRAND,brand:sacombank:bank,FAMILY_NAMESPACE,BRAND_CANONICAL,brand_canonical,CLEAN,lang_mixed,authored,manual_brand_authored_v1
brandq1-00258-v02,Sacombank ngân hàng,ngân hàng Sacombank,brand:sacombank,"[""bank""]",BRAND,brand:sacombank:bank,FAMILY_NAMESPACE,BRAND_NAMESPACE,brand_namespace_form,CLEAN,lang_mixed,authored,manual_brand_authored_v1
brandq1-00258-v03,ngan hang Sacombank,ngân hàng Sacombank,brand:sacombank,"[""bank""]",BRAND,brand:sacombank:bank,FAMILY_NAMESPACE,BRAND_ORTHOGRAPHIC_IME,brand_orthographic_ime,SINGLE,lang_mixed,authored,manual_brand_authored_v1
brandq1-00259-v01,Saigon Petro,Saigon Petro,brand:saigon_petro,"[""fuel""]",BRAND,brand:saigon_petro:fuel,FAMILY_NAMESPACE,BRAND_CANONICAL,brand_canonical,CLEAN,lang_en,authored,manual_brand_authored_v1
brandq1-00259-v02,cây xăng Saigon Petro,Saigon Petro,brand:saigon_petro,"[""fuel""]",BRAND,brand:saigon_petro:fuel,FAMILY_NAMESPACE,BRAND_NAMESPACE,brand_namespace_form,CLEAN,lang_mixed,authored,manual_brand_authored_v1
brandq1-00259-v03,Saigon Perro,Saigon Petro,brand:saigon_petro,"[""fuel""]",BRAND,brand:saigon_petro:fuel,FAMILY_NAMESPACE,BRAND_MECHANICAL_TYPO,brand_mechanical_typo,SINGLE,lang_en,authored,manual_brand_authored_v1
brandq1-00260-v01,Saigon Tourist,Saigon Tourist,brand:saigon_tourist,"[""retail""]",BRAND,brand:saigon_tourist:retail,FAMILY_NAMESPACE,BRAND_CANONICAL,brand_canonical,CLEAN,lang_en,authored,manual_brand_authored_v1
brandq1-00260-v02,cửa hàng Saigon Tourist,Saigon Tourist,brand:saigon_tourist,"[""retail""]",BRAND,brand:saigon_tourist:retail,FAMILY_NAMESPACE,BRAND_NAMESPACE,brand_namespace_form,CLEAN,lang_mixed,authored,manual_brand_authored_v1
brandq1-00260-v03,Saigon Tourits,Saigon Tourist,brand:saigon_tourist,"[""retail""]",BRAND,brand:saigon_tourist:retail,FAMILY_NAMESPACE,BRAND_MECHANICAL_TYPO,brand_mechanical_typo,SINGLE,lang_en,authored,manual_brand_authored_v1
brandq1-00261-v01,Saigonbank ATM,Saigonbank ATM,brand:saigonbank,"[""atm""]",BRAND,brand:saigonbank:atm,FAMILY_NAMESPACE,BRAND_CANONICAL,brand_canonical,CLEAN,lang_en,authored,manual_brand_authored_v1
brandq1-00261-v02,ATM Saigonbank,Saigonbank ATM,brand:saigonbank,"[""atm""]",BRAND,brand:saigonbank:atm,FAMILY_NAMESPACE,BRAND_NAMESPACE,brand_namespace_form,CLEAN,lang_en,authored,manual_brand_authored_v1
brandq1-00261-v03,Saigonbnak ATM,Saigonbank ATM,brand:saigonbank,"[""atm""]",BRAND,brand:saigonbank:atm,FAMILY_NAMESPACE,BRAND_MECHANICAL_TYPO,brand_mechanical_typo,SINGLE,lang_en,authored,manual_brand_authored_v1
brandq1-00262-v01,ngân hàng Saigonbank,ngân hàng Saigonbank,brand:saigonbank,"[""bank""]",BRAND,brand:saigonbank:bank,FAMILY_NAMESPACE,BRAND_CANONICAL,brand_canonical,CLEAN,lang_mixed,authored,manual_brand_authored_v1
brandq1-00262-v02,Saigonbank ngân hàng,ngân hàng Saigonbank,brand:saigonbank,"[""bank""]",BRAND,brand:saigonbank:bank,FAMILY_NAMESPACE,BRAND_NAMESPACE,brand_namespace_form,CLEAN,lang_mixed,authored,manual_brand_authored_v1
brandq1-00262-v03,ngan hang Saigonbank,ngân hàng Saigonbank,brand:saigonbank,"[""bank""]",BRAND,brand:saigonbank:bank,FAMILY_NAMESPACE,BRAND_ORTHOGRAPHIC_IME,brand_orthographic_ime,SINGLE,lang_mixed,authored,manual_brand_authored_v1
brandq1-00263-v01,Samsonite,Samsonite,brand:samsonite,"[""retail""]",BRAND,brand:samsonite:retail,FAMILY_NAMESPACE,BRAND_CANONICAL,brand_canonical,CLEAN,lang_en,authored,manual_brand_authored_v1
brandq1-00263-v02,cửa hàng Samsonite,Samsonite,brand:samsonite,"[""retail""]",BRAND,brand:samsonite:retail,FAMILY_NAMESPACE,BRAND_NAMESPACE,brand_namespace_form,CLEAN,lang_mixed,authored,manual_brand_authored_v1
brandq1-00263-v03,Samsointe,Samsonite,brand:samsonite,"[""retail""]",BRAND,brand:samsonite:retail,FAMILY_NAMESPACE,BRAND_MECHANICAL_TYPO,brand_mechanical_typo,SINGLE,lang_en,authored,manual_brand_authored_v1
brandq1-00264-v01,Samsung,Samsung,brand:samsung,"[""retail""]",BRAND,brand:samsung:retail,FAMILY_NAMESPACE,BRAND_CANONICAL,brand_canonical,CLEAN,lang_en,authored,manual_brand_authored_v1
brandq1-00264-v02,cửa hàng Samsung,Samsung,brand:samsung,"[""retail""]",BRAND,brand:samsung:retail,FAMILY_NAMESPACE,BRAND_NAMESPACE,brand_namespace_form,CLEAN,lang_mixed,authored,manual_brand_authored_v1
brandq1-00264-v03,Samsugn,Samsung,brand:samsung,"[""retail""]",BRAND,brand:samsung:retail,FAMILY_NAMESPACE,BRAND_MECHANICAL_TYPO,brand_mechanical_typo,SINGLE,lang_en,authored,manual_brand_authored_v1
brandq1-00265-v01,Satra,Satra,brand:satra,"[""fuel""]",BRAND,brand:satra:fuel,FAMILY_NAMESPACE,BRAND_CANONICAL,brand_canonical,CLEAN,lang_en,authored,manual_brand_authored_v1
brandq1-00265-v02,cây xăng Satra,Satra,brand:satra,"[""fuel""]",BRAND,brand:satra:fuel,FAMILY_NAMESPACE,BRAND_NAMESPACE,brand_namespace_form,CLEAN,lang_mixed,authored,manual_brand_authored_v1
brandq1-00265-v03,Satraa,Satra,brand:satra,"[""fuel""]",BRAND,brand:satra:fuel,FAMILY_NAMESPACE,BRAND_MECHANICAL_TYPO,brand_mechanical_typo,SINGLE,lang_en,authored,manual_brand_authored_v1
brandq1-00266-v01,SCB ATM,SCB ATM,brand:scb,"[""atm""]",BRAND,brand:scb:atm,FAMILY_NAMESPACE,BRAND_CANONICAL,brand_canonical,CLEAN,lang_en,authored,manual_brand_authored_v1
brandq1-00266-v02,ATM SCB,SCB ATM,brand:scb,"[""atm""]",BRAND,brand:scb:atm,FAMILY_NAMESPACE,BRAND_NAMESPACE,brand_namespace_form,CLEAN,lang_en,authored,manual_brand_authored_v1
brandq1-00267-v01,ngân hàng SCB,ngân hàng SCB,brand:scb,"[""bank""]",BRAND,brand:scb:bank,FAMILY_NAMESPACE,BRAND_CANONICAL,brand_canonical,CLEAN,lang_mixed,authored,manual_brand_authored_v1
brandq1-00267-v02,SCB ngân hàng,ngân hàng SCB,brand:scb,"[""bank""]",BRAND,brand:scb:bank,FAMILY_NAMESPACE,BRAND_NAMESPACE,brand_namespace_form,CLEAN,lang_mixed,authored,manual_brand_authored_v1
brandq1-00267-v03,ngan hang SCB,ngân hàng SCB,brand:scb,"[""bank""]",BRAND,brand:scb:bank,FAMILY_NAMESPACE,BRAND_ORTHOGRAPHIC_IME,brand_orthographic_ime,SINGLE,lang_mixed,authored,manual_brand_authored_v1
brandq1-00268-v01,SeABank ATM,SeABank ATM,brand:seabank,"[""atm""]",BRAND,brand:seabank:atm,FAMILY_NAMESPACE,BRAND_CANONICAL,brand_canonical,CLEAN,lang_en,authored,manual_brand_authored_v1
brandq1-00268-v02,ATM SeABank,SeABank ATM,brand:seabank,"[""atm""]",BRAND,brand:seabank:atm,FAMILY_NAMESPACE,BRAND_NAMESPACE,brand_namespace_form,CLEAN,lang_en,authored,manual_brand_authored_v1
brandq1-00268-v03,SeABnak ATM,SeABank ATM,brand:seabank,"[""atm""]",BRAND,brand:seabank:atm,FAMILY_NAMESPACE,BRAND_MECHANICAL_TYPO,brand_mechanical_typo,SINGLE,lang_en,authored,manual_brand_authored_v1
brandq1-00269-v01,ngân hàng SeABank,ngân hàng SeABank,brand:seabank,"[""bank""]",BRAND,brand:seabank:bank,FAMILY_NAMESPACE,BRAND_CANONICAL,brand_canonical,CLEAN,lang_mixed,authored,manual_brand_authored_v1
brandq1-00269-v02,SeABank ngân hàng,ngân hàng SeABank,brand:seabank,"[""bank""]",BRAND,brand:seabank:bank,FAMILY_NAMESPACE,BRAND_NAMESPACE,brand_namespace_form,CLEAN,lang_mixed,authored,manual_brand_authored_v1
brandq1-00269-v03,ngan hang SeABank,ngân hàng SeABank,brand:seabank,"[""bank""]",BRAND,brand:seabank:bank,FAMILY_NAMESPACE,BRAND_ORTHOGRAPHIC_IME,brand_orthographic_ime,SINGLE,lang_mixed,authored,manual_brand_authored_v1
brandq1-00270-v01,Sen,Sen,brand:sen,"[""restaurant""]",BRAND,brand:sen:restaurant,FAMILY_NAMESPACE,BRAND_CANONICAL,brand_canonical,CLEAN,lang_vi,authored,manual_brand_authored_v1
brandq1-00270-v02,nhà hàng Sen,Sen,brand:sen,"[""restaurant""]",BRAND,brand:sen:restaurant,FAMILY_NAMESPACE,BRAND_NAMESPACE,brand_namespace_form,CLEAN,lang_vi,authored,manual_brand_authored_v1
brandq1-00271-v01,SHB ATM,SHB ATM,brand:shb,"[""atm""]",BRAND,brand:shb:atm,FAMILY_NAMESPACE,BRAND_CANONICAL,brand_canonical,CLEAN,lang_en,authored,manual_brand_authored_v1
brandq1-00271-v02,ATM SHB,SHB ATM,brand:shb,"[""atm""]",BRAND,brand:shb:atm,FAMILY_NAMESPACE,BRAND_NAMESPACE,brand_namespace_form,CLEAN,lang_en,authored,manual_brand_authored_v1
brandq1-00272-v01,ngân hàng SHB,ngân hàng SHB,brand:shb,"[""bank""]",BRAND,brand:shb:bank,FAMILY_NAMESPACE,BRAND_CANONICAL,brand_canonical,CLEAN,lang_mixed,authored,manual_brand_authored_v1
brandq1-00272-v02,SHB ngân hàng,ngân hàng SHB,brand:shb,"[""bank""]",BRAND,brand:shb:bank,FAMILY_NAMESPACE,BRAND_NAMESPACE,brand_namespace_form,CLEAN,lang_mixed,authored,manual_brand_authored_v1
brandq1-00272-v03,ngan hang SHB,ngân hàng SHB,brand:shb,"[""bank""]",BRAND,brand:shb:bank,FAMILY_NAMESPACE,BRAND_ORTHOGRAPHIC_IME,brand_orthographic_ime,SINGLE,lang_mixed,authored,manual_brand_authored_v1
brandq1-00273-v01,Shell,Shell,brand:shell,"[""fuel""]",BRAND,brand:shell:fuel,FAMILY_NAMESPACE,BRAND_CANONICAL,brand_canonical,CLEAN,lang_en,authored,manual_brand_authored_v1
brandq1-00273-v02,cây xăng Shell,Shell,brand:shell,"[""fuel""]",BRAND,brand:shell:fuel,FAMILY_NAMESPACE,BRAND_NAMESPACE,brand_namespace_form,CLEAN,lang_mixed,authored,manual_brand_authored_v1
brandq1-00273-v03,Sgell,Shell,brand:shell,"[""fuel""]",BRAND,brand:shell:fuel,FAMILY_NAMESPACE,BRAND_MECHANICAL_TYPO,brand_mechanical_typo,SINGLE,lang_en,authored,manual_brand_authored_v1
brandq1-00274-v01,Sheraton,Sheraton,brand:sheraton,"[""hotel""]",BRAND,brand:sheraton:hotel,FAMILY_NAMESPACE,BRAND_CANONICAL,brand_canonical,CLEAN,lang_en,authored,manual_brand_authored_v1
brandq1-00274-v02,khách sạn Sheraton,Sheraton,brand:sheraton,"[""hotel""]",BRAND,brand:sheraton:hotel,FAMILY_NAMESPACE,BRAND_NAMESPACE,brand_namespace_form,CLEAN,lang_mixed,authored,manual_brand_authored_v1
brandq1-00274-v03,Sheraotn,Sheraton,brand:sheraton,"[""hotel""]",BRAND,brand:sheraton:hotel,FAMILY_NAMESPACE,BRAND_MECHANICAL_TYPO,brand_mechanical_typo,SINGLE,lang_en,authored,manual_brand_authored_v1
brandq1-00275-v01,Shinhan Bank ATM,Shinhan Bank ATM,brand:shinhan_bank,"[""atm""]",BRAND,brand:shinhan_bank:atm,FAMILY_NAMESPACE,BRAND_CANONICAL,brand_canonical,CLEAN,lang_en,authored,manual_brand_authored_v1
brandq1-00275-v02,ATM Shinhan Bank,Shinhan Bank ATM,brand:shinhan_bank,"[""atm""]",BRAND,brand:shinhan_bank:atm,FAMILY_NAMESPACE,BRAND_NAMESPACE,brand_namespace_form,CLEAN,lang_en,authored,manual_brand_authored_v1
brandq1-00275-v03,Shinhan Bnak ATM,Shinhan Bank ATM,brand:shinhan_bank,"[""atm""]",BRAND,brand:shinhan_bank:atm,FAMILY_NAMESPACE,BRAND_MECHANICAL_TYPO,brand_mechanical_typo,SINGLE,lang_en,authored,manual_brand_authored_v1
brandq1-00276-v01,ngân hàng Shinhan Bank,ngân hàng Shinhan Bank,brand:shinhan_bank,"[""bank""]",BRAND,brand:shinhan_bank:bank,FAMILY_NAMESPACE,BRAND_CANONICAL,brand_canonical,CLEAN,lang_mixed,authored,manual_brand_authored_v1
brandq1-00276-v02,Shinhan Bank ngân hàng,ngân hàng Shinhan Bank,brand:shinhan_bank,"[""bank""]",BRAND,brand:shinhan_bank:bank,FAMILY_NAMESPACE,BRAND_NAMESPACE,brand_namespace_form,CLEAN,lang_mixed,authored,manual_brand_authored_v1
brandq1-00276-v03,ngan hang Shinhan Bank,ngân hàng Shinhan Bank,brand:shinhan_bank,"[""bank""]",BRAND,brand:shinhan_bank:bank,FAMILY_NAMESPACE,BRAND_ORTHOGRAPHIC_IME,brand_orthographic_ime,SINGLE,lang_mixed,authored,manual_brand_authored_v1
brandq1-00277-v01,Shiseido,Shiseido,brand:shiseido,"[""retail""]",BRAND,brand:shiseido:retail,FAMILY_NAMESPACE,BRAND_CANONICAL,brand_canonical,CLEAN,lang_en,authored,manual_brand_authored_v1
brandq1-00277-v02,cửa hàng Shiseido,Shiseido,brand:shiseido,"[""retail""]",BRAND,brand:shiseido:retail,FAMILY_NAMESPACE,BRAND_NAMESPACE,brand_namespace_form,CLEAN,lang_mixed,authored,manual_brand_authored_v1
brandq1-00277-v03,Shisiedo,Shiseido,brand:shiseido,"[""retail""]",BRAND,brand:shiseido:retail,FAMILY_NAMESPACE,BRAND_MECHANICAL_TYPO,brand_mechanical_typo,SINGLE,lang_en,authored,manual_brand_authored_v1
brandq1-00278-v01,Silk Path,Silk Path,brand:silk_path,"[""hotel""]",BRAND,brand:silk_path:hotel,FAMILY_NAMESPACE,BRAND_CANONICAL,brand_canonical,CLEAN,lang_en,authored,manual_brand_authored_v1
brandq1-00278-v02,khách sạn Silk Path,Silk Path,brand:silk_path,"[""hotel""]",BRAND,brand:silk_path:hotel,FAMILY_NAMESPACE,BRAND_NAMESPACE,brand_namespace_form,CLEAN,lang_mixed,authored,manual_brand_authored_v1
brandq1-00278-v03,Silk Ptah,Silk Path,brand:silk_path,"[""hotel""]",BRAND,brand:silk_path:hotel,FAMILY_NAMESPACE,BRAND_MECHANICAL_TYPO,brand_mechanical_typo,SINGLE,lang_en,authored,manual_brand_authored_v1
brandq1-00279-v01,Six Senses,Six Senses,brand:six_senses,"[""hotel""]",BRAND,brand:six_senses:hotel,FAMILY_NAMESPACE,BRAND_CANONICAL,brand_canonical,CLEAN,lang_en,authored,manual_brand_authored_v1
brandq1-00279-v02,khách sạn Six Senses,Six Senses,brand:six_senses,"[""hotel""]",BRAND,brand:six_senses:hotel,FAMILY_NAMESPACE,BRAND_NAMESPACE,brand_namespace_form,CLEAN,lang_mixed,authored,manual_brand_authored_v1
brandq1-00279-v03,Six Sesnes,Six Senses,brand:six_senses,"[""hotel""]",BRAND,brand:six_senses:hotel,FAMILY_NAMESPACE,BRAND_MECHANICAL_TYPO,brand_mechanical_typo,SINGLE,lang_en,authored,manual_brand_authored_v1
brandq1-00280-v01,Skechers,Skechers,brand:skechers,"[""retail""]",BRAND,brand:skechers:retail,FAMILY_NAMESPACE,BRAND_CANONICAL,brand_canonical,CLEAN,lang_en,authored,manual_brand_authored_v1
brandq1-00280-v02,cửa hàng Skechers,Skechers,brand:skechers,"[""retail""]",BRAND,brand:skechers:retail,FAMILY_NAMESPACE,BRAND_NAMESPACE,brand_namespace_form,CLEAN,lang_mixed,authored,manual_brand_authored_v1
brandq1-00280-v03,Skechres,Skechers,brand:skechers,"[""retail""]",BRAND,brand:skechers:retail,FAMILY_NAMESPACE,BRAND_MECHANICAL_TYPO,brand_mechanical_typo,SINGLE,lang_en,authored,manual_brand_authored_v1
brandq1-00281-v01,Skyline Coffee,Skyline Coffee,brand:skyline_coffee,"[""cafe""]",BRAND,brand:skyline_coffee:cafe,FAMILY_NAMESPACE,BRAND_CANONICAL,brand_canonical,CLEAN,lang_en,authored,manual_brand_authored_v1
brandq1-00281-v02,cà phê Skyline Coffee,Skyline Coffee,brand:skyline_coffee,"[""cafe""]",BRAND,brand:skyline_coffee:cafe,FAMILY_NAMESPACE,BRAND_NAMESPACE,brand_namespace_form,CLEAN,lang_mixed,authored,manual_brand_authored_v1
brandq1-00281-v03,Skyline Cofefe,Skyline Coffee,brand:skyline_coffee,"[""cafe""]",BRAND,brand:skyline_coffee:cafe,FAMILY_NAMESPACE,BRAND_MECHANICAL_TYPO,brand_mechanical_typo,SINGLE,lang_en,authored,manual_brand_authored_v1
brandq1-00282-v01,Sony,Sony,brand:sony,"[""retail""]",BRAND,brand:sony:retail,FAMILY_NAMESPACE,BRAND_CANONICAL,brand_canonical,CLEAN,lang_en,authored,manual_brand_authored_v1
brandq1-00282-v02,cửa hàng Sony,Sony,brand:sony,"[""retail""]",BRAND,brand:sony:retail,FAMILY_NAMESPACE,BRAND_NAMESPACE,brand_namespace_form,CLEAN,lang_mixed,authored,manual_brand_authored_v1
brandq1-00282-v03,Sny,Sony,brand:sony,"[""retail""]",BRAND,brand:sony:retail,FAMILY_NAMESPACE,BRAND_MECHANICAL_TYPO,brand_mechanical_typo,SINGLE,lang_en,authored,manual_brand_authored_v1
brandq1-00283-v01,Sports Authority,Sports Authority,brand:sports_authority,"[""retail""]",BRAND,brand:sports_authority:retail,FAMILY_NAMESPACE,BRAND_CANONICAL,brand_canonical,CLEAN,lang_en,authored,manual_brand_authored_v1
brandq1-00283-v02,cửa hàng Sports Authority,Sports Authority,brand:sports_authority,"[""retail""]",BRAND,brand:sports_authority:retail,FAMILY_NAMESPACE,BRAND_NAMESPACE,brand_namespace_form,CLEAN,lang_mixed,authored,manual_brand_authored_v1
brandq1-00283-v03,Sports Authoriyt,Sports Authority,brand:sports_authority,"[""retail""]",BRAND,brand:sports_authority:retail,FAMILY_NAMESPACE,BRAND_MECHANICAL_TYPO,brand_mechanical_typo,SINGLE,lang_en,authored,manual_brand_authored_v1
brandq1-00284-v01,Standard Chartered ATM,Standard Chartered ATM,brand:standard_chartered,"[""atm""]",BRAND,brand:standard_chartered:atm,FAMILY_NAMESPACE,BRAND_CANONICAL,brand_canonical,CLEAN,lang_en,authored,manual_brand_authored_v1
brandq1-00284-v02,ATM Standard Chartered,Standard Chartered ATM,brand:standard_chartered,"[""atm""]",BRAND,brand:standard_chartered:atm,FAMILY_NAMESPACE,BRAND_NAMESPACE,brand_namespace_form,CLEAN,lang_en,authored,manual_brand_authored_v1
brandq1-00284-v03,Standard Charteerd ATM,Standard Chartered ATM,brand:standard_chartered,"[""atm""]",BRAND,brand:standard_chartered:atm,FAMILY_NAMESPACE,BRAND_MECHANICAL_TYPO,brand_mechanical_typo,SINGLE,lang_en,authored,manual_brand_authored_v1
brandq1-00285-v01,cà phê Starbucks,cà phê Starbucks,brand:starbucks,"[""cafe""]",BRAND,brand:starbucks:cafe,FAMILY_NAMESPACE,BRAND_CANONICAL,brand_canonical,CLEAN,lang_mixed,authored,manual_brand_authored_v1
brandq1-00285-v02,Starbucks cà phê,cà phê Starbucks,brand:starbucks,"[""cafe""]",BRAND,brand:starbucks:cafe,FAMILY_NAMESPACE,BRAND_NAMESPACE,brand_namespace_form,CLEAN,lang_mixed,authored,manual_brand_authored_v1
brandq1-00285-v03,ca phe Starbucks,cà phê Starbucks,brand:starbucks,"[""cafe""]",BRAND,brand:starbucks:cafe,FAMILY_NAMESPACE,BRAND_ORTHOGRAPHIC_IME,brand_orthographic_ime,SINGLE,lang_mixed,authored,manual_brand_authored_v1
brandq1-00286-v01,cửa hàng Starbucks,cửa hàng Starbucks,brand:starbucks,"[""retail""]",BRAND,brand:starbucks:retail,FAMILY_NAMESPACE,BRAND_CANONICAL,brand_canonical,CLEAN,lang_mixed,authored,manual_brand_authored_v1
brandq1-00286-v02,Starbucks cửa hàng,cửa hàng Starbucks,brand:starbucks,"[""retail""]",BRAND,brand:starbucks:retail,FAMILY_NAMESPACE,BRAND_NAMESPACE,brand_namespace_form,CLEAN,lang_mixed,authored,manual_brand_authored_v1
brandq1-00286-v03,cua hang Starbucks,cửa hàng Starbucks,brand:starbucks,"[""retail""]",BRAND,brand:starbucks:retail,FAMILY_NAMESPACE,BRAND_ORTHOGRAPHIC_IME,brand_orthographic_ime,SINGLE,lang_mixed,authored,manual_brand_authored_v1
brandq1-00287-v01,STS,STS,brand:sts,"[""fuel""]",BRAND,brand:sts:fuel,FAMILY_NAMESPACE,BRAND_CANONICAL,brand_canonical,CLEAN,lang_en,authored,manual_brand_authored_v1
brandq1-00287-v02,cây xăng STS,STS,brand:sts,"[""fuel""]",BRAND,brand:sts:fuel,FAMILY_NAMESPACE,BRAND_NAMESPACE,brand_namespace_form,CLEAN,lang_mixed,authored,manual_brand_authored_v1
brandq1-00288-v01,STS Petro,STS Petro,brand:sts_petro,"[""fuel""]",BRAND,brand:sts_petro:fuel,FAMILY_NAMESPACE,BRAND_CANONICAL,brand_canonical,CLEAN,lang_en,authored,manual_brand_authored_v1
brandq1-00288-v02,cây xăng STS Petro,STS Petro,brand:sts_petro,"[""fuel""]",BRAND,brand:sts_petro:fuel,FAMILY_NAMESPACE,BRAND_NAMESPACE,brand_namespace_form,CLEAN,lang_mixed,authored,manual_brand_authored_v1
brandq1-00288-v03,STSPetro,STS Petro,brand:sts_petro,"[""fuel""]",BRAND,brand:sts_petro:fuel,FAMILY_NAMESPACE,BRAND_SPACE_VARIANT,brand_space_variant,SINGLE,lang_en,authored,manual_brand_authored_v1
brandq1-00289-v01,cà phê Sữa Chua Trân Châu Hạ Long,cà phê Sữa Chua Trân Châu Hạ Long,brand:sua_chua_tran_chau_ha_long,"[""cafe""]",BRAND,brand:sua_chua_tran_chau_ha_long:cafe,FAMILY_NAMESPACE,BRAND_CANONICAL,brand_canonical,CLEAN,lang_vi,authored,manual_brand_authored_v1
brandq1-00289-v02,Sữa Chua Trân Châu Hạ Long cà phê,cà phê Sữa Chua Trân Châu Hạ Long,brand:sua_chua_tran_chau_ha_long,"[""cafe""]",BRAND,brand:sua_chua_tran_chau_ha_long:cafe,FAMILY_NAMESPACE,BRAND_NAMESPACE,brand_namespace_form,CLEAN,lang_vi,authored,manual_brand_authored_v1
brandq1-00289-v03,ca phe Sua Chua Tran Chau Ha Long,cà phê Sữa Chua Trân Châu Hạ Long,brand:sua_chua_tran_chau_ha_long,"[""cafe""]",BRAND,brand:sua_chua_tran_chau_ha_long:cafe,FAMILY_NAMESPACE,BRAND_ORTHOGRAPHIC_IME,brand_orthographic_ime,SINGLE,lang_vi,authored,manual_brand_authored_v1
brandq1-00290-v01,nhà hàng Sữa Chua Trân Châu Hạ Long,nhà hàng Sữa Chua Trân Châu Hạ Long,brand:sua_chua_tran_chau_ha_long,"[""restaurant""]",BRAND,brand:sua_chua_tran_chau_ha_long:restaurant,FAMILY_NAMESPACE,BRAND_CANONICAL,brand_canonical,CLEAN,lang_vi,authored,manual_brand_authored_v1
brandq1-00290-v02,Sữa Chua Trân Châu Hạ Long nhà hàng,nhà hàng Sữa Chua Trân Châu Hạ Long,brand:sua_chua_tran_chau_ha_long,"[""restaurant""]",BRAND,brand:sua_chua_tran_chau_ha_long:restaurant,FAMILY_NAMESPACE,BRAND_NAMESPACE,brand_namespace_form,CLEAN,lang_vi,authored,manual_brand_authored_v1
brandq1-00290-v03,nha hang Sua Chua Tran Chau Ha Long,nhà hàng Sữa Chua Trân Châu Hạ Long,brand:sua_chua_tran_chau_ha_long,"[""restaurant""]",BRAND,brand:sua_chua_tran_chau_ha_long:restaurant,FAMILY_NAMESPACE,BRAND_ORTHOGRAPHIC_IME,brand_orthographic_ime,SINGLE,lang_vi,authored,manual_brand_authored_v1
brandq1-00291-v01,Subaru,Subaru,brand:subaru,"[""retail""]",BRAND,brand:subaru:retail,FAMILY_NAMESPACE,BRAND_CANONICAL,brand_canonical,CLEAN,lang_en,authored,manual_brand_authored_v1
brandq1-00291-v02,cửa hàng Subaru,Subaru,brand:subaru,"[""retail""]",BRAND,brand:subaru:retail,FAMILY_NAMESPACE,BRAND_NAMESPACE,brand_namespace_form,CLEAN,lang_mixed,authored,manual_brand_authored_v1
brandq1-00291-v03,Subrau,Subaru,brand:subaru,"[""retail""]",BRAND,brand:subaru:retail,FAMILY_NAMESPACE,BRAND_MECHANICAL_TYPO,brand_mechanical_typo,SINGLE,lang_en,authored,manual_brand_authored_v1
brandq1-00292-v01,Suzuki,Suzuki,brand:suzuki,"[""retail""]",BRAND,brand:suzuki:retail,FAMILY_NAMESPACE,BRAND_CANONICAL,brand_canonical,CLEAN,lang_en,authored,manual_brand_authored_v1
brandq1-00292-v02,cửa hàng Suzuki,Suzuki,brand:suzuki,"[""retail""]",BRAND,brand:suzuki:retail,FAMILY_NAMESPACE,BRAND_NAMESPACE,brand_namespace_form,CLEAN,lang_mixed,authored,manual_brand_authored_v1
brandq1-00292-v03,Suzkui,Suzuki,brand:suzuki,"[""retail""]",BRAND,brand:suzuki:retail,FAMILY_NAMESPACE,BRAND_MECHANICAL_TYPO,brand_mechanical_typo,SINGLE,lang_en,authored,manual_brand_authored_v1
brandq1-00293-v01,Swarovski,Swarovski,brand:swarovski,"[""retail""]",BRAND,brand:swarovski:retail,FAMILY_NAMESPACE,BRAND_CANONICAL,brand_canonical,CLEAN,lang_en,authored,manual_brand_authored_v1
brandq1-00293-v02,cửa hàng Swarovski,Swarovski,brand:swarovski,"[""retail""]",BRAND,brand:swarovski:retail,FAMILY_NAMESPACE,BRAND_NAMESPACE,brand_namespace_form,CLEAN,lang_mixed,authored,manual_brand_authored_v1
brandq1-00293-v03,Swarovksi,Swarovski,brand:swarovski,"[""retail""]",BRAND,brand:swarovski:retail,FAMILY_NAMESPACE,BRAND_MECHANICAL_TYPO,brand_mechanical_typo,SINGLE,lang_en,authored,manual_brand_authored_v1
brandq1-00294-v01,SWP,SWP,brand:swp,"[""fuel""]",BRAND,brand:swp:fuel,FAMILY_NAMESPACE,BRAND_CANONICAL,brand_canonical,CLEAN,lang_en,authored,manual_brand_authored_v1
brandq1-00294-v02,cây xăng SWP,SWP,brand:swp,"[""fuel""]",BRAND,brand:swp:fuel,FAMILY_NAMESPACE,BRAND_NAMESPACE,brand_namespace_form,CLEAN,lang_mixed,authored,manual_brand_authored_v1
brandq1-00295-v01,SYM,SYM,brand:sym,"[""retail""]",BRAND,brand:sym:retail,FAMILY_NAMESPACE,BRAND_CANONICAL,brand_canonical,CLEAN,lang_en,authored,manual_brand_authored_v1
brandq1-00295-v02,cửa hàng SYM,SYM,brand:sym,"[""retail""]",BRAND,brand:sym:retail,FAMILY_NAMESPACE,BRAND_NAMESPACE,brand_namespace_form,CLEAN,lang_mixed,authored,manual_brand_authored_v1
brandq1-00296-v01,Ta Cà Phê,Ta Cà Phê,brand:ta_ca_phe,"[""cafe""]",BRAND,brand:ta_ca_phe:cafe,FAMILY_NAMESPACE,BRAND_CANONICAL,brand_canonical,CLEAN,lang_vi,authored,manual_brand_authored_v1
brandq1-00296-v02,cà phê Ta Cà Phê,Ta Cà Phê,brand:ta_ca_phe,"[""cafe""]",BRAND,brand:ta_ca_phe:cafe,FAMILY_NAMESPACE,BRAND_NAMESPACE,brand_namespace_form,CLEAN,lang_vi,authored,manual_brand_authored_v1
brandq1-00296-v03,Ta Ca Phe,Ta Cà Phê,brand:ta_ca_phe,"[""cafe""]",BRAND,brand:ta_ca_phe:cafe,FAMILY_NAMESPACE,BRAND_ORTHOGRAPHIC_IME,brand_orthographic_ime,SINGLE,lang_vi,authored,manual_brand_authored_v1
brandq1-00297-v01,tan.,tan.,brand:tan,"[""cafe""]",BRAND,brand:tan:cafe,FAMILY_NAMESPACE,BRAND_CANONICAL,brand_canonical,CLEAN,lang_en,authored,manual_brand_authored_v1
brandq1-00297-v02,cà phê tan.,tan.,brand:tan,"[""cafe""]",BRAND,brand:tan:cafe,FAMILY_NAMESPACE,BRAND_NAMESPACE,brand_namespace_form,CLEAN,lang_mixed,authored,manual_brand_authored_v1
brandq1-00297-v03,tan,tan.,brand:tan,"[""cafe""]",BRAND,brand:tan:cafe,FAMILY_NAMESPACE,BRAND_CASE_PUNCT,brand_case_punct,SINGLE,lang_en,authored,manual_brand_authored_v1
brandq1-00298-v01,TCP Station,TCP Station,brand:tcp_station,"[""fuel""]",BRAND,brand:tcp_station:fuel,FAMILY_NAMESPACE,BRAND_CANONICAL,brand_canonical,CLEAN,lang_en,authored,manual_brand_authored_v1
brandq1-00298-v02,cây xăng TCP Station,TCP Station,brand:tcp_station,"[""fuel""]",BRAND,brand:tcp_station:fuel,FAMILY_NAMESPACE,BRAND_NAMESPACE,brand_namespace_form,CLEAN,lang_mixed,authored,manual_brand_authored_v1
brandq1-00298-v03,TCP Staiton,TCP Station,brand:tcp_station,"[""fuel""]",BRAND,brand:tcp_station:fuel,FAMILY_NAMESPACE,BRAND_MECHANICAL_TYPO,brand_mechanical_typo,SINGLE,lang_en,authored,manual_brand_authored_v1
brandq1-00299-v01,TD Oil,TD Oil,brand:td_oil,"[""fuel""]",BRAND,brand:td_oil:fuel,FAMILY_NAMESPACE,BRAND_CANONICAL,brand_canonical,CLEAN,lang_en,authored,manual_brand_authored_v1
brandq1-00299-v02,cây xăng TD Oil,TD Oil,brand:td_oil,"[""fuel""]",BRAND,brand:td_oil:fuel,FAMILY_NAMESPACE,BRAND_NAMESPACE,brand_namespace_form,CLEAN,lang_mixed,authored,manual_brand_authored_v1
brandq1-00299-v03,TDOil,TD Oil,brand:td_oil,"[""fuel""]",BRAND,brand:td_oil:fuel,FAMILY_NAMESPACE,BRAND_SPACE_VARIANT,brand_space_variant,SINGLE,lang_en,authored,manual_brand_authored_v1
brandq1-00300-v01,Techcombank ATM,Techcombank ATM,brand:techcombank,"[""atm""]",BRAND,brand:techcombank:atm,FAMILY_NAMESPACE,BRAND_CANONICAL,brand_canonical,CLEAN,lang_en,authored,manual_brand_authored_v1
brandq1-00300-v02,ATM Techcombank,Techcombank ATM,brand:techcombank,"[""atm""]",BRAND,brand:techcombank:atm,FAMILY_NAMESPACE,BRAND_NAMESPACE,brand_namespace_form,CLEAN,lang_en,authored,manual_brand_authored_v1
brandq1-00300-v03,Techcomabnk ATM,Techcombank ATM,brand:techcombank,"[""atm""]",BRAND,brand:techcombank:atm,FAMILY_NAMESPACE,BRAND_MECHANICAL_TYPO,brand_mechanical_typo,SINGLE,lang_en,authored,manual_brand_authored_v1
brandq1-00301-v01,ngân hàng Techcombank,ngân hàng Techcombank,brand:techcombank,"[""bank""]",BRAND,brand:techcombank:bank,FAMILY_NAMESPACE,BRAND_CANONICAL,brand_canonical,CLEAN,lang_mixed,authored,manual_brand_authored_v1
brandq1-00301-v02,Techcombank ngân hàng,ngân hàng Techcombank,brand:techcombank,"[""bank""]",BRAND,brand:techcombank:bank,FAMILY_NAMESPACE,BRAND_NAMESPACE,brand_namespace_form,CLEAN,lang_mixed,authored,manual_brand_authored_v1
brandq1-00301-v03,ngan hang Techcombank,ngân hàng Techcombank,brand:techcombank,"[""bank""]",BRAND,brand:techcombank:bank,FAMILY_NAMESPACE,BRAND_ORTHOGRAPHIC_IME,brand_orthographic_ime,SINGLE,lang_mixed,authored,manual_brand_authored_v1
brandq1-00302-v01,Texas Chicken,Texas Chicken,brand:texas_chicken,"[""restaurant""]",BRAND,brand:texas_chicken:restaurant,FAMILY_NAMESPACE,BRAND_CANONICAL,brand_canonical,CLEAN,lang_en,authored,manual_brand_authored_v1
brandq1-00302-v02,nhà hàng Texas Chicken,Texas Chicken,brand:texas_chicken,"[""restaurant""]",BRAND,brand:texas_chicken:restaurant,FAMILY_NAMESPACE,BRAND_NAMESPACE,brand_namespace_form,CLEAN,lang_mixed,authored,manual_brand_authored_v1
brandq1-00302-v03,Texas Chikcen,Texas Chicken,brand:texas_chicken,"[""restaurant""]",BRAND,brand:texas_chicken:restaurant,FAMILY_NAMESPACE,BRAND_MECHANICAL_TYPO,brand_mechanical_typo,SINGLE,lang_en,authored,manual_brand_authored_v1
brandq1-00303-v01,Thalexim Petro,Thalexim Petro,brand:thalexim_petro,"[""fuel""]",BRAND,brand:thalexim_petro:fuel,FAMILY_NAMESPACE,BRAND_CANONICAL,brand_canonical,CLEAN,lang_en,authored,manual_brand_authored_v1
brandq1-00303-v02,cây xăng Thalexim Petro,Thalexim Petro,brand:thalexim_petro,"[""fuel""]",BRAND,brand:thalexim_petro:fuel,FAMILY_NAMESPACE,BRAND_NAMESPACE,brand_namespace_form,CLEAN,lang_mixed,authored,manual_brand_authored_v1
brandq1-00303-v03,Thalexim Perro,Thalexim Petro,brand:thalexim_petro,"[""fuel""]",BRAND,brand:thalexim_petro:fuel,FAMILY_NAMESPACE,BRAND_MECHANICAL_TYPO,brand_mechanical_typo,SINGLE,lang_en,authored,manual_brand_authored_v1
brandq1-00304-v01,Thành phố Oil,Thành phố Oil,brand:thanh_pho_oil,"[""fuel""]",BRAND,brand:thanh_pho_oil:fuel,FAMILY_NAMESPACE,BRAND_CANONICAL,brand_canonical,CLEAN,lang_mixed,authored,manual_brand_authored_v1
brandq1-00304-v02,cây xăng Thành phố Oil,Thành phố Oil,brand:thanh_pho_oil,"[""fuel""]",BRAND,brand:thanh_pho_oil:fuel,FAMILY_NAMESPACE,BRAND_NAMESPACE,brand_namespace_form,CLEAN,lang_mixed,authored,manual_brand_authored_v1
brandq1-00304-v03,Thanh pho Oil,Thành phố Oil,brand:thanh_pho_oil,"[""fuel""]",BRAND,brand:thanh_pho_oil:fuel,FAMILY_NAMESPACE,BRAND_ORTHOGRAPHIC_IME,brand_orthographic_ime,SINGLE,lang_mixed,authored,manual_brand_authored_v1
brandq1-00305-v01,The Alley,The Alley,brand:the_alley,"[""cafe""]",BRAND,brand:the_alley:cafe,FAMILY_NAMESPACE,BRAND_CANONICAL,brand_canonical,CLEAN,lang_en,authored,manual_brand_authored_v1
brandq1-00305-v02,cà phê The Alley,The Alley,brand:the_alley,"[""cafe""]",BRAND,brand:the_alley:cafe,FAMILY_NAMESPACE,BRAND_NAMESPACE,brand_namespace_form,CLEAN,lang_mixed,authored,manual_brand_authored_v1
brandq1-00305-v03,The Aley,The Alley,brand:the_alley,"[""cafe""]",BRAND,brand:the_alley:cafe,FAMILY_NAMESPACE,BRAND_MECHANICAL_TYPO,brand_mechanical_typo,SINGLE,lang_en,authored,manual_brand_authored_v1
brandq1-00306-v01,The Body Shop,The Body Shop,brand:the_body_shop,"[""retail""]",BRAND,brand:the_body_shop:retail,FAMILY_NAMESPACE,BRAND_CANONICAL,brand_canonical,CLEAN,lang_en,authored,manual_brand_authored_v1
brandq1-00306-v02,cửa hàng The Body Shop,The Body Shop,brand:the_body_shop,"[""retail""]",BRAND,brand:the_body_shop:retail,FAMILY_NAMESPACE,BRAND_NAMESPACE,brand_namespace_form,CLEAN,lang_mixed,authored,manual_brand_authored_v1
brandq1-00306-v03,The Bpdy Shop,The Body Shop,brand:the_body_shop,"[""retail""]",BRAND,brand:the_body_shop:retail,FAMILY_NAMESPACE,BRAND_MECHANICAL_TYPO,brand_mechanical_typo,SINGLE,lang_en,authored,manual_brand_authored_v1
brandq1-00307-v01,The Coffee Bean & Tea Leaf,The Coffee Bean & Tea Leaf,brand:the_coffee_bean_tea_leaf,"[""cafe""]",BRAND,brand:the_coffee_bean_tea_leaf:cafe,FAMILY_NAMESPACE,BRAND_CANONICAL,brand_canonical,CLEAN,lang_en,authored,manual_brand_authored_v1
brandq1-00307-v02,cà phê The Coffee Bean & Tea Leaf,The Coffee Bean & Tea Leaf,brand:the_coffee_bean_tea_leaf,"[""cafe""]",BRAND,brand:the_coffee_bean_tea_leaf:cafe,FAMILY_NAMESPACE,BRAND_NAMESPACE,brand_namespace_form,CLEAN,lang_mixed,authored,manual_brand_authored_v1
brandq1-00307-v03,The Coffee Bean Tea Leaf,The Coffee Bean & Tea Leaf,brand:the_coffee_bean_tea_leaf,"[""cafe""]",BRAND,brand:the_coffee_bean_tea_leaf:cafe,FAMILY_NAMESPACE,BRAND_CASE_PUNCT,brand_case_punct,SINGLE,lang_en,authored,manual_brand_authored_v1
brandq1-00308-v01,The Coffee House,The Coffee House,brand:the_coffee_house,"[""cafe""]",BRAND,brand:the_coffee_house:cafe,FAMILY_NAMESPACE,BRAND_CANONICAL,brand_canonical,CLEAN,lang_en,authored,manual_brand_authored_v1
brandq1-00308-v02,cà phê The Coffee House,The Coffee House,brand:the_coffee_house,"[""cafe""]",BRAND,brand:the_coffee_house:cafe,FAMILY_NAMESPACE,BRAND_NAMESPACE,brand_namespace_form,CLEAN,lang_mixed,authored,manual_brand_authored_v1
brandq1-00308-v03,The Cofefe House,The Coffee House,brand:the_coffee_house,"[""cafe""]",BRAND,brand:the_coffee_house:cafe,FAMILY_NAMESPACE,BRAND_MECHANICAL_TYPO,brand_mechanical_typo,SINGLE,lang_en,authored,manual_brand_authored_v1
brandq1-00309-v01,cửa hàng Thế Giới Di Động,cửa hàng Thế Giới Di Động,brand:the_gioi_di_dong,"[""retail""]",BRAND,brand:the_gioi_di_dong:retail,FAMILY_NAMESPACE,BRAND_CANONICAL,brand_canonical,CLEAN,lang_vi,authored,manual_brand_authored_v1
brandq1-00309-v02,Thế Giới Di Động cửa hàng,cửa hàng Thế Giới Di Động,brand:the_gioi_di_dong,"[""retail""]",BRAND,brand:the_gioi_di_dong:retail,FAMILY_NAMESPACE,BRAND_NAMESPACE,brand_namespace_form,CLEAN,lang_vi,authored,manual_brand_authored_v1
brandq1-00309-v03,cua hang The Gioi Di Dong,cửa hàng Thế Giới Di Động,brand:the_gioi_di_dong,"[""retail""]",BRAND,brand:the_gioi_di_dong:retail,FAMILY_NAMESPACE,BRAND_ORTHOGRAPHIC_IME,brand_orthographic_ime,SINGLE,lang_vi,authored,manual_brand_authored_v1
brandq1-00310-v01,siêu thị Thế Giới Di Động,siêu thị Thế Giới Di Động,brand:the_gioi_di_dong,"[""supermarket""]",BRAND,brand:the_gioi_di_dong:supermarket,FAMILY_NAMESPACE,BRAND_CANONICAL,brand_canonical,CLEAN,lang_vi,authored,manual_brand_authored_v1
brandq1-00310-v02,Thế Giới Di Động siêu thị,siêu thị Thế Giới Di Động,brand:the_gioi_di_dong,"[""supermarket""]",BRAND,brand:the_gioi_di_dong:supermarket,FAMILY_NAMESPACE,BRAND_NAMESPACE,brand_namespace_form,CLEAN,lang_vi,authored,manual_brand_authored_v1
brandq1-00310-v03,sieu thi The Gioi Di Dong,siêu thị Thế Giới Di Động,brand:the_gioi_di_dong,"[""supermarket""]",BRAND,brand:the_gioi_di_dong:supermarket,FAMILY_NAMESPACE,BRAND_ORTHOGRAPHIC_IME,brand_orthographic_ime,SINGLE,lang_vi,authored,manual_brand_authored_v1
brandq1-00311-v01,The Pizza Company,The Pizza Company,brand:the_pizza_company,"[""restaurant""]",BRAND,brand:the_pizza_company:restaurant,FAMILY_NAMESPACE,BRAND_CANONICAL,brand_canonical,CLEAN,lang_en,authored,manual_brand_authored_v1
brandq1-00311-v02,nhà hàng The Pizza Company,The Pizza Company,brand:the_pizza_company,"[""restaurant""]",BRAND,brand:the_pizza_company:restaurant,FAMILY_NAMESPACE,BRAND_NAMESPACE,brand_namespace_form,CLEAN,lang_mixed,authored,manual_brand_authored_v1
brandq1-00311-v03,The Pizza Compnay,The Pizza Company,brand:the_pizza_company,"[""restaurant""]",BRAND,brand:the_pizza_company:restaurant,FAMILY_NAMESPACE,BRAND_MECHANICAL_TYPO,brand_mechanical_typo,SINGLE,lang_en,authored,manual_brand_authored_v1
brandq1-00312-v01,Thom's Sourdough Bakery & Coffee,Thom's Sourdough Bakery & Coffee,brand:thom_s_sourdough_bakery_coffee,"[""cafe""]",BRAND,brand:thom_s_sourdough_bakery_coffee:cafe,FAMILY_NAMESPACE,BRAND_CANONICAL,brand_canonical,CLEAN,lang_en,authored,manual_brand_authored_v1
brandq1-00312-v02,cà phê Thom's Sourdough Bakery & Coffee,Thom's Sourdough Bakery & Coffee,brand:thom_s_sourdough_bakery_coffee,"[""cafe""]",BRAND,brand:thom_s_sourdough_bakery_coffee:cafe,FAMILY_NAMESPACE,BRAND_NAMESPACE,brand_namespace_form,CLEAN,lang_mixed,authored,manual_brand_authored_v1
brandq1-00312-v03,Thoms Sourdough Bakery Coffee,Thom's Sourdough Bakery & Coffee,brand:thom_s_sourdough_bakery_coffee,"[""cafe""]",BRAND,brand:thom_s_sourdough_bakery_coffee:cafe,FAMILY_NAMESPACE,BRAND_CASE_PUNCT,brand_case_punct,SINGLE,lang_en,authored,manual_brand_authored_v1
brandq1-00313-v01,cây xăng Tín Nghĩa,cây xăng Tín Nghĩa,brand:tin_nghia,"[""fuel""]",BRAND,brand:tin_nghia:fuel,FAMILY_NAMESPACE,BRAND_CANONICAL,brand_canonical,CLEAN,lang_vi,authored,manual_brand_authored_v1
brandq1-00313-v02,Tín Nghĩa cây xăng,cây xăng Tín Nghĩa,brand:tin_nghia,"[""fuel""]",BRAND,brand:tin_nghia:fuel,FAMILY_NAMESPACE,BRAND_NAMESPACE,brand_namespace_form,CLEAN,lang_vi,authored,manual_brand_authored_v1
brandq1-00313-v03,cay xang Tin Nghia,cây xăng Tín Nghĩa,brand:tin_nghia,"[""fuel""]",BRAND,brand:tin_nghia:fuel,FAMILY_NAMESPACE,BRAND_ORTHOGRAPHIC_IME,brand_orthographic_ime,SINGLE,lang_vi,authored,manual_brand_authored_v1
brandq1-00314-v01,cửa hàng Tín Nghĩa,cửa hàng Tín Nghĩa,brand:tin_nghia,"[""retail""]",BRAND,brand:tin_nghia:retail,FAMILY_NAMESPACE,BRAND_CANONICAL,brand_canonical,CLEAN,lang_vi,authored,manual_brand_authored_v1
brandq1-00314-v02,Tín Nghĩa cửa hàng,cửa hàng Tín Nghĩa,brand:tin_nghia,"[""retail""]",BRAND,brand:tin_nghia:retail,FAMILY_NAMESPACE,BRAND_NAMESPACE,brand_namespace_form,CLEAN,lang_vi,authored,manual_brand_authored_v1
brandq1-00314-v03,cua hang Tin Nghia,cửa hàng Tín Nghĩa,brand:tin_nghia,"[""retail""]",BRAND,brand:tin_nghia:retail,FAMILY_NAMESPACE,BRAND_ORTHOGRAPHIC_IME,brand_orthographic_ime,SINGLE,lang_vi,authored,manual_brand_authored_v1
brandq1-00315-v01,Tommy Hilfiger,Tommy Hilfiger,brand:tommy_hilfiger,"[""retail""]",BRAND,brand:tommy_hilfiger:retail,FAMILY_NAMESPACE,BRAND_CANONICAL,brand_canonical,CLEAN,lang_en,authored,manual_brand_authored_v1
brandq1-00315-v02,cửa hàng Tommy Hilfiger,Tommy Hilfiger,brand:tommy_hilfiger,"[""retail""]",BRAND,brand:tommy_hilfiger:retail,FAMILY_NAMESPACE,BRAND_NAMESPACE,brand_namespace_form,CLEAN,lang_mixed,authored,manual_brand_authored_v1
brandq1-00315-v03,Tommy Hilfigre,Tommy Hilfiger,brand:tommy_hilfiger,"[""retail""]",BRAND,brand:tommy_hilfiger:retail,FAMILY_NAMESPACE,BRAND_MECHANICAL_TYPO,brand_mechanical_typo,SINGLE,lang_en,authored,manual_brand_authored_v1
brandq1-00316-v01,Tóng Dạilỳ,Tóng Dạilỳ,brand:tong_daily,"[""fuel""]",BRAND,brand:tong_daily:fuel,FAMILY_NAMESPACE,BRAND_CANONICAL,brand_canonical,CLEAN,lang_vi,authored,manual_brand_authored_v1
brandq1-00316-v02,cây xăng Tóng Dạilỳ,Tóng Dạilỳ,brand:tong_daily,"[""fuel""]",BRAND,brand:tong_daily:fuel,FAMILY_NAMESPACE,BRAND_NAMESPACE,brand_namespace_form,CLEAN,lang_vi,authored,manual_brand_authored_v1
brandq1-00316-v03,Tong Daily,Tóng Dạilỳ,brand:tong_daily,"[""fuel""]",BRAND,brand:tong_daily:fuel,FAMILY_NAMESPACE,BRAND_ORTHOGRAPHIC_IME,brand_orthographic_ime,SINGLE,lang_vi,needs_review,manual_brand_authored_v1
brandq1-00317-v01,Tops Market,Tops Market,brand:tops_market,"[""supermarket""]",BRAND,brand:tops_market:supermarket,FAMILY_NAMESPACE,BRAND_CANONICAL,brand_canonical,CLEAN,lang_en,authored,manual_brand_authored_v1
brandq1-00317-v02,siêu thị Tops Market,Tops Market,brand:tops_market,"[""supermarket""]",BRAND,brand:tops_market:supermarket,FAMILY_NAMESPACE,BRAND_NAMESPACE,brand_namespace_form,CLEAN,lang_mixed,authored,manual_brand_authored_v1
brandq1-00317-v03,Tops Makret,Tops Market,brand:tops_market,"[""supermarket""]",BRAND,brand:tops_market:supermarket,FAMILY_NAMESPACE,BRAND_MECHANICAL_TYPO,brand_mechanical_typo,SINGLE,lang_en,authored,manual_brand_authored_v1
brandq1-00318-v01,Total,Total,brand:total,"[""fuel""]",BRAND,brand:total:fuel,FAMILY_NAMESPACE,BRAND_CANONICAL,brand_canonical,CLEAN,lang_en,authored,manual_brand_authored_v1
brandq1-00318-v02,cây xăng Total,Total,brand:total,"[""fuel""]",BRAND,brand:total:fuel,FAMILY_NAMESPACE,BRAND_NAMESPACE,brand_namespace_form,CLEAN,lang_mixed,authored,manual_brand_authored_v1
brandq1-00318-v03,Ttoal,Total,brand:total,"[""fuel""]",BRAND,brand:total:fuel,FAMILY_NAMESPACE,BRAND_MECHANICAL_TYPO,brand_mechanical_typo,SINGLE,lang_en,authored,manual_brand_authored_v1
brandq1-00319-v01,TotalEnergies,TotalEnergies,brand:totalenergies,"[""fuel""]",BRAND,brand:totalenergies:fuel,FAMILY_NAMESPACE,BRAND_CANONICAL,brand_canonical,CLEAN,lang_en,authored,manual_brand_authored_v1
brandq1-00319-v02,cây xăng TotalEnergies,TotalEnergies,brand:totalenergies,"[""fuel""]",BRAND,brand:totalenergies:fuel,FAMILY_NAMESPACE,BRAND_NAMESPACE,brand_namespace_form,CLEAN,lang_mixed,authored,manual_brand_authored_v1
brandq1-00319-v03,Total Energies,TotalEnergies,brand:totalenergies,"[""fuel""]",BRAND,brand:totalenergies:fuel,FAMILY_NAMESPACE,BRAND_SPACE_VARIANT,brand_space_variant,SINGLE,lang_en,authored,manual_brand_authored_v1
brandq1-00320-v01,cà phê Tous les Jours,cà phê Tous les Jours,brand:tous_les_jours,"[""cafe""]",BRAND,brand:tous_les_jours:cafe,FAMILY_NAMESPACE,BRAND_CANONICAL,brand_canonical,CLEAN,lang_mixed,authored,manual_brand_authored_v1
brandq1-00320-v02,Tous les Jours cà phê,cà phê Tous les Jours,brand:tous_les_jours,"[""cafe""]",BRAND,brand:tous_les_jours:cafe,FAMILY_NAMESPACE,BRAND_NAMESPACE,brand_namespace_form,CLEAN,lang_mixed,authored,manual_brand_authored_v1
brandq1-00320-v03,ca phe Tous les Jours,cà phê Tous les Jours,brand:tous_les_jours,"[""cafe""]",BRAND,brand:tous_les_jours:cafe,FAMILY_NAMESPACE,BRAND_ORTHOGRAPHIC_IME,brand_orthographic_ime,SINGLE,lang_mixed,authored,manual_brand_authored_v1
brandq1-00321-v01,cửa hàng Tous les Jours,cửa hàng Tous les Jours,brand:tous_les_jours,"[""retail""]",BRAND,brand:tous_les_jours:retail,FAMILY_NAMESPACE,BRAND_CANONICAL,brand_canonical,CLEAN,lang_mixed,authored,manual_brand_authored_v1
brandq1-00321-v02,Tous les Jours cửa hàng,cửa hàng Tous les Jours,brand:tous_les_jours,"[""retail""]",BRAND,brand:tous_les_jours:retail,FAMILY_NAMESPACE,BRAND_NAMESPACE,brand_namespace_form,CLEAN,lang_mixed,authored,manual_brand_authored_v1
brandq1-00321-v03,cua hang Tous les Jours,cửa hàng Tous les Jours,brand:tous_les_jours,"[""retail""]",BRAND,brand:tous_les_jours:retail,FAMILY_NAMESPACE,BRAND_ORTHOGRAPHIC_IME,brand_orthographic_ime,SINGLE,lang_mixed,authored,manual_brand_authored_v1
brandq1-00322-v01,Toyota,Toyota,brand:toyota,"[""retail""]",BRAND,brand:toyota:retail,FAMILY_NAMESPACE,BRAND_CANONICAL,brand_canonical,CLEAN,lang_en,authored,manual_brand_authored_v1
brandq1-00322-v02,cửa hàng Toyota,Toyota,brand:toyota,"[""retail""]",BRAND,brand:toyota:retail,FAMILY_NAMESPACE,BRAND_NAMESPACE,brand_namespace_form,CLEAN,lang_mixed,authored,manual_brand_authored_v1
brandq1-00322-v03,Toytoa,Toyota,brand:toyota,"[""retail""]",BRAND,brand:toyota:retail,FAMILY_NAMESPACE,BRAND_MECHANICAL_TYPO,brand_mechanical_typo,SINGLE,lang_en,authored,manual_brand_authored_v1
brandq1-00323-v01,TPBank ATM,TPBank ATM,brand:tpbank,"[""atm""]",BRAND,brand:tpbank:atm,FAMILY_NAMESPACE,BRAND_CANONICAL,brand_canonical,CLEAN,lang_en,authored,manual_brand_authored_v1
brandq1-00323-v02,ATM TPBank,TPBank ATM,brand:tpbank,"[""atm""]",BRAND,brand:tpbank:atm,FAMILY_NAMESPACE,BRAND_NAMESPACE,brand_namespace_form,CLEAN,lang_en,authored,manual_brand_authored_v1
brandq1-00323-v03,TPBnak ATM,TPBank ATM,brand:tpbank,"[""atm""]",BRAND,brand:tpbank:atm,FAMILY_NAMESPACE,BRAND_MECHANICAL_TYPO,brand_mechanical_typo,SINGLE,lang_en,authored,manual_brand_authored_v1
brandq1-00324-v01,ngân hàng TPBank,ngân hàng TPBank,brand:tpbank,"[""bank""]",BRAND,brand:tpbank:bank,FAMILY_NAMESPACE,BRAND_CANONICAL,brand_canonical,CLEAN,lang_mixed,authored,manual_brand_authored_v1
brandq1-00324-v02,TPBank ngân hàng,ngân hàng TPBank,brand:tpbank,"[""bank""]",BRAND,brand:tpbank:bank,FAMILY_NAMESPACE,BRAND_NAMESPACE,brand_namespace_form,CLEAN,lang_mixed,authored,manual_brand_authored_v1
brandq1-00324-v03,ngan hang TPBank,ngân hàng TPBank,brand:tpbank,"[""bank""]",BRAND,brand:tpbank:bank,FAMILY_NAMESPACE,BRAND_ORTHOGRAPHIC_IME,brand_orthographic_ime,SINGLE,lang_mixed,authored,manual_brand_authored_v1
brandq1-00325-v01,Triumph,Triumph,brand:triumph,"[""retail""]",BRAND,brand:triumph:retail,FAMILY_NAMESPACE,BRAND_CANONICAL,brand_canonical,CLEAN,lang_en,authored,manual_brand_authored_v1
brandq1-00325-v02,cửa hàng Triumph,Triumph,brand:triumph,"[""retail""]",BRAND,brand:triumph:retail,FAMILY_NAMESPACE,BRAND_NAMESPACE,brand_namespace_form,CLEAN,lang_mixed,authored,manual_brand_authored_v1
brandq1-00325-v03,Triupmh,Triumph,brand:triumph,"[""retail""]",BRAND,brand:triumph:retail,FAMILY_NAMESPACE,BRAND_MECHANICAL_TYPO,brand_mechanical_typo,SINGLE,lang_en,authored,manual_brand_authored_v1
brandq1-00326-v01,Tru by Hilton,Tru by Hilton,brand:tru_by_hilton,"[""hotel""]",BRAND,brand:tru_by_hilton:hotel,FAMILY_NAMESPACE,BRAND_CANONICAL,brand_canonical,CLEAN,lang_en,authored,manual_brand_authored_v1
brandq1-00326-v02,khách sạn Tru by Hilton,Tru by Hilton,brand:tru_by_hilton,"[""hotel""]",BRAND,brand:tru_by_hilton:hotel,FAMILY_NAMESPACE,BRAND_NAMESPACE,brand_namespace_form,CLEAN,lang_mixed,authored,manual_brand_authored_v1
brandq1-00326-v03,Tru by Hitlon,Tru by Hilton,brand:tru_by_hilton,"[""hotel""]",BRAND,brand:tru_by_hilton:hotel,FAMILY_NAMESPACE,BRAND_MECHANICAL_TYPO,brand_mechanical_typo,SINGLE,lang_en,authored,manual_brand_authored_v1
brandq1-00327-v01,cà phê Trung Nguyên,cà phê Trung Nguyên,brand:trung_nguyen,"[""cafe""]",BRAND,brand:trung_nguyen:cafe,FAMILY_NAMESPACE,BRAND_CANONICAL,brand_canonical,CLEAN,lang_vi,authored,manual_brand_authored_v1
brandq1-00327-v02,Trung Nguyên cà phê,cà phê Trung Nguyên,brand:trung_nguyen,"[""cafe""]",BRAND,brand:trung_nguyen:cafe,FAMILY_NAMESPACE,BRAND_NAMESPACE,brand_namespace_form,CLEAN,lang_vi,authored,manual_brand_authored_v1
brandq1-00327-v03,ca phe Trung Nguyen,cà phê Trung Nguyên,brand:trung_nguyen,"[""cafe""]",BRAND,brand:trung_nguyen:cafe,FAMILY_NAMESPACE,BRAND_ORTHOGRAPHIC_IME,brand_orthographic_ime,SINGLE,lang_vi,authored,manual_brand_authored_v1
brandq1-00328-v01,cửa hàng tiện lợi Trung Nguyên,cửa hàng tiện lợi Trung Nguyên,brand:trung_nguyen,"[""convenience_store""]",BRAND,brand:trung_nguyen:convenience_store,FAMILY_NAMESPACE,BRAND_CANONICAL,brand_canonical,CLEAN,lang_vi,authored,manual_brand_authored_v1
brandq1-00328-v02,Trung Nguyên cửa hàng tiện lợi,cửa hàng tiện lợi Trung Nguyên,brand:trung_nguyen,"[""convenience_store""]",BRAND,brand:trung_nguyen:convenience_store,FAMILY_NAMESPACE,BRAND_NAMESPACE,brand_namespace_form,CLEAN,lang_vi,authored,manual_brand_authored_v1
brandq1-00328-v03,cua hang tien loi Trung Nguyen,cửa hàng tiện lợi Trung Nguyên,brand:trung_nguyen,"[""convenience_store""]",BRAND,brand:trung_nguyen:convenience_store,FAMILY_NAMESPACE,BRAND_ORTHOGRAPHIC_IME,brand_orthographic_ime,SINGLE,lang_vi,authored,manual_brand_authored_v1
brandq1-00329-v01,TTC,TTC,brand:ttc,"[""hotel""]",BRAND,brand:ttc:hotel,FAMILY_NAMESPACE,BRAND_CANONICAL,brand_canonical,CLEAN,lang_en,authored,manual_brand_authored_v1
brandq1-00329-v02,khách sạn TTC,TTC,brand:ttc,"[""hotel""]",BRAND,brand:ttc:hotel,FAMILY_NAMESPACE,BRAND_NAMESPACE,brand_namespace_form,CLEAN,lang_mixed,authored,manual_brand_authored_v1
brandq1-00330-v01,Uniqlo,Uniqlo,brand:uniqlo,"[""retail""]",BRAND,brand:uniqlo:retail,FAMILY_NAMESPACE,BRAND_CANONICAL,brand_canonical,CLEAN,lang_en,authored,manual_brand_authored_v1
brandq1-00330-v02,cửa hàng Uniqlo,Uniqlo,brand:uniqlo,"[""retail""]",BRAND,brand:uniqlo:retail,FAMILY_NAMESPACE,BRAND_NAMESPACE,brand_namespace_form,CLEAN,lang_mixed,authored,manual_brand_authored_v1
brandq1-00330-v03,Uniqol,Uniqlo,brand:uniqlo,"[""retail""]",BRAND,brand:uniqlo:retail,FAMILY_NAMESPACE,BRAND_MECHANICAL_TYPO,brand_mechanical_typo,SINGLE,lang_en,authored,manual_brand_authored_v1
brandq1-00331-v01,UPharma,UPharma,brand:upharma,"[""pharmacy""]",BRAND,brand:upharma:pharmacy,FAMILY_NAMESPACE,BRAND_CANONICAL,brand_canonical,CLEAN,lang_en,authored,manual_brand_authored_v1
brandq1-00331-v02,nhà thuốc UPharma,UPharma,brand:upharma,"[""pharmacy""]",BRAND,brand:upharma:pharmacy,FAMILY_NAMESPACE,BRAND_NAMESPACE,brand_namespace_form,CLEAN,lang_mixed,authored,manual_brand_authored_v1
brandq1-00331-v03,U Pharma,UPharma,brand:upharma,"[""pharmacy""]",BRAND,brand:upharma:pharmacy,FAMILY_NAMESPACE,BRAND_SPACE_VARIANT,brand_space_variant,SINGLE,lang_en,authored,manual_brand_authored_v1
brandq1-00332-v01,Valentino,Valentino,brand:valentino,"[""retail""]",BRAND,brand:valentino:retail,FAMILY_NAMESPACE,BRAND_CANONICAL,brand_canonical,CLEAN,lang_en,authored,manual_brand_authored_v1
brandq1-00332-v02,cửa hàng Valentino,Valentino,brand:valentino,"[""retail""]",BRAND,brand:valentino:retail,FAMILY_NAMESPACE,BRAND_NAMESPACE,brand_namespace_form,CLEAN,lang_mixed,authored,manual_brand_authored_v1
brandq1-00332-v03,Valetnino,Valentino,brand:valentino,"[""retail""]",BRAND,brand:valentino:retail,FAMILY_NAMESPACE,BRAND_MECHANICAL_TYPO,brand_mechanical_typo,SINGLE,lang_en,authored,manual_brand_authored_v1
brandq1-00333-v01,Vans,Vans,brand:vans,"[""retail""]",BRAND,brand:vans:retail,FAMILY_NAMESPACE,BRAND_CANONICAL,brand_canonical,CLEAN,lang_en,authored,manual_brand_authored_v1
brandq1-00333-v02,cửa hàng Vans,Vans,brand:vans,"[""retail""]",BRAND,brand:vans:retail,FAMILY_NAMESPACE,BRAND_NAMESPACE,brand_namespace_form,CLEAN,lang_mixed,authored,manual_brand_authored_v1
brandq1-00333-v03,Vasn,Vans,brand:vans,"[""retail""]",BRAND,brand:vans:retail,FAMILY_NAMESPACE,BRAND_MECHANICAL_TYPO,brand_mechanical_typo,SINGLE,lang_en,authored,manual_brand_authored_v1
brandq1-00334-v01,VDB,VDB,brand:vdb,"[""bank""]",BRAND,brand:vdb:bank,FAMILY_NAMESPACE,BRAND_CANONICAL,brand_canonical,CLEAN,lang_en,authored,manual_brand_authored_v1
brandq1-00334-v02,ngân hàng VDB,VDB,brand:vdb,"[""bank""]",BRAND,brand:vdb:bank,FAMILY_NAMESPACE,BRAND_NAMESPACE,brand_namespace_form,CLEAN,lang_mixed,authored,manual_brand_authored_v1
brandq1-00335-v01,VIB ATM,VIB ATM,brand:vib,"[""atm""]",BRAND,brand:vib:atm,FAMILY_NAMESPACE,BRAND_CANONICAL,brand_canonical,CLEAN,lang_en,authored,manual_brand_authored_v1
brandq1-00335-v02,ATM VIB,VIB ATM,brand:vib,"[""atm""]",BRAND,brand:vib:atm,FAMILY_NAMESPACE,BRAND_NAMESPACE,brand_namespace_form,CLEAN,lang_en,authored,manual_brand_authored_v1
brandq1-00336-v01,ngân hàng VIB,ngân hàng VIB,brand:vib,"[""bank""]",BRAND,brand:vib:bank,FAMILY_NAMESPACE,BRAND_CANONICAL,brand_canonical,CLEAN,lang_mixed,authored,manual_brand_authored_v1
brandq1-00336-v02,VIB ngân hàng,ngân hàng VIB,brand:vib,"[""bank""]",BRAND,brand:vib:bank,FAMILY_NAMESPACE,BRAND_NAMESPACE,brand_namespace_form,CLEAN,lang_mixed,authored,manual_brand_authored_v1
brandq1-00336-v03,ngan hang VIB,ngân hàng VIB,brand:vib,"[""bank""]",BRAND,brand:vib:bank,FAMILY_NAMESPACE,BRAND_ORTHOGRAPHIC_IME,brand_orthographic_ime,SINGLE,lang_mixed,authored,manual_brand_authored_v1
brandq1-00337-v01,Victoria's Secret,Victoria's Secret,brand:victoria_s_secret,"[""retail""]",BRAND,brand:victoria_s_secret:retail,FAMILY_NAMESPACE,BRAND_CANONICAL,brand_canonical,CLEAN,lang_en,authored,manual_brand_authored_v1
brandq1-00337-v02,cửa hàng Victoria's Secret,Victoria's Secret,brand:victoria_s_secret,"[""retail""]",BRAND,brand:victoria_s_secret:retail,FAMILY_NAMESPACE,BRAND_NAMESPACE,brand_namespace_form,CLEAN,lang_mixed,authored,manual_brand_authored_v1
brandq1-00337-v03,Victorias Secret,Victoria's Secret,brand:victoria_s_secret,"[""retail""]",BRAND,brand:victoria_s_secret:retail,FAMILY_NAMESPACE,BRAND_CASE_PUNCT,brand_case_punct,SINGLE,lang_en,authored,manual_brand_authored_v1
brandq1-00338-v01,Viet Capital Bank,Viet Capital Bank,brand:viet_capital_bank,"[""bank""]",BRAND,brand:viet_capital_bank:bank,FAMILY_NAMESPACE,BRAND_CANONICAL,brand_canonical,CLEAN,lang_en,authored,manual_brand_authored_v1
brandq1-00338-v02,ngân hàng Viet Capital Bank,Viet Capital Bank,brand:viet_capital_bank,"[""bank""]",BRAND,brand:viet_capital_bank:bank,FAMILY_NAMESPACE,BRAND_NAMESPACE,brand_namespace_form,CLEAN,lang_mixed,authored,manual_brand_authored_v1
brandq1-00338-v03,Viet Capital Bnak,Viet Capital Bank,brand:viet_capital_bank,"[""bank""]",BRAND,brand:viet_capital_bank:bank,FAMILY_NAMESPACE,BRAND_MECHANICAL_TYPO,brand_mechanical_typo,SINGLE,lang_en,authored,manual_brand_authored_v1
brandq1-00339-v01,Viet Phong,Viet Phong,brand:viet_phong,"[""fuel""]",BRAND,brand:viet_phong:fuel,FAMILY_NAMESPACE,BRAND_CANONICAL,brand_canonical,CLEAN,lang_en,authored,manual_brand_authored_v1
brandq1-00339-v02,cây xăng Viet Phong,Viet Phong,brand:viet_phong,"[""fuel""]",BRAND,brand:viet_phong:fuel,FAMILY_NAMESPACE,BRAND_NAMESPACE,brand_namespace_form,CLEAN,lang_mixed,authored,manual_brand_authored_v1
brandq1-00339-v03,Viet Phnog,Viet Phong,brand:viet_phong,"[""fuel""]",BRAND,brand:viet_phong:fuel,FAMILY_NAMESPACE,BRAND_MECHANICAL_TYPO,brand_mechanical_typo,SINGLE,lang_en,authored,manual_brand_authored_v1
brandq1-00340-v01,VietABank ATM,VietABank ATM,brand:vietabank,"[""atm""]",BRAND,brand:vietabank:atm,FAMILY_NAMESPACE,BRAND_CANONICAL,brand_canonical,CLEAN,lang_en,authored,manual_brand_authored_v1
brandq1-00340-v02,ATM VietABank,VietABank ATM,brand:vietabank,"[""atm""]",BRAND,brand:vietabank:atm,FAMILY_NAMESPACE,BRAND_NAMESPACE,brand_namespace_form,CLEAN,lang_en,authored,manual_brand_authored_v1
brandq1-00340-v03,VietABnak ATM,VietABank ATM,brand:vietabank,"[""atm""]",BRAND,brand:vietabank:atm,FAMILY_NAMESPACE,BRAND_MECHANICAL_TYPO,brand_mechanical_typo,SINGLE,lang_en,authored,manual_brand_authored_v1
brandq1-00341-v01,ngân hàng VietABank,ngân hàng VietABank,brand:vietabank,"[""bank""]",BRAND,brand:vietabank:bank,FAMILY_NAMESPACE,BRAND_CANONICAL,brand_canonical,CLEAN,lang_mixed,authored,manual_brand_authored_v1
brandq1-00341-v02,VietABank ngân hàng,ngân hàng VietABank,brand:vietabank,"[""bank""]",BRAND,brand:vietabank:bank,FAMILY_NAMESPACE,BRAND_NAMESPACE,brand_namespace_form,CLEAN,lang_mixed,authored,manual_brand_authored_v1
brandq1-00341-v03,ngan hang VietABank,ngân hàng VietABank,brand:vietabank,"[""bank""]",BRAND,brand:vietabank:bank,FAMILY_NAMESPACE,BRAND_ORTHOGRAPHIC_IME,brand_orthographic_ime,SINGLE,lang_mixed,authored,manual_brand_authored_v1
brandq1-00342-v01,Vietbank ATM,Vietbank ATM,brand:vietbank,"[""atm""]",BRAND,brand:vietbank:atm,FAMILY_NAMESPACE,BRAND_CANONICAL,brand_canonical,CLEAN,lang_en,authored,manual_brand_authored_v1
brandq1-00342-v02,ATM Vietbank,Vietbank ATM,brand:vietbank,"[""atm""]",BRAND,brand:vietbank:atm,FAMILY_NAMESPACE,BRAND_NAMESPACE,brand_namespace_form,CLEAN,lang_en,authored,manual_brand_authored_v1
brandq1-00342-v03,Vietbnak ATM,Vietbank ATM,brand:vietbank,"[""atm""]",BRAND,brand:vietbank:atm,FAMILY_NAMESPACE,BRAND_MECHANICAL_TYPO,brand_mechanical_typo,SINGLE,lang_en,authored,manual_brand_authored_v1
brandq1-00343-v01,ngân hàng Vietbank,ngân hàng Vietbank,brand:vietbank,"[""bank""]",BRAND,brand:vietbank:bank,FAMILY_NAMESPACE,BRAND_CANONICAL,brand_canonical,CLEAN,lang_mixed,authored,manual_brand_authored_v1
brandq1-00343-v02,Vietbank ngân hàng,ngân hàng Vietbank,brand:vietbank,"[""bank""]",BRAND,brand:vietbank:bank,FAMILY_NAMESPACE,BRAND_NAMESPACE,brand_namespace_form,CLEAN,lang_mixed,authored,manual_brand_authored_v1
brandq1-00343-v03,ngan hang Vietbank,ngân hàng Vietbank,brand:vietbank,"[""bank""]",BRAND,brand:vietbank:bank,FAMILY_NAMESPACE,BRAND_ORTHOGRAPHIC_IME,brand_orthographic_ime,SINGLE,lang_mixed,authored,manual_brand_authored_v1
brandq1-00344-v01,Vietcombank ATM,Vietcombank ATM,brand:vietcombank,"[""atm""]",BRAND,brand:vietcombank:atm,FAMILY_NAMESPACE,BRAND_CANONICAL,brand_canonical,CLEAN,lang_en,authored,manual_brand_authored_v1
brandq1-00344-v02,ATM ngân hàng Vietcombank,Vietcombank ATM,brand:vietcombank,"[""atm""]",BRAND,brand:vietcombank:atm,FAMILY_NAMESPACE,BRAND_NAMESPACE,brand_namespace_form,CLEAN,lang_mixed,authored,manual_brand_authored_v1
brandq1-00344-v03,Vietcomabnk ATM,Vietcombank ATM,brand:vietcombank,"[""atm""]",BRAND,brand:vietcombank:atm,FAMILY_NAMESPACE,BRAND_MECHANICAL_TYPO,brand_mechanical_typo,SINGLE,lang_en,authored,manual_brand_authored_v1
brandq1-00345-v01,ngân hàng Vietcombank,ngân hàng Vietcombank,brand:vietcombank,"[""bank""]",BRAND,brand:vietcombank:bank,FAMILY_NAMESPACE,BRAND_CANONICAL,brand_canonical,CLEAN,lang_mixed,authored,manual_brand_authored_v1
brandq1-00345-v02,Vietcombank ngân hàng,ngân hàng Vietcombank,brand:vietcombank,"[""bank""]",BRAND,brand:vietcombank:bank,FAMILY_NAMESPACE,BRAND_NAMESPACE,brand_namespace_form,CLEAN,lang_mixed,authored,manual_brand_authored_v1
brandq1-00345-v03,ngan hang Vietcombank,ngân hàng Vietcombank,brand:vietcombank,"[""bank""]",BRAND,brand:vietcombank:bank,FAMILY_NAMESPACE,BRAND_ORTHOGRAPHIC_IME,brand_orthographic_ime,SINGLE,lang_mixed,authored,manual_brand_authored_v1
brandq1-00346-v01,VietinBank ATM,VietinBank ATM,brand:vietinbank,"[""atm""]",BRAND,brand:vietinbank:atm,FAMILY_NAMESPACE,BRAND_CANONICAL,brand_canonical,CLEAN,lang_en,authored,manual_brand_authored_v1
brandq1-00346-v02,ATM ngân hàng VietinBank,VietinBank ATM,brand:vietinbank,"[""atm""]",BRAND,brand:vietinbank:atm,FAMILY_NAMESPACE,BRAND_NAMESPACE,brand_namespace_form,CLEAN,lang_mixed,authored,manual_brand_authored_v1
brandq1-00346-v03,VietinBnak ATM,VietinBank ATM,brand:vietinbank,"[""atm""]",BRAND,brand:vietinbank:atm,FAMILY_NAMESPACE,BRAND_MECHANICAL_TYPO,brand_mechanical_typo,SINGLE,lang_en,authored,manual_brand_authored_v1
brandq1-00347-v01,ngân hàng VietinBank,ngân hàng VietinBank,brand:vietinbank,"[""bank""]",BRAND,brand:vietinbank:bank,FAMILY_NAMESPACE,BRAND_CANONICAL,brand_canonical,CLEAN,lang_mixed,authored,manual_brand_authored_v1
brandq1-00347-v02,VietinBank ngân hàng,ngân hàng VietinBank,brand:vietinbank,"[""bank""]",BRAND,brand:vietinbank:bank,FAMILY_NAMESPACE,BRAND_NAMESPACE,brand_namespace_form,CLEAN,lang_mixed,authored,manual_brand_authored_v1
brandq1-00347-v03,ngan hang VietinBank,ngân hàng VietinBank,brand:vietinbank,"[""bank""]",BRAND,brand:vietinbank:bank,FAMILY_NAMESPACE,BRAND_ORTHOGRAPHIC_IME,brand_orthographic_ime,SINGLE,lang_mixed,authored,manual_brand_authored_v1
brandq1-00348-v01,Vietnam Airlines,Vietnam Airlines,brand:vietnam_airlines,"[""retail""]",BRAND,brand:vietnam_airlines:retail,FAMILY_NAMESPACE,BRAND_CANONICAL,brand_canonical,CLEAN,lang_en,authored,manual_brand_authored_v1
brandq1-00348-v02,cửa hàng Vietnam Airlines,Vietnam Airlines,brand:vietnam_airlines,"[""retail""]",BRAND,brand:vietnam_airlines:retail,FAMILY_NAMESPACE,BRAND_NAMESPACE,brand_namespace_form,CLEAN,lang_mixed,authored,manual_brand_authored_v1
brandq1-00348-v03,Vietnam Airlnies,Vietnam Airlines,brand:vietnam_airlines,"[""retail""]",BRAND,brand:vietnam_airlines:retail,FAMILY_NAMESPACE,BRAND_MECHANICAL_TYPO,brand_mechanical_typo,SINGLE,lang_en,authored,manual_brand_authored_v1
brandq1-00349-v01,Viettel,Viettel,brand:viettel,"[""retail""]",BRAND,brand:viettel:retail,FAMILY_NAMESPACE,BRAND_CANONICAL,brand_canonical,CLEAN,lang_en,authored,manual_brand_authored_v1
brandq1-00349-v02,cửa hàng Viettel,Viettel,brand:viettel,"[""retail""]",BRAND,brand:viettel:retail,FAMILY_NAMESPACE,BRAND_NAMESPACE,brand_namespace_form,CLEAN,lang_mixed,authored,manual_brand_authored_v1
brandq1-00349-v03,Vietel,Viettel,brand:viettel,"[""retail""]",BRAND,brand:viettel:retail,FAMILY_NAMESPACE,BRAND_MECHANICAL_TYPO,brand_mechanical_typo,SINGLE,lang_en,authored,manual_brand_authored_v1
brandq1-00350-v01,Viettel Store,Viettel Store,brand:viettel_store,"[""retail""]",BRAND,brand:viettel_store:retail,FAMILY_NAMESPACE,BRAND_CANONICAL,brand_canonical,CLEAN,lang_en,authored,manual_brand_authored_v1
brandq1-00350-v02,cửa hàng Viettel Store,Viettel Store,brand:viettel_store,"[""retail""]",BRAND,brand:viettel_store:retail,FAMILY_NAMESPACE,BRAND_NAMESPACE,brand_namespace_form,CLEAN,lang_mixed,authored,manual_brand_authored_v1
brandq1-00350-v03,Viettel Stroe,Viettel Store,brand:viettel_store,"[""retail""]",BRAND,brand:viettel_store:retail,FAMILY_NAMESPACE,BRAND_MECHANICAL_TYPO,brand_mechanical_typo,SINGLE,lang_en,authored,manual_brand_authored_v1
brandq1-00351-v01,Vikki Bank ATM,Vikki Bank ATM,brand:vikki_bank,"[""atm""]",BRAND,brand:vikki_bank:atm,FAMILY_NAMESPACE,BRAND_CANONICAL,brand_canonical,CLEAN,lang_en,authored,manual_brand_authored_v1
brandq1-00351-v02,ATM Vikki Bank,Vikki Bank ATM,brand:vikki_bank,"[""atm""]",BRAND,brand:vikki_bank:atm,FAMILY_NAMESPACE,BRAND_NAMESPACE,brand_namespace_form,CLEAN,lang_en,authored,manual_brand_authored_v1
brandq1-00351-v03,Vikki Bnak ATM,Vikki Bank ATM,brand:vikki_bank,"[""atm""]",BRAND,brand:vikki_bank:atm,FAMILY_NAMESPACE,BRAND_MECHANICAL_TYPO,brand_mechanical_typo,SINGLE,lang_en,authored,manual_brand_authored_v1
brandq1-00352-v01,ngân hàng Vikki Bank,ngân hàng Vikki Bank,brand:vikki_bank,"[""bank""]",BRAND,brand:vikki_bank:bank,FAMILY_NAMESPACE,BRAND_CANONICAL,brand_canonical,CLEAN,lang_mixed,authored,manual_brand_authored_v1
brandq1-00352-v02,Vikki Bank ngân hàng,ngân hàng Vikki Bank,brand:vikki_bank,"[""bank""]",BRAND,brand:vikki_bank:bank,FAMILY_NAMESPACE,BRAND_NAMESPACE,brand_namespace_form,CLEAN,lang_mixed,authored,manual_brand_authored_v1
brandq1-00352-v03,ngan hang Vikki Bank,ngân hàng Vikki Bank,brand:vikki_bank,"[""bank""]",BRAND,brand:vikki_bank:bank,FAMILY_NAMESPACE,BRAND_ORTHOGRAPHIC_IME,brand_orthographic_ime,SINGLE,lang_mixed,authored,manual_brand_authored_v1
brandq1-00353-v01,Vinamilk,Vinamilk,brand:vinamilk,"[""retail""]",BRAND,brand:vinamilk:retail,FAMILY_NAMESPACE,BRAND_CANONICAL,brand_canonical,CLEAN,lang_en,authored,manual_brand_authored_v1
brandq1-00353-v02,cửa hàng Vinamilk,Vinamilk,brand:vinamilk,"[""retail""]",BRAND,brand:vinamilk:retail,FAMILY_NAMESPACE,BRAND_NAMESPACE,brand_namespace_form,CLEAN,lang_mixed,authored,manual_brand_authored_v1
brandq1-00353-v03,Vinamlik,Vinamilk,brand:vinamilk,"[""retail""]",BRAND,brand:vinamilk:retail,FAMILY_NAMESPACE,BRAND_MECHANICAL_TYPO,brand_mechanical_typo,SINGLE,lang_en,authored,manual_brand_authored_v1
brandq1-00354-v01,Vinaphone,Vinaphone,brand:vinaphone,"[""retail""]",BRAND,brand:vinaphone:retail,FAMILY_NAMESPACE,BRAND_CANONICAL,brand_canonical,CLEAN,lang_en,authored,manual_brand_authored_v1
brandq1-00354-v02,cửa hàng Vinaphone,Vinaphone,brand:vinaphone,"[""retail""]",BRAND,brand:vinaphone:retail,FAMILY_NAMESPACE,BRAND_NAMESPACE,brand_namespace_form,CLEAN,lang_mixed,authored,manual_brand_authored_v1
brandq1-00354-v03,Vinapohne,Vinaphone,brand:vinaphone,"[""retail""]",BRAND,brand:vinaphone:retail,FAMILY_NAMESPACE,BRAND_MECHANICAL_TYPO,brand_mechanical_typo,SINGLE,lang_en,authored,manual_brand_authored_v1
brandq1-00355-v01,Vincom,Vincom,brand:vincom,"[""retail""]",BRAND,brand:vincom:retail,FAMILY_NAMESPACE,BRAND_CANONICAL,brand_canonical,CLEAN,lang_en,authored,manual_brand_authored_v1
brandq1-00355-v02,cửa hàng Vincom,Vincom,brand:vincom,"[""retail""]",BRAND,brand:vincom:retail,FAMILY_NAMESPACE,BRAND_NAMESPACE,brand_namespace_form,CLEAN,lang_mixed,authored,manual_brand_authored_v1
brandq1-00355-v03,Vimcom,Vincom,brand:vincom,"[""retail""]",BRAND,brand:vincom:retail,FAMILY_NAMESPACE,BRAND_MECHANICAL_TYPO,brand_mechanical_typo,SINGLE,lang_en,authored,manual_brand_authored_v1
brandq1-00356-v01,VinFast,VinFast,brand:vinfast,"[""retail""]",BRAND,brand:vinfast:retail,FAMILY_NAMESPACE,BRAND_CANONICAL,brand_canonical,CLEAN,lang_en,authored,manual_brand_authored_v1
brandq1-00356-v02,cửa hàng VinFast,VinFast,brand:vinfast,"[""retail""]",BRAND,brand:vinfast:retail,FAMILY_NAMESPACE,BRAND_NAMESPACE,brand_namespace_form,CLEAN,lang_mixed,authored,manual_brand_authored_v1
brandq1-00356-v03,VinFats,VinFast,brand:vinfast,"[""retail""]",BRAND,brand:vinfast:retail,FAMILY_NAMESPACE,BRAND_MECHANICAL_TYPO,brand_mechanical_typo,SINGLE,lang_en,authored,manual_brand_authored_v1
brandq1-00357-v01,cửa hàng tiện lợi VinMart,cửa hàng tiện lợi VinMart,brand:vinmart,"[""convenience_store""]",BRAND,brand:vinmart:convenience_store,FAMILY_NAMESPACE,BRAND_CANONICAL,brand_canonical,CLEAN,lang_mixed,authored,manual_brand_authored_v1
brandq1-00357-v02,VinMart cửa hàng tiện lợi,cửa hàng tiện lợi VinMart,brand:vinmart,"[""convenience_store""]",BRAND,brand:vinmart:convenience_store,FAMILY_NAMESPACE,BRAND_NAMESPACE,brand_namespace_form,CLEAN,lang_mixed,authored,manual_brand_authored_v1
brandq1-00357-v03,cua hang tien loi VinMart,cửa hàng tiện lợi VinMart,brand:vinmart,"[""convenience_store""]",BRAND,brand:vinmart:convenience_store,FAMILY_NAMESPACE,BRAND_ORTHOGRAPHIC_IME,brand_orthographic_ime,SINGLE,lang_mixed,authored,manual_brand_authored_v1
brandq1-00358-v01,siêu thị VinMart,siêu thị VinMart,brand:vinmart,"[""supermarket""]",BRAND,brand:vinmart:supermarket,FAMILY_NAMESPACE,BRAND_CANONICAL,brand_canonical,CLEAN,lang_mixed,authored,manual_brand_authored_v1
brandq1-00358-v02,VinMart siêu thị,siêu thị VinMart,brand:vinmart,"[""supermarket""]",BRAND,brand:vinmart:supermarket,FAMILY_NAMESPACE,BRAND_NAMESPACE,brand_namespace_form,CLEAN,lang_mixed,authored,manual_brand_authored_v1
brandq1-00358-v03,sieu thi VinMart,siêu thị VinMart,brand:vinmart,"[""supermarket""]",BRAND,brand:vinmart:supermarket,FAMILY_NAMESPACE,BRAND_ORTHOGRAPHIC_IME,brand_orthographic_ime,SINGLE,lang_mixed,authored,manual_brand_authored_v1
brandq1-00359-v01,cửa hàng tiện lợi VinMart+,cửa hàng tiện lợi VinMart+,brand:vinmart_plus,"[""convenience_store""]",BRAND,brand:vinmart_plus:convenience_store,FAMILY_NAMESPACE,BRAND_CANONICAL,brand_canonical,CLEAN,lang_mixed,authored,manual_brand_authored_v1
brandq1-00359-v02,VinMart+ cửa hàng tiện lợi,cửa hàng tiện lợi VinMart+,brand:vinmart_plus,"[""convenience_store""]",BRAND,brand:vinmart_plus:convenience_store,FAMILY_NAMESPACE,BRAND_NAMESPACE,brand_namespace_form,CLEAN,lang_mixed,authored,manual_brand_authored_v1
brandq1-00359-v03,cua hang tien loi VinMart+,cửa hàng tiện lợi VinMart+,brand:vinmart_plus,"[""convenience_store""]",BRAND,brand:vinmart_plus:convenience_store,FAMILY_NAMESPACE,BRAND_ORTHOGRAPHIC_IME,brand_orthographic_ime,SINGLE,lang_mixed,authored,manual_brand_authored_v1
brandq1-00360-v01,cửa hàng VinMart+,cửa hàng VinMart+,brand:vinmart_plus,"[""retail""]",BRAND,brand:vinmart_plus:retail,FAMILY_NAMESPACE,BRAND_CANONICAL,brand_canonical,CLEAN,lang_mixed,authored,manual_brand_authored_v1
brandq1-00360-v02,VinMart+ cửa hàng,cửa hàng VinMart+,brand:vinmart_plus,"[""retail""]",BRAND,brand:vinmart_plus:retail,FAMILY_NAMESPACE,BRAND_NAMESPACE,brand_namespace_form,CLEAN,lang_mixed,authored,manual_brand_authored_v1
brandq1-00360-v03,cua hang VinMart+,cửa hàng VinMart+,brand:vinmart_plus,"[""retail""]",BRAND,brand:vinmart_plus:retail,FAMILY_NAMESPACE,BRAND_ORTHOGRAPHIC_IME,brand_orthographic_ime,SINGLE,lang_mixed,authored,manual_brand_authored_v1
brandq1-00361-v01,siêu thị VinMart+,siêu thị VinMart+,brand:vinmart_plus,"[""supermarket""]",BRAND,brand:vinmart_plus:supermarket,FAMILY_NAMESPACE,BRAND_CANONICAL,brand_canonical,CLEAN,lang_mixed,authored,manual_brand_authored_v1
brandq1-00361-v02,VinMart+ siêu thị,siêu thị VinMart+,brand:vinmart_plus,"[""supermarket""]",BRAND,brand:vinmart_plus:supermarket,FAMILY_NAMESPACE,BRAND_NAMESPACE,brand_namespace_form,CLEAN,lang_mixed,authored,manual_brand_authored_v1
brandq1-00361-v03,sieu thi VinMart+,siêu thị VinMart+,brand:vinmart_plus,"[""supermarket""]",BRAND,brand:vinmart_plus:supermarket,FAMILY_NAMESPACE,BRAND_ORTHOGRAPHIC_IME,brand_orthographic_ime,SINGLE,lang_mixed,authored,manual_brand_authored_v1
brandq1-00362-v01,Vinpearl,Vinpearl,brand:vinpearl,"[""hotel""]",BRAND,brand:vinpearl:hotel,FAMILY_NAMESPACE,BRAND_CANONICAL,brand_canonical,CLEAN,lang_en,authored,manual_brand_authored_v1
brandq1-00362-v02,khách sạn Vinpearl,Vinpearl,brand:vinpearl,"[""hotel""]",BRAND,brand:vinpearl:hotel,FAMILY_NAMESPACE,BRAND_NAMESPACE,brand_namespace_form,CLEAN,lang_mixed,authored,manual_brand_authored_v1
brandq1-00362-v03,Vineparl,Vinpearl,brand:vinpearl,"[""hotel""]",BRAND,brand:vinpearl:hotel,FAMILY_NAMESPACE,BRAND_MECHANICAL_TYPO,brand_mechanical_typo,SINGLE,lang_en,authored,manual_brand_authored_v1
brandq1-00363-v01,Vissan,Vissan,brand:vissan,"[""retail""]",BRAND,brand:vissan:retail,FAMILY_NAMESPACE,BRAND_CANONICAL,brand_canonical,CLEAN,lang_en,authored,manual_brand_authored_v1
brandq1-00363-v02,cửa hàng Vissan,Vissan,brand:vissan,"[""retail""]",BRAND,brand:vissan:retail,FAMILY_NAMESPACE,BRAND_NAMESPACE,brand_namespace_form,CLEAN,lang_mixed,authored,manual_brand_authored_v1
brandq1-00363-v03,Vissna,Vissan,brand:vissan,"[""retail""]",BRAND,brand:vissan:retail,FAMILY_NAMESPACE,BRAND_MECHANICAL_TYPO,brand_mechanical_typo,SINGLE,lang_en,authored,manual_brand_authored_v1
brandq1-00364-v01,Volkswagen,Volkswagen,brand:volkswagen,"[""retail""]",BRAND,brand:volkswagen:retail,FAMILY_NAMESPACE,BRAND_CANONICAL,brand_canonical,CLEAN,lang_en,authored,manual_brand_authored_v1
brandq1-00364-v02,cửa hàng Volkswagen,Volkswagen,brand:volkswagen,"[""retail""]",BRAND,brand:volkswagen:retail,FAMILY_NAMESPACE,BRAND_NAMESPACE,brand_namespace_form,CLEAN,lang_mixed,authored,manual_brand_authored_v1
brandq1-00364-v03,Volkswagne,Volkswagen,brand:volkswagen,"[""retail""]",BRAND,brand:volkswagen:retail,FAMILY_NAMESPACE,BRAND_MECHANICAL_TYPO,brand_mechanical_typo,SINGLE,lang_en,authored,manual_brand_authored_v1
brandq1-00365-v01,Volvo,Volvo,brand:volvo,"[""retail""]",BRAND,brand:volvo:retail,FAMILY_NAMESPACE,BRAND_CANONICAL,brand_canonical,CLEAN,lang_en,authored,manual_brand_authored_v1
brandq1-00365-v02,cửa hàng Volvo,Volvo,brand:volvo,"[""retail""]",BRAND,brand:volvo:retail,FAMILY_NAMESPACE,BRAND_NAMESPACE,brand_namespace_form,CLEAN,lang_mixed,authored,manual_brand_authored_v1
brandq1-00365-v03,Vovlo,Volvo,brand:volvo,"[""retail""]",BRAND,brand:volvo:retail,FAMILY_NAMESPACE,BRAND_MECHANICAL_TYPO,brand_mechanical_typo,SINGLE,lang_en,authored,manual_brand_authored_v1
brandq1-00366-v01,VPBank ATM,VPBank ATM,brand:vpbank,"[""atm""]",BRAND,brand:vpbank:atm,FAMILY_NAMESPACE,BRAND_CANONICAL,brand_canonical,CLEAN,lang_en,authored,manual_brand_authored_v1
brandq1-00366-v02,ATM VPBank,VPBank ATM,brand:vpbank,"[""atm""]",BRAND,brand:vpbank:atm,FAMILY_NAMESPACE,BRAND_NAMESPACE,brand_namespace_form,CLEAN,lang_en,authored,manual_brand_authored_v1
brandq1-00366-v03,VPBnak ATM,VPBank ATM,brand:vpbank,"[""atm""]",BRAND,brand:vpbank:atm,FAMILY_NAMESPACE,BRAND_MECHANICAL_TYPO,brand_mechanical_typo,SINGLE,lang_en,authored,manual_brand_authored_v1
brandq1-00367-v01,ngân hàng VPBank,ngân hàng VPBank,brand:vpbank,"[""bank""]",BRAND,brand:vpbank:bank,FAMILY_NAMESPACE,BRAND_CANONICAL,brand_canonical,CLEAN,lang_mixed,authored,manual_brand_authored_v1
brandq1-00367-v02,VPBank ngân hàng,ngân hàng VPBank,brand:vpbank,"[""bank""]",BRAND,brand:vpbank:bank,FAMILY_NAMESPACE,BRAND_NAMESPACE,brand_namespace_form,CLEAN,lang_mixed,authored,manual_brand_authored_v1
brandq1-00367-v03,ngan hang VPBank,ngân hàng VPBank,brand:vpbank,"[""bank""]",BRAND,brand:vpbank:bank,FAMILY_NAMESPACE,BRAND_ORTHOGRAPHIC_IME,brand_orthographic_ime,SINGLE,lang_mixed,authored,manual_brand_authored_v1
brandq1-00368-v01,VRB ATM,VRB ATM,brand:vrb,"[""atm""]",BRAND,brand:vrb:atm,FAMILY_NAMESPACE,BRAND_CANONICAL,brand_canonical,CLEAN,lang_en,authored,manual_brand_authored_v1
brandq1-00368-v02,ATM VRB,VRB ATM,brand:vrb,"[""atm""]",BRAND,brand:vrb:atm,FAMILY_NAMESPACE,BRAND_NAMESPACE,brand_namespace_form,CLEAN,lang_en,authored,manual_brand_authored_v1
brandq1-00369-v01,ngân hàng VRB,ngân hàng VRB,brand:vrb,"[""bank""]",BRAND,brand:vrb:bank,FAMILY_NAMESPACE,BRAND_CANONICAL,brand_canonical,CLEAN,lang_mixed,authored,manual_brand_authored_v1
brandq1-00369-v02,VRB ngân hàng,ngân hàng VRB,brand:vrb,"[""bank""]",BRAND,brand:vrb:bank,FAMILY_NAMESPACE,BRAND_NAMESPACE,brand_namespace_form,CLEAN,lang_mixed,authored,manual_brand_authored_v1
brandq1-00369-v03,ngan hang VRB,ngân hàng VRB,brand:vrb,"[""bank""]",BRAND,brand:vrb:bank,FAMILY_NAMESPACE,BRAND_ORTHOGRAPHIC_IME,brand_orthographic_ime,SINGLE,lang_mixed,authored,manual_brand_authored_v1
brandq1-00370-v01,Wayne's Coffee,Wayne's Coffee,brand:wayne_s_coffee,"[""cafe""]",BRAND,brand:wayne_s_coffee:cafe,FAMILY_NAMESPACE,BRAND_CANONICAL,brand_canonical,CLEAN,lang_en,authored,manual_brand_authored_v1
brandq1-00370-v02,cà phê Wayne's Coffee,Wayne's Coffee,brand:wayne_s_coffee,"[""cafe""]",BRAND,brand:wayne_s_coffee:cafe,FAMILY_NAMESPACE,BRAND_NAMESPACE,brand_namespace_form,CLEAN,lang_mixed,authored,manual_brand_authored_v1
brandq1-00370-v03,Waynes Coffee,Wayne's Coffee,brand:wayne_s_coffee,"[""cafe""]",BRAND,brand:wayne_s_coffee:cafe,FAMILY_NAMESPACE,BRAND_CASE_PUNCT,brand_case_punct,SINGLE,lang_en,authored,manual_brand_authored_v1
brandq1-00371-v01,Western Union,Western Union,brand:western_union,"[""bank""]",BRAND,brand:western_union:bank,FAMILY_NAMESPACE,BRAND_CANONICAL,brand_canonical,CLEAN,lang_en,authored,manual_brand_authored_v1
brandq1-00371-v02,ngân hàng Western Union,Western Union,brand:western_union,"[""bank""]",BRAND,brand:western_union:bank,FAMILY_NAMESPACE,BRAND_NAMESPACE,brand_namespace_form,CLEAN,lang_mixed,authored,manual_brand_authored_v1
brandq1-00371-v03,Western Uinon,Western Union,brand:western_union,"[""bank""]",BRAND,brand:western_union:bank,FAMILY_NAMESPACE,BRAND_MECHANICAL_TYPO,brand_mechanical_typo,SINGLE,lang_en,authored,manual_brand_authored_v1
brandq1-00372-v01,cửa hàng tiện lợi WinMart,cửa hàng tiện lợi WinMart,brand:winmart,"[""convenience_store""]",BRAND,brand:winmart:convenience_store,FAMILY_NAMESPACE,BRAND_CANONICAL,brand_canonical,CLEAN,lang_mixed,authored,manual_brand_authored_v1
brandq1-00372-v02,WinMart cửa hàng tiện lợi,cửa hàng tiện lợi WinMart,brand:winmart,"[""convenience_store""]",BRAND,brand:winmart:convenience_store,FAMILY_NAMESPACE,BRAND_NAMESPACE,brand_namespace_form,CLEAN,lang_mixed,authored,manual_brand_authored_v1
brandq1-00372-v03,cua hang tien loi WinMart,cửa hàng tiện lợi WinMart,brand:winmart,"[""convenience_store""]",BRAND,brand:winmart:convenience_store,FAMILY_NAMESPACE,BRAND_ORTHOGRAPHIC_IME,brand_orthographic_ime,SINGLE,lang_mixed,authored,manual_brand_authored_v1
brandq1-00373-v01,siêu thị WinMart,siêu thị WinMart,brand:winmart,"[""supermarket""]",BRAND,brand:winmart:supermarket,FAMILY_NAMESPACE,BRAND_CANONICAL,brand_canonical,CLEAN,lang_mixed,authored,manual_brand_authored_v1
brandq1-00373-v02,WinMart siêu thị,siêu thị WinMart,brand:winmart,"[""supermarket""]",BRAND,brand:winmart:supermarket,FAMILY_NAMESPACE,BRAND_NAMESPACE,brand_namespace_form,CLEAN,lang_mixed,authored,manual_brand_authored_v1
brandq1-00373-v03,sieu thi WinMart,siêu thị WinMart,brand:winmart,"[""supermarket""]",BRAND,brand:winmart:supermarket,FAMILY_NAMESPACE,BRAND_ORTHOGRAPHIC_IME,brand_orthographic_ime,SINGLE,lang_mixed,authored,manual_brand_authored_v1
brandq1-00374-v01,cửa hàng tiện lợi WinMart+,cửa hàng tiện lợi WinMart+,brand:winmart_plus,"[""convenience_store""]",BRAND,brand:winmart_plus:convenience_store,FAMILY_NAMESPACE,BRAND_CANONICAL,brand_canonical,CLEAN,lang_mixed,authored,manual_brand_authored_v1
brandq1-00374-v02,WinMart+ cửa hàng tiện lợi,cửa hàng tiện lợi WinMart+,brand:winmart_plus,"[""convenience_store""]",BRAND,brand:winmart_plus:convenience_store,FAMILY_NAMESPACE,BRAND_NAMESPACE,brand_namespace_form,CLEAN,lang_mixed,authored,manual_brand_authored_v1
brandq1-00374-v03,cua hang tien loi WinMart+,cửa hàng tiện lợi WinMart+,brand:winmart_plus,"[""convenience_store""]",BRAND,brand:winmart_plus:convenience_store,FAMILY_NAMESPACE,BRAND_ORTHOGRAPHIC_IME,brand_orthographic_ime,SINGLE,lang_mixed,authored,manual_brand_authored_v1
brandq1-00375-v01,siêu thị WinMart+,siêu thị WinMart+,brand:winmart_plus,"[""supermarket""]",BRAND,brand:winmart_plus:supermarket,FAMILY_NAMESPACE,BRAND_CANONICAL,brand_canonical,CLEAN,lang_mixed,authored,manual_brand_authored_v1
brandq1-00375-v02,WinMart+ siêu thị,siêu thị WinMart+,brand:winmart_plus,"[""supermarket""]",BRAND,brand:winmart_plus:supermarket,FAMILY_NAMESPACE,BRAND_NAMESPACE,brand_namespace_form,CLEAN,lang_mixed,authored,manual_brand_authored_v1
brandq1-00375-v03,sieu thi WinMart+,siêu thị WinMart+,brand:winmart_plus,"[""supermarket""]",BRAND,brand:winmart_plus:supermarket,FAMILY_NAMESPACE,BRAND_ORTHOGRAPHIC_IME,brand_orthographic_ime,SINGLE,lang_mixed,authored,manual_brand_authored_v1
brandq1-00376-v01,Wuling,Wuling,brand:wuling,"[""retail""]",BRAND,brand:wuling:retail,FAMILY_NAMESPACE,BRAND_CANONICAL,brand_canonical,CLEAN,lang_en,authored,manual_brand_authored_v1
brandq1-00376-v02,cửa hàng Wuling,Wuling,brand:wuling,"[""retail""]",BRAND,brand:wuling:retail,FAMILY_NAMESPACE,BRAND_NAMESPACE,brand_namespace_form,CLEAN,lang_mixed,authored,manual_brand_authored_v1
brandq1-00376-v03,Wulign,Wuling,brand:wuling,"[""retail""]",BRAND,brand:wuling:retail,FAMILY_NAMESPACE,BRAND_MECHANICAL_TYPO,brand_mechanical_typo,SINGLE,lang_en,authored,manual_brand_authored_v1
brandq1-00377-v01,Wyndham,Wyndham,brand:wyndham,"[""hotel""]",BRAND,brand:wyndham:hotel,FAMILY_NAMESPACE,BRAND_CANONICAL,brand_canonical,CLEAN,lang_en,authored,manual_brand_authored_v1
brandq1-00377-v02,khách sạn Wyndham,Wyndham,brand:wyndham,"[""hotel""]",BRAND,brand:wyndham:hotel,FAMILY_NAMESPACE,BRAND_NAMESPACE,brand_namespace_form,CLEAN,lang_mixed,authored,manual_brand_authored_v1
brandq1-00377-v03,Wyndhma,Wyndham,brand:wyndham,"[""hotel""]",BRAND,brand:wyndham:hotel,FAMILY_NAMESPACE,BRAND_MECHANICAL_TYPO,brand_mechanical_typo,SINGLE,lang_en,authored,manual_brand_authored_v1
brandq1-00378-v01,Wyndham Garden,Wyndham Garden,brand:wyndham_garden,"[""hotel""]",BRAND,brand:wyndham_garden:hotel,FAMILY_NAMESPACE,BRAND_CANONICAL,brand_canonical,CLEAN,lang_en,authored,manual_brand_authored_v1
brandq1-00378-v02,khách sạn Wyndham Garden,Wyndham Garden,brand:wyndham_garden,"[""hotel""]",BRAND,brand:wyndham_garden:hotel,FAMILY_NAMESPACE,BRAND_NAMESPACE,brand_namespace_form,CLEAN,lang_mixed,authored,manual_brand_authored_v1
brandq1-00378-v03,Wyndham Garedn,Wyndham Garden,brand:wyndham_garden,"[""hotel""]",BRAND,brand:wyndham_garden:hotel,FAMILY_NAMESPACE,BRAND_MECHANICAL_TYPO,brand_mechanical_typo,SINGLE,lang_en,authored,manual_brand_authored_v1
brandq1-00379-v01,Xiaomi,Xiaomi,brand:xiaomi,"[""retail""]",BRAND,brand:xiaomi:retail,FAMILY_NAMESPACE,BRAND_CANONICAL,brand_canonical,CLEAN,lang_en,authored,manual_brand_authored_v1
brandq1-00379-v02,cửa hàng Xiaomi,Xiaomi,brand:xiaomi,"[""retail""]",BRAND,brand:xiaomi:retail,FAMILY_NAMESPACE,BRAND_NAMESPACE,brand_namespace_form,CLEAN,lang_mixed,authored,manual_brand_authored_v1
brandq1-00379-v03,Xiaom,Xiaomi,brand:xiaomi,"[""retail""]",BRAND,brand:xiaomi:retail,FAMILY_NAMESPACE,BRAND_MECHANICAL_TYPO,brand_mechanical_typo,SINGLE,lang_en,authored,manual_brand_authored_v1
brandq1-00380-v01,YADEA,YADEA,brand:yadea,"[""retail""]",BRAND,brand:yadea:retail,FAMILY_NAMESPACE,BRAND_CANONICAL,brand_canonical,CLEAN,lang_en,authored,manual_brand_authored_v1
brandq1-00380-v02,cửa hàng YADEA,YADEA,brand:yadea,"[""retail""]",BRAND,brand:yadea:retail,FAMILY_NAMESPACE,BRAND_NAMESPACE,brand_namespace_form,CLEAN,lang_mixed,authored,manual_brand_authored_v1
brandq1-00380-v03,YADAE,YADEA,brand:yadea,"[""retail""]",BRAND,brand:yadea:retail,FAMILY_NAMESPACE,BRAND_MECHANICAL_TYPO,brand_mechanical_typo,SINGLE,lang_en,authored,manual_brand_authored_v1
brandq1-00381-v01,Yamaha,Yamaha,brand:yamaha,"[""retail""]",BRAND,brand:yamaha:retail,FAMILY_NAMESPACE,BRAND_CANONICAL,brand_canonical,CLEAN,lang_en,authored,manual_brand_authored_v1
brandq1-00381-v02,cửa hàng Yamaha,Yamaha,brand:yamaha,"[""retail""]",BRAND,brand:yamaha:retail,FAMILY_NAMESPACE,BRAND_NAMESPACE,brand_namespace_form,CLEAN,lang_mixed,authored,manual_brand_authored_v1
brandq1-00381-v03,Yamhaa,Yamaha,brand:yamaha,"[""retail""]",BRAND,brand:yamaha:retail,FAMILY_NAMESPACE,BRAND_MECHANICAL_TYPO,brand_mechanical_typo,SINGLE,lang_en,authored,manual_brand_authored_v1
brandq1-00382-v01,Yves Rocher,Yves Rocher,brand:yves_rocher,"[""retail""]",BRAND,brand:yves_rocher:retail,FAMILY_NAMESPACE,BRAND_CANONICAL,brand_canonical,CLEAN,lang_en,authored,manual_brand_authored_v1
brandq1-00382-v02,cửa hàng Yves Rocher,Yves Rocher,brand:yves_rocher,"[""retail""]",BRAND,brand:yves_rocher:retail,FAMILY_NAMESPACE,BRAND_NAMESPACE,brand_namespace_form,CLEAN,lang_mixed,authored,manual_brand_authored_v1
brandq1-00382-v03,Yves Rocer,Yves Rocher,brand:yves_rocher,"[""retail""]",BRAND,brand:yves_rocher:retail,FAMILY_NAMESPACE,BRAND_MECHANICAL_TYPO,brand_mechanical_typo,SINGLE,lang_en,authored,manual_brand_authored_v1
brandq1-00383-v01,Zara,Zara,brand:zara,"[""retail""]",BRAND,brand:zara:retail,FAMILY_NAMESPACE,BRAND_CANONICAL,brand_canonical,CLEAN,lang_en,authored,manual_brand_authored_v1
brandq1-00383-v02,cửa hàng Zara,Zara,brand:zara,"[""retail""]",BRAND,brand:zara:retail,FAMILY_NAMESPACE,BRAND_NAMESPACE,brand_namespace_form,CLEAN,lang_mixed,authored,manual_brand_authored_v1
brandq1-00383-v03,Zraa,Zara,brand:zara,"[""retail""]",BRAND,brand:zara:retail,FAMILY_NAMESPACE,BRAND_MECHANICAL_TYPO,brand_mechanical_typo,SINGLE,lang_en,authored,manual_brand_authored_v1
